review_id,nama_pengguna,rating,komentar,tanggal,rating_makanan,rating_layanan,rating_suasana,cabang,platform,tanggal_scraping
Ci9DQUlRQUNvZENodHljRjlvT2xneWRYQmFNbEJSWmtoUGExaGhZMnBwTFVkaFEzYxAB,andi kasfaditha,5,"MasyaAllah.. Suasana nya Nyaman,.makanan nya enak ..Dan pelayanan nya juga Ok Dan Ramah ,Rekomen juga untuk bawa anak soalnya bisa kasi makan ikan pasti anak suka deeeh…
…
…

Makasih sudah melayani dngan Baik @Yuli",5 hari lalu,5,5,5,Saoenk Cobek Perintis,Google Maps,2026-05-14 18:49:30
Ci9DQUlRQUNvZENodHljRjlvT201SFIyZEdXVFJCYkdOSVIyTkRjVEV0YWtGb1RtYxAB,Ria Rezeki Sudarmin,5,"Meeting berjalan lancar dengan fasilitas yg nyaman, sarana mendukung,dan makanan yg enak dari saoenk cobek, pelayanan atas nama Ambar sangat bagus",5 hari lalu,5,5,5,Saoenk Cobek Perintis,Google Maps,2026-05-14 18:49:30
Ci9DQUlRQUNvZENodHljRjlvT2w5b1pGUkRURk5KUzBadVpHczVXRUpLVjNwMlkxRRAB,Store Online001,5,,5 hari lalu,5,5,5,Saoenk Cobek Perintis,Google Maps,2026-05-14 18:49:30
Ci9DQUlRQUNvZENodHljRjlvT2pkQlNDMUdOR2RMYW5aWmFqSk9MVkJNVkhWd2JHYxAB,ANDERIAS KADI,5,,6 hari lalu,,,,Saoenk Cobek Perintis,Google Maps,2026-05-14 18:49:30
Ci9DQUlRQUNvZENodHljRjlvT2taak0zWmlielEwTFdWS1dXWXdjbkpTU2tkQ04zYxAB,dian maya,3,Pesan ayam bakar madu tapi yg datang ayam bakar madu dingin.. gag ada hangat2nya..  🙃🫠,seminggu lalu,3,4,4,Saoenk Cobek Perintis,Google Maps,2026-05-14 18:49:30
Ci9DQUlRQUNvZENodHljRjlvT2poaE1VTTRRMUkxZUVoeFRsOWlVRzkyVjFGbmVVRRAB,Masunggang Kristina,5,"Semua makanan enak dengan rasa dan aroma yg sedap, tempat parkir luas,dan kapasitas pengunjung banyak cocok untuk berbagai acara",2 minggu lalu,5,5,5,Saoenk Cobek Perintis,Google Maps,2026-05-14 18:49:30
Ci9DQUlRQUNvZENodHljRjlvT2tKT1lXZERSMkU0ZGxoR1oyVmFkRFZUUzJ4cVVrRRAB,Masna Abadi,5,Gazebo bagus di kelilingi kolam ikan. Makanan enak semua,3 minggu lalu,5,5,5,Saoenk Cobek Perintis,Google Maps,2026-05-14 18:49:30
Ci9DQUlRQUNvZENodHljRjlvT21VMVVVOVVWRE56YW1kV1NXZzFXRU00UWtOU2JXYxAB,Amelisa Amel,5,,3 minggu lalu,,,,Saoenk Cobek Perintis,Google Maps,2026-05-14 18:49:30
Ci9DQUlRQUNvZENodHljRjlvT2xKR1ZGZDRNR2xDVnpCcU4wcFFNVzFDZDBOc1pIYxAB,Natan tamberong,5,Saemua makanan nya maknyuussss,sebulan lalu,5,5,5,Saoenk Cobek Perintis,Google Maps,2026-05-14 18:49:30
Ci9DQUlRQUNvZENodHljRjlvT25walFuaFJNa2RQYVZSVExUaFZPRkF3WjB0WmNuYxAB,Nurul Ramadhana,5,,sebulan lalu,5,5,5,Saoenk Cobek Perintis,Google Maps,2026-05-14 18:49:30
Ci9DQUlRQUNvZENodHljRjlvT21SaGFVTmtOMnBoY2tsNlRYSnhRV016VWpsRlRFRRAB,adhim zm,5,Rekomended,sebulan lalu,5,5,5,Saoenk Cobek Perintis,Google Maps,2026-05-14 18:49:51
Ci9DQUlRQUNvZENodHljRjlvT2pGaVRuQnhhMGd0TjFWVlJuWlliMnB1VWxSTlExRRAB,RADIO POKA,4,Makannaua juga asik,sebulan lalu,4,4,4,Saoenk Cobek Perintis,Google Maps,2026-05-14 18:49:51
Ci9DQUlRQUNvZENodHljRjlvT2poVFIyMHdRek14UlRoeGVYYzBhMHhNVG5WSVpVRRAB,Salwa Nurul Alifah,5,,sebulan lalu,5,5,5,Saoenk Cobek Perintis,Google Maps,2026-05-14 18:49:51
Ci9DQUlRQUNvZENodHljRjlvT2tOcVpsWnJXRVJUWHpSRU9EZFlORlozUVhGMmNtYxAB,Umar Arabah,5,,sebulan lalu,,,,Saoenk Cobek Perintis,Google Maps,2026-05-14 18:49:51
Ci9DQUlRQUNvZENodHljRjlvT2tocFprRmhXbFowYkVWb2NrNUtTa016Vm1VME9HYxAB,mais c'est la vie,1,"Pelayanan lelet, tidak recommended.
Tempat sempit, panas, dan lembab
Tidak sesuai di aplikasi, nda sesuai ekspektasi",sebulan lalu,1,1,1,Saoenk Cobek Perintis,Google Maps,2026-05-14 18:49:51
Ci9DQUlRQUNvZENodHljRjlvT21KU2FqazVVbmcwYzJsRlMyRnNUWEZpWDFwSGFtYxAB,ruslan rasyid,1,Pelayanan yang sangat buruk,sebulan lalu,3,1,5,Saoenk Cobek Perintis,Google Maps,2026-05-14 18:49:51
Ci9DQUlRQUNvZENodHljRjlvT25oV1RFSlBOakJrUTFaT1ltZ3lRMjQwTlc1TmVYYxAB,Hendaryono N (Bowz),4,,sebulan lalu,4,4,4,Saoenk Cobek Perintis,Google Maps,2026-05-14 18:49:51
Ci9DQUlRQUNvZENodHljRjlvT25GdU9USTRkbGcwVldwUVlqVTBSRzlDV0hNMlgxRRAB,Chansas Sadewa,5,,sebulan lalu,,,,Saoenk Cobek Perintis,Google Maps,2026-05-14 18:49:51
Ci9DQUlRQUNvZENodHljRjlvT21kU2EwTXlOR0p3ZVdKRU1VUjNaR0pTV21sMlFtYxAB,Anas Husaini,3,,sebulan lalu,3,2,3,Saoenk Cobek Perintis,Google Maps,2026-05-14 18:49:51
Ci9DQUlRQUNvZENodHljRjlvT214WloyUmhVR1l4YUY5Q2VGYzBhMDlPZDIwd1UyYxAB,Zulham Umar,5,,sebulan lalu,,,,Saoenk Cobek Perintis,Google Maps,2026-05-14 18:49:51
Ci9DQUlRQUNvZENodHljRjlvT25CeGVuaENlVzluUnpVeGJUVnphR05vTWpFMU0yYxAB,Hendrico Delon Timang,1,pelayanan jelek,sebulan lalu,,,,Saoenk Cobek Perintis,Google Maps,2026-05-14 18:50:11
Ci9DQUlRQUNvZENodHljRjlvT2s5VmJUQkdkVjlZWVhSNWNscHNlSFkyVUdsSU9VRRAB,anisa ramadhany,5,,sebulan lalu,,,,Saoenk Cobek Perintis,Google Maps,2026-05-14 18:50:11
Ci9DQUlRQUNvZENodHljRjlvT2tsdVVXNXRSVTFOU204M1IwdDBOazlHY0hBemRsRRAB,Statistics Smart Solutions,2,"Masukan buat resto, kalau belum ada SOP buat karyawan baiknya buat SOP dulu. Kalau sudah ada tolong dievaluasi lagi SOP dan/atau penerapan SOP nya",sebulan lalu,3,1,5,Saoenk Cobek Perintis,Google Maps,2026-05-14 18:50:11
Ci9DQUlRQUNvZENodHljRjlvT21GbU0wZzRPRUo2Y0UxQ1prWlBWbFJvTTJKVWJHYxAB,Andi Mursidil,5,,sebulan lalu,5,5,5,Saoenk Cobek Perintis,Google Maps,2026-05-14 18:50:11
Ci9DQUlRQUNvZENodHljRjlvT2xKRGJWbHphRlJpWTJOaFVEbFZiRWh3VkZOVGIyYxAB,M.Khairan Rahmat,5,Tempat yang Direkomendasikan untuk Makan Siang dan Makan Malam!,sebulan lalu,5,4,4,Saoenk Cobek Perintis,Google Maps,2026-05-14 18:50:11
Ci9DQUlRQUNvZENodHljRjlvT2t4R2JHWnVOMHN0V1RkTk4weDJWVUpRTmpjNVprRRAB,Sakriana Nurdin,1,"Tidak sesuai ekspektasi, porsi kecil harga mahal.",sebulan lalu,,,,Saoenk Cobek Perintis,Google Maps,2026-05-14 18:50:11
Ci9DQUlRQUNvZENodHljRjlvT2tOdVdERlpkV2sxTVRkcExXWkZPRzVKZEdkQk1IYxAB,diah aja,4,,sebulan lalu,,,,Saoenk Cobek Perintis,Google Maps,2026-05-14 18:50:11
Ci9DQUlRQUNvZENodHljRjlvT210eGEwMHlTbVEzVEdsb1lVNVdVa2xhY2s5UGQxRRAB,Zahra salsabilah,5,Mantab,2 bulan lalu,,,,Saoenk Cobek Perintis,Google Maps,2026-05-14 18:50:11
Ci9DQUlRQUNvZENodHljRjlvT25oQ1ExWm5UelphT1hvdFdtOXhUREJqZDJWMFRYYxAB,andi nurul adha,5,nasi goreng ayam asapnya mantap,2 bulan lalu,5,5,5,Saoenk Cobek Perintis,Google Maps,2026-05-14 18:50:11
Ci9DQUlRQUNvZENodHljRjlvT2pnNWFUaHdMVXBYVmkweFNUaGtaMHRFZVd4UFRWRRAB,Geetree Kids,5,,2 bulan lalu,5,5,5,Saoenk Cobek Perintis,Google Maps,2026-05-14 18:50:11
Ci9DQUlRQUNvZENodHljRjlvT201UlFXdEVWMWhtYjJOSGJtMVZlazg1UkVGd1dFRRAB,Andi Sulastri Sultan,5,Tempat yang nyaman untuk makan bersama keluarga,2 bulan lalu,5,5,5,Saoenk Cobek Perintis,Google Maps,2026-05-14 18:50:31
Ci9DQUlRQUNvZENodHljRjlvT25aMVdqTmxkRkZhV0dGM1ZWa3hVRlI2TjBOVU9HYxAB,Ainun saprida,5,"Untuk pelayan yuyun dan ifa,best banget pelayanan cepat tempat nya family banget",2 bulan lalu,4,5,5,Saoenk Cobek Perintis,Google Maps,2026-05-14 18:50:31
Ci9DQUlRQUNvZENodHljRjlvT2tsWFJYbG1iRkphYTNkMVdUbElhalZwTTNGdFpWRRAB,Fany Tasya Rompe,5,"pelayanan baik dan ramah
azizah & ifah",2 bulan lalu,,,,Saoenk Cobek Perintis,Google Maps,2026-05-14 18:50:31
Ci9DQUlRQUNvZENodHljRjlvT2pGdlpsOU1RbTloT1VwalJWOWpTVWhuYUZCV1UwRRAB,sugi hartono,5,,2 bulan lalu,5,5,5,Saoenk Cobek Perintis,Google Maps,2026-05-14 18:50:31
Ci9DQUlRQUNvZENodHljRjlvT21wcFZqbHVPRmxFZEd4MFJVMVVVSGRQU1RneGJVRRAB,Triwahyuddin,1,"Pelayanan buruk, biar sendok makan tidak ada. Semoga jadi evaluasi untuk pelayanannya 🙏",2 bulan lalu,,1,,Saoenk Cobek Perintis,Google Maps,2026-05-14 18:50:31
Ci9DQUlRQUNvZENodHljRjlvT2tONFJ6WXRiVGxPVTFnd2FsZHhZeloyTjNSMVMzYxAB,Djhay Azis,5,,2 bulan lalu,,,,Saoenk Cobek Perintis,Google Maps,2026-05-14 18:50:31
Ci9DQUlRQUNvZENodHljRjlvT2tSTVptVjROa0ZVY1dSNkxYY3RlbGwxVVhCeVFtYxAB,Dilla amelia,5,,2 bulan lalu,5,5,5,Saoenk Cobek Perintis,Google Maps,2026-05-14 18:50:31
Ci9DQUlRQUNvZENodHljRjlvT25GeGJrdFlOMkptTVhkZmVUbGFjbVJpVEhScFJFRRAB,Nurul Fadhillah,5,,2 bulan lalu,5,5,5,Saoenk Cobek Perintis,Google Maps,2026-05-14 18:50:31
Ci9DQUlRQUNvZENodHljRjlvT201SlVGaEVaRTlzYTBGUVgyeDZObTltYzBOUFlVRRAB,Jumadi999 Madi999,5,Enak Sekali sumpah wkwk,2 bulan lalu,5,5,5,Saoenk Cobek Perintis,Google Maps,2026-05-14 18:50:31
Ci9DQUlRQUNvZENodHljRjlvT2xOS1VsUXdVVkZKTUhBMGEzQTBjamhxU0dGaWRVRRAB,Muh Surahman Al-Ashar,5,"Makanannya enak, makanannya pas keluarnya tdk lama pas, cocok buat keluarga dan tmn pelayanan Vita baik makasih semua😊",2 bulan lalu,5,5,5,Saoenk Cobek Perintis,Google Maps,2026-05-14 18:50:31
Ci9DQUlRQUNvZENodHljRjlvT2paeFZtTldZamhXYm5oRlpGbzJNWHBwV0drd1gyYxAB,Afrijal Hasanuddin,5,Tempat yg pas buat ngabuburit sambil memberi makan ikan,2 bulan lalu,5,5,5,Saoenk Cobek Perintis,Google Maps,2026-05-14 18:50:52
Ci9DQUlRQUNvZENodHljRjlvT2twYVozaDNjM2wyWm1KVFNtdHNkV0o1ZDFGQ1duYxAB,Virah V,5,"Improve banget dari tahun lalu makan disini. Makanan enak, penyajian cepat dan kasir dan Waitress supriadi sangat ramah. Recommended",2 bulan lalu,5,5,5,Saoenk Cobek Perintis,Google Maps,2026-05-14 18:50:52
Ci9DQUlRQUNvZENodHljRjlvT21GVmVIbG1SelY2ZVZWVFRVWnpNWGRIZVZOcU5tYxAB,Selvianti Pasak Yerio,5,Terimah kasih pelayanannya kak vidya dan vita,2 bulan lalu,5,5,5,Saoenk Cobek Perintis,Google Maps,2026-05-14 18:50:52
Ci9DQUlRQUNvZENodHljRjlvT25kVWRtWlhYMWRJYTNocFRXaGhlazB0VXpVeWNrRRAB,Ayu Triaji,5,Pelyan bgus wtwrs supriadi dan kapnya rmah,2 bulan lalu,5,5,5,Saoenk Cobek Perintis,Google Maps,2026-05-14 18:50:52
Ci9DQUlRQUNvZENodHljRjlvT2poVFVEVXdkVVo0U1hOblNqQmxSRFowZEY5dFVWRRAB,Risna Yhu,5,,2 bulan lalu,,,,Saoenk Cobek Perintis,Google Maps,2026-05-14 18:50:52
Ci9DQUlRQUNvZENodHljRjlvT2xNeVpHSnJVVmg2Ymtoc05tTnFNMGRZVkRaMmVtYxAB,Akhiong Pratama,1,Kurang grecep...tinggal saja...lgs ke tempat lain.,2 bulan lalu,,1,1,Saoenk Cobek Perintis,Google Maps,2026-05-14 18:50:52
Ci9DQUlRQUNvZENodHljRjlvT2sxZmNUZEtialZIYzE5UlVIUjZiRmRZU1ZwNmFrRRAB,Ayu Putri,5,Pelayanan ramah dari azizah dan ifa,2 bulan lalu,5,5,,Saoenk Cobek Perintis,Google Maps,2026-05-14 18:50:52
Ci9DQUlRQUNvZENodHljRjlvT25WNmNqQk5jR055WjB0alpHbEdUMkZ3VldsRVlXYxAB,Muti'ah Faradillah B,5,,2 bulan lalu,5,5,5,Saoenk Cobek Perintis,Google Maps,2026-05-14 18:50:52
Ci9DQUlRQUNvZENodHljRjlvT25sTE5YSmhaR04wWVMxQmVuY3pXWEJPU2t0MWRuYxAB,Muhammad Hamka,5,Bintang yang berbicara,2 bulan lalu,5,5,5,Saoenk Cobek Perintis,Google Maps,2026-05-14 18:50:52
Ci9DQUlRQUNvZENodHljRjlvT2psVGVVSkJjVkY1UkMxSldHRmFlRGxCV0RsQ00zYxAB,Reqsi,5,Pelayanan memuaskan dari supriadi dan ifa,3 bulan lalu,5,5,5,Saoenk Cobek Perintis,Google Maps,2026-05-14 18:50:52
Ci9DQUlRQUNvZENodHljRjlvT21oTFJFOXJNMmRSWWt4U1JFeGFaa3hGUTNsVFkzYxAB,Yusuf Adhi Mustaqim,5,Mantap lah,3 bulan lalu,5,5,5,Saoenk Cobek Perintis,Google Maps,2026-05-14 18:51:12
Ci9DQUlRQUNvZENodHljRjlvT2pOaUxUSkNVMjl5TWsxNlZXRk9Wa1JuVW1GTU4zYxAB,Qire Suto,5,Seru buat rame²,3 bulan lalu,5,5,5,Saoenk Cobek Perintis,Google Maps,2026-05-14 18:51:12
Ci9DQUlRQUNvZENodHljRjlvT21rd2RuWmlNalJQUnpsTFVVbGZNR1pYVmtWYVlWRRAB,Agung Wijaya,5,Pelayanannya bagus makanannya enak enak,3 bulan lalu,5,5,5,Saoenk Cobek Perintis,Google Maps,2026-05-14 18:51:12
Ci9DQUlRQUNvZENodHljRjlvT2xKb0xVMURXWGxpZW1WMVRXaDFlbll3ZUZvMmFsRRAB,Kaysan Akif,5,Pelayanan mantap (Yuyu dan Ifa),3 bulan lalu,5,5,5,Saoenk Cobek Perintis,Google Maps,2026-05-14 18:51:12
Ci9DQUlRQUNvZENodHljRjlvT2xwalVVTkNVMUF6WWtsclZFNWpUVFpXUmt4emNXYxAB,herman kossi,3,"Ternyata disini closed order pukul 22.00, jd tdk recommended untuk jam tersebut",3 bulan lalu,3,3,3,Saoenk Cobek Perintis,Google Maps,2026-05-14 18:51:12
Ci9DQUlRQUNvZENodHljRjlvT201a1ZYaENXVTl3WTFKQlFUaEtjelI1UjJaNFZFRRAB,Nurul Utami Rusli,5,Terima kasih vidya dan danil pelayanannya bagus,3 bulan lalu,5,5,5,Saoenk Cobek Perintis,Google Maps,2026-05-14 18:51:12
Ci9DQUlRQUNvZENodHljRjlvT2w4eU1uSnNPVjlRYTFsM1dqRm1YMjVUY25GUVQyYxAB,ISMULAHUDDIN ISMAIL,5,Pelayanan dari karyawan supriadi dan IPA sangat baik dan ramah .....suasana makan di sana lumayan baik n bersih.. Rekomended tuk makan bersama keluarga,3 bulan lalu,5,5,4,Saoenk Cobek Perintis,Google Maps,2026-05-14 18:51:12
Ci9DQUlRQUNvZENodHljRjlvT210dU1YY3lNVWQ2VEVGSVVTMTROVFJGYzB0QmMxRRAB,aisyahh. hasputtee12,5,"tempatnya nyaman dan rasanya enak, pelayanan azam dan citra sangat ramah",3 bulan lalu,5,5,5,Saoenk Cobek Perintis,Google Maps,2026-05-14 18:51:12
Ci9DQUlRQUNvZENodHljRjlvT2tRdFJYWllOM0ZxV0VWR01tUmFZbUUzUlZvd1psRRAB,Febri Anti,5,"pelayanan an azizah dan ifa sangat baik ramah, gercep",3 bulan lalu,5,5,5,Saoenk Cobek Perintis,Google Maps,2026-05-14 18:51:12
Ci9DQUlRQUNvZENodHljRjlvT21ONVRWcGZjMDVTYW1VdGFsOXNWVE4zUWtkUFUyYxAB,Musdalifah Putri Cahyani,5,,3 bulan lalu,4,5,5,Saoenk Cobek Perintis,Google Maps,2026-05-14 18:51:12
Ci9DQUlRQUNvZENodHljRjlvT2pCRGVqZFFVa2x1VW5Bd1UwTnpZbko1YTJKRmRIYxAB,Triyon Putradi Samawati,5,,3 bulan lalu,4,4,5,Saoenk Cobek Perintis,Google Maps,2026-05-14 18:51:33
Ci9DQUlRQUNvZENodHljRjlvT2xSYVdTMXhaV1pOZFRGQlZXUkxkakpRTmtoRFZVRRAB,Lindsay Sambira,5,"Makannya enak, servicenya baikkk",3 bulan lalu,4,5,5,Saoenk Cobek Perintis,Google Maps,2026-05-14 18:51:33
Ci9DQUlRQUNvZENodHljRjlvT20xcVNERmlSalF0ZWxreWJXUmlabDlpUjJadlUzYxAB,Zahra Ramadhani,5,,3 bulan lalu,5,5,5,Saoenk Cobek Perintis,Google Maps,2026-05-14 18:51:33
Ci9DQUlRQUNvZENodHljRjlvT21aWk56TTRVVjltZEhZd2VrVm1SV3Q1VTBSa1drRRAB,Agus Gugli,5,Pelayanan bagus buat iva fan vita,3 bulan lalu,,,,Saoenk Cobek Perintis,Google Maps,2026-05-14 18:51:33
Ci9DQUlRQUNvZENodHljRjlvT2tRNVRrZHZVMTlhVkZkRlFXSnNZM28yT1c1aFVrRRAB,paul cakra,4,"Bagus... Direkomendasikan,",3 bulan lalu,4,4,4,Saoenk Cobek Perintis,Google Maps,2026-05-14 18:51:33
Ci9DQUlRQUNvZENodHljRjlvT2pGRVpXaFBNalUzWjFoUFJVZEpkRlU0WmpoNFRYYxAB,Winny Tasin Tanduklangi,5,"worth it sih...
makasih pelayanannya kak waiterd Azizah dan kak Widya🤍",3 bulan lalu,5,5,5,Saoenk Cobek Perintis,Google Maps,2026-05-14 18:51:33
Ci9DQUlRQUNvZENodHljRjlvT2paT1VEVXdhMlJQVjNKNVFuVm5ka0ZvVFc5ZlIyYxAB,Okta Viyani,5,"Mantap dan pelayanan juga ok
Azizah dan vidya",3 bulan lalu,5,5,5,Saoenk Cobek Perintis,Google Maps,2026-05-14 18:51:33
Ci9DQUlRQUNvZENodHljRjlvT2tsQ2NTMDNVMXBoVUZKamRXZzNTV3RtYWxsUE1uYxAB,Irma Wati,5,Terima kasih pelayanannya kak vidya dan azizah,3 bulan lalu,5,5,5,Saoenk Cobek Perintis,Google Maps,2026-05-14 18:51:33
Ci9DQUlRQUNvZENodHljRjlvT2psa1NqUXpWVlEyYUVsU1FrcHJlRUZOU3pCdlZtYxAB,Mayke Amalia,5,"Menu woku nya the best di sini, sering2 ma saya kesini sama keluarga atau sama teman. Suka pelayanan nya yg cepat, paling suka dengan kasir nya ramah, senyum terus, manis juga klo ndk salah nama nya ifa. Pokoknya the best lah",3 bulan lalu,5,5,5,Saoenk Cobek Perintis,Google Maps,2026-05-14 18:51:33
Ci9DQUlRQUNvZENodHljRjlvT214cGNFOXRZa1p2TjBSZlFXWktOVXhGY1cxa2NHYxAB,Fatma Irwan,5,"Deh tempat makan andalan keluargaku d sini, menu andalan ikan woku mantap ki tawwa, puas, pelayanan nya juga bgs, kasir nya juga ramah. Suka deh",3 bulan lalu,5,5,5,Saoenk Cobek Perintis,Google Maps,2026-05-14 18:51:33
Ci9DQUlRQUNvZENodHljRjlvT2pCME1UVnpkbFpQUkZGdmFWUnlZVWxCUW0xdmNWRRAB,Sukma Jaya,5,Pelayanan baik a/n daniel dna ifah,3 bulan lalu,5,5,5,Saoenk Cobek Perintis,Google Maps,2026-05-14 18:51:53
Ci9DQUlRQUNvZENodHljRjlvT210SGFtZFFVM1JhYlhsSmVtdzBSMGw2Tm5CbU4yYxAB,Rn Mimi,4,"Suasananya nyaman dan pelayanan baik,soal makanan enak hanya saja Ikan bakar bandeng kurang kering buat selera aku 🙂",3 bulan lalu,4,4,4,Saoenk Cobek Perintis,Google Maps,2026-05-14 18:51:53
Ci9DQUlRQUNvZENodHljRjlvT2xvMlFucFFkRkZrWlUxNldtUmtVeTExTmtNMVQxRRAB,Kartika Saridewi,3,"Mohon maaf, yg mengecewakan krna air di toiletnya berwarna kuning, sampe harus nahan pipis hingga acara selesai sama anak-anak krna gak kuat liat air di toilet nya, gak berpikir mo singgah lagi klo airnya belum diselesaikan..
Untuk rasa makanannya enak, recommended asal tdk ke toiletnya saja..",3 bulan lalu,4,2,3,Saoenk Cobek Perintis,Google Maps,2026-05-14 18:51:53
Ci9DQUlRQUNvZENodHljRjlvT2pkV1pXOU9jVk5RV1d4aVRrOXZNekpUTmpSaFdYYxAB,Lady Khii,5,"Pertama kali makan disini. Suka sekali suasananya yang sejuk, suara percikan air dari kolam bikin tenang, ikan-ikan yang berenang menambah sejuk suasana. Makanannya aman, enak, sesuai selera, porsi pas, cepat datang, pelayanannya ramah. Love love uat kakak Danil dan Kakak Vidya.",3 bulan lalu,5,5,5,Saoenk Cobek Perintis,Google Maps,2026-05-14 18:51:53
Ci9DQUlRQUNvZENodHljRjlvT2t4elpGZEtNMkZaZWtoU1JHZEVUMGROUzJkT2JXYxAB,Opi Midha Titania,5,"Pelayanan memuaskan, pelayan atas kak azam dan kak vidya",3 bulan lalu,5,5,5,Saoenk Cobek Perintis,Google Maps,2026-05-14 18:51:53
Ci9DQUlRQUNvZENodHljRjlvT2poVmJWTkNibGxEYW1rMU5GTjZRVk5mY0VZeE9WRRAB,sheny hawais,5,"Makanan enak, suasana enak, pelayanan baik",3 bulan lalu,5,5,5,Saoenk Cobek Perintis,Google Maps,2026-05-14 18:51:53
Ci9DQUlRQUNvZENodHljRjlvT2tab1UzaHFkM0kyZEdoeVUzZEJjV1ZPTTE5d1YxRRAB,Ai Qiyanti,5,Keren dan enak. Waiters atas nama Azam dan fidya keren dan baik. 🤗 …,3 bulan lalu,,,,Saoenk Cobek Perintis,Google Maps,2026-05-14 18:51:53
Ci9DQUlRQUNvZENodHljRjlvT2tRM1dsbHFjVVJ5UlUwNE1GUk5jMlp2T1VGaVprRRAB,Putri Ayu Ningrum,5,"Pelayanannya bagus sekali, makannya enak, ka ifa juga ramah sekali. Next balik lagi kesini💗 …",3 bulan lalu,,,,Saoenk Cobek Perintis,Google Maps,2026-05-14 18:51:53
Ci9DQUlRQUNvZENodHljRjlvT2xKMlZ6SkxkV3gwZW01Q1NuZDNaMFI2Y3pOdVdrRRAB,Ullah Safrullah,5,,3 bulan lalu,,,,Saoenk Cobek Perintis,Google Maps,2026-05-14 18:51:53
Ci9DQUlRQUNvZENodHljRjlvT2pSeU1GSXRhMDVrUkdoMk1IQXRiV2hDVDBOV1luYxAB,Andi Mallombasang,5,,3 bulan lalu,,,,Saoenk Cobek Perintis,Google Maps,2026-05-14 18:51:53
Ci9DQUlRQUNvZENodHljRjlvT2tSalNIQk1hSFZyZUdkVmRtaFNXa1p6ZFRJeFVWRRAB,Dwijayanti,3,"pesan udang telur asin, udang tdk dikupas. not recomended.

otak2 enak, yang lain biasa",3 bulan lalu,,,,Saoenk Cobek Perintis,Google Maps,2026-05-14 18:52:14
Ci9DQUlRQUNvZENodHljRjlvT21oRVpXTjJaVVZXTkROSE5HbDFXVWN5VTNkd2RVRRAB,andi miftahuddin,5,"Pelayanan atas nama fidya dan danil super nyaman, makanan enak, cepat tersaji dan lingkungan bersih",3 bulan lalu,5,5,4,Saoenk Cobek Perintis,Google Maps,2026-05-14 18:52:14
Ci9DQUlRQUNvZENodHljRjlvT25WaWJ6TndVbkI0UW5WM2IzZDNia2c0UkhJNGVuYxAB,Andi Ulhy,5,Makasih pelayanannya kak vidya🙂,3 bulan lalu,5,5,5,Saoenk Cobek Perintis,Google Maps,2026-05-14 18:52:14
Ci9DQUlRQUNvZENodHljRjlvT21FMVRsUm5RV1J4U1c5WlpERnFhV2xTWHkxM1VVRRAB,Fardi Arif,5,Semua bagus dan mantap,3 bulan lalu,5,5,5,Saoenk Cobek Perintis,Google Maps,2026-05-14 18:52:14
Ci9DQUlRQUNvZENodHljRjlvT2todVlubEtiMnRWUTJ0eVRHTjVlalEzV2psVmJVRRAB,nahdliyanti anti,5,Pelayanannya bagus kak vidya dan kak supriadi,3 bulan lalu,5,5,5,Saoenk Cobek Perintis,Google Maps,2026-05-14 18:52:14
Ci9DQUlRQUNvZENodHljRjlvT21WeVFtcEdiakE1Ykdnek5IZEhWMVJLUW13NVpXYxAB,Galuh Nastassja,5,"makanan enak, tempat cozy, fair price, staff ramah (fidya dan daniel)",3 bulan lalu,5,5,5,Saoenk Cobek Perintis,Google Maps,2026-05-14 18:52:14
Ci9DQUlRQUNvZENodHljRjlvT25wUmVWRmpZV2hIWTJwWU0zTmxTVkZDVjBWbk1VRRAB,Edi Suyuti,5,,3 bulan lalu,5,5,5,Saoenk Cobek Perintis,Google Maps,2026-05-14 18:52:14
Ci9DQUlRQUNvZENodHljRjlvT2pKUlowRm9UVEUzVURsUk5UQTJRWEptWWpoa04wRRAB,Sartika Puspitasari,5,Good mbak ifha,3 bulan lalu,5,5,5,Saoenk Cobek Perintis,Google Maps,2026-05-14 18:52:14
Ci9DQUlRQUNvZENodHljRjlvT2xvMlgxZE9kVkJtYmkxblZGQmlPQzFqU3pkRlUzYxAB,Andi We Tenri Batari,5,"Makanannya sangat rekomended, pelayanan dari kak ifa juga baikk besttt🫶🏻",3 bulan lalu,5,5,5,Saoenk Cobek Perintis,Google Maps,2026-05-14 18:52:14
Ci9DQUlRQUNvZENodHljRjlvT2pGWlgyNXJiRXBPWmtaeE5XdFVWRkE1VXpFMWRsRRAB,Putri Oktaviani,5,"Pelayanan supriadi dan kak vidya sangat baik, makasih",3 bulan lalu,4,5,4,Saoenk Cobek Perintis,Google Maps,2026-05-14 18:52:14
Ci9DQUlRQUNvZENodHljRjlvT25jd2FEaFNWRUUzV0RoaGVuWkRVVVJ1VVdOa1JYYxAB,PC PAFI SINJAI,5,Pelayanan sangat baik. Thank you Ifah.,3 bulan lalu,5,5,5,Saoenk Cobek Perintis,Google Maps,2026-05-14 18:52:34
Ci9DQUlRQUNvZENodHljRjlvT2tsd2R6UkdUREV5ZDBoclpIQllOVlpqVTJwM09VRRAB,Bregess Jii,5,,3 bulan lalu,5,4,5,Saoenk Cobek Perintis,Google Maps,2026-05-14 18:52:34
Ci9DQUlRQUNvZENodHljRjlvT2t0M1IybHVRMnA0YnpaMmVXZFVVMnRpWkhkdmJFRRAB,Hj. Sulaeha,1,"Mudah2an ini bisa jadi masukan,pelayanannya lambat padahal pada saat makan meja lain pada kosong,dan pesan udang telur asin,kulit udangnya nda dibuka,langsung digoreng dengan tepung",3 bulan lalu,,,,Saoenk Cobek Perintis,Google Maps,2026-05-14 18:52:34
Ci9DQUlRQUNvZENodHljRjlvT2pOaFZsSjBWamN0TjJaa2NGWldNM2hhVkVWWFRsRRAB,Yoseph Siagian,3,"Lumayan, tapi ta ada cobeknya🙈",3 bulan lalu,4,4,4,Saoenk Cobek Perintis,Google Maps,2026-05-14 18:52:34
Ci9DQUlRQUNvZENodHljRjlvT2psVlFqRTJlVEJPZGprMU5ubFplRGRLWDI5UVZIYxAB,Willy Ntelok,5,Bagus dan sejuk adem pelayanan nya ramah dan baik sopan,3 bulan lalu,5,5,5,Saoenk Cobek Perintis,Google Maps,2026-05-14 18:52:34
Ci9DQUlRQUNvZENodHljRjlvT2xJd2NrcE5jSFpJWWtkdFIyMUhaekpmUlRWQ2RVRRAB,Arifa Kurbaniya,5,Pelayanan sangat ramah apalagi serves atas nama alfaris,3 bulan lalu,5,5,5,Saoenk Cobek Perintis,Google Maps,2026-05-14 18:52:34
Ci9DQUlRQUNvZENodHljRjlvT2xCRFgwcDRMV2hMTmtSeU5WYzNOR05UZGpSWlJXYxAB,Sartika Siburian,5,"Makanan nya enak sekaliiii, karyawan nya baik sekali
Saya suka di saoenk cobek perintis
Bawa anak anak juga asik karna ada kolam ikan hias",3 bulan lalu,5,5,5,Saoenk Cobek Perintis,Google Maps,2026-05-14 18:52:34
Ci9DQUlRQUNvZENodHljRjlvT2xCQlNuVkxiV3h3VjFCM01URXdPVmd4WXkxWWJHYxAB,Andi Nurhawaidah,5,Alfaris dengan pelayanan yg baik dan ramah,3 bulan lalu,4,5,5,Saoenk Cobek Perintis,Google Maps,2026-05-14 18:52:34
Ci9DQUlRQUNvZENodHljRjlvT21KVloyaE5SbDlNT0ROM2IwbHdWM1pOTlhOVVNVRRAB,boysboys Bbb,5,drih pnyambutan bgus pluan rahmah dan dirahkan ke kaseboh untuk ddk top plnyanan supriadi,3 bulan lalu,5,5,5,Saoenk Cobek Perintis,Google Maps,2026-05-14 18:52:34
Ci9DQUlRQUNvZENodHljRjlvT21oVFRsVkNTMUJMTVZOTVQzVmtNR0phVTI5R09FRRAB,Nataniel Nataniel,5,,3 bulan lalu,5,5,5,Saoenk Cobek Perintis,Google Maps,2026-05-14 18:52:34
Ci9DQUlRQUNvZENodHljRjlvT25WTlEwZHNlbFF6YVVkTlVHOUtiVzFVTW0xUmRWRRAB,Ekawati Ibrahim Saleh,5,,4 bulan lalu,5,5,5,Saoenk Cobek Perintis,Google Maps,2026-05-14 18:52:54
Ci9DQUlRQUNvZENodHljRjlvT2t4MlNrNXhXalZ2VW5kM1lVaHNVbU4yUm1Kd1NIYxAB,Korian Isa,5,,4 bulan lalu,4,4,4,Saoenk Cobek Perintis,Google Maps,2026-05-14 18:52:54
Ci9DQUlRQUNvZENodHljRjlvT2xveFEwRnlPWEpLV1VWVE5TMUdXV1ppTTNJMk1GRRAB,Najiah Afifah,5,,4 bulan lalu,5,5,5,Saoenk Cobek Perintis,Google Maps,2026-05-14 18:52:54
Ci9DQUlRQUNvZENodHljRjlvT2xVeWMydFhhMEZFTTA1NGVVSXlOR2Q2ZGpjeFFrRRAB,naim syaputrasb,4,,4 bulan lalu,,,,Saoenk Cobek Perintis,Google Maps,2026-05-14 18:52:54
Ci9DQUlRQUNvZENodHljRjlvT21jemRFNXRVMEUzV21kQ2FWTTViVjl6TWpKWVpHYxAB,Azrawaty Azis,5,,4 bulan lalu,5,5,5,Saoenk Cobek Perintis,Google Maps,2026-05-14 18:52:54
Ci9DQUlRQUNvZENodHljRjlvT25RNGNsTXRWbFZhVGpSTWRHVlBWMEZPVkdNM1RrRRAB,Devia Purnamasari,5,"Menu makanannya  lebih enak disini di bandingkan cabang yg lain
Apa lagi kakap masak woku dan buncis telur asin selalu bikin nagih untuk balik lagi kesini🥰",4 bulan lalu,5,5,5,Saoenk Cobek Perintis,Google Maps,2026-05-14 18:52:54
Ci9DQUlRQUNvZENodHljRjlvT2xjemIybEhTSGxPVmtwcWR6TXpOamsyYUVOdVIyYxAB,Fathimah Az zahra,5,,4 bulan lalu,5,5,5,Saoenk Cobek Perintis,Google Maps,2026-05-14 18:52:54
Ci9DQUlRQUNvZENodHljRjlvT2pkSlJrcEZMWE5UYTFaM2QxYzVNRGhNVGt4S1ZuYxAB,ARIADY ARSAL,1,"Saya makan di Saunk Cobek Perintis Makassar bersama, niatnya makan siang yg nyaman bersama tim sekalian rapt. Sayangnya saat pesanan tiba tidak sesuai, makanan tidak enak, porsi nasi terlalu dipaksakan jumbo, ayakm potongan terlalu besar, tidak enak lagi. Sayur asam, isinya hanya kuah yg banyak, isi sayurnya sangat sedikit. Sayang tempat yang bagus tidak sesuai dengan kayanan. Pas bayar-harganya sangat tidak wajar. Sangat banyak restoran lain yang jauh lebih enak dan nyaman. Saya tidak rekomendasikan untuk makan ditempat ini",4 bulan lalu,,,,Saoenk Cobek Perintis,Google Maps,2026-05-14 18:52:54
Ci9DQUlRQUNvZENodHljRjlvT21JdFZVNXlkM3BOVms4eVoybHFaSEp3YjNnNFRIYxAB,chelo claudya,5,,4 bulan lalu,,,,Saoenk Cobek Perintis,Google Maps,2026-05-14 18:52:54
Ci9DQUlRQUNvZENodHljRjlvT2twdk5HbE1Va3BZZGpSSWVIazNlSEk1TFZwMmFYYxAB,Firman Juang,5,Bagus utk acara keluarga besar ruangannya bagus suasana mendukung,4 bulan lalu,4,5,4,Saoenk Cobek Perintis,Google Maps,2026-05-14 18:52:54
Ci9DQUlRQUNvZENodHljRjlvT21keFUwNUthbVp3VkhCV1pFdEllbmxZUTFGSVMxRRAB,SEKATA Creative,5,"Pelayanan sangat bagus dan makanannya enak..

Daniel",4 bulan lalu,5,5,5,Saoenk Cobek Perintis,Google Maps,2026-05-14 18:53:15
Ci9DQUlRQUNvZENodHljRjlvT21GbFRIZEtWRUZFUmtGWmJubERXWEkwT1Zsc01rRRAB,Iskandar Zulkarnaen,5,Tempat yg cukup bagus untuk makan bersama keluarga,4 bulan lalu,,,,Saoenk Cobek Perintis,Google Maps,2026-05-14 18:53:15
Ci9DQUlRQUNvZENodHljRjlvT21WTGNVdHNSbEpqY0dWclJEVk1jbkZHTjI1TmMwRRAB,Munira Moon,1,"Pelayanan lama, pengunjung menunggu lama namun tidak dihampiri",4 bulan lalu,,,,Saoenk Cobek Perintis,Google Maps,2026-05-14 18:53:15
Ci9DQUlRQUNvZENodHljRjlvT2pGcVRHbzBTbTgyY1ZSTmNVUXplbE40V1Y4MlJYYxAB,Andi Mardaya,5,,4 bulan lalu,5,5,5,Saoenk Cobek Perintis,Google Maps,2026-05-14 18:53:15
Ci9DQUlRQUNvZENodHljRjlvT2xGYVVIbFVMVVJQTm1wMVRscFBVVlJyZUVWMFFtYxAB,Helmy Maulawi,5,tempat sejuk dan suasananya nyaman,4 bulan lalu,5,5,5,Saoenk Cobek Perintis,Google Maps,2026-05-14 18:53:15
Ci9DQUlRQUNvZENodHljRjlvT25kb1NtODJOMlJXTFMxSGJEaGlPVkZKTW5CRExYYxAB,Ahmad Shidiq Baihaqi,5,Makanann enaakk worth itt,4 bulan lalu,5,5,5,Saoenk Cobek Perintis,Google Maps,2026-05-14 18:53:15
Ci9DQUlRQUNvZENodHljRjlvT2sxTk0wWjVNRWQ0U2xkbVpYQmlSekZDY2xGNlZFRRAB,Uwais Al Qarni,5,,4 bulan lalu,5,5,5,Saoenk Cobek Perintis,Google Maps,2026-05-14 18:53:15
Ci9DQUlRQUNvZENodHljRjlvT2sxNlUwTTRWVFZ2UTI1WFIycG1OMUI1VkUxNWVsRRAB,Dewi Rospianti,5,"Pelayanan sangat bagus,, tempatnya luas, ada indoor dan outdoornya, trus ada gazebonya juga.. untuk hindangannya sangat enak,, cocok buat acara arisan yang rame2,, bisa request sound utk karaoke jg",4 bulan lalu,5,5,5,Saoenk Cobek Perintis,Google Maps,2026-05-14 18:53:15
Ci9DQUlRQUNvZENodHljRjlvT2sxT1kyeG1SV2RhUzJWblNuUmFWbGhETFRaUlRtYxAB,DzW Corporation,5,wc dan toilet di perbaiki pada saat hujan begini mepet,4 bulan lalu,5,5,3,Saoenk Cobek Perintis,Google Maps,2026-05-14 18:53:15
Ci9DQUlRQUNvZENodHljRjlvT2pkakxXOWpabk5QVERkMmFEZFBWRGgwZDBaaVJuYxAB,Rahmat Syahrir,5,,5 bulan lalu,,,,Saoenk Cobek Perintis,Google Maps,2026-05-14 18:53:15
Ci9DQUlRQUNvZENodHljRjlvT2xSQ05uQnZXVk55VkVkNGJucHNRazlFTjNkUVVVRRAB,Rezki Nurhandayani,5,Bagus tempatnya. Makanannya juga lumayan,5 bulan lalu,5,,,Saoenk Cobek Perintis,Google Maps,2026-05-14 18:53:35
Ci9DQUlRQUNvZENodHljRjlvT2tJMFNYTmtiVXh4VTJ0aVltNWtTM2hNTldsalFrRRAB,Wulan Purnamasari,5,"Tempat sangat nyaman dan luas, makanan juga enak, ikan bakarnya segar dan sambel parapenya enak, anak² bisa makan, pelayannya juga baik
Harga sesuai
Porsi besar",5 bulan lalu,5,5,5,Saoenk Cobek Perintis,Google Maps,2026-05-14 18:53:35
Ci9DQUlRQUNvZENodHljRjlvT2t0UVNUUlFSRzQzZVRaUWFWZFVhMDFHUzFWaE9YYxAB,Ismi Ariani,5,supriadi plyan matap,5 bulan lalu,5,5,5,Saoenk Cobek Perintis,Google Maps,2026-05-14 18:53:35
Ci9DQUlRQUNvZENodHljRjlvT2xaQlEzcGhTemRaVTAxeFluUm5la2M0VFU1alUyYxAB,Nursanti Bulango,5,Baik,5 bulan lalu,5,5,5,Saoenk Cobek Perintis,Google Maps,2026-05-14 18:53:35
Ci9DQUlRQUNvZENodHljRjlvT2pob2VpMWlUelpqYUdKTFZsOHRWbkpVU0c1QldIYxAB,aputri rasyid,5,,5 bulan lalu,,,,Saoenk Cobek Perintis,Google Maps,2026-05-14 18:53:35
Ci9DQUlRQUNvZENodHljRjlvT201SlRrUm1OMjVsV0dGdVRFdFFla3d5U3poZmJGRRAB,Yuliani Hafizh,5,Suasananya enak makanannya juga lumayan sih walaupun kurang garam aja sayur sop-nya,5 bulan lalu,4,4,5,Saoenk Cobek Perintis,Google Maps,2026-05-14 18:53:35
Ci9DQUlRQUNvZENodHljRjlvT2sxeGVITlNObFkxVFhFeFgyNHlTVTl5WTA5R1ZtYxAB,Ahmad Pergiawan,5,"mantap, pelngganya ramah,",5 bulan lalu,5,5,5,Saoenk Cobek Perintis,Google Maps,2026-05-14 18:53:35
Ci9DQUlRQUNvZENodHljRjlvT25kd1EzTnViRWxoVDBkRU9FWm5aRU5hYzFFMGRFRRAB,Zaifah Firayanti,5,makanan enak dan terjangkau,5 bulan lalu,5,5,5,Saoenk Cobek Perintis,Google Maps,2026-05-14 18:53:35
Ci9DQUlRQUNvZENodHljRjlvT2tseU9YQkhhWGhQYzBsek4yOXZNbUpDUkVScVVHYxAB,Saka Castano,5,"pelayanankak  sinta dan kak dewi bagus, ramah, sopan, makanannya sangat enak dan tempatnya bersih dan estetik",5 bulan lalu,5,5,5,Saoenk Cobek Perintis,Google Maps,2026-05-14 18:53:35
Ci9DQUlRQUNvZENodHljRjlvT25VMldVMVBla1pyWlhWNU5VUnFUSEV0U1hoelgzYxAB,Yusuf Faisal,5,,5 bulan lalu,5,5,5,Saoenk Cobek Perintis,Google Maps,2026-05-14 18:53:35
Ci9DQUlRQUNvZENodHljRjlvT21ZMVpIWTVRMDFzYTJvdFptZG1ibGhYUTJRMlVFRRAB,Cite Uni,5,Enak,5 bulan lalu,5,5,5,Saoenk Cobek Perintis,Google Maps,2026-05-14 18:53:56
Ci9DQUlRQUNvZENodHljRjlvT2xsdU0wbERaSGhFU0Zac2JIZE1OV2RtWWtaSGQxRRAB,RJ Arje,5,"Dekat dengan Unhas. Halaman parkir luas. Semua tipe ruangan terbuka. Ada yang duduk di kursi. Ada juga yang lesehan. Semua ada kipas anginnya. Layanan ramah. Ikan aneka rupa, cumi, dan udang; dan tinggal pilih. Semuanya segar. Aneka masakan: pedas dan manis. Tidak lama semua masakan terhidang cepat. Rasanya? Endol surendol... enakkk. Toiletnya cukup bersih. Ada mushola juga.",5 bulan lalu,5,5,4,Saoenk Cobek Perintis,Google Maps,2026-05-14 18:53:56
Ci9DQUlRQUNvZENodHljRjlvT21GMkxWSk1RMUJ1UzAxT2RrbHliRlJvT0VOd1RsRRAB,Nurwati Japar,5,"Makannya enak
Dilla",5 bulan lalu,5,5,5,Saoenk Cobek Perintis,Google Maps,2026-05-14 18:53:56
Ci9DQUlRQUNvZENodHljRjlvT2prMGMwNTVOalUwTjFOYVIxWkRiVGRRUVVaa1dGRRAB,Dina Vitri,5,Enak semua klo bisa voucher nya ditambah,5 bulan lalu,5,5,5,Saoenk Cobek Perintis,Google Maps,2026-05-14 18:53:56
Ci9DQUlRQUNvZENodHljRjlvT25KR2RYWlVRMFJUV1ROMGVETnNaMFpyWjBGclVYYxAB,Khafifah Indri,5,,5 bulan lalu,5,5,5,Saoenk Cobek Perintis,Google Maps,2026-05-14 18:53:56
Ci9DQUlRQUNvZENodHljRjlvT2sxaVIzVmtjREV3UjJaTlNDMWhSWEJrTkRFM01tYxAB,Fitrah Hayati,5,Enak,5 bulan lalu,5,5,5,Saoenk Cobek Perintis,Google Maps,2026-05-14 18:53:56
Ci9DQUlRQUNvZENodHljRjlvT2tscFpUZHVXbHB6WjFoMFJHaGxlSGwzT0hKNFVVRRAB,Aryunnisaa,5,"Ke sini healing makan enak sambil lihat ikan. Secara keseluruhan makanannya enak, rasa pas dan waktu tunggunya tidak lama dan tidak berasa karena bisa  lihat2 kolam dan kasih makan ikan ☺ harga tergolong terjangkau utk resto yg menawarkan suasana yg seperti ini. Di setiap gazebo disediakan kipas angin dan juga perangkap nyamuk (ini penting sekali, krn restonya outdoor). Pengunjung juga boleh bawa kue ulang tahun kalau memang mau merayakan ultah di sini. Apalagi skrg ada programnya disc 15% dan free ayam bawang putih utk yg berulang tahun. Insyaa Allah akan jadi pilihan bagi keluarga utk makan bersama ☺🥰❤‍🔥🙏🏻",5 bulan lalu,5,5,5,Saoenk Cobek Perintis,Google Maps,2026-05-14 18:53:56
Ci9DQUlRQUNvZENodHljRjlvT20welduUm9MWEZHZDFaemFFVkxObE5CV0U1WFkyYxAB,Mika Pawara,5,Enak semua,5 bulan lalu,5,5,5,Saoenk Cobek Perintis,Google Maps,2026-05-14 18:53:56
Ci9DQUlRQUNvZENodHljRjlvT2twYVNtbElXRVZ3YlVRdGEwdHVWVGxwUVhKYWIzYxAB,rama Pauallo,5,Semua enak cuma ad satu ikan bakar kurang segar,5 bulan lalu,5,5,5,Saoenk Cobek Perintis,Google Maps,2026-05-14 18:53:56
Ci9DQUlRQUNvZENodHljRjlvT2tSTWNscE1Wek4xTm5ONGFUa3RlR1J3VG05WmFVRRAB,Daeng Raja',5,Aku mencintaimu sepenuhnya,5 bulan lalu,5,5,5,Saoenk Cobek Perintis,Google Maps,2026-05-14 18:53:56
Ci9DQUlRQUNvZENodHljRjlvT20xcFVFMVVPV3hNYzJSdmMyeFhSekZCWldaR2RtYxAB,Andi Rifqie31,1,Sementara makan lampux mati..tp pelayanx pada cuek😏,5 bulan lalu,3,1,3,Saoenk Cobek Perintis,Google Maps,2026-05-14 18:54:16
Ci9DQUlRQUNvZENodHljRjlvT2paeGEyMVFiMFZ1UlhjNVR6azBSbkl6UVZBeE1rRRAB,Anugrah lestari,1,baguss enak recommend,5 bulan lalu,5,5,5,Saoenk Cobek Perintis,Google Maps,2026-05-14 18:54:16
Ci9DQUlRQUNvZENodHljRjlvT2xSUU1qWmtTVW96UkcxTGFsTnpOMUJXUWxZNFlXYxAB,AR 1101,5,"Enak banget, makanannya enak, pelayanan cepat, rekomended deh pokoknya",5 bulan lalu,5,5,5,Saoenk Cobek Perintis,Google Maps,2026-05-14 18:54:16
Ci9DQUlRQUNvZENodHljRjlvT2xkeFJGOWhjSEF6TmxCellWbHNkRzQ1T0dGSE5IYxAB,Hidup baru Ok,5,Tempatnya Asri Bersih pelayanan cepat prgawai ramah parkiran luas sangat nyaman untuk santai bersama keluarga,5 bulan lalu,4,5,5,Saoenk Cobek Perintis,Google Maps,2026-05-14 18:54:16
Ci9DQUlRQUNvZENodHljRjlvT2xKV01scHhZVWRXZUhVeFNUbFBWRVo2WVVSZlFVRRAB,Akun Hp,5,,6 bulan lalu,5,5,5,Saoenk Cobek Perintis,Google Maps,2026-05-14 18:54:16
Ci9DQUlRQUNvZENodHljRjlvT25BeU0zUmxTM0ZCVEdwTVIwOHRTVWRNT1ZoaVVHYxAB,Ontiti Ontiti,1,"Ayam digoreng dengan minyak yang sudah tidak layak, ayam digoreng beserta bulu ayamnya. Pelayanan yang sangattt burukkkkk!!!!",Diedit 6 bulan lalu,1,1,2,Saoenk Cobek Perintis,Google Maps,2026-05-14 18:54:16
Ci9DQUlRQUNvZENodHljRjlvT2tSYWVESkRNWEpqTm5wRGFGOWxTRmhuV2sxNVQxRRAB,Silatuirahmi Ira,5,Pelayanan sangat ramah @whyne,6 bulan lalu,5,5,5,Saoenk Cobek Perintis,Google Maps,2026-05-14 18:54:16
Ci9DQUlRQUNvZENodHljRjlvT2tsYU0wTkxkV3RtZFZnemNIUnBVbk4wWkRaNFpVRRAB,Andi ira Wtp,5,Pelayanan sangat ramah@whyne,6 bulan lalu,5,5,5,Saoenk Cobek Perintis,Google Maps,2026-05-14 18:54:16
Ci9DQUlRQUNvZENodHljRjlvT2kxNU9WVlVhM0J0ZHpGMFdVOU1XWE5DUzJzMmQxRRAB,Muh Ikhsan Rizaldi,5,"Enak buat makan keluarga, makanan cukup oke, harga lumayan terjangkau, ada kolam untuk liat ikan koi, ada kipas dan lampu jdi aman aja harusnya",6 bulan lalu,5,5,5,Saoenk Cobek Perintis,Google Maps,2026-05-14 18:54:16
Ci9DQUlRQUNvZENodHljRjlvT2tKU1FUaHlibGxFVm5ReFVuUk1iM1l3TjBsS05tYxAB,Nasruddin DL,5,"Tempat yg bagus untuk makan sambil menikmati ikan di kolamnya... pelayanan cukup baik dari para pelayannya..
Tersedia tempat parkir dan ruang shalat yang memadai.. saran agar pelayan menggunakan seragam khusus agar beda dengan pengunjung. Tks",6 bulan lalu,5,5,4,Saoenk Cobek Perintis,Google Maps,2026-05-14 18:54:16
Ci9DQUlRQUNvZENodHljRjlvT2pNM1N6ZEpMWEJTT1daeVpDMVNRM2RtZFhKNmMwRRAB,ady sambara,5,"Terimakasih, Makanan dan layanannya juga memuaskan. Dapat Discount Ulang tahun lagi krn kami rayakan ulang tahun anak disini.",6 bulan lalu,5,5,5,Saoenk Cobek Perintis,Google Maps,2026-05-14 18:54:37
Ci9DQUlRQUNvZENodHljRjlvT2taTk1HeGlXbGh0VWt0ck9GZHVYMUI0ZEcxallXYxAB,Dewi Mustika Rahman,5,Menunya rasanya enak sekali.,6 bulan lalu,5,5,5,Saoenk Cobek Perintis,Google Maps,2026-05-14 18:54:37
Ci9DQUlRQUNvZENodHljRjlvT2tGTVUwNHhSVGxVUVhGdWNWQjNTbXh4YlRGRWJuYxAB,Dewangga Alfarani,5,,6 bulan lalu,5,5,5,Saoenk Cobek Perintis,Google Maps,2026-05-14 18:54:37
Ci9DQUlRQUNvZENodHljRjlvT21WT2RWRnFiV1I0YnpGNVgyMUpibmhQWm1ScFNWRRAB,Alif,2,,6 bulan lalu,2,1,4,Saoenk Cobek Perintis,Google Maps,2026-05-14 18:54:37
Ci9DQUlRQUNvZENodHljRjlvT2xJNVkwVmtPRzVwZVVzMVlWUXpXVXhZWkRRelNYYxAB,ELLA ROSELLA,5,Mantap,6 bulan lalu,5,5,5,Saoenk Cobek Perintis,Google Maps,2026-05-14 18:54:37
Ci9DQUlRQUNvZENodHljRjlvT2sxUlQwVmpiRGRJTldNMWFXZzNNVUZHYzJWa2NHYxAB,Nur irzal saputra,5,"makanannya enak,layanannya juga baik dan susananya sangat baik",6 bulan lalu,5,5,5,Saoenk Cobek Perintis,Google Maps,2026-05-14 18:54:37
Ci9DQUlRQUNvZENodHljRjlvT2xndGJEWktNM2d0UW10TE9HUlJNbXRETjFGbkxWRRAB,kasman bakry,5,,6 bulan lalu,5,5,5,Saoenk Cobek Perintis,Google Maps,2026-05-14 18:54:37
Ci9DQUlRQUNvZENodHljRjlvT25jMlJVOTJORlV3TTBGd2QzZHZibmszY2xWVWVIYxAB,Rezzz,5,enak makanan nyaaa,6 bulan lalu,5,5,5,Saoenk Cobek Perintis,Google Maps,2026-05-14 18:54:37
Ci9DQUlRQUNvZENodHljRjlvT2pORVZIbGZiRFZ0ZGtoNlprczFRa1pTVm1GaGNHYxAB,rizki fauziya,5,,6 bulan lalu,5,5,5,Saoenk Cobek Perintis,Google Maps,2026-05-14 18:54:37
Ci9DQUlRQUNvZENodHljRjlvT21aUlIyNWhjV1pGVFVsWGRYZ3RjamRUYVZvMVFYYxAB,Amell 266,5,"Suasana mendukung bnget buat makan bareng kluarga, pelayanan yg sangat ramah, menu makanannya enak enak, trutama Udang saos Padang favorite bnget",6 bulan lalu,5,5,5,Saoenk Cobek Perintis,Google Maps,2026-05-14 18:54:37
Ci9DQUlRQUNvZENodHljRjlvT2pKVVZrOXpXazl0U1VObk5FVlhTUzA0TUZCeFpWRRAB,Benazir Wafiek Siddik,5,"Tempat yang tepat untuk menikmati makan malam dengan suasana adem dan refreshing melihat ikan-ikan dikolam. Pelayanan sangat baik, sekali bell langsung datang, meja dibersihkan lebih dahulu. Untuk makanan, sengaja tidak pesan woku karena woku biasanya berkuah pedas tapi ternyata kuah pallumaranya juga pedas karena banyak lombok bijinya yang meletus jadi tidak bisa dimakan sama suami dan anak-anak, ikan bakar parapenya enak dan udang asam manis juga enak. Untuk harga lumayan pricey untuk ukuran ikan yang dianggap XL namun ukuran tidak begitu besar. But Thank you for the services. Terima kasih untuk Daniel atas keramahan dan gercep melayani kami.",6 bulan lalu,4,5,5,Saoenk Cobek Perintis,Google Maps,2026-05-14 18:54:57
Ci9DQUlRQUNvZENodHljRjlvT2xWVWJWTk9lVjlOUzA5Q0xXOVBjM2Q0ZW5wRFRVRRAB,Doniji Dom,5,Enak,6 bulan lalu,5,5,5,Saoenk Cobek Perintis,Google Maps,2026-05-14 18:54:57
Ci9DQUlRQUNvZENodHljRjlvT25aMGEyMVNVMDFhVlZGelZEQklZVEF3WkdWeWRsRRAB,Jihan Aulia yusuf,5,,6 bulan lalu,5,5,5,Saoenk Cobek Perintis,Google Maps,2026-05-14 18:54:57
Ci9DQUlRQUNvZENodHljRjlvT21WalJGRkVkbTFGYjJ4a2NIZ3RNMWhrYnpKZldVRRAB,Sitti nur Fajriah,5,waiters ramah (Daniel),6 bulan lalu,5,5,5,Saoenk Cobek Perintis,Google Maps,2026-05-14 18:54:57
Ci9DQUlRQUNvZENodHljRjlvT25RM1UzSmpZbWxOZERKU1NHcFVSRXRaTFd4dFEyYxAB,Herman Satya,5,Mantap,6 bulan lalu,,,,Saoenk Cobek Perintis,Google Maps,2026-05-14 18:54:57
Ci9DQUlRQUNvZENodHljRjlvT2xsSVRrRXdZVXN6U1d4dmNYaFFibFF3U2psWWJsRRAB,Maulana Rezi,5,Enak dan rekomen.,6 bulan lalu,5,5,5,Saoenk Cobek Perintis,Google Maps,2026-05-14 18:54:57
Ci9DQUlRQUNvZENodHljRjlvT2twWmJEQnBNemgxWWpsNldHTXhkMk41YlRkMFJFRRAB,Faizan Farzani,1,,7 bulan lalu,1,1,1,Saoenk Cobek Perintis,Google Maps,2026-05-14 18:54:57
Ci9DQUlRQUNvZENodHljRjlvT25GQ2FsTnhNMW95UVZVMlVtVmZjekZyWXpSbFlXYxAB,Rezky Nurmuqtadir,5,"Suasana sangat nyaman, tempatnya juga bersih dan sangatt direkomendasikan buatt kumpul kluarga ataupun acara2 kluaraga🩷 pelayanan sangat memuaskan dan melayani dengan ramah oleh kak vita🩷🩷",7 bulan lalu,5,5,5,Saoenk Cobek Perintis,Google Maps,2026-05-14 18:54:57
Ci9DQUlRQUNvZENodHljRjlvT2tGNVJtMUtaM2hTU2s1eGVpMW5WRVpGTTNaU1NIYxAB,Yusriani yus,5,Makannya enak,7 bulan lalu,5,5,5,Saoenk Cobek Perintis,Google Maps,2026-05-14 18:54:57
Ci9DQUlRQUNvZENodHljRjlvT25Sc2EyWm5TVTFhWjFGdFExazFlWFp3YzNCSU5HYxAB,Muh Faruq,5,,7 bulan lalu,5,5,5,Saoenk Cobek Perintis,Google Maps,2026-05-14 18:54:57
Ci9DQUlRQUNvZENodHljRjlvT25FdFEyZEdUWFZ1UTJsME5WVlRXbmM0YTBGT09WRRAB,SYAHRAN SATRIA RAMADHAN,5,,7 bulan lalu,5,5,5,Saoenk Cobek Perintis,Google Maps,2026-05-14 18:55:18
Ci9DQUlRQUNvZENodHljRjlvT2pWaFgweGxaVVZKYWpVdGRXZENNMDlzWjNWS1psRRAB,۸۸_ محمد نور أدزان,5,,7 bulan lalu,,,,Saoenk Cobek Perintis,Google Maps,2026-05-14 18:55:18
Ci9DQUlRQUNvZENodHljRjlvT20xWFRGZDJOV04yV25wTGFGTTFTMjFCYlU5Q2RYYxAB,Irma Rafida,5,"Makannya enak pelayannya cepat
Makasih KA Vita",7 bulan lalu,5,5,5,Saoenk Cobek Perintis,Google Maps,2026-05-14 18:55:18
Ci9DQUlRQUNvZENodHljRjlvT2xsc1FVTkNOM05tVkVOdVZIUkRiM0pUVFZOb1ZWRRAB,syekar amri,5,"Terimakasih Vita 🙂 tempatnya bersih makanan enak cepat kluar dan cocok buat acara"" kumpul keluarga",7 bulan lalu,5,5,5,Saoenk Cobek Perintis,Google Maps,2026-05-14 18:55:18
Ci9DQUlRQUNvZENodHljRjlvT214UGExOXZUWGxhYUROa1MwaEZVa3hZTXpOaWJsRRAB,Hj Hasna,5,"terimakasih plyananya vita,semua makanan di sini enak cocok dtg beramai""",7 bulan lalu,5,5,5,Saoenk Cobek Perintis,Google Maps,2026-05-14 18:55:18
Ci9DQUlRQUNvZENodHljRjlvT2taYU5WWjNlVVZaTm01VWFXdEJPR3N6Y1hkWVdHYxAB,Azisah Satriani,2,"Kecewa dengan management resto nya. Kami sudah reservasi 4 hari sebelumnya ruangan VIP ber-AC untuk salah satu acara. Kontak yang dihubungi sudah acc. Tapi hari-H kami ditempatkan di cafe ber-AC yang ditempati perokok dan bukan tempat ber AC yang kami inginkan karena tempat ber AC itu sudah dipesan orang lain. Tidak ada pemberitahuan sebelumnya, dan kami baru diinfokan di hari H, benar-benar mengecewakan pelanggan. Seharusnya, bila ruangan yang kami inginkan sudah dipakai berilah kami tawaran untuk di daerah luar yang bergazebo atau tanyakan kesediaan kami terlebih dahulu untuk lokasinya. Tentunya kami merasa lebih dihargai bila seperti itu, jangan mengambil keputusan sendiri seakan-akan kalian tim manajemen resto yang punya acara. Kalau saya tau lokasinya seperti ini saya akan pindah lah, sayangnya undangan sudah tersebar, untung makanannya tidak memalukan. Kami sudah cukup kecewa",7 bulan lalu,3,2,4,Saoenk Cobek Perintis,Google Maps,2026-05-14 18:55:18
Ci9DQUlRQUNvZENodHljRjlvT2xSZlVVeFFkMkUyZVRJemVrZEtkbUpMTjIwMFJVRRAB,Kurooo,4,"Salah satu cabang restoran saoenk cobek di Makassar, terletak di pinggir jalan perintis dekat universitas dipa. Tempat makan cukup luas, dengan beberapa saung yang bisa di book. Tersedia ruangan ber ac juga, berkunjung saat makan siang makan di saung cukup sejuk. Pilihan makanan cukup variatif tersedia olahan ayam dan seafood. Harga sebanding dengan rasa, rasa cukup enak. Tempat parkir cukup luas, rekomendasi bawa keluarga maupun bersama teman. Ada fasilitas memberi makan ikan untuk anak-anak.",7 bulan lalu,4,5,5,Saoenk Cobek Perintis,Google Maps,2026-05-14 18:55:18
Ci9DQUlRQUNvZENodHljRjlvT2xaUGVWaFlUSHB5VFVwQ1NXUllVV1JIUzJkNE1sRRAB,Syarif Hidayat,5,,7 bulan lalu,5,5,5,Saoenk Cobek Perintis,Google Maps,2026-05-14 18:55:18
Ci9DQUlRQUNvZENodHljRjlvT25CQlRqZElOalJ3YTFkTFpqaExTMUpxTVVzNE5tYxAB,Mj Ranger,1,"Terlalu lama makanan jadi, tidak cocok dikunjungi dalam keadaan lapar.",7 bulan lalu,3,1,4,Saoenk Cobek Perintis,Google Maps,2026-05-14 18:55:18
Ci9DQUlRQUNvZENodHljRjlvT2paQmVYSlNhMUU0T0hWdlRIUjZOVmxaVDJ4WWJIYxAB,Nhenk Smile,1,Lama amat makanannya yg lapar jangan coba2 ke sini,7 bulan lalu,,,,Saoenk Cobek Perintis,Google Maps,2026-05-14 18:55:18
Ci9DQUlRQUNvZENodHljRjlvT25WdldrZDJSWFZmTkdGa1pUQm1UbGhCUTFSR1ozYxAB,Romantic Parau_99,3,"Tempat oke bagus luas, namun perlu diliat lagi detail kebersihan nya, dan kualitas makanannya yg rasanya menurut saya biasa saja, thanks",7 bulan lalu,2,4,5,Saoenk Cobek Perintis,Google Maps,2026-05-14 18:55:38
Ci9DQUlRQUNvZENodHljRjlvT2pSTlIwNVhTVkpxY25NeVEweHRVbEV3UjFveExVRRAB,Adilah Nasyifah,1,,7 bulan lalu,1,1,1,Saoenk Cobek Perintis,Google Maps,2026-05-14 18:55:38
Ci9DQUlRQUNvZENodHljRjlvT2sxVGJESkhlbE56V0hSMFgxWnFZV2R0VG5NMlZGRRAB,Oktovianus Adynugraha Putra,1,Pelayanan lama,7 bulan lalu,1,1,1,Saoenk Cobek Perintis,Google Maps,2026-05-14 18:55:38
Ci9DQUlRQUNvZENodHljRjlvT25oNk1HVldWalJyVWxWWWVreFRURUpXVEhCaWVrRRAB,Zulkifli Daeng,5,,7 bulan lalu,,,,Saoenk Cobek Perintis,Google Maps,2026-05-14 18:55:38
Ci9DQUlRQUNvZENodHljRjlvT2pKdmFXcGFORGRVTFRKTE5rWmFRWGxRVmxwNExVRRAB,Nur Anggraeni Aprilianti,5,"makanannya enak enak, susana nya juga nyaman  cocok untuk makan bersama keluarga, dapat pelayanan yang ramah juga dari fitri",7 bulan lalu,4,5,5,Saoenk Cobek Perintis,Google Maps,2026-05-14 18:55:38
Ci9DQUlRQUNvZENodHljRjlvT21rM2JXNXRSWG81TFc5MVNqaEVTRzgyTWpaNWIxRRAB,Jhon Kennedy,5,Apakah yang terbaik?,7 bulan lalu,5,5,5,Saoenk Cobek Perintis,Google Maps,2026-05-14 18:55:38
Ci9DQUlRQUNvZENodHljRjlvT25KcVRuQnphVkpxTFdOd2IwMTRUemRXTW1oamFuYxAB,anneke khong,5,"Nyamuk banyak
Pelayanan ok",7 bulan lalu,5,5,5,Saoenk Cobek Perintis,Google Maps,2026-05-14 18:55:38
Ci9DQUlRQUNvZENodHljRjlvT2xRelIzVnNaa1UxUTBaWGVISkJVRk5PUkVKWU5rRRAB,Anthon Parrangan,5,"Pelayana ramah makannya tidak lama menunggu
Supriadi",7 bulan lalu,5,5,5,Saoenk Cobek Perintis,Google Maps,2026-05-14 18:55:38
Ci9DQUlRQUNvZENodHljRjlvT2tONVZ6bHRRMmh0ZG1GTFQxRnliMlpPY0VScmFXYxAB,scsgudang sudiang,5,,8 bulan lalu,5,5,5,Saoenk Cobek Perintis,Google Maps,2026-05-14 18:55:38
Ci9DQUlRQUNvZENodHljRjlvT2poVlQySTBPVFJQVVRsSFRGRmpURlJGWlZSaVRXYxAB,Martin Luther,5,Restoran yang bagus sebelum naik bus 🚌 …,8 bulan lalu,,,,Saoenk Cobek Perintis,Google Maps,2026-05-14 18:55:38
Ci9DQUlRQUNvZENodHljRjlvT2pGcFIzTllTMkp3TjJKcFVGRnphMUpsUTJSWk0yYxAB,Sri Wulandaari,5,"makanannya enak, cepat, pelayanan ok. #april",8 bulan lalu,5,5,5,Saoenk Cobek Perintis,Google Maps,2026-05-14 18:55:59
Ci9DQUlRQUNvZENodHljRjlvT2tocVNVaGhSVlZuTTJSUVRURkZUbFZ1VVdwUmEyYxAB,PRIADI 026,5,,8 bulan lalu,5,5,5,Saoenk Cobek Perintis,Google Maps,2026-05-14 18:55:59
Ci9DQUlRQUNvZENodHljRjlvT25sTFZIWk1NWGRsZFZwaU5rbDBVRFZqVVZkaWRXYxAB,Asma Husni,5,Seru dan pelayanannya cepat,8 bulan lalu,5,5,5,Saoenk Cobek Perintis,Google Maps,2026-05-14 18:55:59
Ci9DQUlRQUNvZENodHljRjlvT2sxRGFuTjFhUzFFWDJWdGJHRnRNRlY2Y0c5bmRXYxAB,Zartod Nizar,1,Woii orang dapurmu jangan curi mangga yg dibelakang,8 bulan lalu,,,,Saoenk Cobek Perintis,Google Maps,2026-05-14 18:55:59
Ci9DQUlRQUNvZENodHljRjlvT21scU5FVlFkM0pOVDBwb2NWTnZXa2xIWW5ZMVUyYxAB,Fadlianur Syarif,5,Mantap sekali gathering di sini recomended,8 bulan lalu,5,5,5,Saoenk Cobek Perintis,Google Maps,2026-05-14 18:55:59
Ci9DQUlRQUNvZENodHljRjlvT21oMk5FUmtVV3BzTVcxRFp6WXdZbkZSWW1WblJYYxAB,sita karmila,5,Putri pelayanannya baik dan ramah.,8 bulan lalu,5,5,5,Saoenk Cobek Perintis,Google Maps,2026-05-14 18:55:59
Ci9DQUlRQUNvZENodHljRjlvT2t4MldqaHdNVEZ1TjJSSlEwSlVOM3BWVFRST2RGRRAB,Wulan Husain,5,"Makanannya enak, mushollah sejuk, tertutup untuk akhwat, toilet bersih, dulu nasinya agak keras, sekarang nasi nya pulen enak dimakan SM lauk dan sayur nya... Worthed lah",8 bulan lalu,5,5,5,Saoenk Cobek Perintis,Google Maps,2026-05-14 18:55:59
Ci9DQUlRQUNvZENodHljRjlvT21GSFYzRnViazExUTBsblkyMHhWalpVZUhKVldFRRAB,Maryam,5,Bagus ... Makanan nya enak .. pas datang di bulan ulang tahun dapat discount potongan makan ... Lumayan lah ... Suka pesan paket 500rban bisa di makan 6-7 org ... Cukup untuk 1 keluarga,8 bulan lalu,5,5,5,Saoenk Cobek Perintis,Google Maps,2026-05-14 18:55:59
Ci9DQUlRQUNvZENodHljRjlvT2poVlYySnhUWFF0UW0xa1VEbHpkWFJRZDFoU2NrRRAB,Restiana,1,"kami suka dengan suasana tempat makan ini, tapi mungkin bisa menambahkan sedikit dekorasi untuk meningkatkan kesan   dan bisa juga semacam kursi” gabus itu yang kecil agar lebih menarik dan nyaman soalnya tempat duduknya terlalu keras ( saran aja yah kak hehehe🙏🏻)
Makanannya enak 9,4/10 tapi mungkin bisa ditambahkan menu-menu yang vegetarian untuk memenuhi kebutuhan pelanggan yang lebih beragam
Minesnya kak Pelayananya sedikit lambat, tpi masih bisa ditoleransi mungkin krn masaknya yang lama.
(TIARA)",8 bulan lalu,4,3,5,Saoenk Cobek Perintis,Google Maps,2026-05-14 18:55:59
Ci9DQUlRQUNvZENodHljRjlvT2tjd1ZYcDBTVGxxVFRCNWVFZGZkMUkzTWxJMVZVRRAB,Supiyani Latjo,5,Suasana Humble n bersahabat guysss...,8 bulan lalu,5,5,5,Saoenk Cobek Perintis,Google Maps,2026-05-14 18:55:59
Ci9DQUlRQUNvZENodHljRjlvT21vMVNGWldkRjlsVVRodFQzazFaM0JOTjFGb1VuYxAB,joice mangedong,5,"Keren banget view nya , makanannya enak dan pelayanan ramah banget. Cocok untuk acara keluarga karna suasananya family vibes banget. Tapi alangkah baiknya untuk paket lengkap boleh di tambahkan beberapa es teh untuk pelengkapnya. Karna yg namanya paket lengkap harusnya lengkap dengan minum sesuai porsi yg tersedia",8 bulan lalu,5,5,5,Saoenk Cobek Perintis,Google Maps,2026-05-14 18:56:19
Ci9DQUlRQUNvZENodHljRjlvT25oQmFqUlFjMEp1TVVzdFVXWjNhVEZQTkhjMlFuYxAB,Andini Paramita,5,"Pelayanan atas nama Vita baik, fest respon, ramah, nyaman, ikan Koi nya lucuuu,",8 bulan lalu,5,5,5,Saoenk Cobek Perintis,Google Maps,2026-05-14 18:56:19
Ci9DQUlRQUNvZENodHljRjlvT21sNGFVTlVXWFZmVWt4TE9EVkxVRVZ3U1hVek9FRRAB,Aksyah Adira,5,Makanan lama,8 bulan lalu,5,4,5,Saoenk Cobek Perintis,Google Maps,2026-05-14 18:56:19
Ci9DQUlRQUNvZENodHljRjlvT2pGMllXcFNhSFJNYTFkMlJHbERTMDV4WkU4eVZGRRAB,Adrianus Suryadi,5,Makanan enak. pelayan baik. suasana nyaman,8 bulan lalu,5,5,5,Saoenk Cobek Perintis,Google Maps,2026-05-14 18:56:19
Ci9DQUlRQUNvZENodHljRjlvT2s1dlJHdFNWMjAwVEZkc1RFRnhNbFJGUWtrME1IYxAB,Heny Putri,5,"Vita pelayananya baik ramah, makananya saya suka suasanya adem. berkunjung kesini bagusnya jga ramai terimakasih 😊",8 bulan lalu,5,5,5,Saoenk Cobek Perintis,Google Maps,2026-05-14 18:56:19
Ci9DQUlRQUNvZENodHljRjlvT2xWUmVsa3hhVlpoVFU4elkzWTBlWE51WkdKaldFRRAB,Henny Nandang,5,Trimksih plyanannya danil,8 bulan lalu,4,5,5,Saoenk Cobek Perintis,Google Maps,2026-05-14 18:56:19
Ci9DQUlRQUNvZENodHljRjlvT25OdFl6VjVZakpoTUcxT1NrSlhlV2RtZFc1RFUzYxAB,Bayu Jhie,5,,8 bulan lalu,5,5,5,Saoenk Cobek Perintis,Google Maps,2026-05-14 18:56:19
Ci9DQUlRQUNvZENodHljRjlvT2tSM1dqUnZORXAwV2xCWVlVODBUbVppTlV0R01XYxAB,Adnan Faisal,5,"Pelayanannya cukup baik suasananya adem,sejuk dengan pemandangan yang indah.",8 bulan lalu,5,5,5,Saoenk Cobek Perintis,Google Maps,2026-05-14 18:56:19
Ci9DQUlRQUNvZENodHljRjlvT2tSTVpHMXpUbkZhUzFvNE1IbGtaVmxPV0ZkRGFXYxAB,Muhammad Asrar,5,"Pelayanan memuaskan, maknan enak, minuman pas rasanya, pelayanan oke",8 bulan lalu,5,5,5,Saoenk Cobek Perintis,Google Maps,2026-05-14 18:56:19
Ci9DQUlRQUNvZENodHljRjlvT2pWM1FreEhWR28zWDJwWGRVazJWVFJRYUZwVFlrRRAB,Heldy Evryanto,2,"Tdk rekomended untk yg lapar krena akan lama mnunggu, pas pesanan kluar malah tdk lengkap dengan sendok jd harus menunggu lg bbrpa hanya sekedar ambil sendok sj
👎",8 bulan lalu,3,1,3,Saoenk Cobek Perintis,Google Maps,2026-05-14 18:56:19
Ci9DQUlRQUNvZENodHljRjlvT25sRVdISnpUUzF5Vld0YWEyRlBOR0ZyZFU1MFZFRRAB,Orakk Arikk,5,,8 bulan lalu,5,5,5,Saoenk Cobek Perintis,Google Maps,2026-05-14 18:56:40
Ci9DQUlRQUNvZENodHljRjlvT2tGTlZubFZNVmR2ZFdOdk1rVlZSbXBDZG0xeGFGRRAB,dhamayanti fadjar,5,,8 bulan lalu,5,5,5,Saoenk Cobek Perintis,Google Maps,2026-05-14 18:56:40
Ci9DQUlRQUNvZENodHljRjlvT2w5U1RHZG1TemhHUmpCdE9FcFNlVkpEUzBaMGJuYxAB,Achmad Sohibul Fadilah,5,,8 bulan lalu,5,5,5,Saoenk Cobek Perintis,Google Maps,2026-05-14 18:56:40
Ci9DQUlRQUNvZENodHljRjlvT21oMWFsSkJhemM1UkVaVFVXZzRZM05hTUc1UWRuYxAB,Nadia Ilyas,5,"Mantap pelayanan oleh crew Daniel dan bagian burning nya jg oke smw nya ramah2,",8 bulan lalu,5,5,5,Saoenk Cobek Perintis,Google Maps,2026-05-14 18:56:40
Ci9DQUlRQUNvZENodHljRjlvT2xGbWJYcHFNSEZEZUV3MlRXNUlkbWhQT1c5NExYYxAB,noval mahardhika,5,suasana yang adem karena ada kolam ikan,8 bulan lalu,5,5,5,Saoenk Cobek Perintis,Google Maps,2026-05-14 18:56:40
Ci9DQUlRQUNvZENodHljRjlvT2s1T2Mxb3llRE5aZFd0dVdtaEJSR1JHV2pGUmNWRRAB,Tanadyo,5,"Vita pelayanannya baik, cepat respon dan sesuai dengan pesanan",8 bulan lalu,5,5,5,Saoenk Cobek Perintis,Google Maps,2026-05-14 18:56:40
Ci9DQUlRQUNvZENodHljRjlvT21sU2NqaHdOMGh4Y1ZadFNIaFRVMjVNT1RRMmQyYxAB,iniking Farel,5,Enak bnaget pelayanan super ramah,8 bulan lalu,5,5,5,Saoenk Cobek Perintis,Google Maps,2026-05-14 18:56:40
Ci9DQUlRQUNvZENodHljRjlvT2s5TVVUaHhSMEZwUldKelZYa3dWRkpwZGtkRVJGRRAB,andi asma,5,Pelayanan kak fita sangat memuaskan..,8 bulan lalu,5,5,5,Saoenk Cobek Perintis,Google Maps,2026-05-14 18:56:40
Ci9DQUlRQUNvZENodHljRjlvT2twMGN6Qm5SRlJMZWtKWFdUSkRNVkZrTFdSRFVuYxAB,Nur Hamdana S,4,"Tempatnya cozy, makanannya enak, cocok untuk kumpul keluarga",8 bulan lalu,5,4,5,Saoenk Cobek Perintis,Google Maps,2026-05-14 18:56:40
Ci9DQUlRQUNvZENodHljRjlvT2tOWWVXTTFOelIxU21KTWVXOW5VM2hoUm5WVk9IYxAB,Fajrin Hamka,5,pelayanan baik dari kak danil,8 bulan lalu,5,5,5,Saoenk Cobek Perintis,Google Maps,2026-05-14 18:56:40
Ci9DQUlRQUNvZENodHljRjlvT2tRMldISnVaalZ3VTNoT1QwcG5kM2REUjNOd2RrRRAB,Agus salim,5,Semua mulai dari playanan sampai makanan sangat memuaskan playanan atas nama supriayadi,8 bulan lalu,5,5,5,Saoenk Cobek Perintis,Google Maps,2026-05-14 18:57:01
Ci9DQUlRQUNvZENodHljRjlvT2t0VFFXMHhOVkJRWW5reFpuY3pMWE15VTB0cWIzYxAB,Yenny Paelongan,5,,8 bulan lalu,5,5,5,Saoenk Cobek Perintis,Google Maps,2026-05-14 18:57:01
Ci9DQUlRQUNvZENodHljRjlvT2xGdVNWUkJZVTQzUWtWNFgxaElaVGRsV21Ga1lWRRAB,andri prawira,5,Menyenangkan,8 bulan lalu,5,5,5,Saoenk Cobek Perintis,Google Maps,2026-05-14 18:57:01
Ci9DQUlRQUNvZENodHljRjlvT2pOd09XMTFTSGhGV2xnM2MxcE9VVmROY3psQmVGRRAB,Euis Nuryati,5,,8 bulan lalu,,,,Saoenk Cobek Perintis,Google Maps,2026-05-14 18:57:01
Ci9DQUlRQUNvZENodHljRjlvT25ZdFR6QlFUSFJXTmtSVVgyZEtWRVpaTWxwWFVFRRAB,Syahrul_ MD,1,"Suasana tenang damai, serasa berada di dekat sungai yang indah. Tapi makanan bisa di terbilang tidak enak, Mie kuah hambar, ayam bakar hambar, ayam asam manis di bagian luarnya agak panas namun di bagian dalam dingin seperti baru saja keluar dari lemari es. Nasi goreng tidak terasa bumbunya. Dan terakhir, tukang parkir ngotot harus dibayar 3.000 sementara saldo tunai cuma ada 2.000",8 bulan lalu,1,2,5,Saoenk Cobek Perintis,Google Maps,2026-05-14 18:57:01
Ci9DQUlRQUNvZENodHljRjlvT2pWbWJYcFVhSFJhU1ZkVk1HVnpiVVl4WjFwWlJHYxAB,teddy anugrah,1,"Banyak nyamuk, makanan B Aja Mie Hambar Nasgor Tidak Worth it
Pelayanan lama dipanggil tidak mendengar",8 bulan lalu,1,1,1,Saoenk Cobek Perintis,Google Maps,2026-05-14 18:57:01
Ci9DQUlRQUNvZENodHljRjlvT2pScWJuZzRVVEpJTjNoSU0wbHpSalJZZG1VeWRFRRAB,Rizal Aulia 62,5,Bisa diulang lagi datang ke tempat ini,9 bulan lalu,5,5,5,Saoenk Cobek Perintis,Google Maps,2026-05-14 18:57:01
Ci9DQUlRQUNvZENodHljRjlvT2pOdmNERXdXWFJoZERGTE5XVkpSMVE0VGs0d1JHYxAB,Tyas Virena,5,,9 bulan lalu,5,5,5,Saoenk Cobek Perintis,Google Maps,2026-05-14 18:57:01
Ci9DQUlRQUNvZENodHljRjlvT2xkTWVtWktaM3BoVTJ4TlRVaHFOVE5wWm1jMUxVRRAB,Riska Srianita Papalangi,4,,9 bulan lalu,4,4,4,Saoenk Cobek Perintis,Google Maps,2026-05-14 18:57:01
Ci9DQUlRQUNvZENodHljRjlvT2pkdGFVUlVTV0UzYlhoTE5rMXhiSGQxVEVzM05FRRAB,Muhammad Arqam,5,,9 bulan lalu,,,,Saoenk Cobek Perintis,Google Maps,2026-05-14 18:57:01
Ci9DQUlRQUNvZENodHljRjlvT2psVFNYVmFhRU5XYlhaaUxXc3lWV2xRYUhaV2JIYxAB,Hijra Rasyid,5,Daniel,9 bulan lalu,5,5,5,Saoenk Cobek Perintis,Google Maps,2026-05-14 18:57:21
Ci9DQUlRQUNvZENodHljRjlvT25SdWJHcEpORzlKUnpKTVYxYzFjMDVFVFVGMWRXYxAB,Emmayanti,5,,9 bulan lalu,5,5,5,Saoenk Cobek Perintis,Google Maps,2026-05-14 18:57:21
Ci9DQUlRQUNvZENodHljRjlvT2toRlEySnRkekpIWm5obFdsUXpNMVJvY21oQmFIYxAB,NABHIGAH_GEMING alana kadir,5,supriadi pelayanan bagus dan maksimal,9 bulan lalu,5,5,5,Saoenk Cobek Perintis,Google Maps,2026-05-14 18:57:21
Ci9DQUlRQUNvZENodHljRjlvT2psTkxYUmhRa1ZhYzBSUE9FMVNUMmRSUTFjeGVGRRAB,Jepalo Shop,5,"Makanan nya enak, pelayanan cepat dan suasananya nyaman",9 bulan lalu,5,5,5,Saoenk Cobek Perintis,Google Maps,2026-05-14 18:57:21
Ci9DQUlRQUNvZENodHljRjlvT25GdFdrazVjVTVPVkRWMlRFUklPVU5CZEhGNmJGRRAB,Murti Aminah Pratiwi,5,sangat nyaman,9 bulan lalu,5,5,5,Saoenk Cobek Perintis,Google Maps,2026-05-14 18:57:21
Ci9DQUlRQUNvZENodHljRjlvT25ONWRpMXlWM0Z2Y25CaGVtRjBjMFpTT0VwUVlrRRAB,hasna mohammadtang,5,,9 bulan lalu,5,5,5,Saoenk Cobek Perintis,Google Maps,2026-05-14 18:57:21
Ci9DQUlRQUNvZENodHljRjlvT2xNelMyNXRObTh0TVd0MmJHMU1ZMjVNY1djMVQxRRAB,Balqis Yury Shakina,5,Daniel,9 bulan lalu,5,5,5,Saoenk Cobek Perintis,Google Maps,2026-05-14 18:57:21
Ci9DQUlRQUNvZENodHljRjlvT2xoTVZWRldhbll6UXkxcGRITXRUM2RtY2pNdE9HYxAB,Wynarvin Katunde,5,"Kami makan disni dilayani sma kak serly, pelayanannya baik.. makanannya enak",9 bulan lalu,5,5,5,Saoenk Cobek Perintis,Google Maps,2026-05-14 18:57:21
Ci9DQUlRQUNvZENodHljRjlvT2xKUFJrdFpSVWxmU1RkdGFWcGxVRXBEVEdGSmFWRRAB,Nurjannah Karim,5,"Pelayanan terbaik atas nama danil, tingkatkann",9 bulan lalu,5,5,5,Saoenk Cobek Perintis,Google Maps,2026-05-14 18:57:21
Ci9DQUlRQUNvZENodHljRjlvT21JdFVXZENZazg1TFVKSU1qaExlVTlpV25NNFkzYxAB,Shanty Shanty,5,,9 bulan lalu,5,5,5,Saoenk Cobek Perintis,Google Maps,2026-05-14 18:57:21
Ci9DQUlRQUNvZENodHljRjlvT2tzeVFsUlNlbU4yUWtOa1RIVklVbVpaVTFwdFNXYxAB,ANDI RASDIANA,5,"makananya enak dan suasannya asri
serli",9 bulan lalu,5,5,5,Saoenk Cobek Perintis,Google Maps,2026-05-14 18:57:42
Ci9DQUlRQUNvZENodHljRjlvT200MWFsWTNSWGd6VlVGME56WkJWbk4xT0RNMlZWRRAB,Halsa Skincare,4,"Tempatnya bagus, makananya enak pelayanan ok recomended",9 bulan lalu,5,5,5,Saoenk Cobek Perintis,Google Maps,2026-05-14 18:57:42
Ci9DQUlRQUNvZENodHljRjlvT25kQmJGVlRWM1ExTkV3MVpqUm1SV3RsVFU5VGIwRRAB,irma wati,5,tempatnya nyaman,9 bulan lalu,5,5,5,Saoenk Cobek Perintis,Google Maps,2026-05-14 18:57:42
Ci9DQUlRQUNvZENodHljRjlvT214T1YwOUlNRXBDZWpSdWNEbDVVeTFHT0VwM1VXYxAB,bernadip umar,4,,9 bulan lalu,,,,Saoenk Cobek Perintis,Google Maps,2026-05-14 18:57:42
Ci9DQUlRQUNvZENodHljRjlvT2tveFZERnlSbFk1ZG04NFlVSjJVSE5pUm1sWWFuYxAB,Sudarmi,5,"Pelayanan bagus, an supriadi
Hanya butuh keryawan lebih untuk pelayanan ekstra",9 bulan lalu,5,5,5,Saoenk Cobek Perintis,Google Maps,2026-05-14 18:57:42
Ci9DQUlRQUNvZENodHljRjlvT210VWJrOXhla1ZCVDNGalVYTkRSSGxFWmsxa2RXYxAB,jean irwing lecerff,5,Penambahan pelayan dan karyawan!!,9 bulan lalu,5,5,5,Saoenk Cobek Perintis,Google Maps,2026-05-14 18:57:42
Ci9DQUlRQUNvZENodHljRjlvT2xCaFN6VnVNR2xrVFhka1N6Rnlaa2QwWTNWUE1IYxAB,Dian Ayuwardani,5,"di mohon pnbhan karywan
karna siksa wt hbya brapa
plyan mantap deh",9 bulan lalu,5,5,5,Saoenk Cobek Perintis,Google Maps,2026-05-14 18:57:42
Ci9DQUlRQUNvZENodHljRjlvT2twS09FcFRURXMzTlVaalYwZElaRnBaVFdSbVNYYxAB,nursakina daming,5,Pelayanan waiters a.n supriadi sangat baik,9 bulan lalu,,,,Saoenk Cobek Perintis,Google Maps,2026-05-14 18:57:42
Ci9DQUlRQUNvZENodHljRjlvT25KSFlqVmhNVTh6YkZVM2FUQlNZbmRCTkhGSFRGRRAB,Alya Syifani,5,pelayanan yang bagus salah satunya dari serly dan makanan ny juga enak dan memuaskn,9 bulan lalu,4,5,4,Saoenk Cobek Perintis,Google Maps,2026-05-14 18:57:42
Ci9DQUlRQUNvZENodHljRjlvT2swdE5XWTRhMlpuYlhwS1NHTkdOVEJOV2swMGQwRRAB,Febrian Ayub Kombong Lele,5,"tadi makan siang, makanannya enak enak dan dapat pelayanan yang baik sama kak fitri",9 bulan lalu,5,5,5,Saoenk Cobek Perintis,Google Maps,2026-05-14 18:57:42
Ci9DQUlRQUNvZENodHljRjlvT2toclZVeHZhVVZzT1RsZk4xSTVRMDVHWVZsbFdrRRAB,Mayada Salsabila,5,Baik,9 bulan lalu,5,5,5,Saoenk Cobek Perintis,Google Maps,2026-05-14 18:58:02
Ci9DQUlRQUNvZENodHljRjlvT21OeU9VbGZNRVE0Tkd0RmRHNUpiazB5WTFvM1YxRRAB,225_ Nabilah Saffanah Utami Anwar,5,Makanannya enak dan pelayan yang bernama mba fitri sangat ramah dan baik,9 bulan lalu,5,5,5,Saoenk Cobek Perintis,Google Maps,2026-05-14 18:58:02
Ci9DQUlRQUNvZENodHljRjlvT2pKak9GQXhNR2xMVmtzemRXSXpOVGhwUVVkVVZtYxAB,Hironimus Simarmata,5,Danil dan serlii pelayanan terbaikkk,9 bulan lalu,5,5,5,Saoenk Cobek Perintis,Google Maps,2026-05-14 18:58:02
Ci9DQUlRQUNvZENodHljRjlvT21WdGF6VTRhRXRXTUVZdE1VeFVlbFpQUkhBMlVIYxAB,Najamuddin,5,Plyan bgus untuk supriadi ikn yg segar dan besar,9 bulan lalu,5,5,5,Saoenk Cobek Perintis,Google Maps,2026-05-14 18:58:02
Ci9DQUlRQUNvZENodHljRjlvT2s4ek4wZFdlbEoxYzFWU05GcHRhVGw0WjNjeFFrRRAB,Muh Iqbal,5,"Supriadi, untuk pelayanan cepat dan untuk harga pun terjangkau apalagi kan ada pilihan paketnya untuk beberapa org",9 bulan lalu,5,5,5,Saoenk Cobek Perintis,Google Maps,2026-05-14 18:58:02
Ci9DQUlRQUNvZENodHljRjlvT21vd1JVTkhVbE5FWVMxcmEzbFBlamR1Um5GVGEzYxAB,Nur Qalby,5,Waiters danil melayani dengan sangat baik,9 bulan lalu,5,5,5,Saoenk Cobek Perintis,Google Maps,2026-05-14 18:58:02
Ci9DQUlRQUNvZENodHljRjlvT25sUU1UQlVhRTB4ZHpCb1RqazNla2hGY1ROeVgyYxAB,28_Andi apriana Basfin _B,5,"Enak , pelayanannya cpt , pelayannya ramah",9 bulan lalu,5,5,5,Saoenk Cobek Perintis,Google Maps,2026-05-14 18:58:02
Ci9DQUlRQUNvZENodHljRjlvT2pSNExUSTFUbHBFUlZVM1dGRkNRbmRCZVVFeFpHYxAB,Fadil Fathurrahman,5,Mantap,9 bulan lalu,5,5,5,Saoenk Cobek Perintis,Google Maps,2026-05-14 18:58:02
Ci9DQUlRQUNvZENodHljRjlvT2w5eVIwSkJOVVJVZFZCdFRVeFFRazQxVlcwME5HYxAB,Nisa Syarif,5,"Tempat yg nyaman dan makanan enak untuk kumpul bersama keluarga, terimakasih juga untuk pelayanan dari kak Supriadi",9 bulan lalu,5,5,5,Saoenk Cobek Perintis,Google Maps,2026-05-14 18:58:02
Ci9DQUlRQUNvZENodHljRjlvT2pKa1prUmhjbk15V0RSVFJGZGxUakZETjFSd2RWRRAB,Nur Hidayah,5,,9 bulan lalu,5,5,5,Saoenk Cobek Perintis,Google Maps,2026-05-14 18:58:02
Ci9DQUlRQUNvZENodHljRjlvT2xKWFdqaElia1JwVVRWcWJHWk1ZM0JLY2poMFdtYxAB,Didik Iskandar,5,"Makanan dan tempatnya bagus
Layanan fatur bagus.",9 bulan lalu,5,5,5,Saoenk Cobek Perintis,Google Maps,2026-05-14 18:58:23
Ci9DQUlRQUNvZENodHljRjlvT214TmJWOHlTWE51WTBOcFJraEliM0V5WW1WS2FsRRAB,Sofia Yuli Maula,5,,9 bulan lalu,5,5,5,Saoenk Cobek Perintis,Google Maps,2026-05-14 18:58:23
Ci9DQUlRQUNvZENodHljRjlvT2pFdFJpMVVUMnhHY0RSMlpYcEJabGMyYkZSQ2NuYxAB,Sarahhh Yanti,5,,9 bulan lalu,5,5,5,Saoenk Cobek Perintis,Google Maps,2026-05-14 18:58:23
Ci9DQUlRQUNvZENodHljRjlvT25sSVprVklSMVJGY3pSZlJuVm9URzVvVEVWUWVWRRAB,Fazmi Marssy,5,Pelayanan bagus semua Danie dkk,9 bulan lalu,5,5,5,Saoenk Cobek Perintis,Google Maps,2026-05-14 18:58:23
Ci9DQUlRQUNvZENodHljRjlvT2tGVllYbG1Ta05UWHpac1RsZFJNRGhCYkdKV1JuYxAB,Suriyati Djamaluddin,5,"Tempatnya nyaman, bersih, pelayananx cepat ga pake lama dan  makanannya juga lumayan enak. Dan kasirnya (Fatur) hambel",9 bulan lalu,5,5,5,Saoenk Cobek Perintis,Google Maps,2026-05-14 18:58:23
Ci9DQUlRQUNvZENodHljRjlvT2tnek1FRnZjRVk1T0V4clJuSTVUbXcxU1VWeGJYYxAB,Imelda Octavia,5,"Pelayanan atas nama kak ani, pelayanan nya luarr biasa, baik jugaa",9 bulan lalu,5,5,5,Saoenk Cobek Perintis,Google Maps,2026-05-14 18:58:23
Ci9DQUlRQUNvZENodHljRjlvT2xGaU4xYzJUbHAyYUhaeGRFNUtSREZCUzJSaWVHYxAB,Andi Rezky Annisa,5,Danil,9 bulan lalu,5,5,5,Saoenk Cobek Perintis,Google Maps,2026-05-14 18:58:23
Ci9DQUlRQUNvZENodHljRjlvT2pKcmJXZFRha1ZpYmxabmNUWmlhR1ZSZWtSRWNHYxAB,Fatimah Herman,5,,9 bulan lalu,5,5,5,Saoenk Cobek Perintis,Google Maps,2026-05-14 18:58:23
Ci9DQUlRQUNvZENodHljRjlvT2kxZk5uWXlhMU52VFdZelpHRmZkbGg0WkU5M2VsRRAB,Aya' Strawberry,5,"Makanan enak, pelayanan dari Fitri juga sangat baik, ramah, dan cepat bila ada yg ingin diminta tolongin lagi. Terima kasih buat Fitri.. ada mushola buat sholat, kamar mandi bersih, tempat agak lembab sedikit tp bisa ditolerin. Mantep deh 👍",9 bulan lalu,5,5,5,Saoenk Cobek Perintis,Google Maps,2026-05-14 18:58:23
Ci9DQUlRQUNvZENodHljRjlvT25kVVR6azJiazEyWlhoS1NFTTFSekpNUmxwaE5XYxAB,Yuni Arsyi,5,"Makanannya Enak
Layanan dr Kk Daniel baik dan sopan
Suasana nyaman
Saran : menu diatas sekian Rupiah sebaiknya dpt buah segar gratis. 😊🙏",9 bulan lalu,4,5,4,Saoenk Cobek Perintis,Google Maps,2026-05-14 18:58:23
Ci9DQUlRQUNvZENodHljRjlvT21SdlVYWjFaR2hJWjNGMWVsZGxWV3BWVUVaYVZYYxAB,Khaizuran A,1,pelayanan kurang bagus.,9 bulan lalu,,1,,Saoenk Cobek Perintis,Google Maps,2026-05-14 18:58:44
Ci9DQUlRQUNvZENodHljRjlvT2tzMVpHczFaRzh5ZWtaamVXTnJTVVo1UkVsMVVXYxAB,Muh. Qasim Saguni,5,"Warung Kuliner halal, lezat, ramah, sangat rekomended",9 bulan lalu,5,5,5,Saoenk Cobek Perintis,Google Maps,2026-05-14 18:58:44
Ci9DQUlRQUNvZENodHljRjlvT25sdU5IQkZiMUZrWVZwbkxYaHhiMUJXY3pRdFVHYxAB,Sopian yusup,5,Sejauh ini semuanya berjalan baik.,9 bulan lalu,5,5,5,Saoenk Cobek Perintis,Google Maps,2026-05-14 18:58:44
Ci9DQUlRQUNvZENodHljRjlvT210UFVqUnZlRk5JT0ZsZlVHWmlWMFEzT0dSU2RYYxAB,Isma Wati,5,"Makanannya enak. Pelayanan sangat baik. Suasana adem ada kolam ikan.
Tadi dapat pelayanan dari a.n. Azizah",9 bulan lalu,5,5,5,Saoenk Cobek Perintis,Google Maps,2026-05-14 18:58:44
Ci9DQUlRQUNvZENodHljRjlvT21KTmNETklNMHgzUm1OME1WTTBkbFJTVDBacVRtYxAB,Farida Mustafa,5,,9 bulan lalu,5,5,5,Saoenk Cobek Perintis,Google Maps,2026-05-14 18:58:44
Ci9DQUlRQUNvZENodHljRjlvT2tOaWFsbGZWbTlXWlhjNWFqSkdTbGxHYlRKR2IwRRAB,irjaz,5,"Tempat makan ikan lesehan dengan pemandangan kolam ikan koi.tempat parkir luas
Pelayanan toppp terutama kak serly yang ramah dan murah senyum 🙂🙂🙂🙂
Mantuuulllll..",9 bulan lalu,4,5,5,Saoenk Cobek Perintis,Google Maps,2026-05-14 18:58:44
Ci9DQUlRQUNvZENodHljRjlvT2xCR1VtODJRVmQ0Wm1FM2JYRjJNalUxUWtsRFZGRRAB,Ita Puspita,5,"makanan enak
pelayanan bagus
terima kasih

pelayanan: Supriyadi",9 bulan lalu,,,,Saoenk Cobek Perintis,Google Maps,2026-05-14 18:58:44
Ci9DQUlRQUNvZENodHljRjlvT2toWFdVVkJjRFZwWTJSdlR6Ukxlamc1YWtaa1dWRRAB,Sarah Valeria Ivercinthya Saija,5,"Terimakasih untuk pelayanannya. Makanannya juga enak, sudah datang kesini kesekian kali",9 bulan lalu,,,,Saoenk Cobek Perintis,Google Maps,2026-05-14 18:58:44
Ci9DQUlRQUNvZENodHljRjlvT2tveGRuWmZkRFYwVjB4NldrMVlWbWd5VGxCc09XYxAB,Naila Qanitah,5,"enak makanannya, pelayanannya juga cepat dan suasananya enak. kakak waitersnya (kak fatur) juga ramah dan komunikatif 😊 memuaskan 💯",9 bulan lalu,5,5,5,Saoenk Cobek Perintis,Google Maps,2026-05-14 18:58:44
Ci9DQUlRQUNvZENodHljRjlvT25RNWRWUm9TamhDVjFkSlQxUllVbWN6YVdoaU0zYxAB,julinten iman,5,"Pelayanan bagus dan makanannya enak sekali😍🫡
-pelayanan dari karyawan baik sekali (an. Daniel)",9 bulan lalu,5,5,5,Saoenk Cobek Perintis,Google Maps,2026-05-14 18:58:44
Ci9DQUlRQUNvZENodHljRjlvT21aclRuUkpWR051UkhsM1IxbDJXR1l3YzI1cWJrRRAB,Faravita Go,5,"Pelayanan kk Danil bagus, cepat dan kami puas 🌟🌟🌟🌟🌟",9 bulan lalu,5,5,5,Saoenk Cobek Perintis,Google Maps,2026-05-14 18:59:04
Ci9DQUlRQUNvZENodHljRjlvT2xSWGEyeGhSVVYzYUd4MlJFdENSMlJWVFVWUmJsRRAB,Fatma Wati,5,,9 bulan lalu,5,5,5,Saoenk Cobek Perintis,Google Maps,2026-05-14 18:59:04
Ci9DQUlRQUNvZENodHljRjlvT21ReFJuaFlUR3RXTjFKTlNEUnZOV3N6VTJnNE9IYxAB,nunuxey,5,,9 bulan lalu,5,5,5,Saoenk Cobek Perintis,Google Maps,2026-05-14 18:59:04
Ci9DQUlRQUNvZENodHljRjlvT25sNVJXNVFXRTkwWldwM1lsbGZlVmRaVlhndE5rRRAB,Hanatasya Ahmad,5,"makanannya enak, layanan sangat baik dan yg atas nama danil yg layani saya sangat baik. suasanya pun bagus . ⭐️5 sih resto ini",9 bulan lalu,5,5,5,Saoenk Cobek Perintis,Google Maps,2026-05-14 18:59:04
Ci9DQUlRQUNvZENodHljRjlvT25kT1YzVkVaRGhWU3kxQ2JsbHlaR3BYT1c5T0xVRRAB,nuryani R.a.f,5,terimakasih untuk pelayanannya yang ramah kak fitri,9 bulan lalu,5,5,5,Saoenk Cobek Perintis,Google Maps,2026-05-14 18:59:04
Ci9DQUlRQUNvZENodHljRjlvT2s5RVkxQk1SVGR2VUhCUVpXcG1jMnhCUlZSdFZsRRAB,abdul rahman,5,Pelayanan atas nama nunu sangat ramah,9 bulan lalu,5,5,5,Saoenk Cobek Perintis,Google Maps,2026-05-14 18:59:04
Ci9DQUlRQUNvZENodHljRjlvT21zMFFUZGFNV0ZrTTBGbE1HRmFTMFYyWDNZelJFRRAB,FullCTRL_ID,5,,9 bulan lalu,4,4,4,Saoenk Cobek Perintis,Google Maps,2026-05-14 18:59:04
Ci9DQUlRQUNvZENodHljRjlvT2xOTk56Vm1abmxQTjB0T1dEQXdNWEV5TTJrNVRrRRAB,Zoelqhivly Dj,4,"Datang baik-baik, pulang keringetan dan bahagia 🤧🔥
Cobeknya enggak main-main!",9 bulan lalu,4,4,4,Saoenk Cobek Perintis,Google Maps,2026-05-14 18:59:04
Ci9DQUlRQUNvZENodHljRjlvT25rMWNuQnRjRTk0TTFCRU4wWktXakkzZVY4NExVRRAB,Dionisius Pangalinan (Dion Pangalinan),5,"Tempatnya nyaman dan sejuk, pelayanannya ramah oleh Supriadi",9 bulan lalu,5,5,5,Saoenk Cobek Perintis,Google Maps,2026-05-14 18:59:04
Ci9DQUlRQUNvZENodHljRjlvT21oeFdrTTFlRkJ4ZURacmJXazNRVUl4VlRseWNYYxAB,Amiratu Assadia,5,Sangat enak dan mengenyangkan... Pelayanannya juga cepat dan sangat ramah. Serly,9 bulan lalu,5,5,5,Saoenk Cobek Perintis,Google Maps,2026-05-14 18:59:04
Ci9DQUlRQUNvZENodHljRjlvT2pCVFVFOTVjWE4zTWs5MFptTkpZVUZYY2xJMGFXYxAB,Wiwin Paduli,5,Daniel dan vidia pelayanannya okelah...,9 bulan lalu,5,5,5,Saoenk Cobek Perintis,Google Maps,2026-05-14 19:08:46
Ci9DQUlRQUNvZENodHljRjlvT2tGcGFYWTRZVzlTTm5SRUxXNHlSV0ZpWDFGTlFtYxAB,hj.syawalong pp,3,"Ikan  nampan keras  dan masih mentah
Dari pelayanan daniel  bagus dan ramah",9 bulan lalu,3,5,4,Saoenk Cobek Perintis,Google Maps,2026-05-14 19:08:46
Ci9DQUlRQUNvZENodHljRjlvT25WQ2IyRnZXa0pFTkhodGNVYzJiM2xITFVoUmJFRRAB,A_004_Jordy Aloysius Randa,5,Tempat nya nyaman dan pelayanan jg ramah yaitu  daniel,9 bulan lalu,4,5,5,Saoenk Cobek Perintis,Google Maps,2026-05-14 19:08:46
Ci9DQUlRQUNvZENodHljRjlvT2pVMU5EQlFhazVrVm5aclh6UlRUVkJOYzB4bmFtYxAB,Avrialdy Haeruddin,5,Dari segi pelayan sampai menu makanan bagus dan enak. Khusus kak supriadi terima kasih atas pelayanannya yang baik,9 bulan lalu,5,5,5,Saoenk Cobek Perintis,Google Maps,2026-05-14 19:08:46
Ci9DQUlRQUNvZENodHljRjlvT205NFkxOVVPV2hCWDBWMWNXNXhRMVJZT0hOc1ZYYxAB,jeff dario,5,"Terimakasih kak fitri untuk pelayanannya, sangat ramah dan baik",9 bulan lalu,4,5,5,Saoenk Cobek Perintis,Google Maps,2026-05-14 19:08:46
Ci9DQUlRQUNvZENodHljRjlvT2xGa1NtMVZZVXRFWDBsc1kzVk1Xa1JoYlUxR1NXYxAB,Bolank 93,5,"suasananya bagus, tenang,
pelayanannya baik banget
makanannya enak-enak

untuk waiters Ani terima kasih.....",9 bulan lalu,5,5,5,Saoenk Cobek Perintis,Google Maps,2026-05-14 19:08:46
Ci9DQUlRQUNvZENodHljRjlvT210R1RsSk5aMlZqWkhWcVl6VlNhbmt3V1RoalZFRRAB,Fulaela Zhra,5,"Pelayanan Danil sangat luar biasa, dan cepat makanan worth it dngn harganya, tempat nyaman",9 bulan lalu,5,5,5,Saoenk Cobek Perintis,Google Maps,2026-05-14 19:08:46
Ci9DQUlRQUNvZENodHljRjlvT214UFpWZHphSEJFUlhkc1VqSkhTRGRWTW5GaVUwRRAB,Muhammad Syafrial,5,pelayanannya bagus makanan enak terutama kak ani hehe makasih kak ani🫰🏻🫰🏻,9 bulan lalu,5,5,5,Saoenk Cobek Perintis,Google Maps,2026-05-14 19:08:46
Ci9DQUlRQUNvZENodHljRjlvT25OTE1EQTVMVGhGU1VGcFgyZFBkMmhTYzBKeVRVRRAB,Usman Sailor,5,Enak dan tempat luas dan pelayanan cepat,9 bulan lalu,5,5,5,Saoenk Cobek Perintis,Google Maps,2026-05-14 19:08:46
Ci9DQUlRQUNvZENodHljRjlvT2pkdk1YaDBUa05NZERST1RrWjRiRGs0ZVZCQ1VYYxAB,Dedeh Yumi,5,"Makanan nya enak, suasana nya oke buat santai, pelayanan nya bagus dan mba sherlie nya yg anter makanan ke kita jg ramah dan sopan, ini rekomendasi banget bt makan bareng teman, pacar dan keluarga guys😍🥰",9 bulan lalu,5,5,5,Saoenk Cobek Perintis,Google Maps,2026-05-14 19:08:46
Ci9DQUlRQUNvZENodHljRjlvT2xOMFZVYzFXSGxFYm1wT01qZEZhM2xIUWkweFEyYxAB,KALVIN ADITHYA RAPANG,5,"Tempatnya nyaman, makanannya enak dan suasana nya cukup nyaman di temani oleh ikan koi yang cantik2. Untuk menu yg di rekomendasikan itu ada pada hidangan ikannya baik yang goreng maupun ikan bakar. Overall good. Siapkan recehan untuk kang parkir.",9 bulan lalu,5,5,4,Saoenk Cobek Perintis,Google Maps,2026-05-14 19:09:07
Ci9DQUlRQUNvZENodHljRjlvT2tKV2RrUmxWMnhYYzBRM1puTjFhalpSZFRKWlZYYxAB,Wati Sarmila,5,"Makanan enak
Pelayanan bagus
Serly",9 bulan lalu,5,5,5,Saoenk Cobek Perintis,Google Maps,2026-05-14 19:09:07
Ci9DQUlRQUNvZENodHljRjlvT21FeFNsUlJaMlpJVW1veWVFeHJTV2hrY0ZwQ1pXYxAB,Azhari Achmad,5,Cocok untuk acara keluarga. Terima kasih mba Fitri atas servicenya🫶,9 bulan lalu,5,5,5,Saoenk Cobek Perintis,Google Maps,2026-05-14 19:09:07
Ci9DQUlRQUNvZENodHljRjlvT21SUVgwTlhaR0Z3Vm01NVdtWkZkR05WU1ZsbmNVRRAB,Aswin Khaerul Awal,5,Enak tawwa.,9 bulan lalu,5,5,5,Saoenk Cobek Perintis,Google Maps,2026-05-14 19:09:07
Ci9DQUlRQUNvZENodHljRjlvT2pGaFlVTXpWbTlyY2xKeWJHWkpOWGg0WTBwdGFHYxAB,Rosalina Sapan,5,"Mantap, pelayanan cepat menu OK",9 bulan lalu,,,,Saoenk Cobek Perintis,Google Maps,2026-05-14 19:09:07
Ci9DQUlRQUNvZENodHljRjlvT2tKdlIyTlZSMVY2Y2xKRWQxUlBUMVF5ZGkxd05uYxAB,Nadila Citra Ashari,5,sangat bagus tempat dan makanannya.. pelayan waiter mas fatur juga baik 👌 sekali …,9 bulan lalu,,,,Saoenk Cobek Perintis,Google Maps,2026-05-14 19:09:07
Ci9DQUlRQUNvZENodHljRjlvT2pjd1QzWm5Ua3cwVEVwcU1ucHZTMnhJV25OS1IxRRAB,Muh. Fahri Ramadhan,5,Makannya enak pelayanan bagus waiters atas nama fitri,9 bulan lalu,5,5,5,Saoenk Cobek Perintis,Google Maps,2026-05-14 19:09:07
Ci9DQUlRQUNvZENodHljRjlvT2s5VlRrOWFWSGxPYkVWRWVYUkNWR1l0VDFOWVVFRRAB,Marissa Susanni Angela,5,"Supriadi
Pelayanan baik
Makanan enak",9 bulan lalu,5,5,5,Saoenk Cobek Perintis,Google Maps,2026-05-14 19:09:07
Ci9DQUlRQUNvZENodHljRjlvT2psd2NIZHNiVkZYU1ZrNGVqVjRYMmxSZW5RNVNHYxAB,farid addin,5,"Pelayannya cepat, makanan ya juga enak enak.
Terima kasih kak sherly dan pelayanan yg lain atas layanan ya.",9 bulan lalu,5,5,5,Saoenk Cobek Perintis,Google Maps,2026-05-14 19:09:07
Ci9DQUlRQUNvZENodHljRjlvT2tKU1JITlpRV3RqZEZoZlpURnZWMmxXU1VWbWFVRRAB,Ahmad Emil,5,Kesan baik pegawai atas nma daniell,9 bulan lalu,5,5,5,Saoenk Cobek Perintis,Google Maps,2026-05-14 19:09:07
Ci9DQUlRQUNvZENodHljRjlvT2poUlNEVmpURlJOYkc5Wk4wdHRhVUpPYm05RVNVRRAB,Muliati Syarif,4,,9 bulan lalu,4,4,4,Saoenk Cobek Perintis,Google Maps,2026-05-14 19:09:27
Ci9DQUlRQUNvZENodHljRjlvT2pWSFdWcHVjVmszTm10M1lubGlYMnhxVmt4eVRYYxAB,erni abubakar,5,"Pelayanannya baik, saat pertama duduk dilayani dengan baik oleh Bu Fitri, pesanan yang datang juga cepat dan enak mkanannya..rekomended apalagi suasana dan tempatnya bagus",9 bulan lalu,5,5,5,Saoenk Cobek Perintis,Google Maps,2026-05-14 19:09:27
Ci9DQUlRQUNvZENodHljRjlvT2pCZmVsOUpUMEZ3ZW5sWmRIaFZTVmx5UjBGQmFYYxAB,Putri Yunisa,5,Untuk kak ani pelayanan nya ramah dan cepat,9 bulan lalu,5,5,5,Saoenk Cobek Perintis,Google Maps,2026-05-14 19:09:27
Ci9DQUlRQUNvZENodHljRjlvT2xsUFVXSkNUVEJGVTFWaGQzVm1VMkUxWTBkM0xXYxAB,Aurelya putri,4,"Tmptnya bagus, overal enak sih cmn kurang pedes aja

-Serly",9 bulan lalu,,,,Saoenk Cobek Perintis,Google Maps,2026-05-14 19:09:27
Ci9DQUlRQUNvZENodHljRjlvT2taUFVsQTRNRFJ4V2tkTlYzbGpRVVZpVTIxSk1FRRAB,Uny Wahyuni,5,Layanan dan tempatnya nyaman bersama keluarga,9 bulan lalu,5,5,4,Saoenk Cobek Perintis,Google Maps,2026-05-14 19:09:27
Ci9DQUlRQUNvZENodHljRjlvT2twVVRUVndUREJqU2s5U2FXNWhRMHhmVlVneVgxRRAB,TRI AGUNG,5,Plyan supriadi sngat mntap👍🏻,9 bulan lalu,5,5,5,Saoenk Cobek Perintis,Google Maps,2026-05-14 19:09:27
Ci9DQUlRQUNvZENodHljRjlvT21sMlpURjRVVUZsVjFKemFrZGZjWEJoZUZSNWFFRRAB,Amina Syahwan,4,,9 bulan lalu,4,4,4,Saoenk Cobek Perintis,Google Maps,2026-05-14 19:09:27
Ci9DQUlRQUNvZENodHljRjlvT2pkVlVqTXRiMFp3VVRBNFZuWm9keTExYlVKc1FsRRAB,Queen,5,Terimakasih buat kak Supriadi,9 bulan lalu,5,5,5,Saoenk Cobek Perintis,Google Maps,2026-05-14 19:09:27
Ci9DQUlRQUNvZENodHljRjlvT2tNelZHcHlVVTVmVEhocU5UQjFja1ZHTURsR1FtYxAB,Angga rahma,1,,9 bulan lalu,1,5,5,Saoenk Cobek Perintis,Google Maps,2026-05-14 19:09:27
Ci9DQUlRQUNvZENodHljRjlvT21kb1VtbDFXR1ZOT0dkc2RtMW1NREpEZG5ONFQwRRAB,Hijau Merah,5,"Makanan nya enak, pelayan nya juga gesit dan murah senyum. Terimakasih buat kak fatur atas pelayanan nya",9 bulan lalu,5,5,5,Saoenk Cobek Perintis,Google Maps,2026-05-14 19:09:27
Ci9DQUlRQUNvZENodHljRjlvT2xOYVYyVnBUMFZDTkZSa05reFRPSEl0Ylhoc1pWRRAB,aldo Simanjuntak,4,,9 bulan lalu,3,3,3,Saoenk Cobek Perintis,Google Maps,2026-05-14 19:09:48
Ci9DQUlRQUNvZENodHljRjlvT21OblRETXdjMHBqVkZsemNFcGllVE5LTWs5R04zYxAB,Tanwir Suaebu,5,Makanan enak dan ramah pelayanannya : Danil xan Anik,9 bulan lalu,,,,Saoenk Cobek Perintis,Google Maps,2026-05-14 19:09:48
Ci9DQUlRQUNvZENodHljRjlvT25WR2JYcElibGROYUdWbVRIVnJibFJhVkU0M1RYYxAB,Rini Agastra,5,,9 bulan lalu,,,,Saoenk Cobek Perintis,Google Maps,2026-05-14 19:09:48
Ci9DQUlRQUNvZENodHljRjlvT25CQ2RHMUJOMUYwUVhsaFRHUXdRWGx2T0hoclRtYxAB,lyra_homestore,4,"Thank Daniel service nya mantep
Makanan enak, suasana tenang",9 bulan lalu,4,4,4,Saoenk Cobek Perintis,Google Maps,2026-05-14 19:09:48
Ci9DQUlRQUNvZENodHljRjlvT2xjNVpqQmZiWGhmZW1sbFpYUlpkVFY1TjNsV2RVRRAB,R R,5,"makanannya enak, suasana nyaman apalagi ada kolam ikannya.. mba ani waitressnya ramah dan helpful..👌",10 bulan lalu,5,5,5,Saoenk Cobek Perintis,Google Maps,2026-05-14 19:09:48
Ci9DQUlRQUNvZENodHljRjlvT2xWQmFuRmliVFJwVFhKM1NYRlRaazVDU0U0elMzYxAB,Udin momo,5,Serli pelayanan nya bagus,10 bulan lalu,5,5,5,Saoenk Cobek Perintis,Google Maps,2026-05-14 19:09:48
Ci9DQUlRQUNvZENodHljRjlvT2pCQlZFTXdTekZxVjI5M2JHaGxRVEJqVGpsWU1IYxAB,Ira ha,5,,10 bulan lalu,5,5,5,Saoenk Cobek Perintis,Google Maps,2026-05-14 19:09:48
Ci9DQUlRQUNvZENodHljRjlvT2pSeWRscHVabTB5V0VrNU5ISXlZVGd5TTAxb2NHYxAB,Dwi Ariesta,5,Pelayanan Supriadi dkk 👍🏻,10 bulan lalu,5,5,4,Saoenk Cobek Perintis,Google Maps,2026-05-14 19:09:48
Ci9DQUlRQUNvZENodHljRjlvT2poSU5XRlpXSFJaYTA1a01XWTVVVmRxTW5ONGMzYxAB,Dewi Safitri,5,"terimakasih untuk kak ani yang sudah melayani dengan sangat baik dan ramah, untuk tempatnya sangat nyaman. makanannya juga best enak.",10 bulan lalu,5,5,5,Saoenk Cobek Perintis,Google Maps,2026-05-14 19:09:48
Ci9DQUlRQUNvZENodHljRjlvT2pOdWRrZENWbk40ZGxSS2FqWkphVkYzU0VoclRXYxAB,Fauziyana Mustwn,5,cocok skli buatt makannn rameann,10 bulan lalu,5,5,5,Saoenk Cobek Perintis,Google Maps,2026-05-14 19:09:48
Ci9DQUlRQUNvZENodHljRjlvT21ocWNtTlNTbFpsVjBwQlNXZE1iSFZ5Ylc5RWExRRAB,Aisyah Mahdiyah,5,"Pelayan sherli bagus, makanan juga enak",10 bulan lalu,5,5,5,Saoenk Cobek Perintis,Google Maps,2026-05-14 19:10:09
Ci9DQUlRQUNvZENodHljRjlvT2pGS1NITjFPV0pVTWtORlowUTBaRFZhYlU1eU9XYxAB,Siti Ridiah,5,"Tempatnya enak makanx juga enak” alhamdulillah
Pelayanx anda ani baik rdan ramah",10 bulan lalu,5,5,5,Saoenk Cobek Perintis,Google Maps,2026-05-14 19:10:09
Ci9DQUlRQUNvZENodHljRjlvT25kWmRuQlFiblJSYm1abWMwVlFTVmt5ZWpka2JsRRAB,yunita vika,5,"Suka dengan tempat makan ini, dengan konsep saung sperti di sawah pdhl lokasinya di tengah kota makassar.
Terima kasih atas pelayanannya Daniel",10 bulan lalu,3,5,5,Saoenk Cobek Perintis,Google Maps,2026-05-14 19:10:09
Ci9DQUlRQUNvZENodHljRjlvT2tob2VqWkJWRlZsT0ZaVmFWZERhbmRIYzJaR1FXYxAB,Nurhaedah Majid,5,"Makanannya enak, pelayanan nak fitri ramah",10 bulan lalu,5,5,5,Saoenk Cobek Perintis,Google Maps,2026-05-14 19:10:09
Ci9DQUlRQUNvZENodHljRjlvT2xob01rbG1ja0ZYU21WYWRGSlRkamRMU1doMllYYxAB,Chassya Jolensia,5,Makanannya wuenakk polll pelayanannya baik kak fitri namanyaa😍vibesnya family friendly banget❤️,10 bulan lalu,5,5,5,Saoenk Cobek Perintis,Google Maps,2026-05-14 19:10:09
Ci9DQUlRQUNvZENodHljRjlvT25SSVEzZFFOV3hHTTNaRVprUjBNWEpuVnpCMmRIYxAB,Nurlaela Haris,5,"Tempatnya nyaman, pelayanan atas nama putra sangat Ramah, makanan Enakk dan tidak menunggu lama, sangat rekomendasi makan bersama keluarga",10 bulan lalu,5,5,5,Saoenk Cobek Perintis,Google Maps,2026-05-14 19:10:09
Ci9DQUlRQUNvZENodHljRjlvT21aRVJFMUZOM1pCVDNkSVVUQTJWR0p3Y1RoUlYxRRAB,Fifin Syaman,5,Suasananya nyaman.. pelayanan Ani bgs pelayanannya dan penuh senyum,10 bulan lalu,5,5,5,Saoenk Cobek Perintis,Google Maps,2026-05-14 19:10:09
Ci9DQUlRQUNvZENodHljRjlvT2tjeVREVlFUak5WWmpCVGRVUTFZMEZIZUhoNldGRRAB,Rahmi Jaya,5,"Makanan nya enak suasanya bgus
Pelayanannya baik apa lagi dengan kak daniel baik banget.👍",10 bulan lalu,5,5,5,Saoenk Cobek Perintis,Google Maps,2026-05-14 19:10:09
Ci9DQUlRQUNvZENodHljRjlvT2pOUlJWOTJOVkowWjE5UGEwSlZNRXhJUzBGc2MxRRAB,dunia anak,5,"Pelayanannya sangat bagus
Makanannya juga enak
Terimakasih buat wt danial",10 bulan lalu,5,5,5,Saoenk Cobek Perintis,Google Maps,2026-05-14 19:10:09
Ci9DQUlRQUNvZENodHljRjlvT2pJNE4zVkZXbUZ1WkhkQmNrOW5VR2M1UW5ob1dYYxAB,Masni Zul,5,Daniel,10 bulan lalu,5,5,5,Saoenk Cobek Perintis,Google Maps,2026-05-14 19:10:09
Ci9DQUlRQUNvZENodHljRjlvT2psTWVUQjJVVTFLYm5CdFNuQmtRVTFVYTBJeVEzYxAB,Umar Mokhtar,5,"Makanan nya tersajikan dengan cepat.
Great",10 bulan lalu,5,5,5,Saoenk Cobek Perintis,Google Maps,2026-05-14 19:10:29
Ci9DQUlRQUNvZENodHljRjlvT21rMGFFZDBUSGc0UmpCd1VrcE9hSFJvVWtsMWVuYxAB,Afrida Fida,5,Pelayanan oke...serly pelayanannya oke,10 bulan lalu,5,5,5,Saoenk Cobek Perintis,Google Maps,2026-05-14 19:10:29
Ci9DQUlRQUNvZENodHljRjlvT2xaWlduRnBWelpHU1ZCTVFXMU9iMjVQV1dSMFJrRRAB,Tia Ummu Fathin,5,"Alhamdulillah singgah bareng bestie di Saoenk Cobek Perintis. Makanan enak, Pelayanan ok dan suasana nyaman, thanks buat waiter Fatur yang ramah.",10 bulan lalu,5,5,5,Saoenk Cobek Perintis,Google Maps,2026-05-14 19:10:29
Ci9DQUlRQUNvZENodHljRjlvT2tOMlgzVXdiMHR0ZDBsYUxYbHpOaTFPVUVkNmVGRRAB,Marliana Febrianti,5,"Pelayanan bagus, pesanan makanan nya lumayan lama tpi masih worth it",10 bulan lalu,5,4,5,Saoenk Cobek Perintis,Google Maps,2026-05-14 19:10:29
Ci9DQUlRQUNvZENodHljRjlvT2twR1ZFVkNUR0k1VkZkMU5ERm1ZVzlvZEhGUmJFRRAB,Andi Zulfyana Sumang,5,,10 bulan lalu,5,5,4,Saoenk Cobek Perintis,Google Maps,2026-05-14 19:10:29
Ci9DQUlRQUNvZENodHljRjlvT21NMVN6TnRkRmgxV0RsVmFsUkRNekF6VlhGNFluYxAB,Hamzah Husain,5,Daniel.. Alhamdulillah pelayanan.dan makanan enak trima kasih,10 bulan lalu,5,5,5,Saoenk Cobek Perintis,Google Maps,2026-05-14 19:10:29
Ci9DQUlRQUNvZENodHljRjlvT2tkcFFuaEtSR0p1VVV4TVNUSXRkMEo0ZWs5dVQwRRAB,RIAL BAHAR,4,Suprradi pelayanan memuaskan,10 bulan lalu,5,5,5,Saoenk Cobek Perintis,Google Maps,2026-05-14 19:10:29
Ci9DQUlRQUNvZENodHljRjlvT2sxalFuZFNVa0p5YTBkM1RXZGllSGxyYTBSUVlYYxAB,Akka -,5,,10 bulan lalu,5,5,5,Saoenk Cobek Perintis,Google Maps,2026-05-14 19:10:29
Ci9DQUlRQUNvZENodHljRjlvT25KNmRuSkhSa3QzU0hwUVNHeFNkbGswUVZWdWFtYxAB,SYELO SAPUTRA,5,"Jujur, ke sini awalnya karena lapar. Tapi pulang-pulang bukan cuma kenyang, hati juga senang. Kak Fatur, waiternya, servisnya cepat banget. Belum sempat manggil, udah datang duluan 😆. Next ke sini lagi, semoga Kak Fatur masih jaga 😎🙌",10 bulan lalu,5,5,5,Saoenk Cobek Perintis,Google Maps,2026-05-14 19:10:29
Ci9DQUlRQUNvZENodHljRjlvT21VdFdtcHdNbWRYVWxoNVYwRnJTazlRTUZWaFZHYxAB,Emilia Syahdilah Hakim,5,pelayannya bintang lima ilyan ✨✨,10 bulan lalu,,,,Saoenk Cobek Perintis,Google Maps,2026-05-14 19:10:29
Ci9DQUlRQUNvZENodHljRjlvT2xwVFdXdHBOVUp3YzBFd1JIbzJNRGxMVWxaamMyYxAB,Artika Sari,5,"makanannya enk pelayanannya cepat
Serly",10 bulan lalu,5,5,5,Saoenk Cobek Perintis,Google Maps,2026-05-14 19:10:50
Ci9DQUlRQUNvZENodHljRjlvT25wNFRHNUlaRFUxVVVWR09GZElOMDF1Y1VnNVRVRRAB,???,5,"Tadi qt di layani kak daniel. Pelayanan ramah dan cepat. Untuk moment bersama keluarga, mantapppp t4nya.",10 bulan lalu,5,5,5,Saoenk Cobek Perintis,Google Maps,2026-05-14 19:10:50
Ci9DQUlRQUNvZENodHljRjlvT2tKeGMzVm1iMHBsTUdoTFVsVndlVFZoY0dkeWJuYxAB,dian Mardiana,5,"Pelayanannya baik, fasilitas dan mushollah nya nyaman",10 bulan lalu,4,5,5,Saoenk Cobek Perintis,Google Maps,2026-05-14 19:10:50
Ci9DQUlRQUNvZENodHljRjlvT25aRlZXZG5jMDlGUmxSaU9EbG9ZVEZmU0VsNFlsRRAB,Resty Riastiti,5,"Tempatnya menyenangkan, makanannya enak, pelayanan karyawan kak Daniel sgt membantu.",10 bulan lalu,5,5,5,Saoenk Cobek Perintis,Google Maps,2026-05-14 19:10:50
Ci9DQUlRQUNvZENodHljRjlvT2taWE0xcENSRkV4WmpVMmVYUnViVlpMWVdFNGFGRRAB,Cici Idris,5,Acara catering disini pelayanannya mantap daniel,10 bulan lalu,,,,Saoenk Cobek Perintis,Google Maps,2026-05-14 19:10:50
Ci9DQUlRQUNvZENodHljRjlvT2pkdVlWOUtVVWt5V1VWVlJub3RNVlUwVTBSM2RYYxAB,Adam Adam,4,"Tempatnya bgus bersih dan nyaman untk kmpul, dan mkanan nya ckup enak pelayan nya jg ramah terutama wt danil",10 bulan lalu,3,5,3,Saoenk Cobek Perintis,Google Maps,2026-05-14 19:10:50
Ci9DQUlRQUNvZENodHljRjlvT21kb05YWTNTV3hvVnprd1MwdzNWelZrZDJGRlNIYxAB,Sulvianty Sulvianty,5,,10 bulan lalu,5,5,5,Saoenk Cobek Perintis,Google Maps,2026-05-14 19:10:50
Ci9DQUlRQUNvZENodHljRjlvT2xSdU1EQm9kRjlxUTB0Zk9IbDFkWGR6YTIxc1lXYxAB,Muhammad Kurniawan,5,Terbaik,10 bulan lalu,5,5,5,Saoenk Cobek Perintis,Google Maps,2026-05-14 19:10:50
Ci9DQUlRQUNvZENodHljRjlvT25CdFVYRm9TSE5JWTFwRGJGVnBURGd6WVRaTFVYYxAB,Momogi Makassar 3,5,,10 bulan lalu,5,5,5,Saoenk Cobek Perintis,Google Maps,2026-05-14 19:10:50
Ci9DQUlRQUNvZENodHljRjlvT2xGQ04wNURNRVJpVVMwemVrYzJkMDB4VTFkbldHYxAB,riri andi,5,Makanan enak dan pelayanan mantap atas nama ilyan,10 bulan lalu,5,5,5,Saoenk Cobek Perintis,Google Maps,2026-05-14 19:10:50
Ci9DQUlRQUNvZENodHljRjlvT2pKMWVrY3pZMnBpVlZOTk9FNWpSVlJIV0VGUGVGRRAB,Fachri hs,5,"Pelayanan mantab, makanan enak",10 bulan lalu,,,,Saoenk Cobek Perintis,Google Maps,2026-05-14 19:11:10
Ci9DQUlRQUNvZENodHljRjlvT2tsb05qbFZiVWhvTUROWWVsYzVjRFowWjAxMVNVRRAB,yulius yunus,5,"Makanan dan pelayanan good.. 👍😊
By.. Alwin & Aziza..",10 bulan lalu,5,5,5,Saoenk Cobek Perintis,Google Maps,2026-05-14 19:11:10
Ci9DQUlRQUNvZENodHljRjlvT21WRk1HaHpibWhrVjA1RU1EWk5PR2xDWm5aNGJrRRAB,Nur Sakila,5,Danil,10 bulan lalu,3,5,5,Saoenk Cobek Perintis,Google Maps,2026-05-14 19:11:10
Ci9DQUlRQUNvZENodHljRjlvT210UFJuZFhURVJmVjJGMmMydDBWRWg1WDBKalEyYxAB,lastry Anis,5,Serli makannya enak” semua,10 bulan lalu,5,5,5,Saoenk Cobek Perintis,Google Maps,2026-05-14 19:11:10
Ci9DQUlRQUNvZENodHljRjlvT2xSU1IwSXpkV2xLTWpsQlFTMDVPSFJGTFdSQlVHYxAB,Rahmawati,5,"Pelayanannya bagus dan cepat
Nunu",10 bulan lalu,5,5,5,Saoenk Cobek Perintis,Google Maps,2026-05-14 19:11:10
Ci9DQUlRQUNvZENodHljRjlvT21aMWNucHdSRXgyWVdkZk5qQXhSa1kyYlhCM2ExRRAB,A. Miftahuljannah,5,"Pelayanannya gacor apalagi mas fatur keren banget, makasih bang👍🏼",10 bulan lalu,5,5,5,Saoenk Cobek Perintis,Google Maps,2026-05-14 19:11:10
Ci9DQUlRQUNvZENodHljRjlvT2tKMlgyMXFNRFF6ZFhWdVNGbG5abWRwZUZsd00wRRAB,fiee97,5,sangat baik dan ramah pelayanan oleh kak daniel 10000+++,10 bulan lalu,5,5,5,Saoenk Cobek Perintis,Google Maps,2026-05-14 19:11:10
Ci9DQUlRQUNvZENodHljRjlvT2pKUWF6SjNaMmMxUWxaWmVXNXlaR3h2ZUdaU1RVRRAB,Ilviani Rasyid,5,Danil,10 bulan lalu,5,5,5,Saoenk Cobek Perintis,Google Maps,2026-05-14 19:11:10
Ci9DQUlRQUNvZENodHljRjlvT2kxVU0weFpWWFpQVTJGcVowVmFhbTE1YVdaQ04yYxAB,Zein Sri,5,Terimakasih pak Supriyadi,10 bulan lalu,5,5,5,Saoenk Cobek Perintis,Google Maps,2026-05-14 19:11:10
Ci9DQUlRQUNvZENodHljRjlvT2xSUE5FZE5Wa2xuYW1oWVIxVndNa3RQYjJ4MGJXYxAB,Noviyani Dali,5,Makanan sangat tdk enak asin dan perdekel dan ayam pedas manis dan ikan fillet tdk enak.pelayanan nya sama ilyan,10 bulan lalu,1,5,3,Saoenk Cobek Perintis,Google Maps,2026-05-14 19:11:10
Ci9DQUlRQUNvZENodHljRjlvT2xCUVN6WlJWRVJGZG14V05uUTBMVnB6U2xGVWFXYxAB,Nilma Wati,5,"Supriadi pelayanannya baik, ramah, cepat, makanannya enak👍",10 bulan lalu,5,5,5,Saoenk Cobek Perintis,Google Maps,2026-05-14 19:11:31
Ci9DQUlRQUNvZENodHljRjlvT2xoWE5VcE5lRTFoUTBJeWQzQktUVXg0TkVGWWRIYxAB,Muh Adnan,5,"Suasana bagus, makanannya juga enak"" palayananya jg ramah makasih mas Dani🙏ditambah ada kolam ikanx anak"" suka",10 bulan lalu,5,5,5,Saoenk Cobek Perintis,Google Maps,2026-05-14 19:11:31
Ci9DQUlRQUNvZENodHljRjlvT21ZMmFWRnlSRFpvYm5aQ01WRnBMWEp1Ums1SVdYYxAB,Rafael Moling,5,Tempatx nyaman pelayannya ramah namax supriadi,10 bulan lalu,,,,Saoenk Cobek Perintis,Google Maps,2026-05-14 19:11:31
Ci9DQUlRQUNvZENodHljRjlvT2tkRlZXTldaUzFEV0dGd1dGWXpSMWxpWWs4MVptYxAB,Muh abdillah Al mizan,5,Sherly pelayanan nya bagus makanan nya enak enak,10 bulan lalu,5,5,5,Saoenk Cobek Perintis,Google Maps,2026-05-14 19:11:31
Ci9DQUlRQUNvZENodHljRjlvT2tKRFQyWkdXRzB6TTBaNFpGVndTM2hSVFVKNVVFRRAB,Amira Nur Khalifah,5,"suasananya enak banget, makanan enak, pelayanan juga ramah pol, konsumen nanya2 menu juga dijabanin dan waiter tidak menunjukkan perubahan raut wajah, btw td saya di serve sm kak ani. terima kasih saoenk cobek untuk kesannya",10 bulan lalu,5,5,5,Saoenk Cobek Perintis,Google Maps,2026-05-14 19:11:31
Ci9DQUlRQUNvZENodHljRjlvT2poRVgzYzRUMkZLVjFOelEwbExkbG93TFRCMlRuYxAB,Nuzul Syahru Ramadhan,5,Pelayanan ramah dan baik,10 bulan lalu,5,5,5,Saoenk Cobek Perintis,Google Maps,2026-05-14 19:11:31
Ci9DQUlRQUNvZENodHljRjlvT2xoclRtcEJNV2RzWVVORExYYzFielIyWW1kbGRIYxAB,Siti Alya Azzahra Hakim,5,"fatur

pelayanannya bagus dan gesit, makanannya juga enak”",10 bulan lalu,5,5,5,Saoenk Cobek Perintis,Google Maps,2026-05-14 19:11:31
Ci9DQUlRQUNvZENodHljRjlvT2t0WlRqZERUSGw1UldkeFVUVm9ZM3BOY25aM1kyYxAB,Kezia Pairunan,5,Supriadi pelayanan nya bagus dan untuk makanan nya enak semua,10 bulan lalu,5,5,5,Saoenk Cobek Perintis,Google Maps,2026-05-14 19:11:31
Ci9DQUlRQUNvZENodHljRjlvT20xS01WUkZXRFZ6WVhOVExVZ3lVemgzUzNkNFMzYxAB,Seha,5,Tempatnya oke bngt. Apa lgi yg layani kk Ilyan wajib sihh buat makn rame2,10 bulan lalu,5,5,5,Saoenk Cobek Perintis,Google Maps,2026-05-14 19:11:31
Ci9DQUlRQUNvZENodHljRjlvT21OR1VGazBWekZsVDFsWGFtSlRPRWRVVGxSemNHYxAB,Ff Burik,2,Ayam wijen nya berdarah 2 potong,10 bulan lalu,,,,Saoenk Cobek Perintis,Google Maps,2026-05-14 19:11:31
Ci9DQUlRQUNvZENodHljRjlvT25CVlYzUjVTekoyYzBwbVJYZDVTalZxWlRZM2MxRRAB,Andi Herawati,5,,10 bulan lalu,5,5,5,Saoenk Cobek Perintis,Google Maps,2026-05-14 19:11:51
Ci9DQUlRQUNvZENodHljRjlvT2pCV2JqWm5aVFk0Wm1GQ2NVeGFNSEYxUlc5YU1YYxAB,Patresia Batti,5,"Semua okkk, pelayanan sm kak daniel okkk",10 bulan lalu,,,,Saoenk Cobek Perintis,Google Maps,2026-05-14 19:11:51
Ci9DQUlRQUNvZENodHljRjlvT21keFRsVk5lVEkzYjJwTU1uSlRZbkIzWW01dlYzYxAB,Zunayra Nafeeza,5,Ambil paketannya lebih hemat. Tempatnyaa nyaman..pelayannya oke. Kak azizah yg layani kami baik sabar. Fast respon.  Hargaa sesuailah...,10 bulan lalu,5,5,5,Saoenk Cobek Perintis,Google Maps,2026-05-14 19:11:51
Ci9DQUlRQUNvZENodHljRjlvT2tGbk9XSm9aVEpMZEZaVVJuVktMVGhzYW5GUWNFRRAB,yessy aty,5,Pelayannya a.n. Daniel ramah dan sopan,10 bulan lalu,5,5,5,Saoenk Cobek Perintis,Google Maps,2026-05-14 19:11:51
Ci9DQUlRQUNvZENodHljRjlvT2tNd1NGZHVUMWxPYmtwbFlsOWtaSEJaYTJOcUxVRRAB,Ril Anwar,5,"Makanan enak suasana bagus ada mushollah toilet, bersih dan ramah anak",10 bulan lalu,5,5,5,Saoenk Cobek Perintis,Google Maps,2026-05-14 19:11:51
Ci9DQUlRQUNvZENodHljRjlvT21obFZURmFMWE10YkdVd1lsTkJaMDkzWldwdlNXYxAB,Suci indah Sari,5,"Pelayanan yg cepat dan ramah, makanan cepat datang, suasana hyaman dan adem enak untuk makan dan kumpul bersama keluarga, musholla juga tersedia kadi memudahkan untuk kita sholat",10 bulan lalu,5,5,5,Saoenk Cobek Perintis,Google Maps,2026-05-14 19:11:51
Ci9DQUlRQUNvZENodHljRjlvT25WSFZsa3laRFZxYzFRdExWTTJkRzF4TjBwdlNFRRAB,Nanang Candra,5,"Makanannya enak , pelayanan nya ramah.... Good job buat mbak Anik, tempatnya asri ada kolam koi nya ....",10 bulan lalu,5,5,5,Saoenk Cobek Perintis,Google Maps,2026-05-14 19:11:51
Ci9DQUlRQUNvZENodHljRjlvT2xGa1gxZHpWbUU1V0ZGU1oxTTBibmhWY1V0UkxVRRAB,sharen frida.p.,5,"Pelayanan waiters atas nama mbak Ani sudah sopan dan ramah. Makanannya juga enak, tenpatnya cocok untuk makan bersama keluarga.",10 bulan lalu,5,5,5,Saoenk Cobek Perintis,Google Maps,2026-05-14 19:11:51
Ci9DQUlRQUNvZENodHljRjlvT21vMVExSlVRMHRMY21sd2FUWnVWRk13V1hack1HYxAB,Andi Adelah,5,"Pelayanan ramah , menu disajikan selera nusantara, enak dan sangat rekomendasi",10 bulan lalu,5,5,5,Saoenk Cobek Perintis,Google Maps,2026-05-14 19:11:51
Ci9DQUlRQUNvZENodHljRjlvT2w5UFdUQlZSR3hRUkVSc2NsWndUMHBxZG1oRVNrRRAB,Almahira Almahira,5,"Tempatnya indah dan apik,,,ramah dalam pelayanan dan lokasi yang strategis 👍🏻👍🏻

pelayan:sherly",10 bulan lalu,5,5,5,Saoenk Cobek Perintis,Google Maps,2026-05-14 19:11:51
Ci9DQUlRQUNvZENodHljRjlvT201SWFIbElNRlprUjFObVl6Tk1ka3BMV2tOSU1VRRAB,Intan,5,"MasyaAllah sangat memuaskan pelayananx dan makananx mantap massapodda tdk diragukan lagi bestiii....

Ilian",10 bulan lalu,5,5,5,Saoenk Cobek Perintis,Google Maps,2026-05-14 19:12:12
Ci9DQUlRQUNvZENodHljRjlvT2xacFkzbFZiV1YyVlRoVFVuSm5VVjlGWVRKMmVYYxAB,Ahmad_ Physics,5,"Baru saja melakukan wedding di lokasi mulai dari akad sampai resepsi, makanan nya enak, pelayan nya ramah dan baik-baik, tempat nya nyaman dan estetik, banyak spot foto untuk mengabadikan momen pernikahan, pokok nya tidak nyesal pilih tempat ini

Bagi yang mw acara/rapat2 lokasi ini sangat rekomended",10 bulan lalu,5,5,5,Saoenk Cobek Perintis,Google Maps,2026-05-14 19:12:12
Ci9DQUlRQUNvZENodHljRjlvT21KSk5EZDBjVnBSTTNCR09IUnhXSGx5UkRCVFVtYxAB,Gerhana,5,"Tempatnya bagus,bersih dan nyaman dengan kolam ikan yg cukup besar,makanannya enak dan pelayanannya juga memuaskan",10 bulan lalu,5,5,5,Saoenk Cobek Perintis,Google Maps,2026-05-14 19:12:12
Ci9DQUlRQUNvZENodHljRjlvT2xJNE0wNTFSMXA1TVhsRmRrSnhYMGRCYjNWdUxXYxAB,Donna Patandianan,5,Pertahankan - Alwin,10 bulan lalu,5,5,5,Saoenk Cobek Perintis,Google Maps,2026-05-14 19:12:12
Ci9DQUlRQUNvZENodHljRjlvT2xObWJIcHdSRVV5T0hKWVFrTlBSMnh3TmxkR0xXYxAB,Taskia Auliya Alifah,5,"makanannya enak, pelayanannya baik",10 bulan lalu,5,5,5,Saoenk Cobek Perintis,Google Maps,2026-05-14 19:12:12
Ci9DQUlRQUNvZENodHljRjlvT21KbFYxZGZha3h0YWtOTlpYZE1hRGQwTURSeVMzYxAB,Muhlisa Firdayati,5,"Menunya enak-enak,pelayanannya juga ramah""👍",10 bulan lalu,5,5,5,Saoenk Cobek Perintis,Google Maps,2026-05-14 19:12:12
Ci9DQUlRQUNvZENodHljRjlvT21KVFl6TmhjbnBtWkVFelFWRmFWeTB4V1ZweFdXYxAB,yayasan asoka,5,"Tempat ini sangat kondusif buat acara makan bareng-bareng, makanannya juga enak jadinya nasi nambah terus! 🥰
Pelayanan diatas oleh kak sherli😘",10 bulan lalu,5,5,5,Saoenk Cobek Perintis,Google Maps,2026-05-14 19:12:12
Ci9DQUlRQUNvZENodHljRjlvT2paQlZFTmZTbU10WDFGNk5HSlVhVTFHTm0xRVFuYxAB,Darmawansyah Bandoe,5,"Alhamdulillah ada lagi tempat makan yg enak, nyaman, dan ramah di Makassar, terimakasih pelayanannya mas ilyan
Makan di saung cobek mantap",10 bulan lalu,5,5,5,Saoenk Cobek Perintis,Google Maps,2026-05-14 19:12:12
Ci9DQUlRQUNvZENodHljRjlvT2paRVdtZG1iekpxVFRkS1JUSXdkazlpWkVWdFpIYxAB,Riska Apriana,5,"Suasana nyaman, adem, dan makanan nikmat",10 bulan lalu,5,5,5,Saoenk Cobek Perintis,Google Maps,2026-05-14 19:12:12
Ci9DQUlRQUNvZENodHljRjlvT21SMVEzZEVVVVphY0VwWlpIaHJNR3g2U0hCd1JVRRAB,Anggerina Situmorang,5,Makanan enak suana adem,10 bulan lalu,5,5,5,Saoenk Cobek Perintis,Google Maps,2026-05-14 19:12:12
Ci9DQUlRQUNvZENodHljRjlvT2pWSFoxbG9aazgzY1U0MVVXUlpjRFZmTjJONWNHYxAB,SEMA Chanel,5,"Alhamdulillah tempat makan paling rekomended menu makanan enak2, tempat asyik untk makan sambil bersantai... Pelayanan baik ramah plusnya ada mushollah yg bersih dan luas🥰🥰🥰 …",10 bulan lalu,,,,Saoenk Cobek Perintis,Google Maps,2026-05-14 19:12:33
Ci9DQUlRQUNvZENodHljRjlvT20xVU1ESlBWa1IzVVRsVWRVUnNOa1Z4VVVSQ1RIYxAB,Endah Wulandari,5,Baik,10 bulan lalu,5,5,5,Saoenk Cobek Perintis,Google Maps,2026-05-14 19:12:33
Ci9DQUlRQUNvZENodHljRjlvT2xWUVIyb3paek5GWlhaSlZrWlpWMnAxWTFWaExWRRAB,vina vani,5,Tempatnya nyaman pelayanannya rama2 tq y mba shery,10 bulan lalu,5,5,5,Saoenk Cobek Perintis,Google Maps,2026-05-14 19:12:33
Ci9DQUlRQUNvZENodHljRjlvT2poZmVIVXlWVEpSUVVKM1dHcFNjbmN4V0hSV1RGRRAB,Lisnawati Christiani,5,"Rekomended, makanannya enak suasana malamnya estetik, tenang ada suara air cocok untuk makan bersama keluarga, ada banyak ikan koi juga di kolam anak2 pada suka",10 bulan lalu,5,5,5,Saoenk Cobek Perintis,Google Maps,2026-05-14 19:12:33
Ci9DQUlRQUNvZENodHljRjlvT2t4dlZtVk1YMU5mYjFKRWNXMXJMVmhGZEdGTmIxRRAB,Wardiman 20,5,"Alhamdulillah pelayanan ramah dan gercep, makanan nya juga enak dan fresh.

Terima kasih untuk pelayanannya terutama untuk kak Dani",10 bulan lalu,5,5,5,Saoenk Cobek Perintis,Google Maps,2026-05-14 19:12:33
Ci9DQUlRQUNvZENodHljRjlvT2tSRUxXaFhhRkJVU3pKNFN6UTBOMEpVYVUxVFIwRRAB,Indah Lestari,5,"Makanannya enak2, pelayanannya jg ramah.
Terima Kasih Ani atas pelayanannya",10 bulan lalu,5,5,5,Saoenk Cobek Perintis,Google Maps,2026-05-14 19:12:33
Ci9DQUlRQUNvZENodHljRjlvT2pWYWRrMW1OM2t6VkZRd2RrVjFVbVp0V2tkNlpIYxAB,Umamah,5,"Guuuud, niceee... adem.. sedemikian pelayanannya colek mba ani.. makasih",10 bulan lalu,5,5,5,Saoenk Cobek Perintis,Google Maps,2026-05-14 19:12:33
Ci9DQUlRQUNvZENodHljRjlvT25KSldISnpSRE5PVkZScVUxVjNUbTVNZFZwNWRrRRAB,Andi ijriani,5,Recomended terutama kepiting lada hitam.. Enaaak2 makanaanx InsyaAllah dtg lagi,10 bulan lalu,5,5,5,Saoenk Cobek Perintis,Google Maps,2026-05-14 19:12:33
Ci9DQUlRQUNvZENodHljRjlvT2tsck5EQlVRbGx1YUhoVGNrWk9Ra281TlVWUGVGRRAB,Arthur Reinhard Manatar Manurung,5,,10 bulan lalu,,,,Saoenk Cobek Perintis,Google Maps,2026-05-14 19:12:33
Ci9DQUlRQUNvZENodHljRjlvT2xjdE0zRlVUa0pJYzA1UFFubGxRbDlwYUVZdFIzYxAB,Putra Putra,5,"Tambah bagus tawwa pelayanannya, peka terhadap semua kebutuhan pelanggan.. Terimakasih pak alwin dan teamnya sudah mau direpotkan dengan segala kerempongan kami🙏",10 bulan lalu,5,5,5,Saoenk Cobek Perintis,Google Maps,2026-05-14 19:12:33
Ci9DQUlRQUNvZENodHljRjlvT21Wa09GZDJSV3BGWjFKelUxWkRiQzB3YlVwc1NHYxAB,Nur Athira,5,"Atas nama Fatur, alhamdulillah pengalaman pertama, pelayanannya lumayan cepat, suasana dan sajiannya enak, mudah-mudah bisa kesini lagi, klo bisa ada asbak 😁",10 bulan lalu,5,5,5,Saoenk Cobek Perintis,Google Maps,2026-05-14 19:12:53
Ci9DQUlRQUNvZENodHljRjlvT2pWQ1puSnhNRk5OT1RONFZEaHpVblpJY0VsNmVrRRAB,Nuraeni Anwar,5,Mantapp,10 bulan lalu,,,,Saoenk Cobek Perintis,Google Maps,2026-05-14 19:12:53
Ci9DQUlRQUNvZENodHljRjlvT2xWUFJWRkJXbUpRYW5GeFlqVkNkR0ZPTmpCSU5VRRAB,Fatqur Rohman,5,Tuan,10 bulan lalu,5,5,5,Saoenk Cobek Perintis,Google Maps,2026-05-14 19:12:53
Ci9DQUlRQUNvZENodHljRjlvT2tORmVsZGFRMUZXYnpjM1gxZG9TR1I1VmtnMlpXYxAB,yaya yayafett,5,"Terimakasih atas pelayanan nya, puas banget. Makanannya juga mantap dan enak. Tamu pun puas atas pelayanan dan makanannya. Terimakasih atas Alwin dan team",10 bulan lalu,5,5,5,Saoenk Cobek Perintis,Google Maps,2026-05-14 19:12:53
Ci9DQUlRQUNvZENodHljRjlvT21KcWVUVk5OMFZJYTBsa09UbElSSE5EYlZOdkxYYxAB,Nurfadhilah Wahid,5,Mantap pelayanannya.. makanannya juga enak2. Terima kasih karyawan atas nama ilyan yg melayani kami dengan tulus.,10 bulan lalu,5,5,5,Saoenk Cobek Perintis,Google Maps,2026-05-14 19:12:53
Ci9DQUlRQUNvZENodHljRjlvT200dFZWQXpWbTVPWWtGaVUyNXlSa1EyYXpsdU5tYxAB,Irma Muhita,5,"Makanannya enak, pelayanannya bagus dan ramah, tempatnya bagus dan bersih, pelayanan Ani bagus",10 bulan lalu,5,5,5,Saoenk Cobek Perintis,Google Maps,2026-05-14 19:12:53
Ci9DQUlRQUNvZENodHljRjlvT2pCbGVIaG1VRWwwUlZsQ2NXZFlXamR0VWpGcE1VRRAB,momsultanshofiyyah,5,"Pelayanan sgt ramah oleh kak daniel, fast respon. Makanannya jg sgt enak...next time ke sini lg bw family",10 bulan lalu,5,5,5,Saoenk Cobek Perintis,Google Maps,2026-05-14 19:12:53
Ci9DQUlRQUNvZENodHljRjlvT21WSU0wcHZPRzVIUlZVMWRFTklTMk5MVnpGdlIyYxAB,Triana Triana,5,alhamdulillah pelayanannya baik dan cepat...,10 bulan lalu,5,5,5,Saoenk Cobek Perintis,Google Maps,2026-05-14 19:12:53
Ci9DQUlRQUNvZENodHljRjlvT2xsSVdYTkhWM1YwUzNwMlprMWpSR2hwV0dsMVdYYxAB,Veli Hikmawati,5,"makanannya enak, pelayanannya juga best sih
pelayanannya oleh kak ani☆",10 bulan lalu,5,5,5,Saoenk Cobek Perintis,Google Maps,2026-05-14 19:12:53
Ci9DQUlRQUNvZENodHljRjlvT21KdWExQlRTek41VDJkdmJUZHFXVUkyU1hSMk9HYxAB,gaby rano,5,,10 bulan lalu,5,5,5,Saoenk Cobek Perintis,Google Maps,2026-05-14 19:12:53
Ci9DQUlRQUNvZENodHljRjlvT2pkdVVqbEZVbTl4UTJ0dlh6azVTa1YzU0hWRFltYxAB,Nur Rahmah Hasanuddin,5,Pelayanan nya bagus dan 0egawainya ramah dan helpfull. Makasih kk supriadi yg sdh layani table kami tadi 🙏. Good sercice,10 bulan lalu,5,5,5,Saoenk Cobek Perintis,Google Maps,2026-05-14 19:13:14
Ci9DQUlRQUNvZENodHljRjlvT25CdE1GQkdiVFJ4WTNOdGNrUkpTSG80TXpkeVJYYxAB,HIJRIANI SAFITRI,4,makanan nya enak dan pelayanan kak Fitri sangat sopan dan bagus,10 bulan lalu,,,,Saoenk Cobek Perintis,Google Maps,2026-05-14 19:13:14
Ci9DQUlRQUNvZENodHljRjlvT2pRMlRXVjROV1Z1YzBwTVkwOVZTMHN4VjNsVlRrRRAB,Jessica Sabrina,5,"Alhamdulillah senang bisa merasakan makan di tempat ini.
Rasa Makanannya enak, suasananya nyaman sekali, ditambah dengan bunyi air nya bkin damai. Mushollahnya bersih dan terpisah laki2-perempuan alhamdulillah.
Termasuk pelayanan pramusaji nya yg bernama Ani, ma syaa Allaah bagus dan ramah skali, pelayanannya gercep dan murah senyum.
Terima kasih pelayanannya yg luar biasa.",10 bulan lalu,5,5,5,Saoenk Cobek Perintis,Google Maps,2026-05-14 19:13:14
Ci9DQUlRQUNvZENodHljRjlvT2pKUGEybFNaVUZvV0dveWVrbEdhV3hVTnpGRWJrRRAB,Rhara Kusuma,5,"Makanan & pelayanan t’best & terutama unk mba ani, tetap senyum & ramah selalu yaa melayani cust 🫶🏼",10 bulan lalu,5,5,5,Saoenk Cobek Perintis,Google Maps,2026-05-14 19:13:14
Ci9DQUlRQUNvZENodHljRjlvT2pWbWJXbHdVazFRWTJKa2REWkhOMjVCVDNjdFdtYxAB,Kurnia Noesantara,5,"Pelayannya atas nama Ilyan sangat baik, ramah dan cepat juga.
Overall puas makan disini",10 bulan lalu,5,5,5,Saoenk Cobek Perintis,Google Maps,2026-05-14 19:13:14
Ci9DQUlRQUNvZENodHljRjlvT25Kd1dFaENkRWRPWDBGaU0wTTBjRlY0UlZKbFpIYxAB,Nurjannah Rivai N.A,5,"Danial, pelayanan bagus, tinggal kucing saja yang menggangu hehe",10 bulan lalu,5,5,,Saoenk Cobek Perintis,Google Maps,2026-05-14 19:13:14
Ci9DQUlRQUNvZENodHljRjlvT2pGMGEyUkdMVWx4ZVU1R2J6QkNSWEJuVVV4ck5YYxAB,Reskiani Kasim,5,"Makanan nya enak sambal cobeknya juga enak
Pelayanan nya juga bagus @alwin 🥰🥰",10 bulan lalu,5,5,5,Saoenk Cobek Perintis,Google Maps,2026-05-14 19:13:14
Ci9DQUlRQUNvZENodHljRjlvT2paVllteHFaekZEUTNSTVJXTTVlVFJHVTI1UVYxRRAB,muhammad fajrul islam,5,"pengalaman selama makan di warung ini, pelayan atas nama azizah memberikan pelayanan ramah dan murah senyum.",10 bulan lalu,5,5,5,Saoenk Cobek Perintis,Google Maps,2026-05-14 19:13:14
Ci9DQUlRQUNvZENodHljRjlvT213M1lrNUZkV2RHUkRseFdHNTRZamd0TmtWcFJtYxAB,Hanalia 1978,5,"Semuanya baik 'semua makanannya lezat 👍👍👍Enak sekali
Pelayanannya bagus, stafnya sangat ramah 🙏🙂, tidak sabar untuk kembali lagi, terima kasih untuk Alwin & tim 🙏🙏🙏😍😍😍😍",10 bulan lalu,5,5,5,Saoenk Cobek Perintis,Google Maps,2026-05-14 19:13:14
Ci9DQUlRQUNvZENodHljRjlvT2pSbFpYTnlka05LTXpWS2NqaFhNMlZHZERkSU5tYxAB,Farah Dhiyaa,5,cukup memuaskan,10 bulan lalu,5,5,5,Saoenk Cobek Perintis,Google Maps,2026-05-14 19:13:14
Ci9DQUlRQUNvZENodHljRjlvT2xFeU5XUldZaTEyVDNRNVl6WjVVR1JxWDNkM01sRRAB,anniversary,5,pelayanannya baik👍🏻 …,10 bulan lalu,,,,Saoenk Cobek Perintis,Google Maps,2026-05-14 19:13:35
Ci9DQUlRQUNvZENodHljRjlvT2xoUFJsRnpMVmRQVjFKTVdEWkROV3BOTWxkUWNWRRAB,Eka Martini,5,Alhamdulillaaah...makanannya enak dan sesuai di lidah dan pelayanan ade' ani ramah dan murah senyum banget. Recomended,10 bulan lalu,5,5,5,Saoenk Cobek Perintis,Google Maps,2026-05-14 19:13:35
Ci9DQUlRQUNvZENodHljRjlvT2xadWRIVmZhVXA0Y1VGcVZHWktkVE42Y214dU5GRRAB,besse pebrianti,5,"Makanannya enak,
Terima kasih pelayanan nya kak ani, bagus skli",10 bulan lalu,5,5,5,Saoenk Cobek Perintis,Google Maps,2026-05-14 19:13:35
Ci9DQUlRQUNvZENodHljRjlvT2tGWWNUbEdaVlUzUVRremNYWkZTMHd6ZGtOVlJHYxAB,hasni makassar,5,"Pelayanan mantap..

Alwin dan crew",10 bulan lalu,5,5,5,Saoenk Cobek Perintis,Google Maps,2026-05-14 19:13:35
Ci9DQUlRQUNvZENodHljRjlvT21SRGQwTnNjRkZKVUU5aGRXbEhSbHBrUWs5M1duYxAB,tasyah,5,Pengalaman terbaik dan layanan hebat dari Ilyan,10 bulan lalu,5,5,5,Saoenk Cobek Perintis,Google Maps,2026-05-14 19:13:35
Ci9DQUlRQUNvZENodHljRjlvT210a1UzSlRkR0k1TjBkRVdFcGFhMll6WTBWR2VXYxAB,Puguhwidya87@gmail.com Puguhwidya87,5,,10 bulan lalu,4,4,5,Saoenk Cobek Perintis,Google Maps,2026-05-14 19:13:35
Ci9DQUlRQUNvZENodHljRjlvT2psUVZrOVhNVTVRY1RkMk5sWlBWVGxDYjBWZlRVRRAB,Melani nhi,5,"Tempat makan yang nyaman, apalagi sama keluarga. Makan enak, tempatnya bersih, mushollah bersih, pelayanan sangat baik dan ramah ( serli dan erwin) ..",10 bulan lalu,5,5,5,Saoenk Cobek Perintis,Google Maps,2026-05-14 19:13:35
Ci9DQUlRQUNvZENodHljRjlvT21seU1VdENORlpSTmpSTmVtSTVPWEpJUnkxSlFtYxAB,Arii Garonk,5,Tempat bagus dan makanan enak,10 bulan lalu,5,5,5,Saoenk Cobek Perintis,Google Maps,2026-05-14 19:13:35
Ci9DQUlRQUNvZENodHljRjlvT2taZmJscFJUVE5CZVdSS1ZteFpNamxhU1dkRlRIYxAB,Butet 1959f,5,Daiel....mantap pelayananx,10 bulan lalu,5,5,5,Saoenk Cobek Perintis,Google Maps,2026-05-14 19:13:35
Ci9DQUlRQUNvZENodHljRjlvT2pjMWQzRnhkbXh3WTBSMGNtZzFVR1ZmVm1OQ1JFRRAB,Ujhie Mustamin,5,Pelayanan bernama Ilyan sangat ramah,10 bulan lalu,4,5,5,Saoenk Cobek Perintis,Google Maps,2026-05-14 19:13:35
Ci9DQUlRQUNvZENodHljRjlvT21kNWMxVmpVRkptY0V4dFRXSnZkMEptUVRCbGJYYxAB,Fikrah Hafizhah,2,"Kesini bareng keluarga bawa toddler 3 orang, pesan beberapa menu beberapa diantaranya sayur asem dan ikan kakap tepung, ikannya tdak fresh bahkan sudah sedikit berbau, sayur asamnya tidak matang (nangka nya masih kerass), saungnya tidak anak friendly apalagi klo anaknya aktif karena tidak ada pembatasnya, rawan banget jatuh ke kolam ikannya jdi harus ekstra dijagain klo mau makan d saungnya.",10 bulan lalu,2,4,4,Saoenk Cobek Perintis,Google Maps,2026-05-14 19:13:55
Ci9DQUlRQUNvZENodHljRjlvT2pkd1RVaGFUWGxwZFdOQmJYSnlNRkZyUzJ0emRsRRAB,Frans Damai Evlogia,5,Pelayanannya oke...dan tempatnya nyaman..cocok untuk keluarga yg senang menikmati makanan di tempat semi outdoor,10 bulan lalu,4,5,4,Saoenk Cobek Perintis,Google Maps,2026-05-14 19:13:55
Ci9DQUlRQUNvZENodHljRjlvT21jeGRtbFRNWE0wYkUxYVJHaGhkWGsxV21VNVpHYxAB,Refi Mentari,5,"makanannya enak-enak, pelayannya juga ramah dan tempatnya nyaman cocok untuk makan bersama keluarga",10 bulan lalu,5,5,5,Saoenk Cobek Perintis,Google Maps,2026-05-14 19:13:55
Ci9DQUlRQUNvZENodHljRjlvT21rNFNGZExRMnBEUkU5SlNFcEhjazFPUzJsM1RGRRAB,Sudirman Nganro,5,Masakannya enak,10 bulan lalu,5,5,5,Saoenk Cobek Perintis,Google Maps,2026-05-14 19:13:55
Ci9DQUlRQUNvZENodHljRjlvT2tkT2RreGhibTVTTW5CS2RpMUJVRGQzVmxkTldrRRAB,Toko Rama Kodam,5,"pelayanan baik, makan enak.
recomend buat makan keluarga

makasih buat mas ilyan",10 bulan lalu,5,5,5,Saoenk Cobek Perintis,Google Maps,2026-05-14 19:13:55
ChZDSUhNMG9nS0VJLWFxdXk1LTh6VENnEAE,Asmawiyah. AT,5,"Rumah makannya bagus
Makanannya juga enak
Terutama pelayannya mas ilyan ramah, sangat membantu. Thank you mas ilyan",10 bulan lalu,,,,Saoenk Cobek Perintis,Google Maps,2026-05-14 19:13:55
Ci9DQUlRQUNvZENodHljRjlvT21OR1NHc3dUVnAxUjA5NGRITkdaWHBqVDJGbllYYxAB,Mujahida,5,"Waiters putri ayu pelayanannya mantap, bagus, ramah,",10 bulan lalu,5,5,5,Saoenk Cobek Perintis,Google Maps,2026-05-14 19:13:55
ChdDSUhNMG9nS0VLU1YwT0xRN2QyS2hRRRAB,Diah Novita Andini,5,"dari segi makanan sangat enaak dan beberapa tamuku juga bilang enak makanannya

untuk layanan saya kebetulan pesan untuk acara mappetuada, kk lisa dan kk danil juga sangat fastrespon kalau di wa,  disana sangat bantu menginfokan terkait teknis dan pada saat hari H juga membantu dan gercep. dan untuk pak anto mekanik disana juga sangat gercep dan membantu setting dan saat pemutaran musicnya

suasana : adem krn full ac tamu tidak kepanasan, ruangannya luas, tempatnya bagus banyak untuk spot foto

terimakasih untuk saoenk cobek dan sukses terus yaah🙏🏻☺️",10 bulan lalu,5,5,5,Saoenk Cobek Perintis,Google Maps,2026-05-14 19:13:55
ChZDSUhNMG9nS0VQS3pxTFNzcjlHdkx3EAE,Rhirin M,5,"Makanannya enak

Dilayani oleh Alwin dan Team",11 bulan lalu,5,5,5,Saoenk Cobek Perintis,Google Maps,2026-05-14 19:13:55
Ci9DQUlRQUNvZENodHljRjlvT2kxSmMzSlFaVjlsYkZjemVYSkthSEJWZVRSQ1JYYxAB,Andi Nurfitriani,5,"terima kasih untuk saoenk cobek dengan pelayanan yang cepat, baik dan ramah untuk ilyan dan tim lainnya. di acara keluarga saya yang meriah bisa karaoke bareng keluarga!!!",11 bulan lalu,5,5,5,Saoenk Cobek Perintis,Google Maps,2026-05-14 19:13:55
ChZDSUhNMG9nS0VQS2JtNWJEMTRyVGRnEAE,Lenny Ridho Bela,5,Alwin dan timnya memberikan pelayanan terbaik 🔥🔥🔥,11 bulan lalu,5,5,5,Saoenk Cobek Perintis,Google Maps,2026-05-14 19:14:16
Ci9DQUlRQUNvZENodHljRjlvT2xCTmRtdEhWamxOZFRWdE5GcFNhRU10WkhGTWNuYxAB,Muh. Rifky Al - gifary,5,Mantapp pelayanannya,11 bulan lalu,,,,Saoenk Cobek Perintis,Google Maps,2026-05-14 19:14:16
ChdDSUhNMG9nS0VLcUptN1A1dF96TThRRRAB,yulia filia osak,4,"Jadi, jadi",11 bulan lalu,,,,Saoenk Cobek Perintis,Google Maps,2026-05-14 19:14:16
Ci9DQUlRQUNvZENodHljRjlvT2pSSWJXTkZUWEpZTlZsMk56aEVabVJTTjBWQlYzYxAB,Imah tulzohra,5,pelayanan dari kaka daniel sangat ramah👍,11 bulan lalu,5,5,5,Saoenk Cobek Perintis,Google Maps,2026-05-14 19:14:16
Ci9DQUlRQUNvZENodHljRjlvT25obGJVcGZaV2RuZVdZNVZuVnBWMW90Y2xCUVNYYxAB,Titol Puang,5,Terima kasih untuk mas ilyan atas pelayanan sangat ramah dan murah senyum,11 bulan lalu,5,5,5,Saoenk Cobek Perintis,Google Maps,2026-05-14 19:14:16
Ci9DQUlRQUNvZENodHljRjlvT2pOUWVsOUVObEF4VjFsdmJuUm5SSHA1WTFaMk5XYxAB,Nabilah Salsabila,5,"Pelayanan di restoran ini sangat memuaskan.  Kak Danul memberikan pelayanan yang ramah, dan selalu sigap dalam memenuhi kebutuhan kami dan memberikan rekomendasi menu yang sangat membantu.  Terima kasih atas pengalaman makan siang yang menyenangkan!",11 bulan lalu,5,5,5,Saoenk Cobek Perintis,Google Maps,2026-05-14 19:14:16
Ci9DQUlRQUNvZENodHljRjlvT2xoVldXSlBZbnBOTTNrMmQwaG1VemRTVEZnelZHYxAB,Zalsa Bila Putri,5,"Suasananya enak, pelayanannya bagus, makanannya enak dan worth it
*K' Ani",11 bulan lalu,5,5,5,Saoenk Cobek Perintis,Google Maps,2026-05-14 19:14:16
ChZDSUhNMG9nS0VPRzc3cVNmOWRMeWRnEAE,Reldi Utari,5,makanan enak,11 bulan lalu,5,5,5,Saoenk Cobek Perintis,Google Maps,2026-05-14 19:14:16
ChdDSUhNMG9nS0VKdmxqWkdYcklhbTJBRRAB,Sarti Tandipayuk,5,"Makanannya enak, tempatnya nyaman. Stafnya jg ramah. Makasih mbak Ani.",11 bulan lalu,5,5,5,Saoenk Cobek Perintis,Google Maps,2026-05-14 19:14:16
ChdDSUhNMG9nS0VKUHg1N3VBanBHZmhnRRAB,Ika Mustika,5,"Nd ad promo kartu. Kucing lalu lalang.
Ani mantap",11 bulan lalu,5,5,5,Saoenk Cobek Perintis,Google Maps,2026-05-14 19:14:16
ChdDSUhNMG9nS0VMYWI1OUstMmIyUWhRRRAB,SAMSUL ALAM,5,Pelayanan baik : ilyan,11 bulan lalu,,,,Saoenk Cobek Perintis,Google Maps,2026-05-14 19:14:37
ChRDSUhNMG9nS0VMLUF5cHlObjlZbhAB,Jumadil Sri,5,"Suasana ya mantap
Makanan ya enak² cocok dilidah🙂

Pelayanan ya Rama
#ani",11 bulan lalu,5,5,5,Saoenk Cobek Perintis,Google Maps,2026-05-14 19:14:37
Ci9DQUlRQUNvZENodHljRjlvT2w5NlRYbFVZbkp3Um5NM0xUQlhaMUF0VTNsbFlXYxAB,Hadija Umar,5,,11 bulan lalu,5,5,5,Saoenk Cobek Perintis,Google Maps,2026-05-14 19:14:37
ChdDSUhNMG9nS0VMbU84dm1ybExLc29BRRAB,Jesse Panjaitan,5,"Luar biasa pelayanannya, ramah, dan cepat. mantap pak supriyadi",11 bulan lalu,5,5,5,Saoenk Cobek Perintis,Google Maps,2026-05-14 19:14:37
ChdDSUhNMG9nS0VPQ0E5S2ZUdWVYdnB3RRAB,Regita cahyani putri,4,,11 bulan lalu,4,4,4,Saoenk Cobek Perintis,Google Maps,2026-05-14 19:14:37
ChZDSUhNMG9nS0VKQ1V6cTdheW9PTUdnEAE,aliqah zaimah,5,"enak tawwa makanannya
pelayanannya ilyan sangat baik dan ramah",11 bulan lalu,5,5,5,Saoenk Cobek Perintis,Google Maps,2026-05-14 19:14:37
ChZDSUhNMG9nS0VLUEtnYURqeG83MkxREAE,Fullo Bolong,5,Makanan enak enak & banyak pilihan lauk pauknya 👍👍👍👍👍,11 bulan lalu,5,5,5,Saoenk Cobek Perintis,Google Maps,2026-05-14 19:14:37
ChdDSUhNMG9nS0VLSEhxb2JGMGNmTF9nRRAB,Noureen Mikayla Raissa,5,"Makanannya mantap... Pelayannya ramah dan gercep... fasilitasnya lumayan lengkap, ada tempat cuci tangan di setiap saung dan ruang VIP, kamar mandinya bersih dan ada mushollah yang cukup besar...",11 bulan lalu,5,5,5,Saoenk Cobek Perintis,Google Maps,2026-05-14 19:14:37
ChdDSUhNMG9nS0VNX2ZrNzN4aTUtUnhRRRAB,Muhammad Ikhwan,5,"Pelayanannya bagus, makanannya enak..
Suasaa nya nyaman
Pelayannya atas nama ani",11 bulan lalu,,4,5,Saoenk Cobek Perintis,Google Maps,2026-05-14 19:14:37
ChZDSUhNMG9nS0VJYmJ1NXlhMllLbVl3EAE,sri hisnawati,5,Sambal bisa di tambah level pedasnya @fatur,11 bulan lalu,5,5,5,Saoenk Cobek Perintis,Google Maps,2026-05-14 19:14:37
ChZDSUhNMG9nS0VKU1h4Nl9JaW9lS0ZnEAE,Hj. Syarifah Nurlaelah,5,,11 bulan lalu,5,5,5,Saoenk Cobek Perintis,Google Maps,2026-05-14 19:14:57
ChdDSUhNMG9nS0VNMzVpcm1tNWFHWjhBRRAB,Muh. Islam Alwi,5,Tempat yang bagus untuk makan siang bersama keluarga. Pelayanannya luar biasa dari Mas Supriadi.,11 bulan lalu,5,5,5,Saoenk Cobek Perintis,Google Maps,2026-05-14 19:14:57
ChdDSUhNMG9nS0VNeV90dnFlamJPQTd3RRAB,Barliang Tosema,5,"Makanan sesuai pesanan dan hasil memuaskan pokoknya puas deh,kesini maki  depan Livin plaza informa",11 bulan lalu,5,5,5,Saoenk Cobek Perintis,Google Maps,2026-05-14 19:14:57
ChZDSUhNMG9nS0VPLTZ0WmFUczh6SllBEAE,Risma Risma,5,"Ilyan
makanannya enak semua",11 bulan lalu,5,5,5,Saoenk Cobek Perintis,Google Maps,2026-05-14 19:14:57
ChZDSUhNMG9nS0VMWE5wb25WNTViT1ZREAE,nur aini,5,Terimakasih,11 bulan lalu,5,5,5,Saoenk Cobek Perintis,Google Maps,2026-05-14 19:14:57
ChZDSUhNMG9nS0VJcnhvZUxnbTVINVdBEAE,Aisyah Angraeni,5,,11 bulan lalu,,,,Saoenk Cobek Perintis,Google Maps,2026-05-14 19:14:57
ChdDSUhNMG9nS0VQWHZ4OURvcXBEWmd3RRAB,Udi 19,5,"makanannya enak, terimakasih sudah memberikan pelayanan yang baik kak nunu",11 bulan lalu,5,5,5,Saoenk Cobek Perintis,Google Maps,2026-05-14 19:14:57
ChdDSUhNMG9nS0VQZTV0SjNzX2NfTmxBRRAB,Rafardan Hafidzuan,5,"Menyenangkan, dan bisa di sampaikan ke keluarga yang lain",11 bulan lalu,5,5,5,Saoenk Cobek Perintis,Google Maps,2026-05-14 19:14:57
ChdDSUhNMG9nS0VKREUtOUxRMklXcjB3RRAB,Christabel Brylea Tumbo,5,"Tempat nyaman, Makanan enak Paling favorite baby buncis telor asin dan ikan bakar, pelayanan Ani oke super ramah.",11 bulan lalu,5,5,5,Saoenk Cobek Perintis,Google Maps,2026-05-14 19:14:57
ChdDSUhNMG9nS0VQbjF2T3JHeTVqa3lRRRAB,Yunopia Rambung,5,"Rasa syukur d layani dengan baik
Makanan enan
Pelayanan cepat
Pokox bisa sambil santai
Mksh.  Serli   pelayanx
Semoga semakin sukses. Saoenk cobek",11 bulan lalu,5,5,5,Saoenk Cobek Perintis,Google Maps,2026-05-14 19:14:57
ChdDSUhNMG9nS0VLWEdnSVhjMDRPOGtBRRAB,Septian Tangke Pongtasik,1,"Makanan x. Enak
Pelayanan. Ramah
Bisa sambil nyanyi
Parkiran luas
Layanan makanan cepat
Pelayan. Atas nm. Ilyam",11 bulan lalu,5,5,5,Saoenk Cobek Perintis,Google Maps,2026-05-14 19:15:18
ChdDSUhNMG9nS0VMYk5tNmo1bHUydXNRRRAB,Arnhy Yanti,5,"MasyaAllah luar biasa pelayanan dan makanan nya saung cobek, Alhamdulillah manager nya ibu caya terjun langsung melayani wedding adik kami pada hari minggu tgl 25 Mei 2025,makananya semua enak, harga nya sangat terjangkau,tempat nya sangat reccomwnded untuk acara family jadi yang mau rencana wedding kesaunk cobek perintis mki, dijamin puaski dengan semua pelayanan dan makanannya🥰🥰🥰",11 bulan lalu,5,5,5,Saoenk Cobek Perintis,Google Maps,2026-05-14 19:15:18
ChZDSUhNMG9nS0VJRDh3WVNSM3ZLTEVREAE,Edy Putrakarya,5,"pelayanan sangat baik
sering datang mkn d sini.
pelayanan.ramah.murah senyum
mksh pelan.. ani.",11 bulan lalu,5,5,5,Saoenk Cobek Perintis,Google Maps,2026-05-14 19:15:18
ChZDSUhNMG9nS0VKcXdqTDNEbTgtclJREAE,Fitri Munadiyah,5,"Pelayananx bagus.ramah.makanax enak .
Menegerx ramah sekali
Mutuh makann bagus
Puas deee
Kalau arisan d sini",11 bulan lalu,5,5,5,Saoenk Cobek Perintis,Google Maps,2026-05-14 19:15:18
ChZDSUhNMG9nS0VNcnltNXlTcTd1aFdREAE,Rahma Wati,5,"Pelayanan cepat
Makanan enak
Mutuh makanan enak
Pelayanan ramah .. kerjsama bagus .
Mksh  fatur ..",11 bulan lalu,,,,Saoenk Cobek Perintis,Google Maps,2026-05-14 19:15:18
ChdDSUhNMG9nS0VNaWtuTi0yNU1maGtBRRAB,Agus Dwi Safti,5,Makanannya enak pelayanannya ramah a.n ilyan,11 bulan lalu,4,4,4,Saoenk Cobek Perintis,Google Maps,2026-05-14 19:15:18
ChdDSUhNMG9nS0VKMnAtTnZwb01UczhRRRAB,Wulan Dari,5,"pelayanan cepat.
mutuh  makanan variatif
ppelayanan luar biasa
ramah .murah senyum
kami kami bdr UIM   tamu kemntrian

mksh   serli",11 bulan lalu,5,5,5,Saoenk Cobek Perintis,Google Maps,2026-05-14 19:15:18
ChdDSUhNMG9nS0VQcjhqby0tM0tLQWlRRRAB,Mihra Mihra,1,Bagus dan memuaskan,11 bulan lalu,4,5,4,Saoenk Cobek Perintis,Google Maps,2026-05-14 19:15:18
ChZDSUhNMG9nS0VLV21yLURGNC1HZmJnEAE,Reski Murni,5,"pelaayana bagus   ramah
kecepatan makana tepat waktuk   ‘kami atas nm castamer merasa puas sekali parkiran luas mksh. hera.  yg melayani kami.  semoga saoenk cobek semakin sukses. rekomeded semuax menuc.   mksh hera",11 bulan lalu,5,5,5,Saoenk Cobek Perintis,Google Maps,2026-05-14 19:15:18
ChdDSUhNMG9nS0VQR1dyWXZXbDh2RTZRRRAB,Fitriani Edios,5,"Mutuh mkanana
Bagus
Umu
Udang
Semuax enak
Pelayaman.cepat dan tftdk lm  meunggu
Semoga tambah maju .mksh pelayanan  azizah
Bu caya",11 bulan lalu,,,5,Saoenk Cobek Perintis,Google Maps,2026-05-14 19:15:18
ChZDSUhNMG9nS0VPSGN6ZGJfXy02V1pBEAE,Vivi Nurafni,5,,11 bulan lalu,5,5,5,Saoenk Cobek Perintis,Google Maps,2026-05-14 19:15:39
ChZDSUhNMG9nS0VJTF9xYkxldzhMbEx3EAE,febri angraeni,5,,11 bulan lalu,5,5,,Saoenk Cobek Perintis,Google Maps,2026-05-14 19:15:39
ChZDSUhNMG9nS0VNV0ZzSTZ4XzRtdlZnEAE,Thina Tna,5,Supriadi (pelayanan ramah),11 bulan lalu,4,5,5,Saoenk Cobek Perintis,Google Maps,2026-05-14 19:15:39
ChdDSUhNMG9nS0VKYkxpS0MyNk9YTml3RRAB,Dra. Sufiani,5,,11 bulan lalu,,,,Saoenk Cobek Perintis,Google Maps,2026-05-14 19:15:39
ChdDSUhNMG9nS0VKMjNoNkRncjVYTG5RRRAB,rialfi rialfi,5,,11 bulan lalu,5,5,5,Saoenk Cobek Perintis,Google Maps,2026-05-14 19:15:39
ChdDSUhNMG9nS0VLbTE1NEtPZ09TYXJnRRAB,muhammad ihab,5,"Tempatnya bagus ntuk kmpul brsama kluarga, makanan bolehlah di adu dgn resto laennya. Layanan n service di bawah asuhan ibu caya luar biasa sangat membantu🙏",11 bulan lalu,5,5,5,Saoenk Cobek Perintis,Google Maps,2026-05-14 19:15:39
ChdDSUhNMG9nS0VQWElpY3pVaHFlNXN3RRAB,E10_Hermin R. Patanduk,5,Suasana nyaman dan makanannya enak🙏🏻,11 bulan lalu,5,5,4,Saoenk Cobek Perintis,Google Maps,2026-05-14 19:15:39
ChZDSUhNMG9nS0VPdVV2b3FJM2NxdENREAE,Eka Febri Indah,5,Makanan dan pelayanan nya lumayan lah.,11 bulan lalu,5,5,5,Saoenk Cobek Perintis,Google Maps,2026-05-14 19:15:39
ChZDSUhNMG9nS0VKZVl5WTJzeTdIdFBBEAE,Muh. Sirajul Azman,5,"Makanannya enak, terus pelayannya kak Supriadi juga ramah suasananya 👍",11 bulan lalu,4,5,4,Saoenk Cobek Perintis,Google Maps,2026-05-14 19:15:39
ChdDSUhNMG9nS0VJMk5sZXF3dVpUWGlnRRAB,Equanimity Class,5,"Makanannya lumayan enak, pelayanannya juga bagus 👍 si kak Supriadi orangnya ramah dan sabar.",11 bulan lalu,4,5,4,Saoenk Cobek Perintis,Google Maps,2026-05-14 19:15:39
ChdDSUhNMG9nS0VJenQzck9ycDl5VjFBRRAB,Adrianti Ahmad,5,Makanannya enak,11 bulan lalu,5,5,5,Saoenk Cobek Perintis,Google Maps,2026-05-14 19:15:59
ChdDSUhNMG9nS0VJaXZyODJNNWJ2R213RRAB,Ronald Tupa Biri,5,"Tempatnya nyaman, adem apalgi ada kolam ikannya di sertai koi2 yg menarik. Pokokx rekomendasi the untuk tempat makan",11 bulan lalu,5,5,5,Saoenk Cobek Perintis,Google Maps,2026-05-14 19:15:59
ChdDSUhNMG9nS0VLYVZycXlXek1fTXR3RRAB,muh Hidayat Basri,5,Mantappp rasanya,11 bulan lalu,5,5,5,Saoenk Cobek Perintis,Google Maps,2026-05-14 19:15:59
ChZDSUhNMG9nS0VNS0h3ZGZIajktcmRBEAE,Ryan Relly Wiratama,5,"Tempat oke, rasa enak, cepat dtg",11 bulan lalu,5,5,5,Saoenk Cobek Perintis,Google Maps,2026-05-14 19:15:59
ChdDSUhNMG9nS0VPNzlfOXVkMjh6Nm9RRRAB,Reski Amelia,5,Pelayanan supriadi mantap,11 bulan lalu,5,5,5,Saoenk Cobek Perintis,Google Maps,2026-05-14 19:15:59
ChdDSUhNMG9nS0VOdjh5WW50MF9tUWhnRRAB,MUHAMMAD ZAKARIA USMAN,5,Pelayanan mas supriadi asdar,11 bulan lalu,5,5,5,Saoenk Cobek Perintis,Google Maps,2026-05-14 19:15:59
ChZDSUhNMG9nS0VKRHAxYy0wdDRLc0F3EAE,Agus Setiawan,5,"pelayanan supriadi oke, makanan oke..",11 bulan lalu,5,5,5,Saoenk Cobek Perintis,Google Maps,2026-05-14 19:15:59
ChZDSUhNMG9nS0VMRGFtdldLczQtU1BREAE,anesha syila,5,,11 bulan lalu,5,5,5,Saoenk Cobek Perintis,Google Maps,2026-05-14 19:15:59
ChdDSUhNMG9nS0VLeUJoX25KbE9fcXJBRRAB,Budhi Nur Rani,5,,11 bulan lalu,1,1,1,Saoenk Cobek Perintis,Google Maps,2026-05-14 19:15:59
ChZDSUhNMG9nS0VLRENnSURFeV9pcmV3EAE,Dian Eka,5,"Dari keseluruhan aku kasih 5,parkir luas, tempat bersih, nyaman, sejuk, makanan enak. Cuma sangat di sayangkan skli parkiran motor nya 3.000
Dan untuk motor baiknya di berikan tempat bernaung krn klo panas body motor cepat rusak",11 bulan lalu,5,4,5,Saoenk Cobek Perintis,Google Maps,2026-05-14 19:15:59
ChdDSUhNMG9nS0VJTFp2NnZ0elppcTR3RRAB,Hasrianto Anto,5,"Makanan sangat enak dan memuaskan
bapak wakil bupati Luwu beserta rombongan mengucapkan terima kasih kasih atas pelayanan yang sangat memuaskan.",setahun lalu,5,5,5,Saoenk Cobek Perintis,Google Maps,2026-05-14 19:16:20
ChZDSUhNMG9nS0VJQ0FnTURvNTRpT1N3EAE,Shofiyahh Rudi Hartono,4,cantik suasana nya enak maknannya jg lumayan enak sesuai hargany,setahun lalu,4,4,5,Saoenk Cobek Perintis,Google Maps,2026-05-14 19:16:20
ChZDSUhNMG9nS0VJQ0FnTURvLXBMSWR3EAE,Nawan rangga,5,"Makanan enak sekali
Layanan sudah bagus
Suasana sejuk",setahun lalu,5,5,5,Saoenk Cobek Perintis,Google Maps,2026-05-14 19:16:20
ChZDSUhNMG9nS0VJQ0FnTURvLXFMSEF3EAE,Ratih Liku,5,"Makannya enak2 .
Alwin",setahun lalu,5,5,5,Saoenk Cobek Perintis,Google Maps,2026-05-14 19:16:20
ChdDSUhNMG9nS0VJQ0FnTURvLXV6anhBRRAB,PERIANTO TODING LA'BI,5,Alwi dan tim,setahun lalu,5,5,5,Saoenk Cobek Perintis,Google Maps,2026-05-14 19:16:20
ChZDSUhNMG9nS0VJQ0FnTURvMUt1YUN3EAE,Asmi Salim,5,Pelaksanaan Halal Bil halal Keluarga H. Abullah Ismail tahun 2025... peserta puas dan terima kasih kepada Ibu Caya dan Tim yang sdh menyiapkan acara kami dengan sangat baik...,setahun lalu,5,5,5,Saoenk Cobek Perintis,Google Maps,2026-05-14 19:16:20
ChZDSUhNMG9nS0VJQ0FnTUNvMTZXSFNnEAE,Natalia Ayuningtyas,1,"Baru saja makan di sini. Pelayanannya tidak baik,",setahun lalu,3,1,5,Saoenk Cobek Perintis,Google Maps,2026-05-14 19:16:20
ChZDSUhNMG9nS0VJQ0FnTUNvdnViVkVREAE,jumarni marni,5,,setahun lalu,5,5,5,Saoenk Cobek Perintis,Google Maps,2026-05-14 19:16:20
ChdDSUhNMG9nS0VJQ0FnTUNvX0ttLTdnRRAB,Askar Sushand,5,,setahun lalu,,,,Saoenk Cobek Perintis,Google Maps,2026-05-14 19:16:20
ChZDSUhNMG9nS0VJQ0FnTUNvaE5tRk5REAE,Ridhayani Babo,5,"Sy sangat senang makan di Saung Cobek,  makanan variatif, enak. maknyus, pelayanan ramah, cepat dan responsif
penyediaan rapi dan teratur
Terima kasih kepada Ibu Caya dan Team
Semoga semakin sukses dan banyak pelanggannya
Dari Kami Civitas Hospitalia RS Dr. Wahidin Sudirohusodo Makassar",setahun lalu,5,5,5,Saoenk Cobek Perintis,Google Maps,2026-05-14 19:16:20
ChZDSUhNMG9nS0VJQ0FnTURJNmN5RmFBEAE,Habibi Syahmi,5,Sering banged ke saoenk Cobek tp baru td pelayanannya cepat dan ramah banged .. Terimakasih Bu Caya ..,setahun lalu,5,5,5,Saoenk Cobek Perintis,Google Maps,2026-05-14 19:16:41
ChZDSUhNMG9nS0VJQ0FnTUNJZy11M0dnEAE,Alwi Ekhy,4,,setahun lalu,4,4,4,Saoenk Cobek Perintis,Google Maps,2026-05-14 19:16:41
ChZDSUhNMG9nS0VJQ0FnTUNJb1lxZlhnEAE,Dede Rosaji,5,,setahun lalu,,,,Saoenk Cobek Perintis,Google Maps,2026-05-14 19:16:41
ChdDSUhNMG9nS0VJQ0FnTUR3MjRlejBBRRAB,Bro Azhar Hidayat,1,"Harga selangit, rasa biasa saja. Pas saya pesan, pesanan datang lebih dari sejam. Padahal waktu itu tidak bnyk pelanggan. Pesanan datang pun tanpa alat makan. payah.",setahun lalu,1,1,1,Saoenk Cobek Perintis,Google Maps,2026-05-14 19:16:41
ChZDSUhNMG9nS0VJQ0FnTUR3MjlIWlN3EAE,jagoan neon,1,Pesanan lama,setahun lalu,,,,Saoenk Cobek Perintis,Google Maps,2026-05-14 19:16:41
ChdDSUhNMG9nS0VJQ0FnTUR3Mjd6ZGlBRRAB,Ahmad Yusran Syah,5,,setahun lalu,5,5,5,Saoenk Cobek Perintis,Google Maps,2026-05-14 19:16:41
ChZDSUhNMG9nS0VJQ0FnTUR3N05hWEx3EAE,wans 2711,5,,setahun lalu,,,,Saoenk Cobek Perintis,Google Maps,2026-05-14 19:16:41
ChZDSUhNMG9nS0VJQ0FnTUR3OU9XY2N3EAE,Dian Larasati,1,Toilet kotor..,setahun lalu,,,,Saoenk Cobek Perintis,Google Maps,2026-05-14 19:16:41
ChdDSUhNMG9nS0VJQ0FnTUR3MUppV3NBRRAB,Fauzan MD,1,"Satu porsi ayam 50k kukira besar, rasa biasa utk budget segitu. saranku mending beli sarilaut dipinggir jalan🥱",setahun lalu,1,1,1,Saoenk Cobek Perintis,Google Maps,2026-05-14 19:16:41
ChZDSUhNMG9nS0VJQ0FnTUR3dUpfTUNBEAE,Ama,4,"Tempatnya nyaman. Makanannya lumayan, ayam kampungnya agak keras jadi  kayak karet, smoothie mangga dan jus alpokatnya enak,",setahun lalu,3,5,5,Saoenk Cobek Perintis,Google Maps,2026-05-14 19:16:41
ChdDSUhNMG9nS0VJQ0FnTUN3X19TdzlRRRAB,isna faradiba putri,5,"Alhamdulillah sudah beberapa kali kesini dan puas dengan menu dan service nya.
Pelayanan yg cepat tanggap dan ramah2. Hr ini ditemani sama mba Era. Makasih yaa.. sukses terus saoenk cobek perintis",setahun lalu,5,5,5,Saoenk Cobek Perintis,Google Maps,2026-05-14 19:17:01
ChdDSUhNMG9nS0VJQ0FnTUN3XzlUTzZ3RRAB,IDETOPIK (IDETOPIK),5,"Layanan baik, mba era dkk.",setahun lalu,5,5,5,Saoenk Cobek Perintis,Google Maps,2026-05-14 19:17:01
ChZDSUhNMG9nS0VJQ0FnTUN3dDZfOUVREAE,JAYA RAHMAT,5,"Warung suasana adem
Walau berada di tengah perintis. Makanan enak, pelayanan cepat. Paling favorit kepiting nampan sama otak2 nya. Wajib kesini cobain. Cocok bareng keluarga dan
Ramean sama teman",setahun lalu,5,5,5,Saoenk Cobek Perintis,Google Maps,2026-05-14 19:17:01
ChdDSUhNMG9nS0VJQ0FnTUN3cHRHVjlRRRAB,Nurul Fadhillah,5,,setahun lalu,5,5,5,Saoenk Cobek Perintis,Google Maps,2026-05-14 19:17:01
ChdDSUhNMG9nS0VJQ0FnTUN3LXV2UHNRRRAB,sri eris jaya,5,"makananya enak enakkkk,pelayanannnyaa sangat bagus
@eraaa",setahun lalu,5,5,5,Saoenk Cobek Perintis,Google Maps,2026-05-14 19:17:01
ChdDSUhNMG9nS0VJQ0FnTURRal9lRXRBRRAB,Handmade Official,1,Tidak work it harga tidak sesuai porsi.,setahun lalu,1,1,1,Saoenk Cobek Perintis,Google Maps,2026-05-14 19:17:01
ChZDSUhNMG9nS0VJQ0FnTURRX2MtdmVBEAE,Mardiana Madun,1,,setahun lalu,,,,Saoenk Cobek Perintis,Google Maps,2026-05-14 19:17:01
ChdDSUhNMG9nS0VJQ0FnTURReGVpTHJ3RRAB,Andi Kisha,5,"Makan bersama keluarga dan makan bersama teman, paling enak di saoenk cobek. Tiap tahun bukber di sini, jamu tamu di sini juga.",setahun lalu,5,5,4,Saoenk Cobek Perintis,Google Maps,2026-05-14 19:17:01
ChZDSUhNMG9nS0VJQ0FnTURReXJYMlRBEAE,Fhira Yuniar,5,,setahun lalu,5,5,5,Saoenk Cobek Perintis,Google Maps,2026-05-14 19:17:01
ChdDSUhNMG9nS0VJQ0FnTURRekxxUThnRRAB,Darni Nirda,5,Pelayanan ramah dan baik,setahun lalu,5,5,5,Saoenk Cobek Perintis,Google Maps,2026-05-14 19:17:01
ChdDSUhNMG9nS0VJQ0FnTURRek9ybHlBRRAB,Karmila Sari k,5,,setahun lalu,5,5,5,Saoenk Cobek Perintis,Google Maps,2026-05-14 19:17:22
ChZDSUhNMG9nS0VJQ0FnTUNRcWJ1U1l3EAE,Muhammad Radii,1,"Pelayanan lama,harga dan promo yang tertera berbeda,rasanya 2/10
Pembelanjaan 1,5 gak worth it",setahun lalu,1,1,1,Saoenk Cobek Perintis,Google Maps,2026-05-14 19:17:22
ChdDSUhNMG9nS0VJQ0FnTUNReWVlazBnRRAB,Aminur Lidya,1,"Makanannya kurang,layanannya kurang banget,sudah buka puasa tapi nasi nya tidak di antar2,harga tertera berbeda dengan pas bayar di kasir",setahun lalu,1,1,1,Saoenk Cobek Perintis,Google Maps,2026-05-14 19:17:22
ChZDSUhNMG9nS0VJQ0FnTUNReWNlM1V3EAE,Audy Cintya N,1,"Katanya pembelanjaan 1jt dapat free es buah,saya pembelanjaan 2 juta lebih tdk dapat es buah sama sekali,bahkan pada saat minta diskon pun kasirnya malah hitung satu persatu padahal saya ordernya paketan,lucu banget,gak usah pasang diskon kalau pada akhirnya tdk ada diskon,lucu ini tempat",setahun lalu,1,1,1,Saoenk Cobek Perintis,Google Maps,2026-05-14 19:17:22
ChZDSUhNMG9nS0VJQ0FnTUNReVlmcWNBEAE,Tamrin Honda,1,"Kecewa penonton., nda sesuai harga dan rasa. PROMO TIPU-TIPU..",setahun lalu,1,1,2,Saoenk Cobek Perintis,Google Maps,2026-05-14 19:17:22
ChdDSUhNMG9nS0VJQ0FnTUNRcnZ1M2x3RRAB,Agista Dwi Anggraeni. M,5,ilyan makanan enak dan rekomendasi👍🏻,setahun lalu,5,5,5,Saoenk Cobek Perintis,Google Maps,2026-05-14 19:17:22
ChZDSUhNMG9nS0VJQ0FnTUNRenFfQ2ZnEAE,Ratri Indraswari,5,"mantap pelayanannya, terutama kak annisa👍👍👍",setahun lalu,5,5,5,Saoenk Cobek Perintis,Google Maps,2026-05-14 19:17:22
ChZDSUhNMG9nS0VJQ0FnTUNROUkzUkVnEAE,Abidatun Amanah,5,"Makanan enak, harga murah, suasana nya tenang. Terimakasih Saoenk Cobek. Thanks for the hospitality. Thanks Kak Alwin and the team 🥰",setahun lalu,5,5,5,Saoenk Cobek Perintis,Google Maps,2026-05-14 19:17:22
ChdDSUhNMG9nS0VJQ0FnTUNRaUpUcXlBRRAB,Miftah Chaerani,5,,setahun lalu,5,5,5,Saoenk Cobek Perintis,Google Maps,2026-05-14 19:17:22
ChdDSUhNMG9nS0VJQ0FnTUNRaU9Ta2tBRRAB,Ahsin Alhadi,5,,setahun lalu,,,,Saoenk Cobek Perintis,Google Maps,2026-05-14 19:17:22
ChdDSUhNMG9nS0VJQ0FnTUNRaU9TQXFRRRAB,Aiska Fahriani,5,Ilyan,setahun lalu,5,5,5,Saoenk Cobek Perintis,Google Maps,2026-05-14 19:17:43
ChdDSUhNMG9nS0VJQ0FnTUNRaUpEQWpnRRAB,Astrid Adiesty,5,Rasa makanannya enak yang di order di Supriadi,setahun lalu,5,5,5,Saoenk Cobek Perintis,Google Maps,2026-05-14 19:17:43
ChdDSUhNMG9nS0VJQ0FnTUNROEllYmtRRRAB,salwa meilika arham,5,makanannya enakk suasananyaa ademm bestt pokokk nyaaa diorder sama mas ilyan,setahun lalu,5,5,5,Saoenk Cobek Perintis,Google Maps,2026-05-14 19:17:43
ChdDSUhNMG9nS0VJQ0FnTUNROEx2Z2lRRRAB,alya kirana,5,,setahun lalu,5,5,5,Saoenk Cobek Perintis,Google Maps,2026-05-14 19:17:43
ChdDSUhNMG9nS0VJQ0FnTURnNl9uVTJnRRAB,nurfaaidah firman,5,,setahun lalu,5,5,5,Saoenk Cobek Perintis,Google Maps,2026-05-14 19:17:43
ChZDSUhNMG9nS0VJQ0FnTURnazY2clJnEAE,tri medika,5,"pelayanannya ramah dan sangat cepat, dan dilayani langsung oleh managernya yakni ibu caya, makanannya juga enakk, tempatnya bersih dan nyaman. recomended pokoknyaa",setahun lalu,5,5,5,Saoenk Cobek Perintis,Google Maps,2026-05-14 19:17:43
ChdDSUhNMG9nS0VJQ0FnTURnay1xZzBnRRAB,Nurmuliasneny Musa,5,,setahun lalu,5,5,5,Saoenk Cobek Perintis,Google Maps,2026-05-14 19:17:43
ChdDSUhNMG9nS0VJQ0FnTURnNXZQRnpnRRAB,sitti ainun,5,,setahun lalu,5,5,5,Saoenk Cobek Perintis,Google Maps,2026-05-14 19:17:43
ChZDSUhNMG9nS0VJQ0FnTURnNXREU1JREAE,Alya Rif'ah,5,@sherly,setahun lalu,5,5,5,Saoenk Cobek Perintis,Google Maps,2026-05-14 19:17:43
ChdDSUhNMG9nS0VJQ0FnTURnd3UzRWtRRRAB,Ardi aries,1,"Sangat tidak rekomendasi, pelayanan lama banget 👎 …",setahun lalu,,,,Saoenk Cobek Perintis,Google Maps,2026-05-14 19:17:43
ChZDSUhNMG9nS0VJQ0FnTURncEp6LUxREAE,Andriani Citra randa,5,"Alhamdulillah sangat berterima kasih untuk RM saoenk cobek perintis krena sdh membantu di moment special anak kami yaitu aqiqah anak kami sehingga terlaksnkn dengan baik , mulai dari segi makanan dan pelaynan nya sangat puasss👍🏻👍🏻👍🏻,,, pkoknya rekomndasi untuk bikin acara di sini krn pricenya terbilang bershbat dan wort it lah dng sajian nya… terima kasih RM.saoenk cobek , sukses selalu dan makin berkembang aamiin🤲🏻🙏🏻",setahun lalu,5,5,5,Saoenk Cobek Perintis,Google Maps,2026-05-14 19:18:04
ChdDSUhNMG9nS0VJQ0FnTURneEtpZ3RBRRAB,lilis nur asmin,5,"Pelayanan yang baik dan ramah dari ilyan. Makananan enak, pelayanannya cepat. Terima kasih",setahun lalu,5,5,5,Saoenk Cobek Perintis,Google Maps,2026-05-14 19:18:04
ChdDSUhNMG9nS0VJQ0FnTURnNklDNGtRRRAB,Akun Redmi 10t,5,Suasana nyaman tenang strategi dekat kampus kota dan bandara internasional Sultan Hasanuddin Makassar,setahun lalu,5,5,5,Saoenk Cobek Perintis,Google Maps,2026-05-14 19:18:04
ChdDSUhNMG9nS0VJQ0FnTURneUpYajd3RRAB,Muh Daffa Al Ghazali,5,Makannya enak pelayannya sangat ramah terimah kasih mas faturr untuk pelayannya,setahun lalu,5,5,5,Saoenk Cobek Perintis,Google Maps,2026-05-14 19:18:04
ChZDSUhNMG9nS0VJQ0FnTUNnajhqSVV3EAE,Yani indriyani,5,ilyan ramah,setahun lalu,5,5,4,Saoenk Cobek Perintis,Google Maps,2026-05-14 19:18:04
ChZDSUhNMG9nS0VJQ0FnTUNnMDRxTERnEAE,Abd. Malik Sewang,5,"Hari ini kami bersama teman-teman Panitia AMBC 7 makan malam di Saoenk Cobek Perintis.
Keren abis sihh layanan nya.
Dengan waktu yg cukup singkat saya reservasi ke leader nya (Alwin) dan dengan sangat ramah saya dibantu untuk proses tersebut dan dilayani sangat baik.
Saat makan malam pun pelayanan sangat luar biasa keren nya, dengan kebutuhan saya yang begitu banyak dan bolak balek mesen minum.
Para pelayan yg ada sangat ramah dalam membantu saya memesan minuman

Sekali lagi tempat ini sangat rekomendasi untuk kalian yang ingin melaksanakan kegiatan makan2 bersama teman dan keluarga.

Ayooo ramaikan tempat ini yah.
Sekali lagi makasih untuk adik Alwin yang luar biasa sudah membantu semua kebutuhan saya selama makan malam tadi yah 😍😍😍",setahun lalu,5,5,5,Saoenk Cobek Perintis,Google Maps,2026-05-14 19:18:04
ChZDSUhNMG9nS0VJQ0FnTUNnaFozbUlBEAE,graduates education,5,Terima kasih pelayanannya yg mantap oleh bu icha dan pak alwin,setahun lalu,5,5,5,Saoenk Cobek Perintis,Google Maps,2026-05-14 19:18:04
ChdDSUhNMG9nS0VJQ0FnTUNnOGVxYXhnRRAB,Anthi Taswin,4,"Makanannya enak
Di layani dengan Era",setahun lalu,5,5,5,Saoenk Cobek Perintis,Google Maps,2026-05-14 19:18:04
ChZDSUhNMG9nS0VJQ0FnTUNnMGVyN1Z3EAE,Nurul Atira,5,Danil,setahun lalu,5,5,5,Saoenk Cobek Perintis,Google Maps,2026-05-14 19:18:04
ChdDSUhNMG9nS0VJQ0FnTUNnMGRLV3RRRRAB,aza yara,5,tempatnya bagus,setahun lalu,5,5,5,Saoenk Cobek Perintis,Google Maps,2026-05-14 19:18:04
ChdDSUhNMG9nS0VJQ0FnTUNnMGFUVDNnRRAB,upik syahmalia,5,Pelayananya bagus dan memuaskan makananya enak di order sama mba serly,setahun lalu,5,5,5,Saoenk Cobek Perintis,Google Maps,2026-05-14 19:18:25
ChZDSUhNMG9nS0VJQ0FnTUNnMGRqcmFBEAE,Warnyati Abdul Rahman,5,Makasih mba sherli pelayanannya cepat dan makanannya mantul,setahun lalu,5,5,5,Saoenk Cobek Perintis,Google Maps,2026-05-14 19:18:25
ChZDSUhNMG9nS0VJQ0FnTUNnN3RTbE5BEAE,Erna Wati,5,"Bagus, makanannya enak, pelayanannya juga memuaskan terutama Kak Angel. 🥰",setahun lalu,5,5,5,Saoenk Cobek Perintis,Google Maps,2026-05-14 19:18:25
ChZDSUhNMG9nS0VJQ0FnTUNnanNUTklBEAE,Tirta Noviana,5,Pelayananya bagus dilayani sama mba era,setahun lalu,5,5,5,Saoenk Cobek Perintis,Google Maps,2026-05-14 19:18:25
ChdDSUhNMG9nS0VJQ0FnTUNnLXQ2di13RRAB,Anugrah Arnaini,5,Over all makanannya enak. Terima kasih  pelayanan terbaiknya kak Danil🙌🏻,setahun lalu,5,5,5,Saoenk Cobek Perintis,Google Maps,2026-05-14 19:18:25
ChZDSUhNMG9nS0VJQ0FnTUNnLXFhVUNREAE,Ita Purnamasari,5,Dilayani oleh Ilyan yg ramah dan gercep 👍👍👍👍,setahun lalu,5,5,5,Saoenk Cobek Perintis,Google Maps,2026-05-14 19:18:25
ChdDSUhNMG9nS0VJQ0FnTUNnMnR1XzBBRRAB,Dina _025,3,"ilyan sangattt sangat sangat baikk, soft spoken jugaa. ramah, selalu senyum. tapi seafood khususnya udang saus bakarnya ngga di berishin kotorannya ya? agak amis juga baunya",setahun lalu,3,5,5,Saoenk Cobek Perintis,Google Maps,2026-05-14 19:18:25
ChdDSUhNMG9nS0VJQ0FnTUNnMnMzRzF3RRAB,Gariel Mundi,5,,setahun lalu,5,5,5,Saoenk Cobek Perintis,Google Maps,2026-05-14 19:18:25
ChZDSUhNMG9nS0VJQ0FnTUNnMm9YREpBEAE,Hj.sitti Murni,5,Pelayananya mantap dan ramah mbak serly,setahun lalu,5,5,5,Saoenk Cobek Perintis,Google Maps,2026-05-14 19:18:25
ChZDSUhNMG9nS0VJQ0FnTUNnMnZtaEV3EAE,Anni Karim,5,"Makanannya enak, penyajiannya cepat jdi gak nunggu lama apalagi  pelayanannya ramah… terima kasih mbk serly",setahun lalu,5,5,5,Saoenk Cobek Perintis,Google Maps,2026-05-14 19:18:25
ChZDSUhNMG9nS0VJQ0FnTUNnbXJfWGJ3EAE,Dayang Nurfaisa,5,Makanan enak. Tempat nyaman. Kak Era dan kak fatur ramah dan baik,setahun lalu,5,5,5,Saoenk Cobek Perintis,Google Maps,2026-05-14 19:18:46
ChZDSUhNMG9nS0VJQ0FnTUNnbW9TMmRBEAE,Annasya Gauri,5,"Kami sekeluarga lbh dri 10 orang,Dilayani sama waiters Angel... ramah",setahun lalu,,,,Saoenk Cobek Perintis,Google Maps,2026-05-14 19:18:46
ChZDSUhNMG9nS0VJQ0FnTUNnNm96RlBnEAE,Veby Marampa,4,Tempat asik dan makanannya enak...pelayannya Era mantap🥰🙏,setahun lalu,5,5,5,Saoenk Cobek Perintis,Google Maps,2026-05-14 19:18:46
ChZDSUhNMG9nS0VJQ0FnTUNnNHFuZVRBEAE,sugihastira,5,Dilayani sama waiters Angel. Ramah,setahun lalu,5,,,Saoenk Cobek Perintis,Google Maps,2026-05-14 19:18:46
ChZDSUhNMG9nS0VJQ0FnTUNnNHVMY1d3EAE,Mujahidah Izzah,5,Makanannya enak ambience nya juga nyaman. Tempatnya luas terdiri dari banyak gazebo dan ada kolam ikannya juga. Tiap gazebo ada tempat cuci tangan dan colokan masing-masing. Parkiran juga luas. Pelayanan nya ramah dan sigap.,setahun lalu,5,5,5,Saoenk Cobek Perintis,Google Maps,2026-05-14 19:18:46
ChZDSUhNMG9nS0VJQ0FnTUNnNHJUMEF3EAE,Dwi Putra,5,"Pelayanan, makanan, dan tempat memuaskan.
Terutama untuk pelayan dari kak fathur
Di tingkat kan lagi.",setahun lalu,5,5,5,Saoenk Cobek Perintis,Google Maps,2026-05-14 19:18:46
ChZDSUhNMG9nS0VJQ0FnTUNnNHNUZ0pREAE,SeThya,5,"Serly thanks ya, overall mantaplah, tetap konsisten ya kak. Semangat.",setahun lalu,5,5,5,Saoenk Cobek Perintis,Google Maps,2026-05-14 19:18:46
ChdDSUhNMG9nS0VJQ0FnTUNnd3BxcnlBRRAB,Putri Hilma,5,"Ikannya fresh
Waitresnya good @alwin",setahun lalu,5,5,5,Saoenk Cobek Perintis,Google Maps,2026-05-14 19:18:46
ChZDSUhNMG9nS0VJQ0FnTUNnMUlQU0xnEAE,Nurul Hidayat,4,Suaranya nyaman dan enak,setahun lalu,4,4,5,Saoenk Cobek Perintis,Google Maps,2026-05-14 19:18:46
ChdDSUhNMG9nS0VJQ0FnTUNnaE9tRG13RRAB,fina diana,5,Minum,setahun lalu,5,5,5,Saoenk Cobek Perintis,Google Maps,2026-05-14 19:18:46
ChdDSUhNMG9nS0VJQ0FnTUNnNEtHRnZBRRAB,Matra Pratama,5,Pelayanan & Makanan Bagus,setahun lalu,5,5,5,Saoenk Cobek Perintis,Google Maps,2026-05-14 19:19:07
ChdDSUhNMG9nS0VJQ0FnTUNnNE1IWmhnRRAB,fadly prihadi,5,Terima kasih pelayanan a/n azizah,setahun lalu,4,5,4,Saoenk Cobek Perintis,Google Maps,2026-05-14 19:19:07
ChZDSUhNMG9nS0VJQ0FnTURBbzZ2X0hBEAE,ZEN ALGHAZALI,5,Sangat baik dan ramah bagus sekali,setahun lalu,5,5,5,Saoenk Cobek Perintis,Google Maps,2026-05-14 19:19:07
ChZDSUhNMG9nS0VJQ0FnTURBd19EUFNREAE,Puji Astuti,5,"Ilyan, sangat baik.",setahun lalu,5,5,4,Saoenk Cobek Perintis,Google Maps,2026-05-14 19:19:07
ChZDSUhNMG9nS0VJQ0FnTURBMmFla1pnEAE,Afni Arifin,5,"Makanannya enak, pelayanan cpt dan ramah. Tq untuk Mas Supriyadi untuk servisnya yg gercep. Sukses selalu yaaa",setahun lalu,5,5,5,Saoenk Cobek Perintis,Google Maps,2026-05-14 19:19:07
ChZDSUhNMG9nS0VJQ0FnTURBbWMya1JBEAE,Eka Indriyani MS,5,"Mantap, ilyan gercep pokoknya",setahun lalu,5,5,,Saoenk Cobek Perintis,Google Maps,2026-05-14 19:19:07
ChZDSUhNMG9nS0VJQ0FnTURBcWF1ZUZ3EAE,lidya mendrofa,5,Ilyan : bagus dan sangat memuaskan🙏,setahun lalu,5,5,5,Saoenk Cobek Perintis,Google Maps,2026-05-14 19:19:07
ChRDSUhNMG9nS0VJQ0FnTURBZ2JsRRAB,Joni suteja,3,"Tempat makan aneka seafood dengan saung lesehan di kolam koi ,menu ok ,harga ok,suasana ok,parkir ok",setahun lalu,3,3,4,Saoenk Cobek Perintis,Google Maps,2026-05-14 19:19:07
ChZDSUhNMG9nS0VJQ0FnTURBbnZ2a1RnEAE,Juli Wati,5,"Mantap, makanannya, sama pelayanannya, an ilyan👍",setahun lalu,5,5,5,Saoenk Cobek Perintis,Google Maps,2026-05-14 19:19:07
ChdDSUhNMG9nS0VJQ0FnTURBbnRTODZnRRAB,Syahril Ningki,5,Makanannya enak dan banyak pilihan rasanya enak dan fresh memang butuh lama menunggu makanannya harganya juga lebih terjangkau ada banyak pilihan makanann,setahun lalu,5,5,5,Saoenk Cobek Perintis,Google Maps,2026-05-14 19:19:07
ChZDSUhNMG9nS0VJQ0FnTURBN3FLalhBEAE,Azizah Junus,5,"Makanannya enak, servicenya memuaskan, karyawannya ramah semua.",setahun lalu,5,5,5,Saoenk Cobek Perintis,Google Maps,2026-05-14 19:19:28
ChdDSUhNMG9nS0VJQ0FnTURBcnQ3UnR3RRAB,Adam Al ghazaly,4,,setahun lalu,,,,Saoenk Cobek Perintis,Google Maps,2026-05-14 19:19:28
ChZDSUhNMG9nS0VJQ0FnTURBLXNLclhBEAE,rahmiani wal muthmainna,5,"Kk ilyan
Pelayanan bagus, ramah. Makanannya jg enak. Dan recomended makan bersama keluarga",setahun lalu,5,5,5,Saoenk Cobek Perintis,Google Maps,2026-05-14 19:19:28
ChdDSUhNMG9nS0VJQ0FnTURBMm96aTV3RRAB,alfi Syahriani009,5,Waiters angel sngat ramah,setahun lalu,,5,,Saoenk Cobek Perintis,Google Maps,2026-05-14 19:19:28
ChZDSUhNMG9nS0VJQ0FnTURBNnJPWWZ3EAE,Kartika Ayu,5,"MasyaAllah makanannya enak, pelayanannya bagus banget.. waktu datang kami dilayani sm mba sherly, makasih yak 🥰",setahun lalu,5,5,5,Saoenk Cobek Perintis,Google Maps,2026-05-14 19:19:28
ChdDSUhNMG9nS0VJQ0FnTURBNnBPMzRRRRAB,Aprillia Udayani,5,"Worth it!! Makanan mantap, cocok banget untuk makan bareng keluarga. Pelayanan juga bagus, pelayan yang layani kami ialah kak Serly, sangat ramah dan cepat tanggap, best lah pokoknya!",setahun lalu,5,5,5,Saoenk Cobek Perintis,Google Maps,2026-05-14 19:19:28
ChZDSUhNMG9nS0VJQ0FnTURBNnZ6Qld3EAE,Sry Yanti,5,"Pelayananya bagus ..makananya enak
Saran untuk staff kalo hujan minta tolong tiranya diturunkan
Pelayannya era
Makasih era",setahun lalu,5,5,5,Saoenk Cobek Perintis,Google Maps,2026-05-14 19:19:28
ChZDSUhNMG9nS0VJQ0FnTURBcXRTR0d3EAE,Han if,5,Sherly,setahun lalu,5,5,4,Saoenk Cobek Perintis,Google Maps,2026-05-14 19:19:28
ChZDSUhNMG9nS0VJQ0FnTURBMUoyY0FREAE,Andi Suryadharma,5,pelayanan dari kak fathur,setahun lalu,5,5,5,Saoenk Cobek Perintis,Google Maps,2026-05-14 19:19:28
ChdDSUhNMG9nS0VJQ0FnTURBMU1hcXpnRRAB,Yuli MKS,5,"Pelayanan yang baik dan ramah, makanannya enak teima kasih atas keramahan mb era",setahun lalu,5,5,5,Saoenk Cobek Perintis,Google Maps,2026-05-14 19:19:28
ChZDSUhNMG9nS0VJQ0FnTURBMUlySE9REAE,Ashari Bakri,5,Makanan nya enak dan sangat fresh serta pelayanan nya baik dan ramah apalgi Wt @serly serta suasana nya sejuk,setahun lalu,5,5,5,Saoenk Cobek Perintis,Google Maps,2026-05-14 19:19:48
ChdDSUhNMG9nS0VJQ0FnTURBaUlmNDJ3RRAB,Unu Alexmi,5,Makan nyaman karyawan semua ramah dilayani sama 4 karyawan ramah semua kasir ramah makaaasi,setahun lalu,4,5,5,Saoenk Cobek Perintis,Google Maps,2026-05-14 19:19:48
ChdDSUhNMG9nS0VJQ0FnTURBa1AzeXV3RRAB,HILMAN ALFANDI,5,Pelayanan yang bagus oleh ilya makanan enak,setahun lalu,5,5,5,Saoenk Cobek Perintis,Google Maps,2026-05-14 19:19:48
ChdDSUhNMG9nS0VJQ0FnTURBa0p5TjZ3RRAB,theresia inriaty,5,"Rumah makan seafood favorite di makassar , Pemandangan Bagus dgn kolam ikan emas..makanan semuanya enak. utk pelayanannya 10/1000 . Notice (Ilyan Paling ganteng n ramah) wwkwkwk🥰 . 👍💯  FROM ppl Manado squadz Recom for org2 manado kamari  jo kalo cari seafood .",setahun lalu,5,5,5,Saoenk Cobek Perintis,Google Maps,2026-05-14 19:19:48
ChZDSUhNMG9nS0VJQ0FnTURBa015VERREAE,Rafly Dev rijal,5,Enak dan nyaman pelayanan juga gercep.,setahun lalu,5,5,5,Saoenk Cobek Perintis,Google Maps,2026-05-14 19:19:48
ChZDSUhNMG9nS0VJQ0FnTURBa015LU1REAE,anchie amin,5,"Ilyan: pelayanan yg ramah, sangat membantu. Makanannya cepat datang",setahun lalu,5,5,5,Saoenk Cobek Perintis,Google Maps,2026-05-14 19:19:48
ChdDSUhNMG9nS0VJQ0FnTUNBcllxNy13RRAB,Kasmawati Kasim,5,"Pelayannya Alhamdulillah ramah, baik sekali dari Era
Top markotop
Makanan enak.",setahun lalu,5,5,5,Saoenk Cobek Perintis,Google Maps,2026-05-14 19:19:48
ChdDSUhNMG9nS0VJQ0FnTUNBdVpYMW9RRRAB,dinar pebianti,5,Supriadi pelayanannya baik dan sopan👍,setahun lalu,5,5,5,Saoenk Cobek Perintis,Google Maps,2026-05-14 19:19:48
ChdDSUhNMG9nS0VJQ0FnTUNBd1lMSHFRRRAB,Ahmad Zulfadilah,5,,setahun lalu,5,5,5,Saoenk Cobek Perintis,Google Maps,2026-05-14 19:19:48
ChdDSUhNMG9nS0VJQ0FnSUNfdXJxS2hBRRAB,SYARIF AMRAN,5,"Alhamdulillah.
Mantap",Diedit setahun lalu,5,4,5,Saoenk Cobek Perintis,Google Maps,2026-05-14 19:19:48
ChZDSUhNMG9nS0VJQ0FnTUNBdk9IeVlnEAE,rahmat hidayat,5,makanan enak dan dilayani dgn naik oleh ilyan dan angel. Terima kasih banyak.,setahun lalu,5,5,5,Saoenk Cobek Perintis,Google Maps,2026-05-14 19:20:09
ChZDSUhNMG9nS0VJQ0FnSURfbjY2V0RREAE,Hardianti,5,Ilyan,setahun lalu,5,5,5,Saoenk Cobek Perintis,Google Maps,2026-05-14 19:20:09
ChZDSUhNMG9nS0VJQ0FnSURfOHFpaUlREAE,Handayani Halik,5,"Ini kali kedelapan sy ke t4 mkn ini,
Tempatx senantiasa bersih dan keliahatan asri sangat cocok untuk makan bareng kolega. Hari ini kami dilayani oleh staf bernama Ilyan, orgx ramah dan murah senyum serta gercep dlm melayani
Untuk makanan nya apalagi sdh pst muantap terutama menu udang telor asinx. Recomended lah 👍👍",setahun lalu,5,5,5,Saoenk Cobek Perintis,Google Maps,2026-05-14 19:20:09
ChdDSUhNMG9nS0VJQ0FnSURfN0t2TXJRRRAB,ithha puspita,5,"1. Makanannya enak
2. Pelayanannya cepat, ramah dan sambutan yg hangat dengan senyum (terima kasih Mas Fatur)
3. Suasana nyaman dan tenang cocok untuk makan bersama keluarga",setahun lalu,5,5,5,Saoenk Cobek Perintis,Google Maps,2026-05-14 19:20:09
ChZDSUhNMG9nS0VJQ0FnSURfN1BEWEl3EAE,Wiwik Andriani,5,"Bagus dan bersih tempat nya makananya juga enak, MasyaAllah,",setahun lalu,5,5,5,Saoenk Cobek Perintis,Google Maps,2026-05-14 19:20:09
ChZDSUhNMG9nS0VJQ0FnSURfN05EV0R3EAE,"Ningshe _M.Pd.,",5,Kereeen masya Allah rekomended,setahun lalu,5,5,5,Saoenk Cobek Perintis,Google Maps,2026-05-14 19:20:09
ChZDSUhNMG9nS0VJQ0FnSURfdU92TVVnEAE,widiaalvianita rais,5,Makanya enak pelayanan kakaknya bagus dan ramah makasih KK fatur,setahun lalu,5,5,5,Saoenk Cobek Perintis,Google Maps,2026-05-14 19:20:09
ChZDSUhNMG9nS0VJQ0FnSUNfbjkyYVV3EAE,ana,5,"pelayanan sangat ramah dan baik khususnya ""Teresia Angel""",setahun lalu,5,5,5,Saoenk Cobek Perintis,Google Maps,2026-05-14 19:20:09
ChZDSUhNMG9nS0VJQ0FnSUNfaDhLSFVBEAE,TonyPrawira L,5,Pelayanan bagus tmptnya oke dan hrga trjngkau. Atas nama Ilyan klo mau ktemu ramah pelayanannya,setahun lalu,,,,Saoenk Cobek Perintis,Google Maps,2026-05-14 19:20:09
ChdDSUhNMG9nS0VJQ0FnSUNfMi11d3N3RRAB,Munira Dupak,5,"Alhamdulillah melaksanakan arisan keluarga di Saoenk Cobek Perintis, makanannya tersaji tepat waktu, suasananya sejuk, dan pelayanannya gercep.. Kaka Rey sebagai marketing nya juga sangat ramah dan melayani sangat baik. Sukses terus untuk Saoenk Cobek Perintis 👍",setahun lalu,4,5,5,Saoenk Cobek Perintis,Google Maps,2026-05-14 19:20:09
ChZDSUhNMG9nS0VJQ0FnSUNfNjVfeUN3EAE,vee victor81,5,Makanannya enak 👍,setahun lalu,5,5,5,Saoenk Cobek Perintis,Google Maps,2026-05-14 19:20:30
ChdDSUhNMG9nS0VJQ0FnSUNfMF9UYS1BRRAB,sri wisriana,5,"Salah satu tempat makan ternyaman..  musallahx bersih,  toiletx apalagi. Parkiranc sangat luas. Pelayananx good banget.
Terima kasih mba enjel kna mau melayani kerempongan emak2 yang banyak maunya.",setahun lalu,5,5,5,Saoenk Cobek Perintis,Google Maps,2026-05-14 19:20:30
ChdDSUhNMG9nS0VJQ0FnSUNfN1l5c29nRRAB,Umniyah Saleh,5,"Ilyan melayani dengan baik, ramah.",setahun lalu,5,5,5,Saoenk Cobek Perintis,Google Maps,2026-05-14 19:20:30
ChdDSUhNMG9nS0VJQ0FnSUNfemFPUndRRRAB,Nurul Mahierah Az-zahra,5,"Waiters "" Teresia angeli "" sangat ramah dan murah senyum..manis lagi..
Makanan sangat enak",setahun lalu,,,,Saoenk Cobek Perintis,Google Maps,2026-05-14 19:20:30
ChdDSUhNMG9nS0VJQ0FnSUNfemRHUHlnRRAB,Mardiana Diana,5,"Waiters nama Teresia angeli, sangat ramah murah senyum..pelayanan sangat bagus",setahun lalu,,,,Saoenk Cobek Perintis,Google Maps,2026-05-14 19:20:30
ChZDSUhNMG9nS0VJQ0FnSUNfMlpiVGVnEAE,Axel Tridana,5,Makanan Enak dan pelayanan sdr Daniel ramah dan baik,setahun lalu,5,5,5,Saoenk Cobek Perintis,Google Maps,2026-05-14 19:20:30
ChZDSUhNMG9nS0VJQ0FnSUNfbnJtZGV3EAE,Magfirah razak,5,terima kasih atas pelayanan kak ilyan ramah murah senyum,setahun lalu,5,5,5,Saoenk Cobek Perintis,Google Maps,2026-05-14 19:20:30
ChdDSUhNMG9nS0VJQ0FnSUNfN3VLNnd3RRAB,Nur Syahriyani,3,,setahun lalu,,,,Saoenk Cobek Perintis,Google Maps,2026-05-14 19:20:30
ChdDSUhNMG9nS0VJQ0FnSUNfN29EM3FBRRAB,Haldiyanti Usman,5,Sangat memuaskan,setahun lalu,5,5,5,Saoenk Cobek Perintis,Google Maps,2026-05-14 19:20:30
ChZDSUhNMG9nS0VJQ0FnSUNfdW9xYU1BEAE,Nurul Bakkareng,5,Tempat nyaman dan rindang. Pelayanan cepat dan ramah. Makanan nya enak-enak. Tersedia ruang VIP ber AC  juga bagi yang ingin makan secara private cocok untuk acara keluarga dan arisan,setahun lalu,5,5,5,Saoenk Cobek Perintis,Google Maps,2026-05-14 19:20:30
ChdDSUhNMG9nS0VJQ0FnSUNfbXVXZmxnRRAB,Dzakyjie,5,,setahun lalu,5,5,5,Saoenk Cobek Perintis,Google Maps,2026-05-14 19:20:54
ChZDSUhNMG9nS0VJQ0FnSUNfa29hR2JREAE,indradith faqis,5,Pelayannya ramah dan santun seperti ilyan,setahun lalu,5,5,5,Saoenk Cobek Perintis,Google Maps,2026-05-14 19:20:54
ChZDSUhNMG9nS0VJQ0FnSUNfa3JLRWFnEAE,Nur Fazirah,5,tempatnya bagus dan pelayanya juga bagus apa lagi di layani dengan kakak serly,setahun lalu,,,,Saoenk Cobek Perintis,Google Maps,2026-05-14 19:20:54
ChZDSUhNMG9nS0VJQ0FnSUNfa3NMWE9nEAE,Rezki Amelia,5,Waitersnya atas nama Sherly pelayanannya bagus,setahun lalu,5,5,5,Saoenk Cobek Perintis,Google Maps,2026-05-14 19:20:54
ChdDSUhNMG9nS0VJQ0FnSUNfa3FTZm9BRRAB,Adrian Novran,5,Supriadi,setahun lalu,5,5,5,Saoenk Cobek Perintis,Google Maps,2026-05-14 19:20:54
ChdDSUhNMG9nS0VJQ0FnSUNfa3REY2lnRRAB,Zulfikar Oday,5,Supriadi,setahun lalu,5,5,5,Saoenk Cobek Perintis,Google Maps,2026-05-14 19:20:54
ChZDSUhNMG9nS0VJQ0FnSUNfNG96S1BREAE,Gracewin Tandiabang,5,"Tempat bagus, suasana Ok. Buat keluarga cocok sekali. Makanan mantap. Terima kasih pelayanannya kak Supriadi, the best 😇",setahun lalu,4,5,5,Saoenk Cobek Perintis,Google Maps,2026-05-14 19:20:54
ChdDSUhNMG9nS0VJQ0FnSUNfb3VyaXJnRRAB,Riri Dade,5,"Selalu dapat tempat makan di gazebo yang nyaman, samping kolam ikan, anak-anak jadi happy✨ Makanan dan minumannya enak-enak semuaa, durasi penyajiannya juga cepat, kebetulan ke sini sorean menuju magrib. Staff dan teamnya ramah dan gercep, tadi dilayani dengan Kak Ilyan. Berkah dan sukses selalu yaaa✨",setahun lalu,5,5,5,Saoenk Cobek Perintis,Google Maps,2026-05-14 19:20:54
ChdDSUhNMG9nS0VJQ0FnSUNfOUpuM3ZBRRAB,Kartika_BBPK Makassar,5,Ramah ....enak ....dan keren...khusus tuk era makasih...Sdh infokn musholla x,setahun lalu,5,5,5,Saoenk Cobek Perintis,Google Maps,2026-05-14 19:20:54
ChZDSUhNMG9nS0VJQ0FnSUNfMEttVkpBEAE,Mhyladt,5,"Pelayanan rhey sangat memuaskan, juga seru dan asik. Jadi, tidak rugi untuk buat acara di saoenk cobek, suasana tempatnya nyaman dan harganya terjangkau",setahun lalu,5,5,5,Saoenk Cobek Perintis,Google Maps,2026-05-14 19:20:54
ChdDSUhNMG9nS0VJQ0FnSURmbjV1NWxRRRAB,Deni Ramdani,5,"Makanannya enak, Pelayanan dari bapak supriyadi top lah, 👍👍",setahun lalu,5,5,5,Saoenk Cobek Perintis,Google Maps,2026-05-14 19:21:18
ChZDSUhNMG9nS0VJQ0FnSURmdTltUmV3EAE,Andi Agustriyana Taufik,5,,setahun lalu,5,5,5,Saoenk Cobek Perintis,Google Maps,2026-05-14 19:21:18
ChdDSUhNMG9nS0VJQ0FnSURmMl9XZG9nRRAB,Andi aisyah Nurul annisa,5,"makanannya enak,dan pelayanannya baik ramah kak azizah🫰🙏",setahun lalu,5,5,5,Saoenk Cobek Perintis,Google Maps,2026-05-14 19:21:18
ChZDSUhNMG9nS0VJQ0FnSURmMjhyaFlBEAE,Andi Nurul Mukhlishah,5,pelayanan atas nama fitri sudah sangat baik dan memuaskan,setahun lalu,5,5,5,Saoenk Cobek Perintis,Google Maps,2026-05-14 19:21:18
ChZDSUhNMG9nS0VJQ0FnSURmMjlLSVRREAE,Velyn Felixa Alexandra,5,ilyan pelayanan sangat ramah dan menunya juga memuaska,setahun lalu,5,5,5,Saoenk Cobek Perintis,Google Maps,2026-05-14 19:21:18
ChZDSUhNMG9nS0VJQ0FnSURmNGRycWNREAE,Herlina Herlina,5,Pelayanan baik makanannya enak👍 …,setahun lalu,5,,,Saoenk Cobek Perintis,Google Maps,2026-05-14 19:21:18
ChZDSUhNMG9nS0VJQ0FnSURmdHBXZFF3EAE,Arifah Rahmah,5,Sangat ramah dan membantu.,setahun lalu,,,,Saoenk Cobek Perintis,Google Maps,2026-05-14 19:21:18
ChdDSUhNMG9nS0VJQ0FnSURmbHZpeDV3RRAB,adrin serang,5,"terima kasih Bu ERA pelayanan sangat baik
masakan nya mantap
suasana nyaman",setahun lalu,5,5,5,Saoenk Cobek Perintis,Google Maps,2026-05-14 19:21:18
ChZDSUhNMG9nS0VJQ0FnSURmbHNpb0l3EAE,Nur Alia Awalia,5,"Pelayanannya sangat bagus, waitress atas nama Era sangat bagus pelayanannya kepada pengunjung",setahun lalu,5,5,5,Saoenk Cobek Perintis,Google Maps,2026-05-14 19:21:18
ChZDSUhNMG9nS0VJQ0FnSURmeXVma2J3EAE,A. Syarief Hidayat,5,,setahun lalu,5,5,5,Saoenk Cobek Perintis,Google Maps,2026-05-14 19:21:18
ChZDSUhNMG9nS0VJQ0FnSURmN0x1RlRBEAE,Fakhri Athallah,5,"Terima kasih atas pelayanan yg sangat memuaskan terutama yg melayani kami di meja 16 atas nama mba era, makanannya jg enak smua..",setahun lalu,5,5,5,Saoenk Cobek Perintis,Google Maps,2026-05-14 19:21:42
ChZDSUhNMG9nS0VJQ0FnSURmMUotT0JREAE,Echy Azs,3,"Makanan enak.
Pelayan nya ji yg miskom, pesan ayam bakar ternyata tidak ada tpi tdk di konfirmasi ulang jadi lama sekali menunggu.",setahun lalu,4,3,4,Saoenk Cobek Perintis,Google Maps,2026-05-14 19:21:42
ChdDSUhNMG9nS0VJQ0FnSURmNE5pLWdnRRAB,Arif Burhan,1,"HARGA TIDAK SESUAI DI LIST HARGA

HARGA IKAN DIAWAL DISAMPAIKAN BERBEDA DENGAN HARGA SAAT DIBAYAR

LAST TERAKHIR KESINI",setahun lalu,,,,Saoenk Cobek Perintis,Google Maps,2026-05-14 19:21:42
ChdDSUhNMG9nS0VJQ0FnSURmZ0tiNHRnRRAB,Muhaimin Nasir13,5,fitri: Pelayanan memuaskan,setahun lalu,5,5,5,Saoenk Cobek Perintis,Google Maps,2026-05-14 19:21:42
ChdDSUhNMG9nS0VJQ0FnSUNmaDUzTGl3RRAB,Lucia Sri Lestari,5,"Makanan enak, ikan rica parape enak sekali. Sudah 3x kesini.pelayannya Dek Era baik ramah juga. Terimakasih  ya.",setahun lalu,5,5,5,Saoenk Cobek Perintis,Google Maps,2026-05-14 19:21:42
ChdDSUhNMG9nS0VJQ0FnSUNmczhfX3hRRRAB,Stella Maria,5,Makanannya enak pelayannya baik dan ramahh mba ica,setahun lalu,5,5,5,Saoenk Cobek Perintis,Google Maps,2026-05-14 19:21:42
ChZDSUhNMG9nS0VJQ0FnSUNmMDhPOGVnEAE,Hatta Rachman,4,"bagus untuk kulineran keluarga, tempatnya bagus",setahun lalu,4,4,4,Saoenk Cobek Perintis,Google Maps,2026-05-14 19:21:42
ChdDSUhNMG9nS0VJQ0FnSUNmazZIbDhBRRAB,Rasyidahwati,5,"Makanannya enak, tempat nyaman, pelayanan baik, ramah dan cepat oleh kak era, semoga tetap semangat kerjanya dan restorannya semakin baik dan ada tempat bermain untuk anak",setahun lalu,5,5,4,Saoenk Cobek Perintis,Google Maps,2026-05-14 19:21:42
ChZDSUhNMG9nS0VJQ0FnSUNmX2FlUUpREAE,Kama Riah,5,"Baru sempat ksi reviewnya sudah janji kemarin. Pelayanan kak Era the best bintang full. Ramah, kompak dilayani sangat baik, meskipun sangat ramai. Makanan Juga enak, tempat bersih suasana nyaman. 👍",setahun lalu,5,5,5,Saoenk Cobek Perintis,Google Maps,2026-05-14 19:21:42
ChZDSUhNMG9nS0VJQ0FnSUNmamQzVWVBEAE,sesilia datulabi,5,"Pelayanan kakak era terbaiqq, ramah, satset🫶
Makanan enak2, recomended",setahun lalu,5,5,5,Saoenk Cobek Perintis,Google Maps,2026-05-14 19:21:42
ChdDSUhNMG9nS0VJQ0FnSUNmamEyX3lBRRAB,Andi Nasyrah,5,"Pelayanan nya terbaik, terimakasih buat kak fatur. Di pertahankan terus buat semua nya",setahun lalu,4,4,4,Saoenk Cobek Perintis,Google Maps,2026-05-14 19:22:06
ChdDSUhNMG9nS0VJQ0FnSUNmbGJmcnRnRRAB,Emy Emmyah,5,"Tempatx nyaman, bersih dan ada musollahx
Makananx sesuai selera… enak.. terima kasih bu Irma…",setahun lalu,5,5,5,Saoenk Cobek Perintis,Google Maps,2026-05-14 19:22:06
ChZDSUhNMG9nS0VJQ0FnSUNmbFpmbWV3EAE,Mia Mia,5,,setahun lalu,5,5,5,Saoenk Cobek Perintis,Google Maps,2026-05-14 19:22:06
ChZDSUhNMG9nS0VJQ0FnSUNmbGJYaUR3EAE,kurnia naim,5,,setahun lalu,5,5,5,Saoenk Cobek Perintis,Google Maps,2026-05-14 19:22:06
ChdDSUhNMG9nS0VJQ0FnSUNmMmJlNGxRRRAB,Hasan Basri,3,"Harga makanannya cukup mahal untuk kunjungan bersama keluarga, tapi jika hanya cari suasana yang nyaman, tempat ini bisa jadi pilihan..
Ada kolam ikan dan gazebo kayu, juga parkiran yg luas",setahun lalu,2,4,4,Saoenk Cobek Perintis,Google Maps,2026-05-14 19:22:06
ChZDSUhNMG9nS0VJQ0FnSUNmaWVTSlBnEAE,Ima Ima,5,"Makanan enak bangetttt, pelayanan luar biasa, susana tenang dan sangat ramah",setahun lalu,5,5,4,Saoenk Cobek Perintis,Google Maps,2026-05-14 19:22:06
ChZDSUhNMG9nS0VJQ0FnSUNmOFphWktnEAE,sazthabina ranteallo,5,Terima kasih Dek Era sudah dilayani dengan baik. Mantap,setahun lalu,5,5,5,Saoenk Cobek Perintis,Google Maps,2026-05-14 19:22:06
ChZDSUhNMG9nS0VJQ0FnSUNmX3NUVWFBEAE,Yunita Fatmi Ramadhani,5,"Mantep banget makan disini, suasananya oke, dan makanan yang disediakan juga enak-enak tdk mengecewakan dan juga pelayanan dari kak ilyan bagus dan juga para karyawan lainnya menyapa pengunjung dengan ramah 👍👍.",setahun lalu,5,5,5,Saoenk Cobek Perintis,Google Maps,2026-05-14 19:22:06
ChdDSUhNMG9nS0VJQ0FnSUNmX29qWG5nRRAB,Fatimah Fatimah,5,"Tempatnya bagus, suasananya oke, pelayanannya juga oke dan karyawan juga ramah-ramah dengan pengunjung bahkan makanannya pun enak-enak👍.",setahun lalu,5,5,5,Saoenk Cobek Perintis,Google Maps,2026-05-14 19:22:06
ChZDSUhNMG9nS0VJQ0FnSUNmN3J2cFNnEAE,Nurfadillah Rahma Sari,5,Pelayanan kak ilyan mantap dan recomended untuk makan bersama keluarga.,setahun lalu,4,5,4,Saoenk Cobek Perintis,Google Maps,2026-05-14 19:22:06
ChZDSUhNMG9nS0VJQ0FnSUNmN3J1T0tREAE,Nurhasanah Wirasari,5,rekomendedd untuk family dinneer,setahun lalu,5,5,5,Saoenk Cobek Perintis,Google Maps,2026-05-14 19:22:33
ChZDSUhNMG9nS0VJQ0FnSUNmN3NxWVRBEAE,asma jaya,5,Recommended. Masakan nya enak. Pelayannya kak Era orgnya ramah,setahun lalu,5,5,5,Saoenk Cobek Perintis,Google Maps,2026-05-14 19:22:33
ChZDSUhNMG9nS0VJQ0FnSUNmN29yQ0dnEAE,Pace Gode Gondrong,5,"Rekomended  banget, pelayanan mantap.
Rasanya juga enak.

Makasih mbak ERA 😊😊😊",setahun lalu,5,5,5,Saoenk Cobek Perintis,Google Maps,2026-05-14 19:22:33
ChRDSUhNMG9nS0VJQ0FnSUNmanVrchAB,Ratna Abbas,5,,setahun lalu,5,5,5,Saoenk Cobek Perintis,Google Maps,2026-05-14 19:22:33
ChZDSUhNMG9nS0VJQ0FnSUNmaHJ2UUNREAE,mega silvia,5,"Mantaps
Terimakasih pelayanannya Kak Serly",setahun lalu,5,5,5,Saoenk Cobek Perintis,Google Maps,2026-05-14 19:22:33
ChZDSUhNMG9nS0VJQ0FnSUNmaHF2bGZnEAE,Andhy Bilal,4,"Dari segi viewnya bagus, pelayanannya bagus, klw dari segi makanan agak pricey jika dibandingkan dengan rasanya tapi yah lumayanlah",setahun lalu,4,5,5,Saoenk Cobek Perintis,Google Maps,2026-05-14 19:22:33
ChZDSUhNMG9nS0VJQ0FnSUNmaHB5b0lREAE,dewi rahayu,5,"Makanan is the best, pelayanan Era bagus. Di rekomendasikan yg enak. Tempatnya nyaman bersih. Layannan sangt memuaskan. Kompak selalu.",setahun lalu,5,5,5,Saoenk Cobek Perintis,Google Maps,2026-05-14 19:22:33
ChZDSUhNMG9nS0VJQ0FnSUNmLW91UkRnEAE,WahidaGusnawati Dikbud,5,Era dan kekurangannya klo weekend ada menu yg tdk tersedia padahal itu mwnu favorit anak anak,setahun lalu,5,5,4,Saoenk Cobek Perintis,Google Maps,2026-05-14 19:22:33
ChdDSUhNMG9nS0VJQ0FnSUNmLXRpTXR3RRAB,Eileen Euides,5,"Makananya enak
Pelayanan ramah

Good job waiter Icha",setahun lalu,5,5,5,Saoenk Cobek Perintis,Google Maps,2026-05-14 19:22:33
ChdDSUhNMG9nS0VJQ0FnSUNmLXBpdW5RRRAB,William Bunga Datu,5,"Semua menu enak dan rekomended terutama ikan segar semua,

Minuman favorit sih es kelapa muda pake gulmer

Thanks to Waittres Icha",setahun lalu,5,5,5,Saoenk Cobek Perintis,Google Maps,2026-05-14 19:22:33
ChZDSUhNMG9nS0VJQ0FnSUNmdXFuTk9BEAE,ISMAIL ISMAIL,5,"Sangat ramah pelayanannya, makanannya pun enak2 sesuai selera…
Buat waitersnya kk ica trm kasih pelayanan primanya… semangattt…",setahun lalu,,,,Saoenk Cobek Perintis,Google Maps,2026-05-14 19:22:57
ChZDSUhNMG9nS0VJQ0FnSUNmdXA2S1BBEAE,amursydatul Jannah hamzah,5,Pelayanan sangat baik makanan enak. Thnks mba Era dan tim,setahun lalu,5,5,5,Saoenk Cobek Perintis,Google Maps,2026-05-14 19:22:57
ChRDSUhNMG9nS0VJQ0FnSUNmMnB3VhAB,Andi Ildha,5,"Makanan favorit anak2 saya kakap fillet tepung 👍 selalu pesan ini kalau kesini, buncis telur asinnya jg enak. Pelayanannya jg bagus, atas nama mas Ilyan terima kasih pelayanannya.",setahun lalu,5,5,5,Saoenk Cobek Perintis,Google Maps,2026-05-14 19:22:57
ChdDSUhNMG9nS0VJQ0FnSUNmbXNDdWlBRRAB,Siti Zaenab,5,,setahun lalu,,,,Saoenk Cobek Perintis,Google Maps,2026-05-14 19:22:57
ChZDSUhNMG9nS0VJQ0FnSUNma3JqVEtnEAE,nouva angel,5,"Makanan enak, tp ikan bakar rica, pedes bgt. Service mas Daniel ok",setahun lalu,4,5,4,Saoenk Cobek Perintis,Google Maps,2026-05-14 19:22:57
ChZDSUhNMG9nS0VJQ0FnSUNma3VpcklREAE,Vifiana Sallata,5,"Ilyan mantap pelayannya, makanannya mantap, enak suasananya",setahun lalu,,,,Saoenk Cobek Perintis,Google Maps,2026-05-14 19:22:57
ChZDSUhNMG9nS0VJQ0FnSUNma3JDWUV3EAE,Edgar Zamen Aloi Valid,5,,setahun lalu,,,,Saoenk Cobek Perintis,Google Maps,2026-05-14 19:22:57
ChZDSUhNMG9nS0VJQ0FnSUNmNG8tQVRREAE,Mardiah Kadir,5,Serly...pelayananannya bagus dan ramah👍👍👍,setahun lalu,4,5,5,Saoenk Cobek Perintis,Google Maps,2026-05-14 19:22:57
ChZDSUhNMG9nS0VJQ0FnSUNmNHNlT05nEAE,Wahyuddin Ramli15,5,Plyan supriadi sngat baik,setahun lalu,4,4,5,Saoenk Cobek Perintis,Google Maps,2026-05-14 19:22:57
ChdDSUhNMG9nS0VJQ0FnSUNmdk1iUHpBRRAB,Melda Putri,5,"Makanannya enak, tempatnya bersih dan asri, pelayanan ramah,terima kasih kak ERA atas pelayanannya yg ramah dan gercep walaupun makanannya agak sedikit telat keluar...overall puas makan di saoenk cobek perintis🙏🏻😊",setahun lalu,5,5,5,Saoenk Cobek Perintis,Google Maps,2026-05-14 19:22:57
ChZDSUhNMG9nS0VJQ0FnSUNmMU9UMkN3EAE,Quinsha Afifah,5,,setahun lalu,,,,Saoenk Cobek Perintis,Google Maps,2026-05-14 19:23:24
ChZDSUhNMG9nS0VJQ0FnSUNmbE51VkF3EAE,Syahrul,5,"Pelayanannya bagus senyum terus
-Ilyan",setahun lalu,5,5,5,Saoenk Cobek Perintis,Google Maps,2026-05-14 19:23:24
ChZDSUhNMG9nS0VJQ0FnSUNmbEk3eVZ3EAE,Rahmaniya,5,Pelayanan yang diberikan oleh saudari fitri cukup ramah dan memuaskan,setahun lalu,5,5,5,Saoenk Cobek Perintis,Google Maps,2026-05-14 19:23:24
ChdDSUhNMG9nS0VJQ0FnSUNmNUx5U3dRRRAB,Rona Cholydia,5,"Honest review‼️ waktu awal buka banyak minus nya. mulai dari pelayanannya yg sangat lambat sampai nunggu berjam-jam, makanannya juga waktu itu sy pesan ikan bakar sangat kurang, mungkin karna masih menyesuaikan baik dri resto/karyawannya.
Tapi sy sekeluarga kembali coba, sangat jauh lebih bagus dari yang kemarin 🤩 sekarang malah jadi tempat dinner fav kluarga, pelayanannya gercep bangeet mau di restonya langsung / pesan online lewat WA. Untuk kualitas makanan juga smakin meningkat. Good job saoenk cobek ⭐️⭐️⭐️⭐️⭐️",setahun lalu,5,5,5,Saoenk Cobek Perintis,Google Maps,2026-05-14 19:23:24
ChdDSUhNMG9nS0VJQ0FnSUNmcFBLYjlBRRAB,Nur Aena,5,"Supriadi sebagai wt sesuai expectasi, good job... di pertahankan bahkan trus ditingkatkan.",setahun lalu,5,5,5,Saoenk Cobek Perintis,Google Maps,2026-05-14 19:23:24
ChdDSUhNMG9nS0VJQ0FnSUR2bjRDbzFBRRAB,Muhammad Indar Abidin,5,"Makanan dan minuman enak, tmpt bagus pelayan Mba era baik, ramah.",setahun lalu,5,5,5,Saoenk Cobek Perintis,Google Maps,2026-05-14 19:23:24
ChZDSUhNMG9nS0VJQ0FnSUR2cjhLSFVnEAE,Aprilya Inayah,5,Pelayanannya sangat bagus terutama kak fitri,setahun lalu,5,5,5,Saoenk Cobek Perintis,Google Maps,2026-05-14 19:23:24
ChdDSUhNMG9nS0VJQ0FnSUR2ejRpQ3hnRRAB,St. Muthmainnah Mustafa Kamal,5,"Pelayanan Kak selly bintang 5, makann juga untuk rasa sangat enak, gak asin, gak terllau manis, pas!

Thank u, kami akan dtg lagi",setahun lalu,5,5,5,Saoenk Cobek Perintis,Google Maps,2026-05-14 19:23:24
ChdDSUhNMG9nS0VJQ0FnSUR2ajUzUzV3RRAB,Kristiani Adiyasa,5,Ilyan pelayanannya sangat baik dan ramah,setahun lalu,5,5,5,Saoenk Cobek Perintis,Google Maps,2026-05-14 19:23:24
ChdDSUhNMG9nS0VJQ0FnSUR2OTl2UHdRRRAB,Nur Afifah Putri Rivai,5,Tempat dan pelayanan bagus,setahun lalu,5,5,5,Saoenk Cobek Perintis,Google Maps,2026-05-14 19:23:24
ChZDSUhNMG9nS0VJQ0FnSUR2dTVlbkdREAE,Zakiah Bonang,5,Plyan supriadi sngat baik,setahun lalu,5,5,5,Saoenk Cobek Perintis,Google Maps,2026-05-14 19:23:53
ChdDSUhNMG9nS0VJQ0FnSUR2dTZ1eTZBRRAB,Arham Arham,5,"Pallumaranya enak, ikan bakarnya enak. Direkomendasikan menu yang enak oleh Pelayannya Era.",setahun lalu,5,5,5,Saoenk Cobek Perintis,Google Maps,2026-05-14 19:23:53
ChdDSUhNMG9nS0VJQ0FnSUR2Njl1QTdRRRAB,Desarmini Kelas B,5,"Alhamdulillah luar biasa menikmati menu makanan yg enak di saoenk cobek perintis dengan pelayanan yg baik dari mbak sherly, semoga semakin meningkatkan kualitas dan mutu.",setahun lalu,5,5,5,Saoenk Cobek Perintis,Google Maps,2026-05-14 19:23:53
ChZDSUhNMG9nS0VJQ0FnSUR2NjlENVJREAE,Batari Ibrahim,5,"Petugas pelayanan ramah terimakasih mas dhani, untuk menu makanan dan suasananya amat sangat rekomended sih",setahun lalu,5,5,5,Saoenk Cobek Perintis,Google Maps,2026-05-14 19:23:53
ChZDSUhNMG9nS0VJQ0FnSUR2eTktdkZnEAE,Wahyuni Sirajuddin,5,pelayanan atas nama ilyan sangat baik,setahun lalu,5,5,5,Saoenk Cobek Perintis,Google Maps,2026-05-14 19:23:53
ChdDSUhNMG9nS0VJQ0FnSUR2aS11ZjRRRRAB,MUSTAWA MURSALIN,5,Terimakasih kak Sherly atas pelayanannya,setahun lalu,5,5,5,Saoenk Cobek Perintis,Google Maps,2026-05-14 19:23:53
ChdDSUhNMG9nS0VJQ0FnSUR2dzlXRjhnRRAB,dewi yana,5,Pelyan supriadi sngant  bgus,setahun lalu,4,4,4,Saoenk Cobek Perintis,Google Maps,2026-05-14 19:23:53
ChZDSUhNMG9nS0VJQ0FnSUR2ZzQtTFhREAE,Rama Payangan,5,"Makananya ok, pelayannya mantap kak serly",setahun lalu,5,5,5,Saoenk Cobek Perintis,Google Maps,2026-05-14 19:23:53
ChZDSUhNMG9nS0VJQ0FnSUR2X2Z1OUFREAE,a. musfirah,5,Pelayanan dari Danil n alwin sangatt mantapp👍,setahun lalu,5,5,5,Saoenk Cobek Perintis,Google Maps,2026-05-14 19:23:53
ChdDSUhNMG9nS0VJQ0FnSUR2dmYyc3FBRRAB,yunita Boron,5,"Makanannya enak, pelayan nya ramah she name is sherly👍👍👍👍",setahun lalu,5,5,4,Saoenk Cobek Perintis,Google Maps,2026-05-14 19:23:53
ChZDSUhNMG9nS0VJQ0FnSUR2dmZXRGJ3EAE,Alfitra Wansyah,5,Ilyan yang terbaik,setahun lalu,5,5,5,Saoenk Cobek Perintis,Google Maps,2026-05-14 19:24:20
ChdDSUhNMG9nS0VJQ0FnSUR2M2RIVjdBRRAB,Abi Altaf,5,"Pelayanan sngat memuaskan...
Tks Era. Pelayanan nnya sangat bagus. Cekatan dan sesuai pesanan
Tempat ok banget.
Rekomended place. Good 👍",setahun lalu,5,5,5,Saoenk Cobek Perintis,Google Maps,2026-05-14 19:24:20
ChZDSUhNMG9nS0VJQ0FnSUR2MWZqX1lBEAE,idamaru dondi,5,"Kami sangat puas dengan pelayanan waiters mas Daniel
Semoga sehat selalu👍👍👍",setahun lalu,5,5,5,Saoenk Cobek Perintis,Google Maps,2026-05-14 19:24:20
ChdDSUhNMG9nS0VJQ0FnSUR2bGI2OTRnRRAB,Ariyanti Syamsir,5,Pelayanannya kak illyan baguss ramah👍🏻makanannya enak,setahun lalu,5,5,5,Saoenk Cobek Perintis,Google Maps,2026-05-14 19:24:20
ChdDSUhNMG9nS0VJQ0FnSUR2bGRhNmtRRRAB,Ayuandin01,5,"Pelayanan kak ilyan sangat bagus m, perfect pokoknya dan smua karyawan lain  jg ramah 😍makanannya mantap betul🥰👍🏻👍🏻",setahun lalu,5,5,5,Saoenk Cobek Perintis,Google Maps,2026-05-14 19:24:20
ChdDSUhNMG9nS0VJQ0FnSUR2bGFheTZBRRAB,0001 Sri Wulandari,5,pelayanan kak ilyan sangat baik dan sangat ramah,setahun lalu,5,5,5,Saoenk Cobek Perintis,Google Maps,2026-05-14 19:24:20
ChZDSUhNMG9nS0VJQ0FnSUR2bFp6c0x3EAE,Anita Fauzyah,4,"Makanannya enak dan pelayanan sangat bagus dan cepat

Ica",setahun lalu,5,5,4,Saoenk Cobek Perintis,Google Maps,2026-05-14 19:24:20
ChdDSUhNMG9nS0VJQ0FnSUR2bGVEMWp3RRAB,Idar daffa,5,Pelayanan nunu ramah,setahun lalu,5,5,5,Saoenk Cobek Perintis,Google Maps,2026-05-14 19:24:20
ChZDSUhNMG9nS0VJQ0FnSUR2NVlQN1BREAE,Eko Wardana Saputra,5,,setahun lalu,,,,Saoenk Cobek Perintis,Google Maps,2026-05-14 19:24:20
ChZDSUhNMG9nS0VJQ0FnSUR2NWJpQWJREAE,Nurul Akbar,5,"Makanannya enak. Pelayanan cepat ramah. Ada taman buat anak lari2. Mantap pokoknya...

Terimakasih service excelence nya kak icha 🙏",setahun lalu,5,5,5,Saoenk Cobek Perintis,Google Maps,2026-05-14 19:24:20
ChdDSUhNMG9nS0VJQ0FnSUR2cGM3MDRBRRAB,Agus Rahmat,5,Ilyan,setahun lalu,5,5,5,Saoenk Cobek Perintis,Google Maps,2026-05-14 19:24:43
ChZDSUhNMG9nS0VJQ0FnSUR2cFlhUlRREAE,Andi Irwansyah,5,,setahun lalu,,,,Saoenk Cobek Perintis,Google Maps,2026-05-14 19:24:43
ChZDSUhNMG9nS0VJQ0FnSUR2eGNialZ3EAE,Hidayati Tati,5,"Alhamdulillah bagus, tidak kena hujan. Pelayannya bagus, baik cantik Terima kasih dek Era ya. Nanti kapan"" Kembali lagi.",setahun lalu,5,5,5,Saoenk Cobek Perintis,Google Maps,2026-05-14 19:24:43
ChdDSUhNMG9nS0VJQ0FnSUR2aGQ3RmpnRRAB,muhamad asri,5,Alhamdulillah pelayanannya mantap. Makannya juga enak. Tingkatkan lagi pelayannya nak era. Terima kasih.,setahun lalu,5,5,5,Saoenk Cobek Perintis,Google Maps,2026-05-14 19:24:43
ChZDSUhNMG9nS0VJQ0FnSUR2LVpXZ0F3EAE,Go Tv,5,Tempat enak buat makan sama keluarga dan makanannya enak .supriadi,setahun lalu,5,5,5,Saoenk Cobek Perintis,Google Maps,2026-05-14 19:24:43
ChdDSUhNMG9nS0VJQ0FnSUR2aVlTNl93RRAB,King Dhaniel,5,"Kali Pertama Kesini Malah Langsung Sukaaaa Weh......pelayanannya omg Aduhaiiiiii bagussss ""WT"" atas nama Azizaa Mantaapp",setahun lalu,5,,,Saoenk Cobek Perintis,Google Maps,2026-05-14 19:24:43
ChZDSUhNMG9nS0VJQ0FnSUR2aWRpNVFnEAE,Yana Natsrun,5,"Pelayanan nya sangat""memuaskan , terutama karyawannya . Atas nama ..Azizah",setahun lalu,5,5,5,Saoenk Cobek Perintis,Google Maps,2026-05-14 19:24:43
ChZDSUhNMG9nS0VJQ0FnSUR2OGNhQWZ3EAE,Nur Suffa,5,Bagus pelayanannya kak sherly,setahun lalu,,,,Saoenk Cobek Perintis,Google Maps,2026-05-14 19:24:43
ChZDSUhNMG9nS0VJQ0FnSUR2c2QteFdREAE,A. Nur Ildha Arfanita,5,"Makanannya enak enak, pelayanannya ramah, teruma waiternya yg namanya mas Fathur tadi ngehandle dengan cekatan dan sopan🙏🏻 makasih saoenk cobek perintis 😊",setahun lalu,5,5,5,Saoenk Cobek Perintis,Google Maps,2026-05-14 19:24:43
ChdDSUhNMG9nS0VJQ0FnSUR2MGVPWC13RRAB,Muh ikhsan Said,5,"Makanan dan
Pelayanan mbak era sangt baik.ramah dan cepat.terima kasih bnyk.",setahun lalu,5,5,5,Saoenk Cobek Perintis,Google Maps,2026-05-14 19:24:43
ChZDSUhNMG9nS0VJQ0FnSUR2MGNQMlJBEAE,Muhammad Ikhsan Mappaenre,5,Mantap pelayanannya pak supriadi dan tim,setahun lalu,5,5,5,Saoenk Cobek Perintis,Google Maps,2026-05-14 19:25:08
ChdDSUhNMG9nS0VJQ0FnSUR2a1l2YWpBRRAB,Rustan Sayuti,5,"Nasinya kurang bisa di nikmati
Makanan bisa beesaing kwalitaa dan kebersihan ok, serly",setahun lalu,5,5,5,Saoenk Cobek Perintis,Google Maps,2026-05-14 19:25:08
ChZDSUhNMG9nS0VJQ0FnSUR2a1k2ZUdnEAE,Fatmawati Bachtiar,5,Enak.. Terimakasih pelayanannya kak fathur dan kak era...,setahun lalu,5,5,5,Saoenk Cobek Perintis,Google Maps,2026-05-14 19:25:08
ChZDSUhNMG9nS0VJQ0FnSUR2NGVtQU1nEAE,Asiyanthi Tabran Lando,5,"Mantap smuanya, makanan, layanan, dan suasananya.Terima kasih untuk Pak Ilyan, waiter yg bertugas di meja kami",setahun lalu,5,5,5,Saoenk Cobek Perintis,Google Maps,2026-05-14 19:25:08
ChdDSUhNMG9nS0VJQ0FnSUR2NFlHVzNRRRAB,Almira Safwana,5,"Suasana dan makanannya mantap, kolam ikannya bersih. kecepatan masak yg perlu ditingkatkan lagi. Pelayanan para waiter sudah mantap. Terima kasih Pak Ilyan yg sdh bertugas di meja kami.",setahun lalu,5,4,5,Saoenk Cobek Perintis,Google Maps,2026-05-14 19:25:08
ChZDSUhNMG9nS0VJQ0FnSUR2NGFtTVl3EAE,ahmad hideyoshi,5,Keren sekali. Wajar dah bintang lima. Ikannya keren bett! Semangat yaaa!,setahun lalu,5,5,5,Saoenk Cobek Perintis,Google Maps,2026-05-14 19:25:08
ChdDSUhNMG9nS0VJQ0FnSUR2b2JQVTJRRRAB,Valensya Palimbu,5,,setahun lalu,5,5,5,Saoenk Cobek Perintis,Google Maps,2026-05-14 19:25:08
ChdDSUhNMG9nS0VJQ0FnSUR2b2IzeTRnRRAB,Rahma Suardi,5,"Pelayanan bguss, makanan sangat enak, suasana baguss dan sejuk
#NUNU",setahun lalu,5,5,5,Saoenk Cobek Perintis,Google Maps,2026-05-14 19:25:08
ChdDSUhNMG9nS0VJQ0FnSUR2anBQY25BRRAB,fatimah samosir,5,"dari segi makanan dan pelayanan bolehlah, harganya juga lumayan kalau menurutku yah,porsinya besar 😁😁terima kasih bnyak untuk mba titiek atas pelayanannya ramah sekali 🫶🏻🫶🏻🫶🏻🫶🏻🫶🏻",setahun lalu,5,5,5,Saoenk Cobek Perintis,Google Maps,2026-05-14 19:25:08
ChdDSUhNMG9nS0VJQ0FnSUR2OXJERnF3RRAB,Bapel,5,Pelayanan ok .. pelayanan atas nama ilyan,setahun lalu,5,5,5,Saoenk Cobek Perintis,Google Maps,2026-05-14 19:25:08
ChZDSUhNMG9nS0VJQ0FnSUR2OW9DQ1JnEAE,Abdul Mundzir Ibnu Nurdin,5,atas nama itu,setahun lalu,,5,,Saoenk Cobek Perintis,Google Maps,2026-05-14 19:25:35
ChdDSUhNMG9nS0VJQ0FnSUR2NnBLV3pnRRAB,andi alkanarianti,5,"Menu makanan variatif, suasana tempat nyaman dan bersih.supriadi",setahun lalu,5,5,5,Saoenk Cobek Perintis,Google Maps,2026-05-14 19:25:35
ChZDSUhNMG9nS0VJQ0FnSURkaXZIUEt3EAE,meilyana meymey,5,Makasih kk ilyan pelayanan dan makannya baik dan enak,Diedit setahun lalu,5,5,5,Saoenk Cobek Perintis,Google Maps,2026-05-14 19:25:35
ChdDSUhNMG9nS0VJQ0FnSUR2cXJPdV93RRAB,mediany juliaty,5,Makanannya enak dan pelayan atas nama Ilyan ramah dan baik hati,setahun lalu,,5,,Saoenk Cobek Perintis,Google Maps,2026-05-14 19:25:35
ChZDSUhNMG9nS0VJQ0FnSUN2elozdmVREAE,Hasni Hamdani Azis,5,,setahun lalu,5,2,5,Saoenk Cobek Perintis,Google Maps,2026-05-14 19:25:35
ChdDSUhNMG9nS0VJQ0FnSUN2aWVpX2pnRRAB,Irfan Thariq,5,,setahun lalu,4,3,4,Saoenk Cobek Perintis,Google Maps,2026-05-14 19:25:35
ChdDSUhNMG9nS0VJQ0FnSUN2cnRicHFRRRAB,Noer Mauliya B,1,"Makanan sangat lama dtng, mengecewakan",setahun lalu,,1,,Saoenk Cobek Perintis,Google Maps,2026-05-14 19:25:35
ChZDSUhNMG9nS0VJQ0FnSUN2c3AyRVVnEAE,Luthfiah Arradiah,5,,setahun lalu,5,5,5,Saoenk Cobek Perintis,Google Maps,2026-05-14 19:25:35
ChdDSUhNMG9nS0VJQ0FnSUN2d291X3d3RRAB,Riswan Ardiansyah,2,"Terlalu mahal,nda sesuai untuk dompet2 mahasiswa,baru lama skli penyajiannya, masa ikannya sebesar tangan orang dewasa harganya 100, bandengnya 50",setahun lalu,1,1,1,Saoenk Cobek Perintis,Google Maps,2026-05-14 19:25:35
ChZDSUhNMG9nS0VJQ0FnSUN2NU56Y2RnEAE,muhammad ahlam,1,"Pertama dtng dpt kayawan yg jutek trus,,pesan ikan ternyata kena biaya masak dan itu tdk diinfo sebelumnya atau dicantumksn di menu,,,aneh lucu bin nyata..insyaAllah sy tdk akan datang lagii...",setahun lalu,4,1,4,Saoenk Cobek Perintis,Google Maps,2026-05-14 19:25:35
ChZDSUhNMG9nS0VJQ0FnSURQeXBpemJnEAE,Ir.Ma'mur Ar,4,,setahun lalu,4,4,3,Saoenk Cobek Perintis,Google Maps,2026-05-14 19:25:59
ChZDSUhNMG9nS0VJQ0FnSURQa29EOVd3EAE,Besse Tenri Sanna,1,"Pegawainya tidak ramah, juga piringnya sangat lama di antarkan setelah makanan jdi dan juga mkanan yang sebelumnya tertera hrga 40ribu tpi pas pembayaran naik jdi 43ribu",setahun lalu,,,,Saoenk Cobek Perintis,Google Maps,2026-05-14 19:25:59
ChdDSUhNMG9nS0VJQ0FnSURQNHZfS3RBRRAB,Baso Fajar,1,"restoran tdk layak buka ini mah... merugikan sja, klo mau cepat kmbali modal tdk usah usaha nya jgan dngan pelanggan yg byar mahal2, pajak makannya per porsi loh, adik sya pesan nasi goreng 45k dkasi pajak 3k,, ckckckc parah ya.. semoga cepat tutup dah",setahun lalu,1,1,1,Saoenk Cobek Perintis,Google Maps,2026-05-14 19:25:59
ChZDSUhNMG9nS0VJQ0FnSURQNHZmOFVREAE,Rosdiana Muslimin,1,"Makanan di patok per porsi blum nasi, hrgx mahal.. rasanya biasa aja,, playanan lama keburu lapar, air kolamnya kotor dan berbau,, sdah hujan gazebonya jadi basah",setahun lalu,1,1,1,Saoenk Cobek Perintis,Google Maps,2026-05-14 19:25:59
ChZDSUhNMG9nS0VJQ0FnSURQNHJ1dElBEAE,Besse Salma,1,"no worth it,,, lambat pelayanan menu biasa aja, tdk lagi ksna mkannya, tempatnya org kebasahan krna hujan nembus di gazebo",setahun lalu,1,1,1,Saoenk Cobek Perintis,Google Maps,2026-05-14 19:25:59
ChdDSUhNMG9nS0VJQ0FnSUNQcUpMcXl3RRAB,MSL Productions,5,,setahun lalu,5,5,5,Saoenk Cobek Perintis,Google Maps,2026-05-14 19:25:59
ChdDSUhNMG9nS0VJQ0FnSUQzeGMzODdBRRAB,salmiah made,5,,setahun lalu,5,5,5,Saoenk Cobek Perintis,Google Maps,2026-05-14 19:25:59
ChdDSUhNMG9nS0VJQ0FnSUMzNzZxWXdBRRAB,Amanda Dilcow,5,Bapak kostnya sangat super baik,setahun lalu,,,,Saoenk Cobek Perintis,Google Maps,2026-05-14 19:25:59
ChdDSUhNMG9nS0VJQ0FnSUMzdWVYOTB3RRAB,Idhe. Sueb,1,Pelayanan kurang bagus,setahun lalu,1,1,4,Saoenk Cobek Perintis,Google Maps,2026-05-14 19:25:59
ChZDSUhNMG9nS0VJQ0FnSURYeWJ5N1dBEAE,Thytaa,1,,setahun lalu,1,1,1,Saoenk Cobek Perintis,Google Maps,2026-05-14 19:25:59
ChdDSUhNMG9nS0VJQ0FnSURYeU83NV9RRRAB,Alvian topalette,5,,setahun lalu,,5,5,Saoenk Cobek Perintis,Google Maps,2026-05-14 19:26:22
ChdDSUhNMG9nS0VJQ0FnSUNYd3Zpd19RRRAB,Dewi Anggita,1,Sangat kecewa dengan tempat ini krna pesanan datangnya sangat lama. Saya menunggu 1 jam bru dtg makanannya. Itupun pesanannya salah. Saya pesan air mineral dan ternyata tidak di input terpaksa saya pesan ulang. Ikannya saya minta sambalnya pisah malah di campur. Suasana sangat tidak nyaman. Mati lampu dan banyak nyamuk. Pelayan perempuannya judes. Untungnya ada satu pelayan yg baik dan ramah. Mikir mikir lagi deh kalau mau makan disini.,setahun lalu,,,,Saoenk Cobek Perintis,Google Maps,2026-05-14 19:26:22
ChdDSUhNMG9nS0VJQ0FnSURudlk2RGpBRRAB,Heru pigeon999,4,,setahun lalu,4,4,4,Saoenk Cobek Perintis,Google Maps,2026-05-14 19:26:22
ChZDSUhNMG9nS0VJQ0FnSURuMGVTc0tREAE,Harun Hakim,5,Tempat makan area perintis makassar,setahun lalu,,,,Saoenk Cobek Perintis,Google Maps,2026-05-14 19:26:22
ChZDSUhNMG9nS0VJQ0FnSUNucllqRkx3EAE,Nurul Khasana,5,,setahun lalu,,,,Saoenk Cobek Perintis,Google Maps,2026-05-14 19:26:22
ChdDSUhNMG9nS0VJQ0FnSUNuMGRMdXd3RRAB,Herson Tanzil,3,"Ikan tidak fresh, makanan lama dihidangkan",setahun lalu,3,2,3,Saoenk Cobek Perintis,Google Maps,2026-05-14 19:26:22
ChZDSUhNMG9nS0VJQ0FnSUNua3A3REJREAE,Andi Akhfamega Alimin,5,,setahun lalu,,,,Saoenk Cobek Perintis,Google Maps,2026-05-14 19:26:22
ChdDSUhNMG9nS0VJQ0FnSURIbHVMR2pRRRAB,Sam Samuanik,3,"Salah satu menu paketan terbaik untuk acara ramai-ramai. Menu seafoodnya enak-enak, ayam dan cuminya unexpectedly lembut banget. Suasananya OKE, kolam-kolam ikan, tapi kotor. Tolong dibersihkan. Kekurangannya nunggu pesanannya LAMA banget.",setahun lalu,5,1,4,Saoenk Cobek Perintis,Google Maps,2026-05-14 19:26:22
ChZDSUhNMG9nS0VJQ0FnSURIb3BtOU93EAE,Sigit Sivava 54TRIA,5,"Cumi telor asinnya mantap
Sayang pilihan sambalnya kurang banyak, ga ada sambal dabu dagunya padahal sambal ini cocok untuk ikan bakar nya",setahun lalu,5,5,5,Saoenk Cobek Perintis,Google Maps,2026-05-14 19:26:22
ChdDSUhNMG9nS0VJQ0FnSURIbUt5TWt3RRAB,Dr Husain As MPd,5,Sy sarankan agar ada petugas yg selalu siap siaga jika pelanggan membutuhkan tambahan makanan dsb.😃,setahun lalu,4,4,5,Saoenk Cobek Perintis,Google Maps,2026-05-14 19:26:22
ChdDSUhNMG9nS0VJQ0FnSUNIMWQtWDVBRRAB,Aryandhi,5,Makanan & pelayanan mantap 👍👍👍👍,setahun lalu,5,5,5,Saoenk Cobek Perintis,Google Maps,2026-05-14 19:26:53
ChdDSUhNMG9nS0VJQ0FnSUNIMWUtQ3l3RRAB,Safitri Ramadewi,5,Pallumaramnya enak sekali.,setahun lalu,5,5,5,Saoenk Cobek Perintis,Google Maps,2026-05-14 19:26:53
ChZDSUhNMG9nS0VJQ0FnSUNIMVktaEN3EAE,nani ramli,5,Enak makanannya apa lgi smoothis mangganya,setahun lalu,5,5,5,Saoenk Cobek Perintis,Google Maps,2026-05-14 19:26:53
ChdDSUhNMG9nS0VJQ0FnSUNIMVktQjRBRRAB,Roberthon Doni,5,,setahun lalu,5,5,5,Saoenk Cobek Perintis,Google Maps,2026-05-14 19:26:53
ChdDSUhNMG9nS0VJQ0FnSUNIMVplaHh3RRAB,Nur Rahmadanii,5,Ikan kakap bakar rica parapenya enak,setahun lalu,5,5,5,Saoenk Cobek Perintis,Google Maps,2026-05-14 19:26:53
ChZDSUhNMG9nS0VJQ0FnSUNIMWJmd2JBEAE,Kurniawati Baharuddin,5,Makanan enak recomend banget buat acara keluarga,setahun lalu,5,5,5,Saoenk Cobek Perintis,Google Maps,2026-05-14 19:26:53
ChdDSUhNMG9nS0VJQ0FnSUNIMWVmVXNBRRAB,Ninis Ninis,5,makanan dan minumannya recomended,setahun lalu,5,5,5,Saoenk Cobek Perintis,Google Maps,2026-05-14 19:26:53
ChdDSUhNMG9nS0VJQ0FnSUNIMWZhbWhRRRAB,Auliyah tussaleha,5,Pallumaranya enak,setahun lalu,5,5,5,Saoenk Cobek Perintis,Google Maps,2026-05-14 19:26:53
ChZDSUhNMG9nS0VJQ0FnSUNIMWFMckhBEAE,arham Triady,5,Makananya enak apa lagi masak wokunya,setahun lalu,5,5,5,Saoenk Cobek Perintis,Google Maps,2026-05-14 19:26:53
ChZDSUhNMG9nS0VJQ0FnSUNIMWFTWWNREAE,Suci trii,5,Minumannya rekomended Skali❤️,setahun lalu,5,5,5,Saoenk Cobek Perintis,Google Maps,2026-05-14 19:26:53
ChZDSUhNMG9nS0VJQ0FnSUNIMWFUSWZREAE,Tri Eko Ramadhan,5,"Tempat bagus, Fasilitas lumayan memadai, di tambah Ada Cafe di sebelah Restoran, jdi setelah makan bisa nongkrong di sebelah",setahun lalu,5,5,5,Saoenk Cobek Perintis,Google Maps,2026-05-14 19:27:23
ChZDSUhNMG9nS0VJQ0FnSUNIMWNpUldnEAE,Alif Taufiq,5,Tempat terbaik untuk kumpul bersama keluarga,setahun lalu,5,5,5,Saoenk Cobek Perintis,Google Maps,2026-05-14 19:27:23
ChdDSUhNMG9nS0VJQ0FnSUNIMWNqV21BRRAB,Aby Aby,5,Kepiting tumpah,setahun lalu,5,5,5,Saoenk Cobek Perintis,Google Maps,2026-05-14 19:27:23
ChZDSUhNMG9nS0VJQ0FnSUNIMWFEZGFnEAE,Ratna Sari,5,Makannya mantap ikannya enak pas di lidah dan pelayanannya cepat,setahun lalu,5,5,5,Saoenk Cobek Perintis,Google Maps,2026-05-14 19:27:23
ChdDSUhNMG9nS0VJQ0FnSUNIMWNEWnF3RRAB,Ansar Ansar,5,Ikan rica parapenya mantap,setahun lalu,5,5,5,Saoenk Cobek Perintis,Google Maps,2026-05-14 19:27:23
ChZDSUhNMG9nS0VJQ0FnSUNIbGMtaEpnEAE,Yusril Asrhari1607,5,Smootise nya enak apa lagi yg mangga,setahun lalu,5,5,5,Saoenk Cobek Perintis,Google Maps,2026-05-14 19:27:23
ChdDSUhNMG9nS0VJQ0FnSUNIbGMtQ2tnRRAB,Serli Bakri,5,"Pallumara bandeng nya sangat enak dan minumannya enak""",setahun lalu,5,5,5,Saoenk Cobek Perintis,Google Maps,2026-05-14 19:27:23
ChZDSUhNMG9nS0VJQ0FnSUNIbGMtc0lBEAE,Muh Syawal,5,Minuman dan makanannya recommended 👍👍,setahun lalu,5,5,5,Saoenk Cobek Perintis,Google Maps,2026-05-14 19:27:23
ChZDSUhNMG9nS0VJQ0FnSUNIbGJmMEpBEAE,Mecarania Hidayat,5,,setahun lalu,5,4,5,Saoenk Cobek Perintis,Google Maps,2026-05-14 19:27:23
ChZDSUhNMG9nS0VJQ0FnSUNIbFplR1R3EAE,Mariaelfianaputri Maria,5,Pallumaranya enak,setahun lalu,5,5,5,Saoenk Cobek Perintis,Google Maps,2026-05-14 19:27:23
ChZDSUhNMG9nS0VJQ0FnSUNIbGVmZmJBEAE,capss,5,,setahun lalu,5,5,5,Saoenk Cobek Perintis,Google Maps,2026-05-14 19:27:53
ChdDSUhNMG9nS0VJQ0FnSUNIbFl1RGhRRRAB,Rahmat Rahmat,5,Manggo smootisenya enak,setahun lalu,5,5,5,Saoenk Cobek Perintis,Google Maps,2026-05-14 19:27:53
ChdDSUhNMG9nS0VJQ0FnSUNIbGZPZHhnRRAB,Irwandi Irwandi,5,Alpukat smoothie enak sekali,setahun lalu,5,5,5,Saoenk Cobek Perintis,Google Maps,2026-05-14 19:27:53
ChdDSUhNMG9nS0VJQ0FnSUNIbGI3eDRBRRAB,Liha Kahar,5,Pallumaranya enak,setahun lalu,5,5,5,Saoenk Cobek Perintis,Google Maps,2026-05-14 19:27:53
ChZDSUhNMG9nS0VJQ0FnSUNIbFphVVVREAE,Feby Aeni,5,Pallumaranya enak,setahun lalu,5,5,5,Saoenk Cobek Perintis,Google Maps,2026-05-14 19:27:53
ChZDSUhNMG9nS0VJQ0FnSUNIbGNhZ2NREAE,Mhammd AqilFahrian,5,Susananya nyaman dan menarik,setahun lalu,5,5,5,Saoenk Cobek Perintis,Google Maps,2026-05-14 19:27:53
ChZDSUhNMG9nS0VJQ0FnSUNIbGJydlpnEAE,alif nur jaya,5,suasannya nyaman,setahun lalu,5,5,5,Saoenk Cobek Perintis,Google Maps,2026-05-14 19:27:53
ChRDSUhNMG9nS0VJQ0FnSUNIbGJvWBAB,SINTA FATIKA SARI,5,suasananya nyaman dan menu makanannya enak enak,setahun lalu,5,5,5,Saoenk Cobek Perintis,Google Maps,2026-05-14 19:27:53
ChdDSUhNMG9nS0VJQ0FnSUNIbGFyMmtRRRAB,Jessalyn Roberth,5,Yang mau cari tempat untuk acara makan bersama keluarga tempat ini paling recommended sih. Makanannya enak dan tempatnya luas🥰,setahun lalu,5,5,5,Saoenk Cobek Perintis,Google Maps,2026-05-14 19:27:53
ChZDSUhNMG9nS0VJQ0FnSUNIbFpxYmNREAE,Syahru Ramadhan,5,pohon palem,setahun lalu,5,5,5,Saoenk Cobek Perintis,Google Maps,2026-05-14 19:27:53
ChdDSUhNMG9nS0VJQ0FnSUNIbFpqaHdnRRAB,Bang Mardi,5,Pallumaranya,setahun lalu,5,5,5,Saoenk Cobek Perintis,Google Maps,2026-05-14 19:28:24
ChZDSUhNMG9nS0VJQ0FnSUNIbGNqOFVnEAE,Gika Purnama,5,Masak woku paling top,setahun lalu,5,5,5,Saoenk Cobek Perintis,Google Maps,2026-05-14 19:28:24
ChZDSUhNMG9nS0VJQ0FnSUNIbGJESWNREAE,Tetsuya aa,5,ikan parape no.1,setahun lalu,5,5,5,Saoenk Cobek Perintis,Google Maps,2026-05-14 19:28:24
ChdDSUhNMG9nS0VJQ0FnSUNIbFpET3F3RRAB,Risna 09,5,Layanan bintang 5,setahun lalu,5,5,5,Saoenk Cobek Perintis,Google Maps,2026-05-14 19:28:24
ChdDSUhNMG9nS0VJQ0FnSUNIbGNEX3lnRRAB,Muhammad Edhy,5,"Saos telur asinyaa wah enak bettul
Kepitingnyaa segar2 semua",setahun lalu,5,5,5,Saoenk Cobek Perintis,Google Maps,2026-05-14 19:28:24
ChZDSUhNMG9nS0VJQ0FnSUNINWRmQWNBEAE,Annisa nur Ramadhani,5,enak ki weh makananya disini apa lagi untuk keluarga terima kasih juga untuk pelayanya tadi baik ki weh,setahun lalu,5,5,5,Saoenk Cobek Perintis,Google Maps,2026-05-14 19:28:24
ChZDSUhNMG9nS0VJQ0FnSUNINWFmZFF3EAE,nunu syam.,5,parapenya enak,setahun lalu,5,5,5,Saoenk Cobek Perintis,Google Maps,2026-05-14 19:28:24
ChdDSUhNMG9nS0VJQ0FnSUNINVlmaXFRRRAB,Ilyan Ashary,5,Tempatnya oke rekomen,setahun lalu,5,5,5,Saoenk Cobek Perintis,Google Maps,2026-05-14 19:28:24
ChdDSUhNMG9nS0VJQ0FnSUNINVp1empnRRAB,Indra Vidya Januarita.R,5,Enak mentong ikan parepena,setahun lalu,5,5,5,Saoenk Cobek Perintis,Google Maps,2026-05-14 19:28:24
ChZDSUhNMG9nS0VJQ0FnSUNINWF1U05REAE,Megawati Mega,5,Makanannya enak sekali weh,setahun lalu,5,5,5,Saoenk Cobek Perintis,Google Maps,2026-05-14 19:28:24
ChZDSUhNMG9nS0VJQ0FnSUNIektuUlZ3EAE,Syamsul Bahri,5,,setahun lalu,,,,Saoenk Cobek Perintis,Google Maps,2026-05-14 19:28:50
ChdDSUhNMG9nS0VJQ0FnSUNIak91UTdBRRAB,Muh. Ikbal,5,,setahun lalu,5,5,5,Saoenk Cobek Perintis,Google Maps,2026-05-14 19:28:50
ChZDSUhNMG9nS0VJQ0FnSUM3bmJELVNBEAE,Fadillah Dwiputri,1,Pelayanan nya tidak baik!! Pelanggan merasa diusir! Tdk rekomendasi makan disini! Pergi ke tempat lain saja! Tdk 2x sy dtg kesini. Pdhl baru pertama kali kesini. Diberi kesan tdk baik!,setahun lalu,,,,Saoenk Cobek Perintis,Google Maps,2026-05-14 19:28:50
ChdDSUhNMG9nS0VJQ0FnSUNicnI2WXp3RRAB,Ajeng Kartini,3,,setahun lalu,3,4,3,Saoenk Cobek Perintis,Google Maps,2026-05-14 19:28:50
ChZDSUhNMG9nS0VJQ0FnSUNiNkxibkhREAE,Rezz,5,,setahun lalu,,,,Saoenk Cobek Perintis,Google Maps,2026-05-14 19:28:50
ChdDSUhNMG9nS0VJQ0FnSURyajRPaDdBRRAB,Puspayanti Andi,4,"Tempatnya cukup luas, bersih... Saya tuh klo ke rumah makan, yg pertama saya cek tuh toiletnya., dan disini keren bersih tertata lengkapndgn tisunya... Semoga pelayanan dan kualitas makanannya dipertahankan bahkan ditingkatkan terus yaaa... Akan kembali lg kesini utk acara keluarga berikutnya..",setahun lalu,4,4,4,Saoenk Cobek Perintis,Google Maps,2026-05-14 19:28:50
ChdDSUhNMG9nS0VJQ0FnSURyZy1EVnl3RRAB,busman mo,5,,setahun lalu,5,5,5,Saoenk Cobek Perintis,Google Maps,2026-05-14 19:28:50
ChZDSUhNMG9nS0VJQ0FnSURyMXBYbk9nEAE,Vera Madethen,5,,setahun lalu,5,5,5,Saoenk Cobek Perintis,Google Maps,2026-05-14 19:28:50
ChZDSUhNMG9nS0VJQ0FnSUNsOFo3X0V3EAE,Wahyu Furgani,3,Lamaaaa,Diedit setahun lalu,2,1,3,Saoenk Cobek Perintis,Google Maps,2026-05-14 19:28:50
ChdDSUhNMG9nS0VJQ0FnSURya3JyZi1nRRAB,M'fira Maulani Bebasa,4,"pelayanan ok, ambience ok",setahun lalu,4,4,4,Saoenk Cobek Perintis,Google Maps,2026-05-14 19:28:50
ChZDSUhNMG9nS0VJQ0FnSURyMkpqd0lBEAE,Aconk Nirwan,1,,setahun lalu,1,1,,Saoenk Cobek Perintis,Google Maps,2026-05-14 19:29:17
ChZDSUhNMG9nS0VJQ0FnSUNydF9LRUpBEAE,Andi Kamal,5,,setahun lalu,5,5,5,Saoenk Cobek Perintis,Google Maps,2026-05-14 19:29:17
ChdDSUhNMG9nS0VJQ0FnSUNyNWVtRTB3RRAB,AMR,1,pelayanan kurang baik tdk ada konfirmasi bila makanan kosong,setahun lalu,,1,,Saoenk Cobek Perintis,Google Maps,2026-05-14 19:29:17
ChdDSUhNMG9nS0VJQ0FnSUNydWMtRmlRRRAB,asya amelia,5,"Pertama kali nya datang ke Makassar karena ayah mertua sakit, 5 hari dsini sdh 3 resto yg saya kunjungi, dan saoenk cobek yg mengena di hati saya dan suami, iseng2 lihat di google restoran rekomended yang dekat dengan hotel, tapi lihat rating nya rendah, cuma dari suasana ko saya dan suami sreg, tgl 8 mlm kami putuskan makan mlm dsini, tenyata diluar dugaan, sangat memuaskan, ibu mertua dan ipar pun merasa puas, dan hari ini
Kami putus kan makan siang lagi di sini.
Untuk kami yang tinggal di pulau Jawa (Jakarta) saoenk cobek untuk keseluruhan sangat memuaskan, makanan nya cocok sekali dengan lidah kami, pelayanan nya ok, pegawai nya ramah, suasana nya saya sukaaa banget
Terimakasih saoenk cobek dan semua kru, sampai ketemu di lain kesempatan.",setahun lalu,5,5,5,Saoenk Cobek Perintis,Google Maps,2026-05-14 19:29:17
ChdDSUhNMG9nS0VJQ0FnSUNyN3Mzbjh3RRAB,Fadhliyah Muh. Yusuf,4,pertama kali,setahun lalu,,,,Saoenk Cobek Perintis,Google Maps,2026-05-14 19:29:17
ChdDSUhNMG9nS0VJQ0FnSUNyanIzTXhBRRAB,Khairul Gazali,3,"Rasa dan tekstur makanannya biasa saja.
Terutama menu ikan bakarnya yang rate nya lumayan mahal dengan kualitas yang biasa saja.",setahun lalu,3,4,4,Saoenk Cobek Perintis,Google Maps,2026-05-14 19:29:17
ChZDSUhNMG9nS0VJQ0FnSUNydG9DY0JREAE,Maya Itasari,5,"Udang saus padang enak dan porsinya lumayan banyak. Nasi goreng seafood enak toppingnya udang, cumi, odeng, dan telur.
Minuman aneka jus juga enak dan tdk pakai tambahan gula.
Ikan bakar jga enak.
Tempatnya juga nyaman dan bersih.
Ada toilet dan musholah.
Saran untuk musholah diperhatikan alat sholatnya spya disusun dan disimpan rapih.",setahun lalu,5,5,5,Saoenk Cobek Perintis,Google Maps,2026-05-14 19:29:17
ChZDSUhNMG9nS0VJQ0FnSUNyNU5UVFNBEAE,Andi Fathimah,5,"Makanan dan minumannya enak terus, pelayanan ramah dan ambience tempat cukup bagus.",setahun lalu,4,4,4,Saoenk Cobek Perintis,Google Maps,2026-05-14 19:29:17
ChdDSUhNMG9nS0VJQ0FnSUNMekpMQWhRRRAB,Agung Prawira,3,"Salah satu tempat makan yg ngasih suasana nyaman dan aesthetic buat ngumpul bareng keluarga,teman atau rekan kerja. Tapi kembali lagi ini kan tempat makan yak jdi makanan yang harus jadi main point' dsni. Untuk pelayanan nya cukup baik dan ramah, baru masuk di gerbang udah di datangi karyawan sambil bawa menu.

Suasanya nd usah di tanya lah ya liat saja sendiri. Ada wastafel yang proper di setiap spot

Pesan seafood (rasa seafoodnya fresh tpi hambar) tp sausnya ga bgtu nendang juga jdi biasa aja gtu dan sayur asem (tapi dominan rasa manisnya)",setahun lalu,3,4,5,Saoenk Cobek Perintis,Google Maps,2026-05-14 19:29:17
ChZDSUhNMG9nS0VJQ0FnSUR6OXY3WFJnEAE,M Fikri Haikal,5,,setahun lalu,,,,Saoenk Cobek Perintis,Google Maps,2026-05-14 19:29:17
ChdDSUhNMG9nS0VJQ0FnSUR6dXNyLWhRRRAB,Ulfah Syam,1,,setahun lalu,1,1,2,Saoenk Cobek Perintis,Google Maps,2026-05-14 19:29:45
ChdDSUhNMG9nS0VJQ0FnSUR6dXNxS2pRRRAB,Alip Gacorr77,1,Burukkkkk pelayanan jelekk,setahun lalu,1,1,1,Saoenk Cobek Perintis,Google Maps,2026-05-14 19:29:45
ChdDSUhNMG9nS0VJQ0FnSUR6aW82YnBBRRAB,Irvandy Saputra. s_TE D4_04,5,,setahun lalu,5,5,5,Saoenk Cobek Perintis,Google Maps,2026-05-14 19:29:45
ChZDSUhNMG9nS0VJQ0FnSUR6LUxHNENBEAE,Nadia Sugianti,5,"so far so good, kurang di sambelnya aja utk 4 porsi ayam bakar madu sambelnya dikit",setahun lalu,5,5,5,Saoenk Cobek Perintis,Google Maps,2026-05-14 19:29:45
ChdDSUhNMG9nS0VJQ0FnSUN6Z19pVHV3RRAB,rasman lahe,5,,setahun lalu,,,,Saoenk Cobek Perintis,Google Maps,2026-05-14 19:29:45
ChdDSUhNMG9nS0VJQ0FnSUN6N29idzJ3RRAB,DAYA INTI TEKNIK,3,"Rasanya oke,dr semua sea Food di makassar yg sy coba Harga ikan disini lumayan mahal untuk saung sejenis,harganya di taksir bukan di timbang jd yaa kira sj harganya,di tambah di ikan bacar cabe minta di tambahkan parape di ikannya kena cas 10 k,kebersihannya masih kurang,bau amis di lesehan terasa.semoga owner liat komplenan orang buat masukan",setahun lalu,3,3,3,Saoenk Cobek Perintis,Google Maps,2026-05-14 19:29:45
ChZDSUhNMG9nS0VJQ0FnSUN6c3VHd1hREAE,Eddy Tungadi,5,,setahun lalu,5,5,5,Saoenk Cobek Perintis,Google Maps,2026-05-14 19:29:45
ChdDSUhNMG9nS0VJQ0FnSURUaHBXdHZnRRAB,Orang Gaje,1,,setahun lalu,4,1,4,Saoenk Cobek Perintis,Google Maps,2026-05-14 19:29:45
ChZDSUhNMG9nS0VJQ0FnSURULU1DRmN3EAE,Yusril mahendra,4,,setahun lalu,4,4,4,Saoenk Cobek Perintis,Google Maps,2026-05-14 19:29:45
ChZDSUhNMG9nS0VJQ0FnSURUZ0ttX1pBEAE,Nur Hikmah,3,,setahun lalu,3,3,3,Saoenk Cobek Perintis,Google Maps,2026-05-14 19:29:45
ChdDSUhNMG9nS0VJQ0FnSUNUcTd5N253RRAB,Asyer Ammay,4,Makanan lumayanan enak. Tempat luas.,setahun lalu,4,4,5,Saoenk Cobek Perintis,Google Maps,2026-05-14 19:30:12
ChdDSUhNMG9nS0VJQ0FnSUNUZzVqSnhBRRAB,thox download,5,,setahun lalu,,,,Saoenk Cobek Perintis,Google Maps,2026-05-14 19:30:12
ChdDSUhNMG9nS0VJQ0FnSUNUbmQ3Uy1nRRAB,Syamsul Nur,5,Masyaallah tempat yang nyaman untuk pertemuan kelompok,setahun lalu,,,,Saoenk Cobek Perintis,Google Maps,2026-05-14 19:30:12
ChZDSUhNMG9nS0VJQ0FnSUNUc3ZTeEV3EAE,iwi,3,"makanannya lumayan, tapi yg bikin kaget risol mayo ternyata tidak seperti yg pada umumnya dijual di pasaran😭😭",Diedit setahun lalu,3,4,3,Saoenk Cobek Perintis,Google Maps,2026-05-14 19:30:12
ChZDSUhNMG9nS0VJQ0FnSUNUaGRxaUNREAE,nirmayasri datuan,5,,setahun lalu,,,,Saoenk Cobek Perintis,Google Maps,2026-05-14 19:30:12
ChdDSUhNMG9nS0VJQ0FnSUNUZ2JmeHRRRRAB,Baskara Putra,1,,setahun lalu,1,1,1,Saoenk Cobek Perintis,Google Maps,2026-05-14 19:30:12
ChZDSUhNMG9nS0VJQ0FnSUNUMFB1QlpREAE,Harsanda Julianingsi,5,Enak dan harga ok untuk sekelas resto saung ditengah kota..,2 tahun lalu,5,5,5,Saoenk Cobek Perintis,Google Maps,2026-05-14 19:30:12
ChZDSUhNMG9nS0VJQ0FnSUNUME51MEF3EAE,Chivani Nadia,5,"Bague, cocok untuk makan bersama keluarga",2 tahun lalu,5,5,5,Saoenk Cobek Perintis,Google Maps,2026-05-14 19:30:12
ChZDSUhNMG9nS0VJQ0FnSURqXy0zZEJREAE,Achmad Fajar,1,"Kakak saya menunggu lebih dari 1 jam dan ternyata list pesanan belum diantarkan ke dapur, tolong pelayanan yang harus diperhatikan, bukan hanya sekali ini saja. Saya sudah 3x datang tapi masih dengan masalah yang sama, LAMA!!! Dan waitersnya juga cuek dalam melayani. Tolong diperhatikan dan diperbaiki!!",2 tahun lalu,1,1,1,Saoenk Cobek Perintis,Google Maps,2026-05-14 19:30:12
ChdDSUhNMG9nS0VJQ0FnSURqXzZXV3d3RRAB,Jainuddin -,1,"Membuat teman menunggu sampai satu jam, yang dimana pesanan menu makanan tidak diserahkan ke dapur sehingga makanan tidak di proses
Karyawan cuek dan tidak peduli",2 tahun lalu,,,,Saoenk Cobek Perintis,Google Maps,2026-05-14 19:30:12
ChZDSUhNMG9nS0VJQ0FnSURqXy1uSlVnEAE,Andiirwandi 12,1,"Tabe lain kali janganki kasi menunggu 1 jam Andi Rizal dan keluarga kalau pesan makanan. Jangan sampai gara"" kita kasi menunggu beliau izin usahaTa d tutup atau tdk d prpanjang. Berikan pelayanan trbaik buat semua pengunjung🙏 …",2 tahun lalu,,,,Saoenk Cobek Perintis,Google Maps,2026-05-14 19:30:39
ChdDSUhNMG9nS0VJQ0FnSURqXzVIbzBRRRAB,Burhan Aulia,1,Pelayanan cuek dan tdk cekatan,2 tahun lalu,2,1,1,Saoenk Cobek Perintis,Google Maps,2026-05-14 19:30:39
ChdDSUhNMG9nS0VJQ0FnSURqXzY3bXBRRRAB,muhammad jufri,1,"Pelayanan tidak memuaskan, terlalu lama menunggu",2 tahun lalu,1,1,1,Saoenk Cobek Perintis,Google Maps,2026-05-14 19:30:39
ChdDSUhNMG9nS0VJQ0FnSURqXzlhbV9BRRAB,A. Rizal,1,"Pelayanan buruk 1,5 jam kami menunggu ternyata kami tidak dibuatkan makanan. Pihak manajemen harus memberhentikan pelayan yang tidak becus seperti itu.",2 tahun lalu,1,1,1,Saoenk Cobek Perintis,Google Maps,2026-05-14 19:30:39
ChdDSUhNMG9nS0VJQ0FnSURqXzVhYmdnRRAB,Azka Al Fattah,1,"BURUK!!! 1,5 JAM KAMI MENUNGGU TIDAK ADA PELAYANAN, ALASAN CATATAN MENU TIDAK DILIHAT, WHAT ? BUTA SEMUA PELAYANNYA ? NJIINGG!!! 😡😡😡😡😡",2 tahun lalu,1,1,1,Saoenk Cobek Perintis,Google Maps,2026-05-14 19:30:39
ChZDSUhNMG9nS0VJQ0FnSURqOEppQmFREAE,Kabaraa ',1,,2 tahun lalu,1,1,,Saoenk Cobek Perintis,Google Maps,2026-05-14 19:30:39
ChdDSUhNMG9nS0VJQ0FnSURqNEk3Ty1BRRAB,arfan Oktian,5,,2 tahun lalu,,,,Saoenk Cobek Perintis,Google Maps,2026-05-14 19:30:39
ChdDSUhNMG9nS0VJQ0FnSUNqbjVuaGtRRRAB,عارف مليوان l أحمد,5,,2 tahun lalu,5,5,5,Saoenk Cobek Perintis,Google Maps,2026-05-14 19:30:39
ChdDSUhNMG9nS0VJQ0FnSUNqZzdHcDZRRRAB,Erny Widyaningsih,5,"Makanan enak, pelayanan cepat. Tapi tolong diperhatikan kenyamanan customer, ada beberapa kucing liar ikut makan. Tidak semua orang nyaman dengan hal itu. Apalagi kucing2 tersebut dibawah meja. Kedepannya lebih diperhatikan",2 tahun lalu,5,5,5,Saoenk Cobek Perintis,Google Maps,2026-05-14 19:30:39
ChZDSUhNMG9nS0VJQ0FnSUNqbnBIU2ZREAE,By Afif,5,Mungkin karena terlalu ramai saat lebaran usai sehingga waktu tunggunya lama. Tapi tetap rela.menunggu.,2 tahun lalu,5,5,5,Saoenk Cobek Perintis,Google Maps,2026-05-14 19:30:39
ChZDSUhNMG9nS0VJQ0FnSUNqd3FqUkRnEAE,salman alfarizy,5,,2 tahun lalu,5,5,5,Saoenk Cobek Perintis,Google Maps,2026-05-14 19:31:09
ChZDSUhNMG9nS0VJQ0FnSUREbkl5WFh3EAE,INDRA MURSYIDAN AHMAD,5,,2 tahun lalu,5,5,5,Saoenk Cobek Perintis,Google Maps,2026-05-14 19:31:09
ChdDSUhNMG9nS0VJQ0FnSUNEejRERnJBRRAB,reza suliana,1,,2 tahun lalu,,,,Saoenk Cobek Perintis,Google Maps,2026-05-14 19:31:09
ChZDSUhNMG9nS0VJQ0FnSUNEb3JxaEh3EAE,Nunu Nunu,4,,2 tahun lalu,,,,Saoenk Cobek Perintis,Google Maps,2026-05-14 19:31:09
ChZDSUhNMG9nS0VJQ0FnSUNEck9tTFpREAE,Bung RD,4,Restonya Cukup lumayan untuk bersantap bersama teman,2 tahun lalu,4,4,4,Saoenk Cobek Perintis,Google Maps,2026-05-14 19:31:09
ChdDSUhNMG9nS0VJQ0FnSUQ5b2NiZTdBRRAB,muh ikhsan,5,,2 tahun lalu,,,,Saoenk Cobek Perintis,Google Maps,2026-05-14 19:31:09
ChdDSUhNMG9nS0VJQ0FnSUQ5Z2JYZmh3RRAB,Fahmi Aziz,5,"Makanan enak, suasana nyaman, mushola dekat. Cocok untuk ngumpul bersama keluarga",2 tahun lalu,5,5,5,Saoenk Cobek Perintis,Google Maps,2026-05-14 19:31:09
ChdDSUhNMG9nS0VJQ0FnSUNkMmF6eTNBRRAB,Vincentius Wahyu,1,"kalau dilihat dari Harga nya, makanan kurang rekomended.
rasanya sama seperti Kaki 5.

pelayanan sangat buruk, pelayan bilang mau catat dan ambil bulpen ditunggu 30 menit ga datang datang.
minta tambah kecap juga menunggu 15 menit.

Yang bagus hanya parkiran saja yang luas.
sisa",2 tahun lalu,1,1,1,Saoenk Cobek Perintis,Google Maps,2026-05-14 19:31:09
ChZDSUhNMG9nS0VJQ0FnSUNka0pfRGV3EAE,Muslimin Yunus Badaruzzaman,5,,2 tahun lalu,4,5,5,Saoenk Cobek Perintis,Google Maps,2026-05-14 19:31:09
ChdDSUhNMG9nS0VJQ0FnSUNkb05lMHhBRRAB,Yusdy Dwiasta,1,"Prasmanannya mengecewakan..
Harus perhatikan pesanan yang sdh di order
...",2 tahun lalu,2,1,2,Saoenk Cobek Perintis,Google Maps,2026-05-14 19:31:09
ChdDSUhNMG9nS0VJQ0FnSUR0ejl1RDJ3RRAB,fitrian sakinah,1,"Bad Service ever. Lama nunggu. Makanan tdk dtg"". Pelanggan keburu laper. Percuma besar klau kualitas 0",2 tahun lalu,,,,Saoenk Cobek Perintis,Google Maps,2026-05-14 19:31:40
ChdDSUhNMG9nS0VJQ0FnSUR0OTlQenBnRRAB,Yusuf Sangdes,5,Pertama kali kesini dan suasananya lumayan bagus. Cuma mungkin lebih bagus datang siang....krn klo malam suasananya lumayan remang2. Makanan dan pelayanan mantap.,2 tahun lalu,5,5,5,Saoenk Cobek Perintis,Google Maps,2026-05-14 19:31:40
ChZDSUhNMG9nS0VJQ0FnSUR0OTlXMkJREAE,dzaka Tiar,5,,2 tahun lalu,5,5,5,Saoenk Cobek Perintis,Google Maps,2026-05-14 19:31:40
ChZDSUhNMG9nS0VJQ0FnSUR0LTk3N1pREAE,Muhammad Hamzah,5,Lokasi strategis tepi jalan. Harga terjangkau.,2 tahun lalu,5,5,5,Saoenk Cobek Perintis,Google Maps,2026-05-14 19:31:40
ChZDSUhNMG9nS0VJQ0FnSUN0dExqUEZnEAE,sarce galla datuan,5,,2 tahun lalu,,,,Saoenk Cobek Perintis,Google Maps,2026-05-14 19:31:40
ChZDSUhNMG9nS0VJQ0FnSUROd1pfTU5nEAE,Aina Nur Aprida,5,,2 tahun lalu,5,5,5,Saoenk Cobek Perintis,Google Maps,2026-05-14 19:31:40
ChdDSUhNMG9nS0VJQ0FnSUROM01IeG53RRAB,Firmansyah Fier,1,"Restoran Terburuk yg ada di Makassar.. Orang makan d Restoran itu siap merogoh kocek mahal2 demi kepuasan rasa... Ini rasanya sdh tidak enak, ikannya sdh tua tdk segar, harga tdk sesuai dgn rasa.. Gak mau lg makan disini..",2 tahun lalu,1,2,4,Saoenk Cobek Perintis,Google Maps,2026-05-14 19:31:40
ChdDSUhNMG9nS0VJQ0FnSUNOb1pPQ3RBRRAB,Heri Suyono,5,,2 tahun lalu,5,4,5,Saoenk Cobek Perintis,Google Maps,2026-05-14 19:31:40
ChdDSUhNMG9nS0VJQ0FnSUNOdHFLRHJBRRAB,Eka Mahcmud,3,Makanan nya ada yg kemanisan dan ada yg keasinan.. masih butuh racikan yg tepat utk menu2nya,2 tahun lalu,3,5,5,Saoenk Cobek Perintis,Google Maps,2026-05-14 19:31:40
ChZDSUhNMG9nS0VJQ0FnSUNOMk1lY0RnEAE,alwi takagawa,5,,2 tahun lalu,5,4,5,Saoenk Cobek Perintis,Google Maps,2026-05-14 19:31:40
ChdDSUhNMG9nS0VJQ0FnSUQxX3FlNXFRRRAB,murty rahayu,1,"Udang masih ada kotoranya , anyep.  Sambelnya basi .
Perlu ditingkatkan rasa makananya .",2 tahun lalu,1,4,5,Saoenk Cobek Perintis,Google Maps,2026-05-14 19:32:10
ChZDSUhNMG9nS0VJQ0FnSUQxNHRfaWJREAE,Andy Fairuz Zuraida Eva,5,,2 tahun lalu,5,4,5,Saoenk Cobek Perintis,Google Maps,2026-05-14 19:32:10
ChdDSUhNMG9nS0VJQ0FnSUQxLUs2cjlRRRAB,Nur Ainun Resky,1,Cukup pertama dan trakhir tdk sesuai ekspektasi yg trllu tinggi makax penasaran tp smpai mkan di sini beda rasa dan harga. Msih perlu di perbaiki apalg nasi goreng sifut dan cumi asam manis sma kepiting saus padang. Kolam kotor dan bau amis skali👎,2 tahun lalu,2,2,1,Saoenk Cobek Perintis,Google Maps,2026-05-14 19:32:10
ChZDSUhNMG9nS0VJQ0FnSUMxczVtcUx3EAE,Must Van Jank,5,Tempat makan gazebo,2 tahun lalu,5,5,5,Saoenk Cobek Perintis,Google Maps,2026-05-14 19:32:10
ChZDSUhNMG9nS0VJQ0FnSUMxazVlcEV3EAE,novi depi,3,LambTtt,2 tahun lalu,,2,,Saoenk Cobek Perintis,Google Maps,2026-05-14 19:32:10
ChdDSUhNMG9nS0VJQ0FnSUMxbll5YjRRRRAB,sofian wahyudy,3,Kurang gercep pelayanan nya dan fasilitas kurang lengkap,2 tahun lalu,3,3,3,Saoenk Cobek Perintis,Google Maps,2026-05-14 19:32:10
ChZDSUhNMG9nS0VJQ0FnSUMxLWREZ1BBEAE,Dewi Utari,3,"Toiletx tdk bersih, makan tidak sesuai harga",2 tahun lalu,2,2,3,Saoenk Cobek Perintis,Google Maps,2026-05-14 19:32:10
ChZDSUhNMG9nS0VJQ0FnSUMxdWYtbFBBEAE,Rusdi Sulaiman84,1,Terlalu lama menunggu & menu nya banyak kosong.sudah 1 jam lebih makanan belum datang2.,2 tahun lalu,,,,Saoenk Cobek Perintis,Google Maps,2026-05-14 19:32:10
ChdDSUhNMG9nS0VJQ0FnSUMxMGRhdWdBRRAB,Indra Chay,5,"Tempat makan dengan gazebo dan kolam, akan lebih baik jika kolam lebih bersih dan lebih teduh lagi.",2 tahun lalu,5,4,4,Saoenk Cobek Perintis,Google Maps,2026-05-14 19:32:10
ChZDSUhNMG9nS0VJQ0FnSUMxa1p1bUlnEAE,Angga Aulia himawan,1,"marketing elit pelayanan sulit. yang sudah kelaparan jgn coba2 kesini, mending cari tempat lain. nunggu makanan datang satu jam lebih",2 tahun lalu,2,1,,Saoenk Cobek Perintis,Google Maps,2026-05-14 19:32:10
ChdDSUhNMG9nS0VJQ0FnSUMxa2VuV29nRRAB,Aulia C Cahyani,1,"Tolong tambah dan training karyawan. 25 menit menunggu baru bisa pesan makan. Karyawan lewat cuma bilang “tunggu” tp tidak ada yang bersihkan meja kita yg bekas pelanggan sebelumnya. Benar2 pengalaman yg mengecewakan, pelanggan saung kiri kanan juga mengeluh. Tdk akan ke sini lagi",2 tahun lalu,1,1,1,Saoenk Cobek Perintis,Google Maps,2026-05-14 19:32:40
ChZDSUhNMG9nS0VJQ0FnSUMxZ3JlYUZ3EAE,Muhammad Yusril Jalil,1,Makanan yg di sajikan makan sudah dingin mungkin di goreng/bakar pas sore tapi di sajikan pas malam dengan harga yg lumyan mahal dengan makanan seperti itu tdk recommend 👎🏻,2 tahun lalu,2,2,1,Saoenk Cobek Perintis,Google Maps,2026-05-14 19:32:40
ChZDSUhNMG9nS0VJQ0FnSUMxM1BpbWJREAE,Mulyadi,3,"Awalnya punya ekspektasi tinggi dengan resto baru ini, ternyata pas masuk liat saung2 yang kosong ga ada yang bersih, listrik sering padam mungkin krn dayanya ga kuat.
Pesan makanan, banyak yang sudah tdk ada, katanya soldout. Setelah makanan datang malah bukan yang dipesan. Karena kasian sm pegawainya dan saat itu kami sedang lapar, jadi kami Terima saja. Selain itu pesanan juga lama baru ready. Untuk rasa, biasa saja untuk harga yg dipatok per porsi.
Kolam yg di bawah saung, asli kotor banget, untung abis makan baru liat kolamnya, klo ga mungkin ga jadi makan.",2 tahun lalu,3,2,2,Saoenk Cobek Perintis,Google Maps,2026-05-14 19:32:40
ChZDSUhNMG9nS0VJQ0FnSUMxM0xEbGRREAE,ファイェです,1,"resto overrated, nunggu piring aja lamaaa banget. makanan b aja, view juga b aja",2 tahun lalu,2,1,1,Saoenk Cobek Perintis,Google Maps,2026-05-14 19:32:40
ChdDSUhNMG9nS0VJQ0FnSUMxblB1a3J3RRAB,Nayyara Malihah Takwa,1,"Sangat tidak recommended, baru kali ini merasakan sangat amat kecewa dengan pelayanan di tempat makan. Makanannya sangat lama baru disajikan. Kami datang 8 orang, hanya dikasih 4 piring, minta pun tidak dikasih2 (disuruhki makan sepuring berdua😅), konsumen samping meja kami juga kurang piringnya. Kami pesan makanan yg tidak pedas sama sekali, yg datang ikan bakar rica, ikan masak yg super pedas (sdh keliling makassar makan, baru kali ini dapat yg sepedas itu). Trus kata pelayannya, nda request yah, padahal jelas2 dia yg catat. Begitu memang disini ikan masaknya, padahal wkt pesan di bilang, lomboknya dia pisah. Astagfirullah tidak tau apa maksud dan tujuannya. Kami akhirnya kembalikan makanannya itu dan kami bayar walaupun tidak dimakan. Tolong pemilik baca ini dan perhatikan semua karyawannya, tambah juga piringnya, atau kalau perlu tulis di depan, bawa piring sendiri. Saya rasa ada yg tdk beres di tempat makan ini. Karena cek percek, teman2 ada ternyata yg sdh mengalami hal yg hampir mirip dengan kami.",2 tahun lalu,1,1,1,Saoenk Cobek Perintis,Google Maps,2026-05-14 19:32:40
ChdDSUhNMG9nS0VJQ0FnSUMxOEppTzB3RRAB,Muhammad Takwa,1,"Tempat makan paling buruk, makanan 2jam tak kunjung datang, datang tidak sesuai dengan pesanan minta diganti ternyata nunggunya berjam2 lagi, yg mau makan 8 orang dikasi piringnya 4 biji minta tambahan juga tak kunjung datang. 🤭",2 tahun lalu,,1,,Saoenk Cobek Perintis,Google Maps,2026-05-14 19:32:40
ChZDSUhNMG9nS0VJQ0FnSUMxd0kzVmFnEAE,Ita Novia Novita,5,"Pelayanannya bagus, makanannya juga lumayan, untuk hrg relatif murah, 1 ikan ukuran M bisa share 3-5 org (tapi lupa d foto)",2 tahun lalu,5,5,5,Saoenk Cobek Perintis,Google Maps,2026-05-14 19:32:40
ChdDSUhNMG9nS0VJQ0FnSURWMzdENnR3RRAB,Basri Mocasaress,4,"Lokasi RM Saung Cobek sangat strategis, berada di jalan perintis kemerdekaan, tepat didepan gedung Livin Plaza atau sejajar dengan Kampus STMIK Dipanegara.

Layanan reservasi yg responsif sangat membantu dalam mendapatkan kejelasan status pemesanan, available atau sudah penuh.

Lahan parkir yang sangat luas dan rapih pengaturannya menunjukkan bahwa rumah makan ini sudah memiliki segment tertentu.

Jumlah gazebo yg terbilang cukup untuk acara reunian, sehingga sesuai untuk event yang dapat menjalin keakraban.

Selain fasilitas gazebo, terdapat 2 ruang VIP yang sangat sesuai untuk acara-acara briefing manajemen perusahaan, briefing pengurus Asosiasi, maupun acara manasik umrah.

Selain dari pada itu, terdapat 2 mushollah terpisah buat pria dan perempuan.

Pada sisi belakang, terdapat taman kecil yang sangat cocok buat anak-anak bermain mau swafoto",2 tahun lalu,4,5,4,Saoenk Cobek Perintis,Google Maps,2026-05-14 19:32:40
ChdDSUhNMG9nS0VJQ0FnSURWLV9tTXpBRRAB,Dzulas15,1,"Tidak bagus
Pelayanan lama",2 tahun lalu,2,2,3,Saoenk Cobek Perintis,Google Maps,2026-05-14 19:32:40
ChdDSUhNMG9nS0VJQ0FnSURWdTRQSDNBRRAB,Ghazaly Mustafa,4,,2 tahun lalu,4,3,4,Saoenk Cobek Perintis,Google Maps,2026-05-14 19:32:40
ChZDSUhNMG9nS0VJQ0FnSURWcTc3TUdBEAE,Nana S,5,"Senang sekali menemukan tempat makan baru ini. Suasananya tropis, makanan yang kami coba semuanya lezat dengan harga terjangkau, dan minumannya (jus markisa) adalah favorit kami!

Kepiting lada hitam, udang bakar polos, cumi goreng tepung!

Kami juga mencoba pallumara (sup ikan kunyit dan asam jawa tradisional). Enak banget!

Pelayanannya sangat baik dan bersih, tempat parkirnya sangat luas.

Sangat direkomendasikan!",2 tahun lalu,5,5,5,Saoenk Cobek Perintis,Google Maps,2026-05-14 19:33:14
ChZDSUhNMG9nS0VJQ0FnSURWbGRHVVpBEAE,Iktam TV,5,"Tempat makan yang nyaman dan enak bersama keluarga, Semoga tambah sukses dan berkah.

Saran : Kalau bisa suara musiknya jangan terlalu keras.",2 tahun lalu,5,5,5,Saoenk Cobek Perintis,Google Maps,2026-05-14 19:33:14
ChdDSUhNMG9nS0VJQ0FnSURWNnFXRzFnRRAB,Yohan Alvin,5,Menu enak enak tawwa,2 tahun lalu,5,5,5,Saoenk Cobek Perintis,Google Maps,2026-05-14 19:33:14
ChZDSUhNMG9nS0VJQ0FnSUNWcUs2MGZnEAE,Burhanuddin Bur,5,Makan sepuas nya,2 tahun lalu,5,5,5,Saoenk Cobek Perintis,Google Maps,2026-05-14 19:33:14
ChdDSUhNMG9nS0VJQ0FnSURsZ2YtZm5BRRAB,MT Tawaf,5,"Tempat yang bagus untuk makan bersama keluarga, makanan enak dan cepat, tempat parkit luas..",Diedit 2 tahun lalu,5,5,5,Saoenk Cobek Perintis,Google Maps,2026-05-14 19:33:14
ChZDSUhNMG9nS0VJQ0FnSURsalpIVFJ3EAE,Frizzz FF,1,"PELAYANAN SANGAT LAMA, MAKANAN YANG DIPESAN SANGAT AMAT LAMA SAMPAI",2 tahun lalu,2,,3,Saoenk Cobek Perintis,Google Maps,2026-05-14 19:33:14
ChZDSUhNMG9nS0VJQ0FnSURsaWMtSE53EAE,Ismail Ruswandi,1,Waduh kecewa makan disna Katanya saonk cobek.. pesan ikan baronang parape tdk ada sma sekali racak mangga atau lombok disediakan tisunya habis... makan satu keluarga bayar 1.3...  pesanan lama diantar..,2 tahun lalu,1,1,1,Saoenk Cobek Perintis,Google Maps,2026-05-14 19:33:14
ChdDSUhNMG9nS0VJQ0FnSURsb0liV3ZBRRAB,Dalu Kebo,1,"Bintang 1 tidak ramah, Pelayanan tidak ramah, Makanan hambar. Gazebonya kurang enak.",2 tahun lalu,1,1,1,Saoenk Cobek Perintis,Google Maps,2026-05-14 19:33:14
ChdDSUhNMG9nS0VJQ0FnSURsb09yRWlBRRAB,Wahyu Sayup,1,"Servicenya jelek, pelayanan slow respon, makanan kurang rekomended. Pelayanan kurang memuaskan. Harga elit layanan sulit",2 tahun lalu,1,1,1,Saoenk Cobek Perintis,Google Maps,2026-05-14 19:33:14
ChdDSUhNMG9nS0VJQ0FnSUNscDRlZmdRRRAB,MUHAMMAD TAYYIB,1,"Tempat nyaman, hanya saja pelayananya  tidak fokus, nuggu piring saja sangat lama udah pencet bel respon lama,  pembuka cangkang kepiting ngk di bawakan  , nasinya juga keras kurang matang, pas mau bayar dinota ada tambahan 2 gelas es teh padahal hanya pesan 1 gelas,  pelayanannya harus di perbaiki lagi",2 tahun lalu,3,1,4,Saoenk Cobek Perintis,Google Maps,2026-05-14 19:33:14
ChdDSUhNMG9nS0VJQ0FnSUNseV9tNzB3RRAB,Heriyanto Sugandi,4,"Tempat nya enak, adem. Saung2 gtu.. Cocok buat santai, hanya saja untuk makanan standart ya",2 tahun lalu,3,4,4,Saoenk Cobek Perintis,Google Maps,2026-05-14 19:33:48
ChZDSUhNMG9nS0VJQ0FnSUNseTlqX05nEAE,Emat Sulaemat,5,Enak2 menunya,2 tahun lalu,5,5,5,Saoenk Cobek Perintis,Google Maps,2026-05-14 19:33:48
ChZDSUhNMG9nS0VJQ0FnSUNsMDRfMFh3EAE,ametiq ami idham,1,"Management pelayanan yg buruk, harus dievaluasi ulang. Jumlah pelayan tidak sebanding dengan tamu yang datang. Kami harus menunggu lama u/ makan. lauk dan piring sudah ada tapi nasinya kami harus menunggu sekitar 10menit. Malah ada tetangga meja meninggal resto karna nasi tdk kunjung dihidangkan dan meja sebelah lagi malah lgsg ke bagian dapur u/ menanyakan nasi belum kluar",2 tahun lalu,,1,,Saoenk Cobek Perintis,Google Maps,2026-05-14 19:33:48
ChZDSUhNMG9nS0VJQ0FnSUNsMC0zWkJBEAE,Ibra 76,1,"Makanannya standar,Layannya lama,Suasananya indah tapi diikannya/dipiringnya ada ulat putih.",2 tahun lalu,1,1,2,Saoenk Cobek Perintis,Google Maps,2026-05-14 19:33:48
ChdDSUhNMG9nS0VJQ0FnSUNsdmFMd25nRRAB,afni oktav,5,"Tempatnya nyaman, makanan enak, dan adminnya responsif.

Sangat rekomendasi untuk kumpul keluarga dan acara2 lainnya.",2 tahun lalu,5,5,5,Saoenk Cobek Perintis,Google Maps,2026-05-14 19:33:48
ChZDSUhNMG9nS0VJQ0FnSUNscGJtV0xnEAE,Abdul Rahman,5,Enak makanannya pelayanan cepat dan bagus suasananya 😊🙊😁,2 tahun lalu,5,5,5,Saoenk Cobek Perintis,Google Maps,2026-05-14 19:33:48
ChZDSUhNMG9nS0VJQ0FnSUNsNFphNldnEAE,Hasan Soleh,5,"Gasibu-gasibu ada lesehan.
Kalo siang panas..",2 tahun lalu,4,3,4,Saoenk Cobek Perintis,Google Maps,2026-05-14 19:33:48
ChdDSUhNMG9nS0VJQ0FnSUNsb2M2b3hBRRAB,FADILLAH RAHAYU SANTOSO,5,"Terakhir datang 3 hari yang lalu pelayanannya masih butuh perbaikan, tapi hari ini datang untuk makan siang lagi betul betul puas, pelayanannya sudah bagus dan ada perbaikan , sudah lebih cepat, menunya enak, mantao pokoknya 👍",2 tahun lalu,5,5,5,Saoenk Cobek Perintis,Google Maps,2026-05-14 19:33:48
ChZDSUhNMG9nS0VJQ0FnSUNsb2ZxalJ3EAE,Jumiati 0911,5,"makanan enakk, parkiran luas, pelayanannya sudah mulai teratur dari terakhir saya datang 2 hari yang lalu, mantap resto yg bisa mendengar masukan dari customer 🙌",2 tahun lalu,5,5,5,Saoenk Cobek Perintis,Google Maps,2026-05-14 19:33:48
ChdDSUhNMG9nS0VJQ0FnSUNsd1pXdnhnRRAB,Siti Zulhaika,5,Paling rekomendasi ini saung memang,2 tahun lalu,5,5,5,Saoenk Cobek Perintis,Google Maps,2026-05-14 19:33:48
ChdDSUhNMG9nS0VJQ0FnSUNsd1pXNGlRRRAB,Al Mir,5,Asli mantap bngat makann dan minumanya... Dan tempatnya bagus,2 tahun lalu,5,5,5,Saoenk Cobek Perintis,Google Maps,2026-05-14 19:34:21
ChZDSUhNMG9nS0VJQ0FnSUNsd1lHSFZnEAE,Qadar Rahmat,5,"Tempatnya bagus, recommended. Rasa makanannya mantap2 semua👍🏻👍🏻👍🏻",2 tahun lalu,5,5,5,Saoenk Cobek Perintis,Google Maps,2026-05-14 19:34:21
ChZDSUhNMG9nS0VJQ0FnSUNsdm9UU1BBEAE,Imran Imran,1,"Tempat makan paling tidak rekomended..Pelayanan kacau, makanan",2 tahun lalu,1,1,2,Saoenk Cobek Perintis,Google Maps,2026-05-14 19:34:21
ChdDSUhNMG9nS0VJQ0FnSUNsM3JDYjF3RRAB,Acho Alhi,5,Sangat baik,2 tahun lalu,,5,5,Saoenk Cobek Perintis,Google Maps,2026-05-14 19:34:21
ChdDSUhNMG9nS0VJQ0FnSUNsM3NDeDdBRRAB,Nur Indahpuspyta,5,"Ikan bakar rica parape juara, Udang telur asin jg enak sekali.
Suasananya nyaman, pelayanan ditingkatkan lagi, tp semua sudah bagus.",2 tahun lalu,5,4,5,Saoenk Cobek Perintis,Google Maps,2026-05-14 19:34:21
ChZDSUhNMG9nS0VJQ0FnSUNsbnRXNGN3EAE,Muhammad Safaat,5,Sangat memuaskan ikan parapenya,2 tahun lalu,5,5,5,Saoenk Cobek Perintis,Google Maps,2026-05-14 19:34:21
ChZDSUhNMG9nS0VJQ0FnSUNsbnVXbUVnEAE,Thomas Thomas,5,ikan bakarnya mantap👍🙏,2 tahun lalu,5,5,5,Saoenk Cobek Perintis,Google Maps,2026-05-14 19:34:21
ChdDSUhNMG9nS0VJQ0FnSUNsbnVXd2l3RRAB,Edo Brody,5,ikan bakarnya mantap,2 tahun lalu,5,5,5,Saoenk Cobek Perintis,Google Maps,2026-05-14 19:34:21
ChdDSUhNMG9nS0VJQ0FnSUNsbnNYZnFBRRAB,Muh. Ali Al-Khumais,5,ini mi yang na cari orang mkssar,2 tahun lalu,5,5,5,Saoenk Cobek Perintis,Google Maps,2026-05-14 19:34:21
ChZDSUhNMG9nS0VJQ0FnSUNsbnNXQ2VnEAE,Yusri Al Qausar,5,Palekkonya enak,2 tahun lalu,5,5,5,Saoenk Cobek Perintis,Google Maps,2026-05-14 19:34:21
ChdDSUhNMG9nS0VJQ0FnSUNsbnNYWXhRRRAB,Rahma Yanti,5,"Suasana nyaman,penyajiannya cepat cocok untuk makan bersama kluarga gasebonya banyak dan tmpat parkirnya luas, harga terjangkau , pelayanannya Rama smua, dan untuk rasa makanan nya sngt enk, ttp dipertahankan ya:))",2 tahun lalu,5,5,5,Saoenk Cobek Perintis,Google Maps,2026-05-14 19:34:54
ChdDSUhNMG9nS0VJQ0FnSUNsbnRuWS13RRAB,Rafika Kinanti,5,Makanan sangat enak apa lagi palekkonya,2 tahun lalu,5,5,5,Saoenk Cobek Perintis,Google Maps,2026-05-14 19:34:54
ChdDSUhNMG9nS0VJQ0FnSUNsbnBuRi1RRRAB,"Ibrahim Alla Alla,",5,"Makanannya enak,cocok untuk makan keluarga,pelayanannya di tingkatkan lagi",2 tahun lalu,5,5,5,Saoenk Cobek Perintis,Google Maps,2026-05-14 19:34:54
ChZDSUhNMG9nS0VJQ0FnSUNsbnVtMUZnEAE,Rahmad Winandar,5,"Parkiran luas, makanan enak, mushollah dua, dan puas dengan pelayanannya",2 tahun lalu,,,,Saoenk Cobek Perintis,Google Maps,2026-05-14 19:34:54
ChdDSUhNMG9nS0VJQ0FnSUNsbnVuOTlnRRAB,Mursidin banditia,5,Mantap,2 tahun lalu,,,,Saoenk Cobek Perintis,Google Maps,2026-05-14 19:34:54
ChZDSUhNMG9nS0VJQ0FnSUNsbnZIV2V3EAE,Herawati Binti Arifuddin,5,Wahh recomend banget sih buat yang suka makan seafood... Parkirannya juga luas :),2 tahun lalu,5,5,5,Saoenk Cobek Perintis,Google Maps,2026-05-14 19:34:54
ChZDSUhNMG9nS0VJQ0FnSUNsbnJILWVBEAE,Nursyafika Fitri,5,,2 tahun lalu,,,,Saoenk Cobek Perintis,Google Maps,2026-05-14 19:34:54
ChdDSUhNMG9nS0VJQ0FnSUNsbnJINmhRRRAB,Fitri Adriyanti,5,"Suasananya nyaman, makanannya enak apalagi udang telur asinnya, saran tingkatkan pelayanannya, recomend banget 👏🏻",2 tahun lalu,5,5,5,Saoenk Cobek Perintis,Google Maps,2026-05-14 19:34:54
ChZDSUhNMG9nS0VJQ0FnSUNsbnVxTklBEAE,Icchank Joko,5,"Makanan rekomendasi, tempat nyaman",2 tahun lalu,5,5,5,Saoenk Cobek Perintis,Google Maps,2026-05-14 19:34:54
ChdDSUhNMG9nS0VJQ0FnSUNsN3AzbXZ3RRAB,Widya Ningsih,5,Makanannya enak dan tempatnya jg sangat bersih dan pelayanannya sangat baik dan pelayannya ramah,2 tahun lalu,5,5,5,Saoenk Cobek Perintis,Google Maps,2026-05-14 19:34:54
ChdDSUhNMG9nS0VJQ0FnSUNsN3MzMnZnRRAB,Suci Trii,5,"Tinggal tunggu ikannya di kolam, pasti makin cantik makan di gazebo di atas kolam",2 tahun lalu,4,3,5,Saoenk Cobek Perintis,Google Maps,2026-05-14 19:35:27
ChdDSUhNMG9nS0VJQ0FnSUNsN3ZYanZnRRAB,Nur Afni Warham,5,"Suasana sore harinya bagus banget
Makanannya not bad, sesuai dengan lidah ku.
Mungkin krna masih baru, jadi masih nunggu makanannya datang semua",2 tahun lalu,4,3,5,Saoenk Cobek Perintis,Google Maps,2026-05-14 19:35:27
ChdDSUhNMG9nS0VJQ0FnSUNsN3BXRXFRRRAB,Eko Hariyanto Saputro,5,Pelayanannya masih butuh perbaikan,2 tahun lalu,5,4,5,Saoenk Cobek Perintis,Google Maps,2026-05-14 19:35:27
ChZDSUhNMG9nS0VJQ0FnSUNsN3VYb0R3EAE,Fitrianti Hanifa,5,Sangat enak makanannya,2 tahun lalu,5,5,5,Saoenk Cobek Perintis,Google Maps,2026-05-14 19:35:27
ChZDSUhNMG9nS0VJQ0FnSUNsN3FYek93EAE,Sudar Saweria,5,Makanan dan tempat tinggal memuaskan.semoga makin maju sukses kedepanya,2 tahun lalu,5,5,5,Saoenk Cobek Perintis,Google Maps,2026-05-14 19:35:27
ChZDSUhNMG9nS0VJQ0FnSUNsN3FXZ05REAE,Muhammad Taufik,5,Pelayanan memuaskan,2 tahun lalu,5,1,5,Saoenk Cobek Perintis,Google Maps,2026-05-14 19:35:27
ChdDSUhNMG9nS0VJQ0FnSUNsN29XQzR3RRAB,Andi Rivaldi,5,Gazebo banyak parkir luas makanan rekomendasi,2 tahun lalu,5,5,5,Saoenk Cobek Perintis,Google Maps,2026-05-14 19:35:27
ChdDSUhNMG9nS0VJQ0FnSUNsN3Zta2dBRRAB,Ana Adriana,5,"Sangat nyaman makan bersama keluarga, gasebonya bnyak dan parkirannya sangat luas, makanannya enak dan pelayanannya sangat mantapp",2 tahun lalu,5,5,5,Saoenk Cobek Perintis,Google Maps,2026-05-14 19:35:27
ChdDSUhNMG9nS0VJQ0FnSUNsN3RtanNBRRAB,Dinda Januari Putri Hexada,5,"suasananya sangat nyaman, makanannya juga enak enak, tempatnya luas cocok untuk rame-rame",2 tahun lalu,5,5,5,Saoenk Cobek Perintis,Google Maps,2026-05-14 19:35:27
ChZDSUhNMG9nS0VJQ0FnSUNsN3JuNGJ3EAE,Asrul Asrul,5,tidak ada resto se enak ini di makassar,2 tahun lalu,5,5,5,Saoenk Cobek Perintis,Google Maps,2026-05-14 19:35:27
ChZDSUhNMG9nS0VJQ0FnSUNsN3RtQ0pREAE,Alwi Alwing,5,Sangat memuaskan apalagi soal pelayanan,2 tahun lalu,5,5,5,Saoenk Cobek Perintis,Google Maps,2026-05-14 19:36:01
ChdDSUhNMG9nS0VJQ0FnSUNsN3FuamdRRRAB,Abdul Rahman,5,"Good banget
Rekomen",2 tahun lalu,5,5,5,Saoenk Cobek Perintis,Google Maps,2026-05-14 19:36:01
ChdDSUhNMG9nS0VJQ0FnSUNsN3FtZDh3RRAB,Kian Wahab,5,hmm lumayan soal makanannya rasanya mantap banget. palagi gazebonya banyak ditambh parkirannya luas.pelayanannya ramah. rekomendid sekali..klo bisa pelayanannya di tingkatkan lagi di tambah karyawannya. biar tdk lambat.,2 tahun lalu,5,5,5,Saoenk Cobek Perintis,Google Maps,2026-05-14 19:36:01
ChZDSUhNMG9nS0VJQ0FnSUNsN3NuRVNREAE,Reza Ramadhan,5,Makanannya enak,2 tahun lalu,,,,Saoenk Cobek Perintis,Google Maps,2026-05-14 19:36:01
ChZDSUhNMG9nS0VJQ0FnSUNsN29tRk5REAE,Irfani Fhani,5,"Suasananya sangat nyaman,pelayanannya ramah",2 tahun lalu,5,5,5,Saoenk Cobek Perintis,Google Maps,2026-05-14 19:36:01
ChdDSUhNMG9nS0VJQ0FnSUNsN29ud21RRRAB,Sari Devi,5,"Saya sangat tertarik dengan suasananya enak banget untuk kumpul FAMILY dan teman2 makanannya enak semua nuansanya juga indah ,pelayanannya juga luar biasa pokoknya akan sering2 makan2 disitu",2 tahun lalu,5,5,5,Saoenk Cobek Perintis,Google Maps,2026-05-14 19:36:01
ChdDSUhNMG9nS0VJQ0FnSUNsN3A2MDBnRRAB,sugi hartono,5,Makanan enak. Tolong di sediakan tempat bermain anak...,2 tahun lalu,5,5,5,Saoenk Cobek Perintis,Google Maps,2026-05-14 19:36:01
ChZDSUhNMG9nS0VJQ0FnSUNsanVmVUx3EAE,ijahakun 10,5,"Tempatnya aestetik menu2nya sangat banyak , tapi pelayanannya lebih ditingkatkan yaa",2 tahun lalu,5,5,5,Saoenk Cobek Perintis,Google Maps,2026-05-14 19:36:01
ChZDSUhNMG9nS0VJQ0FnSUNsam8yamZ3EAE,nurhaeni amir,5,Menu enak & tempatnya luas .. 👍👍👍,2 tahun lalu,5,5,5,Saoenk Cobek Perintis,Google Maps,2026-05-14 19:36:01
ChdDSUhNMG9nS0VJQ0FnSUNsanJYYzh3RRAB,Dinaru putri,1,"makannya dtg luamaaaaaaaaa,ndk rekomended, bxk yg komplain smpe mrh2🫣",2 tahun lalu,1,1,1,Saoenk Cobek Perintis,Google Maps,2026-05-14 19:36:01
ChZDSUhNMG9nS0VJQ0FnSUNsam9qUk5nEAE,Anisatun Humayrah,3,Pelayanannya lama sekali. Nunggu sejam lebih makanan blm dtg. Setelah 3x di komplain baru d follow up itupun masih lama sekali.,2 tahun lalu,3,1,3,Saoenk Cobek Perintis,Google Maps,2026-05-14 19:36:34
ChZDSUhNMG9nS0VJQ0FnSUNsOXJxMExBEAE,Andi Asdiana Ekasari,2,"Tidak recommended. Datang sore hari banyak hidangan di menu yang kosong, lama makanannya datang, pegawai tidak berseragam sehingga susah dibedakan dengan pengunjung.",2 tahun lalu,1,2,2,Saoenk Cobek Perintis,Google Maps,2026-05-14 19:36:34
ChZDSUhNMG9nS0VJQ0FnSUNsOXF5bWJnEAE,nur eliana,1,Pelayanannya sangat lambat ... Bisa sampai 2 jam ...... Lebih baik pulang,2 tahun lalu,,1,,Saoenk Cobek Perintis,Google Maps,2026-05-14 19:36:34
ChZDSUhNMG9nS0VJQ0FnSUNsdG9xd0xREAE,Muh Izazs Kelas 5A1,3,Masih butuh perbaikan pelayanan...jangan karna restonya baru buka jadi harus di maklumi kalo pelayanannya belum maksimal...bagaimana mau datang kembali kalo dari awal kesannya tidak memuaskan...,2 tahun lalu,3,1,4,Saoenk Cobek Perintis,Google Maps,2026-05-14 19:36:34
ChZDSUhNMG9nS0VJQ0FnSUNscG9yUEZ3EAE,Misel Julianta Putra,1,"Manajemennya masih kurang bagus.. gazebo belum ada nomornya jadi saat bayar kasirnya bingung cari pesanannya pelanggan yang mau bayar jadi lama dan menumpuk di kasir.. pelayannya dan bagian dapurnya teriak"" urus pesanan.. pelayannya susah di bedakan dengan pelanggan karena ga ada penanda atau baju seragam pada pelayan.. makanannya juga biasa aja, ikannya sudah tidak segar dan amis..",2 tahun lalu,2,1,3,Saoenk Cobek Perintis,Google Maps,2026-05-14 19:36:34
ChdDSUhNMG9nS0VJQ0FnSUNsMnA3S2d3RRAB,Aryu Nita A,1,"Pelayanannya ribet, sudah tunggu makanan lama baru dikonfirmasi kalau menunya kosong, jadinya harus cari ganti menu trus menunggu lagi. Belum lagi orderan yg nda tercatat.",2 tahun lalu,,1,,Saoenk Cobek Perintis,Google Maps,2026-05-14 19:36:34
ChZDSUhNMG9nS0VJQ0FnSUNsbXYtNlhREAE,Muhammad Haerul Aziz,1,Pelayanan lama dan ribet,2 tahun lalu,1,1,1,Saoenk Cobek Perintis,Google Maps,2026-05-14 19:36:34
ChdDSUhNMG9nS0VJQ0FnSURGdi0yajJBRRAB,Mr SLim,1,"tiga hari lalu sy makan siang makanannya enak, tp hari ini sy makan malam ternyata dengan pesanan jenis ikan yg sama tp koq rasax sdh tidak segar lagi, setelah d komplain pelayananx cmn blang mw d panasi atau mw ditambah sambal ricanya pak.",Diedit 2 tahun lalu,1,1,1,Saoenk Cobek Perintis,Google Maps,2026-05-14 19:36:34
ChZDSUhNMG9nS0VJQ0FnSUNsOUlTTEJnEAE,zuhriyani ishak,3,"Parkiran luas, petugas parkir ramah. Gazebonya byk dan lega. Ada mushola dan toilet yg terpisah laki laki dan perempuan. Fasilitas ok

Masukan, saran dan kritik membangun akan sgt berharga utk kelangsungan sebuah usaha/bisnis. Teruslah meningkatkan segala hal. InsyaAllah bertahan.",2 tahun lalu,,,,Saoenk Cobek Perintis,Google Maps,2026-05-14 19:36:34
ChdDSUhNMG9nS0VJQ0FnSUNsMVBUYTR3RRAB,COSMO LAND,5,,2 tahun lalu,5,5,5,Saoenk Cobek Perintis,Google Maps,2026-05-14 19:36:34
ChdDSUhNMG9nS0VJQ0FnSURGazRYSnVBRRAB,andi hafizul,5,,2 tahun lalu,5,5,5,Saoenk Cobek Perintis,Google Maps,2026-05-14 19:37:07
ChZDSUhNMG9nS0VJQ0FnSURGazd5YWVREAE,Rina Rahmah,5,,2 tahun lalu,5,5,5,Saoenk Cobek Perintis,Google Maps,2026-05-14 19:37:07
ChZDSUhNMG9nS0VJQ0FnSURwdmU3WVlnEAE,Inyol Tau,4,,2 tahun lalu,,,,Saoenk Cobek Perintis,Google Maps,2026-05-14 19:37:07
Ci9DQUlRQUNvZENodHljRjlvT2xvdFZrMDBWekpJYmxBdFRVeENlV04wTWxVdFFVRRAB,Muh Nailul,5,"tempat nya nyaman pelayanan cepat dan ramah, perbanyak ikan koi nya🤩",2 minggu lalu,5,5,5,Saoenk Cobek Samata,Google Maps,2026-05-14 19:40:52
Ci9DQUlRQUNvZENodHljRjlvT2xWeVJsSnFUa0YzWm5vd2VVUlNUVWxHTTI1MFVrRRAB,Yanto Idris,5,"Wahhh mantap banget, makanannya sangat enak dan suasana nyaman, pelayanan terbaik",2 minggu lalu,5,5,5,Saoenk Cobek Samata,Google Maps,2026-05-14 19:40:52
Ci9DQUlRQUNvZENodHljRjlvT2pKVVFsUjRaekEzYkhGRWJtMWlkazlTTkZCQ2VuYxAB,Nasru Loh,5,mantap pelayanan nya,2 minggu lalu,5,5,5,Saoenk Cobek Samata,Google Maps,2026-05-14 19:40:52
Ci9DQUlRQUNvZENodHljRjlvT214UFNVOVlkRkpoYjBOVk9EaFNkbmQwU1UxVlNVRRAB,Srii Wahyunii,5,Baguss,2 minggu lalu,5,5,5,Saoenk Cobek Samata,Google Maps,2026-05-14 19:40:52
Ci9DQUlRQUNvZENodHljRjlvT25sQ04xaHRZbEIxVHpGbU1FeHhkV2h6Ymt0R1MxRRAB,Rusdiahwan Wawan,1,Pelayanan sangat lama,2 minggu lalu,,,,Saoenk Cobek Samata,Google Maps,2026-05-14 19:40:52
Ci9DQUlRQUNvZENodHljRjlvT21GM09HRjFTVTVpYWsxV1NVOU1SRWcyTWxGd2NrRRAB,Utbah Utbah,5,,3 minggu lalu,5,5,5,Saoenk Cobek Samata,Google Maps,2026-05-14 19:40:52
Ci9DQUlRQUNvZENodHljRjlvT2xOTFJXSkpjUzB4Vkc5a1RtYzFlbTVtYTBSRVoxRRAB,Andi Mutmainnah,5,,3 minggu lalu,5,5,5,Saoenk Cobek Samata,Google Maps,2026-05-14 19:40:52
Ci9DQUlRQUNvZENodHljRjlvT25kMFNWRTFjWEUxYmtSWk9FSm1SWEJzTmtVdFpFRRAB,Burhanuddin Abbas,5,Kerja bagus,3 minggu lalu,5,5,5,Saoenk Cobek Samata,Google Maps,2026-05-14 19:40:52
Ci9DQUlRQUNvZENodHljRjlvT210c04yNXNVRFV4Tm1OT1IwMTNTak5rVFZocWNIYxAB,Riana Natasya,5,Danil,3 minggu lalu,5,5,5,Saoenk Cobek Samata,Google Maps,2026-05-14 19:40:52
Ci9DQUlRQUNvZENodHljRjlvT2pOT2FXSTRXRFJtTVVoTFNrb3pPRWhaVmpoQlgzYxAB,nabila,5,Pelayananny cepat dan rama,sebulan lalu,5,5,5,Saoenk Cobek Samata,Google Maps,2026-05-14 19:40:52
Ci9DQUlRQUNvZENodHljRjlvT2pOSFlUazRiVlZ2T0RKb09VeHdjaTExWTI5a1UwRRAB,Farhaq Al Fariq,5,,sebulan lalu,5,5,5,Saoenk Cobek Samata,Google Maps,2026-05-14 19:41:12
Ci9DQUlRQUNvZENodHljRjlvT2tzeGNXSnJObXhpWkdFd2VqUjNhMDlWYkdsUVFXYxAB,ayu aprianti arsyad,2,"tidak worthit,
harga dan kualitas
pesan ikan di bakar dan di rebus ukuran XL yg datang kecil untuk ikan bakarnya kayak sisa setengah ekor kebawah sedangkan untuk ikan masaknya hanya tulang2 dan kepala tdk ada daging sama sekali terus sebagian dagingnya kyk tdk ada , pesan cumi goreng tepung kayak cumi yg kecil di iris tipis sekali kyk tdk ada daging cuminya jd kyk tepung saja di makan mana asin. hampir 400 rb untuk makanan begitu ! 👎🏻 paling benar memang makan di restoran dr pd tempat2 tdk jelas begini!
tidak di sarankan sih kesini ! untuk harga tdk wort it ! 👎🏻👎🏻 pertama dan terakhir",sebulan lalu,2,,,Saoenk Cobek Samata,Google Maps,2026-05-14 19:41:12
Ci9DQUlRQUNvZENodHljRjlvT25KdE1IUk1hR1kyTVhSRGVrUlZlbFoyZWxKUk9FRRAB,Jusni Ananda Fitri,5,"Makanan yg disajikan sangat cocok dilidah, pelayanan sangat baik para karyawan sangat ramah dan gercep, suasan resto juga sangat mendukunh terutama jika ingin makan bersama keluarga",sebulan lalu,5,5,5,Saoenk Cobek Samata,Google Maps,2026-05-14 19:41:12
Ci9DQUlRQUNvZENodHljRjlvT25nMGRHNXFkWEJ0ZDJKM1NIcExORGs1ZWsxME9FRRAB,Kahar Al Husain Zahra,5,,sebulan lalu,5,5,5,Saoenk Cobek Samata,Google Maps,2026-05-14 19:41:12
Ci9DQUlRQUNvZENodHljRjlvT21ORlIzWTFlWEZ3Wm05eVdYVk5jemxyVDNaTVdIYxAB,Risna Mabe,5,Makanya enak enak dan pelayanannya sangat bagus mantap,sebulan lalu,5,5,5,Saoenk Cobek Samata,Google Maps,2026-05-14 19:41:12
Ci9DQUlRQUNvZENodHljRjlvT2tJMVRWQmpkVk5LZFhCeVUzTlNPSFZpZEhwMmRVRRAB,Zulfia Anugrah,5,makanan dan pelayanannya sangat mantap dan tempat nya begitu nyaman,sebulan lalu,5,5,5,Saoenk Cobek Samata,Google Maps,2026-05-14 19:41:12
Ci9DQUlRQUNvZENodHljRjlvT2pSRU5XWXdNbWc0TmpKdk5EQlNUa3huY25SNlgwRRAB,TOKO ZILAL,3,Pelayanan sangat lama,sebulan lalu,4,1,3,Saoenk Cobek Samata,Google Maps,2026-05-14 19:41:12
Ci9DQUlRQUNvZENodHljRjlvT205b1dDMWtRVlJsY0Y5MWNrRnhPV2hpWDFkR2FuYxAB,Indra Lesmana,1,,sebulan lalu,1,1,1,Saoenk Cobek Samata,Google Maps,2026-05-14 19:41:12
Ci9DQUlRQUNvZENodHljRjlvT2tKNUxWTlpWa2hUUjFGQ1NYbFRlalpOZUV0SGFIYxAB,Abdul Kadir,5,,sebulan lalu,,,,Saoenk Cobek Samata,Google Maps,2026-05-14 19:41:12
Ci9DQUlRQUNvZENodHljRjlvT2tsRmMxZzBhMGRGYUZkeU9HZDRTblIxYkVGclNuYxAB,Miftah mii,2,"Untuk makanan dan servisnya sudah bagus sekali, cuman tempatnya kurang terawat, dan lingkungannya bawa selokan dan sampah",sebulan lalu,5,5,1,Saoenk Cobek Samata,Google Maps,2026-05-14 19:41:12
Ci9DQUlRQUNvZENodHljRjlvT2pVNVltWkdabGc1VTBWdFdIUk9lWFpsTFVWM2NGRRAB,Atika Tika,3,"Jeleknya itu banyak pengamen sama penjual2 keluar masuk, bikin kurang nyaman",sebulan lalu,4,4,1,Saoenk Cobek Samata,Google Maps,2026-05-14 19:41:33
Ci9DQUlRQUNvZENodHljRjlvT2xZeU1IWkxiMVZ3VUVRNWQxTnpkVzF5ZFRoeGMyYxAB,Nur Annisa Muthia Muis,2,"Mohon maaf sblmnya. Tmpt agak kotor, Di gazebo ujung dkt tmpt sampah bau skali
Tolong area tmph sampah di perbaiki, jgn ada smpah yg terjatuh dan baunya tdk terhirup.",2 bulan lalu,,,,Saoenk Cobek Samata,Google Maps,2026-05-14 19:41:33
Ci9DQUlRQUNvZENodHljRjlvT21Jd1NtSjVlbEJtYkZCWWVqbFlWbk5GVmxsU2FWRRAB,Ansar Ansar,5,Mantap,2 bulan lalu,5,5,5,Saoenk Cobek Samata,Google Maps,2026-05-14 19:41:33
Ci9DQUlRQUNvZENodHljRjlvT25VMFJsTjZURTAzYUhGNVJIWXlRa1YwYUhWcGNVRRAB,Aan Kurniawan,4,Kerrn enak,2 bulan lalu,4,4,4,Saoenk Cobek Samata,Google Maps,2026-05-14 19:41:33
Ci9DQUlRQUNvZENodHljRjlvT21VMGVHbFlkWFJ6Y0RsNE5FSjZWbUZIVVVocWVIYxAB,Rusman,4,"Suasananya bagus hidangannya juga bagus hanya saja musallahnya tidak ada pencaha yaan lampu, jadi orang salat gelap gelapan",2 bulan lalu,5,5,5,Saoenk Cobek Samata,Google Maps,2026-05-14 19:41:33
Ci9DQUlRQUNvZENodHljRjlvT2tGbmFEQm5OMFpzYWpsT2JrdFpRWEJVUmpOU1ZuYxAB,Difnaa,5,,2 bulan lalu,,5,5,Saoenk Cobek Samata,Google Maps,2026-05-14 19:41:33
Ci9DQUlRQUNvZENodHljRjlvT2xOMFMwdE5hSHB2VFRocmJFMVhVR2RzYUZaclpXYxAB,Mayson Jiro,1,"Jujur, saya mendapat kesan yang salah tentang tempat ini. Dan sepertinya pembayaran tidak mendapat diskon sama sekali. Awalnya saya membayar paket Ramadhan, tetapi setelah saya menambahkan makanan yang sama dengan harga normal, astaga, harga diskonnya sama dengan harga normal. Apakah hanya saya yang mengalami ini atau haruskah saya memberi tahu semua orang agar tidak ada pelanggan lain seperti saya? Biarkan waktu yang menjawabnya karena ini bulan Ramadhan!",2 bulan lalu,3,4,3,Saoenk Cobek Samata,Google Maps,2026-05-14 19:41:33
Ci9DQUlRQUNvZENodHljRjlvT2tNMFZ6bE9Va3g1UWtsaE1tWlZOSEpKVm13eU9WRRAB,Bunga,5,,3 bulan lalu,5,5,5,Saoenk Cobek Samata,Google Maps,2026-05-14 19:41:33
Ci9DQUlRQUNvZENodHljRjlvT21sMVFXZEdWREJ3YmxwNVNIaG5jRFJUVFdGTU9VRRAB,NURINAYA,5,mntp💅,3 bulan lalu,5,5,5,Saoenk Cobek Samata,Google Maps,2026-05-14 19:41:33
Ci9DQUlRQUNvZENodHljRjlvT21aMGNqSnpNa2hpVEdab1YxVnRjWGhpVWsxcmNGRRAB,indra lesmana,1,,3 bulan lalu,1,1,1,Saoenk Cobek Samata,Google Maps,2026-05-14 19:41:33
Ci9DQUlRQUNvZENodHljRjlvT201dFZHVjNSMVU1Wm1SRFMzcGhkbXRUWVRKWVdrRRAB,blek swit01,1,Kurang ramah kasirnya,3 bulan lalu,1,1,1,Saoenk Cobek Samata,Google Maps,2026-05-14 19:41:53
Ci9DQUlRQUNvZENodHljRjlvT21aS1psTmpWekJmYTJSRU0ybERNemhRTTJGNU5sRRAB,Dewi Satriati Ninsyi,5,,3 bulan lalu,,,,Saoenk Cobek Samata,Google Maps,2026-05-14 19:41:53
Ci9DQUlRQUNvZENodHljRjlvT25ZNGVrWnBlbW93UlRRMUxUTnVUMmhyWXpsQ1kzYxAB,Rita Hasryanti,3,Makanannya nda ada yang benar benar panas rasanya standarji harganya juga agak mahal menurut ku masak biar lomboknya berbayar juga,3 bulan lalu,,,,Saoenk Cobek Samata,Google Maps,2026-05-14 19:41:53
Ci9DQUlRQUNvZENodHljRjlvT21wMGJrOVBjbnA1TWxFNFJrRkdRV3BDTjFSTVpIYxAB,Bismillah 123,1,Kotor banyak tai kucingnya,4 bulan lalu,,,,Saoenk Cobek Samata,Google Maps,2026-05-14 19:41:53
Ci9DQUlRQUNvZENodHljRjlvT2w5TVpISmxPV1JZVEdSRFUxaGllRVo1UzNKUlVrRRAB,D Ròxlyn,3,"Sebagai pecinta kuliner,  makanan yang disajikan hambar, kurang rasa.",4 bulan lalu,3,4,5,Saoenk Cobek Samata,Google Maps,2026-05-14 19:41:53
Ci9DQUlRQUNvZENodHljRjlvT2xsWVEyUkVkMmRwZEZoNVZVeGtiV3hGUW1GUVEzYxAB,Agus Ryanto Ade Putra,5,Menu dan Pelayanan keren,4 bulan lalu,5,5,5,Saoenk Cobek Samata,Google Maps,2026-05-14 19:41:53
Ci9DQUlRQUNvZENodHljRjlvT2xFMlZURnZaVGhNYW5KaGFYTkNhVFY2VFdzNVNFRRAB,Asshitaa Khann,5,,4 bulan lalu,5,5,5,Saoenk Cobek Samata,Google Maps,2026-05-14 19:41:53
Ci9DQUlRQUNvZENodHljRjlvT25SVlJFeERSM3BzZUU5RWNEVlJhVXg1TlVrd1VsRRAB,Ayaaa,5,,4 bulan lalu,5,5,5,Saoenk Cobek Samata,Google Maps,2026-05-14 19:41:53
Ci9DQUlRQUNvZENodHljRjlvT2taMVMyaEtSbWhqVkhoSVdFRTBObWhyUVhoaU5tYxAB,Nur Inaya,5,,4 bulan lalu,5,5,5,Saoenk Cobek Samata,Google Maps,2026-05-14 19:41:53
Ci9DQUlRQUNvZENodHljRjlvT2s0M01tRkhMVXBSWTJ4WU5EZGxhVWR3VjBaNWFVRRAB,Tom Mi,5,Menunya enak pelayanannya juga baik,4 bulan lalu,5,5,5,Saoenk Cobek Samata,Google Maps,2026-05-14 19:41:53
Ci9DQUlRQUNvZENodHljRjlvT2pSQmJIQnROamxxWlZWbmJXdFZkRGx1UWpSbFdrRRAB,Arsyila Romeesa,5,,4 bulan lalu,5,5,5,Saoenk Cobek Samata,Google Maps,2026-05-14 19:42:14
Ci9DQUlRQUNvZENodHljRjlvT21kVmNIWndZVXBUYW0wMVptOVVjREpNT1VNeldFRRAB,Iskandar Zulkarnaen,5,,4 bulan lalu,5,5,5,Saoenk Cobek Samata,Google Maps,2026-05-14 19:42:14
Ci9DQUlRQUNvZENodHljRjlvT2pjeVZGSkphRXAzVW0xWlprTTROSE0yTlhoWlQyYxAB,Ins Calista,5,,4 bulan lalu,5,5,5,Saoenk Cobek Samata,Google Maps,2026-05-14 19:42:14
Ci9DQUlRQUNvZENodHljRjlvT21GbmJXWkRWbXhaVjFKdVJGZzVNVlZoTTFaa0xWRRAB,Arhy Razak,4,"Ruang vipnya ga seru, soundsistemnya tdk bagus",4 bulan lalu,,,,Saoenk Cobek Samata,Google Maps,2026-05-14 19:42:14
Ci9DQUlRQUNvZENodHljRjlvT2toNFJ6WmtPRWhSTmw5TFUySkVjbWQ0TVUxMlZFRRAB,Edi Wiyono,5,Adem dan bersih masjidnya,4 bulan lalu,,,,Saoenk Cobek Samata,Google Maps,2026-05-14 19:42:14
Ci9DQUlRQUNvZENodHljRjlvT2xSSUxWcFdjM0k0WW1OdFFYQkNiak41VEhJdFdVRRAB,Nur Afni Andriani,5,Suasana tenang,4 bulan lalu,5,5,5,Saoenk Cobek Samata,Google Maps,2026-05-14 19:42:14
Ci9DQUlRQUNvZENodHljRjlvT21KSmJESnJZbWxxUjBKUmRrTllXamhqZVZOelQwRRAB,Sitti Nurwahidah,5,,4 bulan lalu,5,5,5,Saoenk Cobek Samata,Google Maps,2026-05-14 19:42:14
Ci9DQUlRQUNvZENodHljRjlvT25OcFQwcEdkRjlDYVhGeFMwaHBSVGhTU1MxbFptYxAB,MayaAulia Ramadani12,5,,4 bulan lalu,5,5,5,Saoenk Cobek Samata,Google Maps,2026-05-14 19:42:14
Ci9DQUlRQUNvZENodHljRjlvT2sxM1IwMHpOR1IzU2pKdGRsOHdWRFV4UjNkVlYzYxAB,Suci Rahmadanisahid,5,,4 bulan lalu,5,5,5,Saoenk Cobek Samata,Google Maps,2026-05-14 19:42:14
Ci9DQUlRQUNvZENodHljRjlvT2xSS1pIbDNVbFExYkc1eWVYcHpSME53TlRVMFpXYxAB,Isna Wati,1,,5 bulan lalu,1,1,1,Saoenk Cobek Samata,Google Maps,2026-05-14 19:42:14
Ci9DQUlRQUNvZENodHljRjlvT2pSTmNqQlZjVUpLU0ZjeGNtZGpWMlF5TldoRExYYxAB,RAHMA DANI,5,,5 bulan lalu,5,5,5,Saoenk Cobek Samata,Google Maps,2026-05-14 19:42:34
Ci9DQUlRQUNvZENodHljRjlvT2pVNFQzQkRSRk5xVDA5TmIwOWpXRzF0VWpadGNXYxAB,Ina Nova,5,,5 bulan lalu,5,5,5,Saoenk Cobek Samata,Google Maps,2026-05-14 19:42:34
Ci9DQUlRQUNvZENodHljRjlvT2w5clZFeGxaRWQ1YWtscFFUQjVYemR6VUVSV1lrRRAB,Nur Hikma_G_045,5,Enak.... Apalagi supervisor nya ganteng,5 bulan lalu,5,5,5,Saoenk Cobek Samata,Google Maps,2026-05-14 19:42:34
Ci9DQUlRQUNvZENodHljRjlvT2psTlpHeGpXV1pmVDNoWGNsODJTVU5zYW1sa1kzYxAB,Nyoman Widi Ayu Indah Lestari,5,,5 bulan lalu,,,,Saoenk Cobek Samata,Google Maps,2026-05-14 19:42:34
Ci9DQUlRQUNvZENodHljRjlvT21oMWJsWk5lVTVzY1ZCaWEwWlhZa0phVkRsaldIYxAB,mey,5,makanan enak pelayanan baik tempat nyaman trmksih,5 bulan lalu,5,,,Saoenk Cobek Samata,Google Maps,2026-05-14 19:42:34
Ci9DQUlRQUNvZENodHljRjlvT25OUlZuaGlka00zVTFFeE1WZFVZMHBoU1U5TlowRRAB,Ansari Ari,5,,5 bulan lalu,,,,Saoenk Cobek Samata,Google Maps,2026-05-14 19:42:34
Ci9DQUlRQUNvZENodHljRjlvT25CMk5VRlBXbmhsWkc5UWQzbE1XRlJDZFV4RWVsRRAB,Utamy ermawati,5,"makanannya enak
tempatnya nyaman
terimakasih saoeng cobek 👍🙏",5 bulan lalu,5,5,5,Saoenk Cobek Samata,Google Maps,2026-05-14 19:42:34
Ci9DQUlRQUNvZENodHljRjlvT2s1UU9GRTBOazl0Y1hsUFNGbEhhWFp3Y3pKbFRsRRAB,Andi Nurdevyana,5,,5 bulan lalu,5,5,5,Saoenk Cobek Samata,Google Maps,2026-05-14 19:42:34
Ci9DQUlRQUNvZENodHljRjlvT2pGb04wUnVXbE0wYWpaVWJFWllSRk52ZW1oNFFtYxAB,Hamka Jari,5,recomended,5 bulan lalu,5,5,5,Saoenk Cobek Samata,Google Maps,2026-05-14 19:42:34
Ci9DQUlRQUNvZENodHljRjlvT2xNMlJ6ZDJYMnh6Y2pCNE9VTkJiR1JxV0RsQlFWRRAB,MIRDAYANTI SYAM,5,,5 bulan lalu,5,5,5,Saoenk Cobek Samata,Google Maps,2026-05-14 19:42:34
Ci9DQUlRQUNvZENodHljRjlvT2xOVVFqSlNiblJ6T0c0d1VtZ3hMWFo0WjNCWVFrRRAB,Muh Haidar,5,,5 bulan lalu,5,5,4,Saoenk Cobek Samata,Google Maps,2026-05-14 19:42:54
Ci9DQUlRQUNvZENodHljRjlvT2pKV1RqaDJjR3hHUjA5M1lVMVJWa3gxTmtkd1dsRRAB,Adilah Riaji,5,,5 bulan lalu,5,5,5,Saoenk Cobek Samata,Google Maps,2026-05-14 19:42:54
Ci9DQUlRQUNvZENodHljRjlvT2tsZlZrdGhOekJpV21GQk1HTTJhMUI1UTFWblRVRRAB,Della Andreani,5,"Kasih bintang 5 biar dibaca

Tempat lebih diperhatikan kebersihan nya
Harga kurang sepadan dgn rasa makanannya

Terimakasih",5 bulan lalu,5,5,5,Saoenk Cobek Samata,Google Maps,2026-05-14 19:42:54
Ci9DQUlRQUNvZENodHljRjlvT25Ga1JFbEVkbXhrTW1KdE56SjZXbWxGWVZCUmJYYxAB,Nando Zidan,2,,5 bulan lalu,,,,Saoenk Cobek Samata,Google Maps,2026-05-14 19:42:54
Ci9DQUlRQUNvZENodHljRjlvT2pNek5qSXRjWFpYV0ROdVdIWkhWMVJwYzJ0U1ZGRRAB,Maheswari,4,"Makanannya enak-enak, kolamnya bnyak ikan, suasananya tenang..
Cuma nungguin makanannya agak lama, sama ada 1 ekor kucing yg tiba"" nyamperin, agak ganggu sih tuh kucing krna gak mau pergi.. Selebihnya oke banget!
Highly recommended pokoknya..",5 bulan lalu,5,4,5,Saoenk Cobek Samata,Google Maps,2026-05-14 19:42:54
Ci9DQUlRQUNvZENodHljRjlvT2xKeWFDMDJUSFk1VWtSaGQzTk1iemt5VlRrd1pYYxAB,Muhammad Ridwan,2,"Spanduk depan tentang paket ayam goreng dan ayam bakar, itu BOHONG. Saya datang tgl 10 nov 25, ternyata tidak menu paket itu. Padahal saya singgah karena mau beli paket itu.",6 bulan lalu,3,1,2,Saoenk Cobek Samata,Google Maps,2026-05-14 19:42:54
Ci9DQUlRQUNvZENodHljRjlvT2toeE5qTTNTbEoyY0ROT1JtNXNXbmt0U2w5cGRtYxAB,Ratnawati,5,"Pelayanan sangat baik dan ramah, makanan enak, dan suasana enak..",6 bulan lalu,5,5,5,Saoenk Cobek Samata,Google Maps,2026-05-14 19:42:54
Ci9DQUlRQUNvZENodHljRjlvT2w5aFVHeEJYMmRPVlUxblh6WXpaRmxQTUV0MWNGRRAB,Wati Ji,5,"Pelayanan nya ramah dan cepat bgt, mbaknya yg menangani reservasi sy dr awal sangat baik dan ramah, tempat dan suasana enak, dan makanan nya juga sangat enak, tamu saya semua sangat luas, next pasti reservasi lagi, makasih saoenk cobek 😍🥰😇",6 bulan lalu,5,5,5,Saoenk Cobek Samata,Google Maps,2026-05-14 19:42:54
Ci9DQUlRQUNvZENodHljRjlvT25WRVNuSlRURWd5TkdGbWN6UkxWbFIwZVVKcVpsRRAB,NURANI AZIZAH . M,5,"Makanannya enak dan penyajiannya cepat. Pelayanannya (Mba Risma) sangat ramah,",6 bulan lalu,5,5,5,Saoenk Cobek Samata,Google Maps,2026-05-14 19:42:54
Ci9DQUlRQUNvZENodHljRjlvT2pJek4zTlZhMDFGYUVGb1pTMHljalE0VlRoR1RGRRAB,Afrah Ali,5,suasananya bagus mknannya enak,6 bulan lalu,,,,Saoenk Cobek Samata,Google Maps,2026-05-14 19:42:54
Ci9DQUlRQUNvZENodHljRjlvT21wZlFqRmtjMWxLYUhCS1NqUlNZblJTWVVWUFMzYxAB,nharaya ch,5,"enak, pelayanan ramah",6 bulan lalu,,,,Saoenk Cobek Samata,Google Maps,2026-05-14 19:43:15
Ci9DQUlRQUNvZENodHljRjlvT2tKbVZsazNVbnBwY1hVeWVHcHVZbXd5U1ZocE1YYxAB,Andriyani Lestari Nur,5,Bagus,6 bulan lalu,5,5,5,Saoenk Cobek Samata,Google Maps,2026-05-14 19:43:15
Ci9DQUlRQUNvZENodHljRjlvT2kxemFUSjJOaTFWWWpCa2FURXhja2MwU1cxTk9WRRAB,Amalia Chaedir,5,"Pelayanannya puass bngett
Makanannya mantulll",6 bulan lalu,5,5,5,Saoenk Cobek Samata,Google Maps,2026-05-14 19:43:15
Ci9DQUlRQUNvZENodHljRjlvT2paMldGY3hRekJ3YkY5SmJuVjFTRU00UjFjMFpFRRAB,Sekar Rischiani,5,"Menunya enak semua, fresh juga, tempatnya bersih, dan pelayanan nya juga cepat,,
Thank you Saoenk Cobek",6 bulan lalu,5,5,5,Saoenk Cobek Samata,Google Maps,2026-05-14 19:43:15
Ci9DQUlRQUNvZENodHljRjlvT2psa2JFTkRYMjVxWjJ0NUxXdGZibWxhV1RoMU4yYxAB,Arfha,5,,6 bulan lalu,5,5,5,Saoenk Cobek Samata,Google Maps,2026-05-14 19:43:15
Ci9DQUlRQUNvZENodHljRjlvT2xkTVFsbFZVVlUxTkRoUVNYSlhOazVOY2pOYVlYYxAB,Alif Fatahillah,5,"akses perjalanan mudah, ramah dan enak",6 bulan lalu,,,,Saoenk Cobek Samata,Google Maps,2026-05-14 19:43:15
Ci9DQUlRQUNvZENodHljRjlvT21Oc1JIazVXbFV0ZG1OT1MwMUNZWEEzYW13emVrRRAB,Nurhayati,5,,6 bulan lalu,5,5,5,Saoenk Cobek Samata,Google Maps,2026-05-14 19:43:15
Ci9DQUlRQUNvZENodHljRjlvT21wblNYUlFMVVl5VlhwR01VaHlaR3RqWHpsS01sRRAB,HARIMINTAN,5,,6 bulan lalu,5,5,5,Saoenk Cobek Samata,Google Maps,2026-05-14 19:43:15
Ci9DQUlRQUNvZENodHljRjlvT2tSQkxXSm9UbVp3ZDFjM1lVeHplSE51YW5kNGNXYxAB,Muthia Idha,3,,6 bulan lalu,4,5,3,Saoenk Cobek Samata,Google Maps,2026-05-14 19:43:15
Ci9DQUlRQUNvZENodHljRjlvT2tOaVNsVjBURVJTU1ZSclNHNUlaREI0YURReWVGRRAB,Anita Rahman,4,Pelayanannya bagus... Makanannya juga enak,6 bulan lalu,3,3,4,Saoenk Cobek Samata,Google Maps,2026-05-14 19:43:15
Ci9DQUlRQUNvZENodHljRjlvT2xJeGRuRjRZM0JJU1Y5VFdVOWlkVGhTU0ZOUVdYYxAB,Cleo Leon,5,"Recomend banget buat makan di saoenk cobek di samata, cocok untuk kumpul bersama keluarga dan teman2. Rasa makanan semua nya mantap dan pelayanan sangat baik dan ramah ❤❤❤",6 bulan lalu,5,5,5,Saoenk Cobek Samata,Google Maps,2026-05-14 19:43:35
Ci9DQUlRQUNvZENodHljRjlvT2xaQk5GVkVWa0puV1c5c2RXdDVhak5LVEROTFdWRRAB,Erwin Ermha,5,"Pelayanan.nya oke, makanan.nya enak",6 bulan lalu,5,5,5,Saoenk Cobek Samata,Google Maps,2026-05-14 19:43:35
Ci9DQUlRQUNvZENodHljRjlvT21WMk1rOVJYMFk1YWtKQ2RWVXllVVExU21aYU1WRRAB,yayasancendekia puruhita,5,"Pelayanan cepat, makanan enak",6 bulan lalu,5,5,5,Saoenk Cobek Samata,Google Maps,2026-05-14 19:43:35
Ci9DQUlRQUNvZENodHljRjlvT21waVptWTNUalZpV1haVk1VWkJkV0Z6TlRnME9HYxAB,Faqi Athy,5,,6 bulan lalu,5,5,5,Saoenk Cobek Samata,Google Maps,2026-05-14 19:43:35
Ci9DQUlRQUNvZENodHljRjlvT21WT09IbFlaM05CU1dwc2NpMDVSakZMVm1FelYxRRAB,Nublah Fillah,5,,6 bulan lalu,5,5,5,Saoenk Cobek Samata,Google Maps,2026-05-14 19:43:35
Ci9DQUlRQUNvZENodHljRjlvT2pVeVZtcHJYMlJrTjA1WmMybHBXVWd4WDFOR2IyYxAB,Sri Indriani,5,,6 bulan lalu,5,5,5,Saoenk Cobek Samata,Google Maps,2026-05-14 19:43:35
Ci9DQUlRQUNvZENodHljRjlvT2kxaFoyVkRRMUZaZDBORlpUUjVSWGRrUTI0dGExRRAB,Andi Farida,5,Rombongan Punabakti dinas koperasi makassar,6 bulan lalu,5,5,5,Saoenk Cobek Samata,Google Maps,2026-05-14 19:43:35
Ci9DQUlRQUNvZENodHljRjlvT21kT1lqVkNZemwzYmtvMk5IUnpXRTVMY1dneVVtYxAB,Richaeni Gurika,5,,6 bulan lalu,5,5,5,Saoenk Cobek Samata,Google Maps,2026-05-14 19:43:35
Ci9DQUlRQUNvZENodHljRjlvT21ScVF6TTBZakpLY1dGMlgzWXRObmhzUlVoWE4zYxAB,Rachmad Paturungi,5,,7 bulan lalu,,,,Saoenk Cobek Samata,Google Maps,2026-05-14 19:43:35
Ci9DQUlRQUNvZENodHljRjlvT25CUVJUaDVYMWhFWnpKTVJrNW9lRzFHUjFGYVExRRAB,Gunawan Rahana,5,,7 bulan lalu,5,5,5,Saoenk Cobek Samata,Google Maps,2026-05-14 19:43:35
Ci9DQUlRQUNvZENodHljRjlvT2pSU1ZuaDZlbGR5YjJOZlVGUjZRbEl0Tmt0MVdFRRAB,Jamhery gusrynanda. H,4,,7 bulan lalu,,,,Saoenk Cobek Samata,Google Maps,2026-05-14 19:43:56
Ci9DQUlRQUNvZENodHljRjlvT2taMWVUTlBNRTVWVTBwZmNVbHBVMjFvZWtORlptYxAB,Helviyani Toyo,4,,7 bulan lalu,4,4,5,Saoenk Cobek Samata,Google Maps,2026-05-14 19:43:56
Ci9DQUlRQUNvZENodHljRjlvT2pWMFQwdFlTR1UyV1VKaFpGZDRaazFRYkZoclFWRRAB,Eva Thumewah,4,,7 bulan lalu,4,4,4,Saoenk Cobek Samata,Google Maps,2026-05-14 19:43:56
Ci9DQUlRQUNvZENodHljRjlvT2tSV1EzWTJhR3hsZGtwVVQzTlJjREZRUmpoMFVIYxAB,Nuramalia Suci,5,,7 bulan lalu,5,5,5,Saoenk Cobek Samata,Google Maps,2026-05-14 19:43:56
Ci9DQUlRQUNvZENodHljRjlvT2xKcGVuVjZTM1ZIVFVWdVVUbG9WV001U25ZeFJWRRAB,Windy Widdya,5,Makanan enak dan pelayanan ramah 🫰🏻,7 bulan lalu,5,5,5,Saoenk Cobek Samata,Google Maps,2026-05-14 19:43:56
Ci9DQUlRQUNvZENodHljRjlvT2s1a0xVSk1SR00zUldNd1NISlhNRXRZY21ZME9HYxAB,Uswatun Hasanah,5,"Saya pesan pallumara sunu, enak banget kuahnya pas🤩🥳",7 bulan lalu,5,5,5,Saoenk Cobek Samata,Google Maps,2026-05-14 19:43:56
Ci9DQUlRQUNvZENodHljRjlvT2psNmNVbDBhbTFhYzFRMU1FZE9jRzQwYW5aWFJVRRAB,Seni,5,"Makananya enak², apalgi pelayanan nya sangat ramah
Makasih kak mila atas pelayanan nya",7 bulan lalu,5,5,5,Saoenk Cobek Samata,Google Maps,2026-05-14 19:43:56
Ci9DQUlRQUNvZENodHljRjlvT25SU1RITXhTa1U1U2xWd1ZVUnJTRXRvV1hkU1YxRRAB,Adinda Fitri,5,,7 bulan lalu,5,5,5,Saoenk Cobek Samata,Google Maps,2026-05-14 19:43:56
Ci9DQUlRQUNvZENodHljRjlvT2pGVGRrZ3libXhDUjJoUlpGaG5lWGxKVlhORmMyYxAB,Ikawati,5,Makasi mila pelayanannya bagus pelayanannya,7 bulan lalu,5,5,5,Saoenk Cobek Samata,Google Maps,2026-05-14 19:43:56
Ci9DQUlRQUNvZENodHljRjlvT213eVIwVk5aSGxoZVhReVJ6UlRSMWRqT1RGTlVrRRAB,Lagoe Channel,5,"Tdmpatnya bagus,adem,cocok untuk yg berkeluarga.makanannya jga enak enak dan harganya terjangkau.
Apalagi sangat suka dengan pelayanananya yang atas nama siti nurdayanti❤️",7 bulan lalu,5,5,5,Saoenk Cobek Samata,Google Maps,2026-05-14 19:43:56
Ci9DQUlRQUNvZENodHljRjlvT25sRGFVNVlNSFZHVmt3d2NIWXpOVWhoYzNsNVMzYxAB,Anii 82,5,Pelayanan mantap makanan enak dan murah buat rombongan,7 bulan lalu,5,5,5,Saoenk Cobek Samata,Google Maps,2026-05-14 19:44:16
Ci9DQUlRQUNvZENodHljRjlvT21oMVFVZzBSRmd3ZFhJM1kySjFZakUyVVZVMmQxRRAB,Jhon Pantau,5,"Pelayanan bagus, makanannya juga enak, mantap",7 bulan lalu,5,5,5,Saoenk Cobek Samata,Google Maps,2026-05-14 19:44:16
Ci9DQUlRQUNvZENodHljRjlvT25nMFppMVRZbHBHYlRGNE9HbGZRbFpKY0dOc1JrRRAB,Mustari 21,5,"Makanan enak,  suasana yg adem dan pelayanannya baik dan ramah",7 bulan lalu,5,5,5,Saoenk Cobek Samata,Google Maps,2026-05-14 19:44:16
Ci9DQUlRQUNvZENodHljRjlvT2pOaVkwUkdNM0l6U1dWUU1VdHlhakE1YkUxcU5rRRAB,Almiraa,5,Makanannya enaq,7 bulan lalu,5,5,5,Saoenk Cobek Samata,Google Maps,2026-05-14 19:44:16
Ci9DQUlRQUNvZENodHljRjlvT2xad00yVldiekY0YXpsUmNUSjFSekpLUzB4S1RtYxAB,nurhidayh Hasan,5,Pelayan sangat bagus makanan enakkk bnget,7 bulan lalu,5,5,5,Saoenk Cobek Samata,Google Maps,2026-05-14 19:44:16
Ci9DQUlRQUNvZENodHljRjlvT2pkQ2QyVlNXR28xV0ZWZlNsRndlVGhmZGtOTWEwRRAB,mm jj,5,,7 bulan lalu,5,5,5,Saoenk Cobek Samata,Google Maps,2026-05-14 19:44:16
Ci9DQUlRQUNvZENodHljRjlvT2xrMFNVeHJaa3B4VFhOaVJXRlZhVVJSWmtoakxXYxAB,Ami Priono,5,"Makanan enak, dan pelayan sangat ramah apalagi atas kak siti",7 bulan lalu,5,5,5,Saoenk Cobek Samata,Google Maps,2026-05-14 19:44:16
Ci9DQUlRQUNvZENodHljRjlvT2tKTlFsWXpVREl3ZWtneFNqVkVaMEZvT0hWSWRGRRAB,St Nurdayanti,5,Pelayananya sangat bagus pegawainya ramah2 tempatnya bersih  dan nyaman👍👍,7 bulan lalu,5,5,5,Saoenk Cobek Samata,Google Maps,2026-05-14 19:44:16
Ci9DQUlRQUNvZENodHljRjlvT2xwSU1XaGtOR2hXTmtwalNXODRSWFp2VDBwQmVGRRAB,rianiaprilia putririvai,5,mantap,7 bulan lalu,5,5,5,Saoenk Cobek Samata,Google Maps,2026-05-14 19:44:16
Ci9DQUlRQUNvZENodHljRjlvT2xGRWNIQkVWR28zYldGaU1WOXBSWE5SYUhkak5sRRAB,Akbar Dg liwang,5,Mantap sekali,7 bulan lalu,5,5,5,Saoenk Cobek Samata,Google Maps,2026-05-14 19:44:16
Ci9DQUlRQUNvZENodHljRjlvT2xOck9IaG5WVWxIVkdaUU0zQkdjV2hEV1dSMVVXYxAB,Nisaaul Muthmainnah,5,,7 bulan lalu,5,5,5,Saoenk Cobek Samata,Google Maps,2026-05-14 19:44:37
Ci9DQUlRQUNvZENodHljRjlvT2xremJUbFBPV0pSVDBGMVNUVnpRVWw2WjNoTFdGRRAB,Syammm. Jk,5,Makanannya enak dan bagus untuk santai,7 bulan lalu,5,5,5,Saoenk Cobek Samata,Google Maps,2026-05-14 19:44:37
Ci9DQUlRQUNvZENodHljRjlvT2xCNGVGWkhaV0V5VGxWaE5HZGhVRzlsVjBKUU9YYxAB,Muhammadiksan,5,Pelayanan memuaskan atau makanan enak cocok untuk keluarga,7 bulan lalu,5,5,5,Saoenk Cobek Samata,Google Maps,2026-05-14 19:44:37
Ci9DQUlRQUNvZENodHljRjlvT25neWJtdFpSMHhNVVc4eWFuSjVObEZ4VlcxNVlWRRAB,Adam Ramadhan R,5,Pelayanan memuaskan atau makanan enak Cocok untuk keluarga,7 bulan lalu,5,5,5,Saoenk Cobek Samata,Google Maps,2026-05-14 19:44:37
Ci9DQUlRQUNvZENodHljRjlvT2xKVlNVOHhVSGxIYnpKSlJuRldOVW93WHpsUFltYxAB,carol zinha,5,makanan enak cocok untuk keluarga atau cocok untuk keluarga,7 bulan lalu,5,5,5,Saoenk Cobek Samata,Google Maps,2026-05-14 19:44:37
Ci9DQUlRQUNvZENodHljRjlvT2pVNE1FMUxabXB0VFhOUmRsRTRWV1JOYVdkU1dXYxAB,Hakim Hakim,5,,7 bulan lalu,5,5,5,Saoenk Cobek Samata,Google Maps,2026-05-14 19:44:37
Ci9DQUlRQUNvZENodHljRjlvT2pWWmQycEVkSEJoUVVseWJsWm1UMGRDVTNSTWNrRRAB,Arkan Fauzan,5,,7 bulan lalu,5,5,5,Saoenk Cobek Samata,Google Maps,2026-05-14 19:44:37
Ci9DQUlRQUNvZENodHljRjlvT25kaVMzbFVSalJIZWtkWWFHaExWRmRXWkZvdFZWRRAB,Patta Bokir,5,,7 bulan lalu,5,5,5,Saoenk Cobek Samata,Google Maps,2026-05-14 19:44:37
Ci9DQUlRQUNvZENodHljRjlvT2tOb1dESkJka2xNY0daa2F6RnJaRmxJT1ZVMVUwRRAB,Haidar Ahmad,5,,7 bulan lalu,5,5,5,Saoenk Cobek Samata,Google Maps,2026-05-14 19:44:37
Ci9DQUlRQUNvZENodHljRjlvT25obWFXbEZhbWx2VmxaRFZYZDZWSGw0U0RGbFduYxAB,Davin Ramadhan,5,,8 bulan lalu,5,5,5,Saoenk Cobek Samata,Google Maps,2026-05-14 19:44:37
Ci9DQUlRQUNvZENodHljRjlvT2xObmRHTjBSR0ZaTmxabk1GbGxVVGMzVTFSUlRVRRAB,M10,5,,8 bulan lalu,5,5,5,Saoenk Cobek Samata,Google Maps,2026-05-14 19:44:57
Ci9DQUlRQUNvZENodHljRjlvT2pKRVRHUjFkbXhXV0hScE5GVk1OMnRFYzA1bE1HYxAB,Bass 5121,4,,8 bulan lalu,5,5,5,Saoenk Cobek Samata,Google Maps,2026-05-14 19:44:57
Ci9DQUlRQUNvZENodHljRjlvT2paQlZHcHlOalJxTWxka2QyaHdUVXBMVVRaSlZVRRAB,Ahmad Nahda,5,,8 bulan lalu,,,,Saoenk Cobek Samata,Google Maps,2026-05-14 19:44:57
Ci9DQUlRQUNvZENodHljRjlvT25oNFJYVmZhblJWYlhCNldHTXdaR0ZrT0hsV1EzYxAB,Muhammad fatahillah,5,,8 bulan lalu,5,5,5,Saoenk Cobek Samata,Google Maps,2026-05-14 19:44:57
Ci9DQUlRQUNvZENodHljRjlvT2sxcldFaFJPRVpaTUZSbVRVOW1Za0V5YzBScWFGRRAB,Sri Rahayu Utami R,5,,8 bulan lalu,5,5,5,Saoenk Cobek Samata,Google Maps,2026-05-14 19:44:57
Ci9DQUlRQUNvZENodHljRjlvT201U1pEaDRjbkZ3Y0VSRFFpMVdha1JHZG10TFRGRRAB,Dwi siska Daud,5,"Best place to eat sih ini
Rekomen bangett 👍👍😫",8 bulan lalu,4,5,4,Saoenk Cobek Samata,Google Maps,2026-05-14 19:44:57
Ci9DQUlRQUNvZENodHljRjlvT201elRFZEZiWFZ0WVY5RlpHbFlWazlPTkUxdU1sRRAB,Gee Lulu,5,"Sudah mampir dsni dan makanannya enak2
Pelayanannya bagus,suasana enak,nyaman
Terimakasih juga pelayanan ramahnya Mila🙏🏻🙌🏻",8 bulan lalu,5,5,5,Saoenk Cobek Samata,Google Maps,2026-05-14 19:44:57
Ci9DQUlRQUNvZENodHljRjlvT2pSSFdUUllNMDB0YjFOYVdqRlVZVzVKUkRsYWNVRRAB,Fahrul Fahrul,4,Sangat nikmat,8 bulan lalu,4,4,4,Saoenk Cobek Samata,Google Maps,2026-05-14 19:44:57
Ci9DQUlRQUNvZENodHljRjlvT2pCd05WaEdhVzFoVEZscUxYaHlYM0Z2ZEVsWWNsRRAB,Indra Lesmana,5,Makasi mila atas pelayanannya bintang 5 pokoknya,8 bulan lalu,5,5,5,Saoenk Cobek Samata,Google Maps,2026-05-14 19:44:57
Ci9DQUlRQUNvZENodHljRjlvT2psR2IyUTVXbFoxWTI1VFVYVnFVMnRIYjBOdlEwRRAB,evita arie suci,5,"Makanan enak, tempat nyaman",8 bulan lalu,5,5,5,Saoenk Cobek Samata,Google Maps,2026-05-14 19:44:57
Ci9DQUlRQUNvZENodHljRjlvT2xSWE1YaGhlakpPVDJKaWMwaFNhMmh1TUVNMWQwRRAB,Eky Dwi Juswinah,5,"Masya allah makanannya enak2, pelayanannya juga baik dan ramah2, tempatnya juga adem, rekomended sekaliiiiii apalagi ada paket rame-ramenya, cocok buat family time",8 bulan lalu,5,5,5,Saoenk Cobek Samata,Google Maps,2026-05-14 19:50:48
Ci9DQUlRQUNvZENodHljRjlvT21oZk9EWm9TME4xZGw5VlpIVjFVUzFIWlhGR1NtYxAB,Taufik Rahman,5,,8 bulan lalu,,,,Saoenk Cobek Samata,Google Maps,2026-05-14 19:50:48
Ci9DQUlRQUNvZENodHljRjlvT2xsRVRFTlZiekYwV1U1Q1lqZ3RaM1J3VlhWUFZrRRAB,Muliyani Arief,5,Tempatnya rekomend sekali untuk yg mau bawa family besar🤗,8 bulan lalu,5,5,5,Saoenk Cobek Samata,Google Maps,2026-05-14 19:50:48
Ci9DQUlRQUNvZENodHljRjlvT21WbFVFeHBaVVpRWmxrME4zbDRTakJoUW5NM2MyYxAB,Widya Febria,5,makanannya enakk dan tempatnya nyamannn🥰🥰,8 bulan lalu,5,5,5,Saoenk Cobek Samata,Google Maps,2026-05-14 19:50:48
Ci9DQUlRQUNvZENodHljRjlvT2tOWWFETmFibm94WVVwRk5qZE5kRVp3YzJkS05uYxAB,Djumria ningsih,5,Makanannya mantap,8 bulan lalu,5,5,5,Saoenk Cobek Samata,Google Maps,2026-05-14 19:50:48
Ci9DQUlRQUNvZENodHljRjlvT21Gak5qVlBNbXRwVkRoQmFsWXpRek5yTFVvdFoyYxAB,nurlela darwis,5,,8 bulan lalu,5,5,5,Saoenk Cobek Samata,Google Maps,2026-05-14 19:50:48
Ci9DQUlRQUNvZENodHljRjlvT2s5blRWOUZaM0ZLUlZsYUxXcHVRV05LWmpGcmRVRRAB,Dwi Reskiyani,5,,8 bulan lalu,5,5,5,Saoenk Cobek Samata,Google Maps,2026-05-14 19:50:48
Ci9DQUlRQUNvZENodHljRjlvT21aaldtcGFXVjlVZVdZMVVGOW9iSE5TVTNKemRFRRAB,Dorotea Eva Tulak,5,"Perdana kesini. Pelayanannya baik, cepat saji, makanan enak.🫶🏼",8 bulan lalu,5,5,5,Saoenk Cobek Samata,Google Maps,2026-05-14 19:50:48
Ci9DQUlRQUNvZENodHljRjlvT2xwd2MzRXRNMHBOVDI1bVJuSlliazEyTUUweVlrRRAB,a.trie agustina,5,"Makanannya enak
Pelayanannya juga sangat baik dan ramah
Waiters Lisa👍👍👍",8 bulan lalu,5,5,5,Saoenk Cobek Samata,Google Maps,2026-05-14 19:50:48
Ci9DQUlRQUNvZENodHljRjlvT2xWalkxbGFXbFp3Y2xJeVIzSnlhMGhoVkUxUVFYYxAB,Fadhel M,5,"Sajian yg mantap, pelayanannya juga ramah, worth it",Diedit 8 bulan lalu,5,5,5,Saoenk Cobek Samata,Google Maps,2026-05-14 19:50:48
Ci9DQUlRQUNvZENodHljRjlvT2xFMVRGRm1jbGx1YW1rM1dHUjZNSFJ4T0RBelFuYxAB,andi dachriyana,5,"Sangat cocok untuk acara bersama keluarga..
Selain suasana dan tempat yang nyaman pelayanan juga sangat baik dan Ramah... Soal citarasa tidak perlu di ragukan lagi.. ☺️🥰",8 bulan lalu,5,5,5,Saoenk Cobek Samata,Google Maps,2026-05-14 19:51:09
Ci9DQUlRQUNvZENodHljRjlvT25kV1dFVjNSRlZPYW05clUySjZWa3hpVlRkVE5WRRAB,Andi Mifthahul Jannah,5,Bagus sekali😍 …,8 bulan lalu,,,,Saoenk Cobek Samata,Google Maps,2026-05-14 19:51:09
Ci9DQUlRQUNvZENodHljRjlvT20xTlJVaExWMUF3TW1kWVpIVmpkVkZ5WDE5d1gyYxAB,Yoldianto Hendri,5,Mantapp,8 bulan lalu,5,5,5,Saoenk Cobek Samata,Google Maps,2026-05-14 19:51:09
Ci9DQUlRQUNvZENodHljRjlvT2xaQmJWaFdSRzlKVFVoVU5HZFRXVTFaVXpWcVJVRRAB,cheryy cheriyy08,5,Enakk,8 bulan lalu,5,5,5,Saoenk Cobek Samata,Google Maps,2026-05-14 19:51:09
Ci9DQUlRQUNvZENodHljRjlvT2pSQ04zaE1RM1JvU1RGelZHRk9hMkppYm5sdmNrRRAB,Muhammad Fadel Ramadhan,5,"Sudah sering kesini,,selalu dapat pelayanan yang baik...pertahankan",8 bulan lalu,,,,Saoenk Cobek Samata,Google Maps,2026-05-14 19:51:09
Ci9DQUlRQUNvZENodHljRjlvT21KRVowOW5URVJWZFhWNVVGOXllUzB6VjI1b2IyYxAB,hira indrayani,5,"Makanannya enak2
Pelayanannya bagus
Saran sih kl bisa sambelnya di taro di piring kecil lagi spy tdk mubassir",8 bulan lalu,5,5,5,Saoenk Cobek Samata,Google Maps,2026-05-14 19:51:09
Ci9DQUlRQUNvZENodHljRjlvT21aelpHTnNUSGwxZFZSNllVOXJjSEV6Ukd4eWJGRRAB,Venny Fandy 29 Batta,5,"Pelayanannya mantap, rasanya juga enak.
Terima kasih",8 bulan lalu,5,5,5,Saoenk Cobek Samata,Google Maps,2026-05-14 19:51:09
Ci9DQUlRQUNvZENodHljRjlvT2w5a1JVTnlPV1pTWnpjNVgwbFlUMUV5U1c5VVoyYxAB,ismail Alimuddin,5,,8 bulan lalu,5,5,5,Saoenk Cobek Samata,Google Maps,2026-05-14 19:51:09
Ci9DQUlRQUNvZENodHljRjlvT25FMlJVbG5Sa04yWW1KeU1rUnFPRUY2VjFsMmRWRRAB,Yusald Fals,5,Mantap gaes,8 bulan lalu,5,5,5,Saoenk Cobek Samata,Google Maps,2026-05-14 19:51:09
Ci9DQUlRQUNvZENodHljRjlvT2pkcmRuVkdObTVRWVhGTWFtZDFhR1p2VDNWeVNIYxAB,Dewi Heryanty,5,"Sudah beberapa kali kesini, dan selalu memuaskan 😊 …",8 bulan lalu,,,,Saoenk Cobek Samata,Google Maps,2026-05-14 19:51:09
Ci9DQUlRQUNvZENodHljRjlvT21zd2J6bDFPVWgxYTA4NVRsaFZSRmczV0dkbGVuYxAB,Nur Fadilla,5,Rekomend untuk family time,8 bulan lalu,5,5,5,Saoenk Cobek Samata,Google Maps,2026-05-14 19:51:29
Ci9DQUlRQUNvZENodHljRjlvT25OMmNrUnFXRTVEYkZwcFVtUldlalIzUkVsblVWRRAB,Salamunjalal Salamunjalal,5,Sudah langganan acara selalu memuaskan dari pelayanan dan rasa,8 bulan lalu,5,5,5,Saoenk Cobek Samata,Google Maps,2026-05-14 19:51:29
Ci9DQUlRQUNvZENodHljRjlvT21oMFYxQk9XVlZTVFdSdE16aDFUWHBEY1U1Tk9VRRAB,Muh Syahrir,5,Pelayanan sangat ramah..memberikan solusi dan masukan yang baik untuk buat acara..,8 bulan lalu,5,5,5,Saoenk Cobek Samata,Google Maps,2026-05-14 19:51:29
Ci9DQUlRQUNvZENodHljRjlvT2poUVpHTnhja0ZuYnpkVVdsRmhNREJ6ZFdOV1FsRRAB,Saddan Husain,5,Makanan enak pelayanan di jaga tetap baik...,8 bulan lalu,5,5,5,Saoenk Cobek Samata,Google Maps,2026-05-14 19:51:29
Ci9DQUlRQUNvZENodHljRjlvT21oSlNsVXhkekl5YUZCcmIyc3hNR2g1UkhGRk1IYxAB,Harryanto Putra Sutomo,5,mantap pelayanan baik,8 bulan lalu,5,5,5,Saoenk Cobek Samata,Google Maps,2026-05-14 19:51:29
Ci9DQUlRQUNvZENodHljRjlvT2tSd2RYQk5RV0l3WDNWdU1VaHJkRkpLYTI1aU1tYxAB,Dwi Kurnia,5,,8 bulan lalu,5,5,5,Saoenk Cobek Samata,Google Maps,2026-05-14 19:51:29
Ci9DQUlRQUNvZENodHljRjlvT2xZMWRHazFNalpUV2kxbGIzWmxOM05IUzNkb1pWRRAB,Sri wahyuni Zahira,5,,8 bulan lalu,,,,Saoenk Cobek Samata,Google Maps,2026-05-14 19:51:29
Ci9DQUlRQUNvZENodHljRjlvT2pkUWRUWkdSbUpIUTNkR01HNTVUbXhNUW1wVVEwRRAB,Putri Suci Kurnia,5,"Saran buat Seafood.y bisa lebih fresh lagi 😊

Pelayanan ramah 👍🏻
cc: Aswin",8 bulan lalu,4,5,5,Saoenk Cobek Samata,Google Maps,2026-05-14 19:51:29
Ci9DQUlRQUNvZENodHljRjlvT210MFNtWnNXbTl0YXpWMWRrbDBVbkpVYXpaRVIwRRAB,elmosafer,5,"Tempat oke, makanan enak, cuma mungkin bisa lbh bersih dari debu, dan kipasnya bisa dibersihkan dan diperbaiki.
Pesan ikan bakar kakap, cumi telur asin, udang telur asin, cash kangkung, jus2, oke semua.",8 bulan lalu,5,4,5,Saoenk Cobek Samata,Google Maps,2026-05-14 19:51:29
Ci9DQUlRQUNvZENodHljRjlvT21kcFlWaFlXa2RSYkZSdWRFVllaV0Y1YWtNd2VYYxAB,adibaanuwaira,5,,8 bulan lalu,5,5,5,Saoenk Cobek Samata,Google Maps,2026-05-14 19:51:29
Ci9DQUlRQUNvZENodHljRjlvT2w4eGRFRnBialZ1V0VaUFUzTXRTalZ5UlZCTllXYxAB,Aswin Trisakti Syam,5,Pelayanan dan suasana bagus,8 bulan lalu,,,,Saoenk Cobek Samata,Google Maps,2026-05-14 19:51:50
Ci9DQUlRQUNvZENodHljRjlvT2pSTFVHbE5ia05zUXpONldFTlNha3RVWWxVdFIwRRAB,Agung Mohammad,5,Tempat makan yg asik untuk keluarga 😊,8 bulan lalu,5,5,5,Saoenk Cobek Samata,Google Maps,2026-05-14 19:51:50
Ci9DQUlRQUNvZENodHljRjlvT21RMVVWWXdjVkpRTlcxaWNrVXRkV2xpY3poRGRYYxAB,tenri Aqsa,5,Recomended utk dinner with keluarga besar..parkiran ok,8 bulan lalu,5,5,5,Saoenk Cobek Samata,Google Maps,2026-05-14 19:51:50
Ci9DQUlRQUNvZENodHljRjlvT20xT1VWRnBhbEV0TVc5VFVpMTBkMTkwUTNSTmIwRRAB,Darulaqsa Amrah,5,Pelayanan sangat baik...dan makanan enak,8 bulan lalu,5,5,5,Saoenk Cobek Samata,Google Maps,2026-05-14 19:51:50
Ci9DQUlRQUNvZENodHljRjlvT25kdmFsSkpZemd0UzA5MGNVTlFNWGxNUTJWTVJIYxAB,Muhammad Dzulfadhlil M,5,,8 bulan lalu,5,5,5,Saoenk Cobek Samata,Google Maps,2026-05-14 19:51:50
Ci9DQUlRQUNvZENodHljRjlvT2xZeFdrNWxiMGhEYjBkdlNFNVpNbGRMYW1oc2VsRRAB,I Made Faldy Ariadi,5,Bagus,8 bulan lalu,5,5,5,Saoenk Cobek Samata,Google Maps,2026-05-14 19:51:50
Ci9DQUlRQUNvZENodHljRjlvT2tsemMwTXdPVUl6VjJSblZXdFhkRUkxVkZCNmRGRRAB,Alfyan Dwinata,5,,8 bulan lalu,5,5,5,Saoenk Cobek Samata,Google Maps,2026-05-14 19:51:50
Ci9DQUlRQUNvZENodHljRjlvT2xoMlIxOU9NVmhhVHkwek1FWXRUSEJGTFRCNmRVRRAB,Nabyla Ramadhani,2,tolong kasirnya lebih teliti lagi,8 bulan lalu,,,,Saoenk Cobek Samata,Google Maps,2026-05-14 19:51:50
Ci9DQUlRQUNvZENodHljRjlvT25WU05rMVNSelZXWVhwdmVXSkJibE51Ym5OeWRXYxAB,St Fahraeni,5,"makanan dengan harga terjangkau juga enak enak, favorit keluarga❤️",8 bulan lalu,5,5,5,Saoenk Cobek Samata,Google Maps,2026-05-14 19:51:50
Ci9DQUlRQUNvZENodHljRjlvT2s5bk1UTk9PRGMxWTFGb2MwWXhPRmxSTFVselMxRRAB,Muhammad Iqbal Dahlan,5,"Ada hadiah kemerdekaan... mantap
Makanannya juga enak enak",8 bulan lalu,5,5,5,Saoenk Cobek Samata,Google Maps,2026-05-14 19:51:50
Ci9DQUlRQUNvZENodHljRjlvT2s5d2VWZzBXR0ZrU1RVd2FGWXlNVkIxUWpWQlUwRRAB,M Rizal Ridwan,5,Bagus...direkomendasikan,8 bulan lalu,5,5,5,Saoenk Cobek Samata,Google Maps,2026-05-14 19:52:10
Ci9DQUlRQUNvZENodHljRjlvT25WTFoxQnVhVXd6V0dab1YyWXpXSEJ4TlhsTWVrRRAB,Muchlis Hasan,5,,9 bulan lalu,5,5,5,Saoenk Cobek Samata,Google Maps,2026-05-14 19:52:10
Ci9DQUlRQUNvZENodHljRjlvT21kd2FqVkJVVzB4WlVadVdtSjBPVE5pV0hORVgzYxAB,Muhammad Fajrin,5,"Harga makanannya affordable enak enak juga whort it banget untuk acara keluarga, tempatnya bersih dan nyaman",9 bulan lalu,5,5,5,Saoenk Cobek Samata,Google Maps,2026-05-14 19:52:10
Ci9DQUlRQUNvZENodHljRjlvT2xkRGJtdERXSFJPTjNCaGRUZDFaV05EU0hscU0yYxAB,SPV Sales Kunuku,5,Tempatnya cocok untuk kumpul2 keluarga,9 bulan lalu,5,5,5,Saoenk Cobek Samata,Google Maps,2026-05-14 19:52:10
Ci9DQUlRQUNvZENodHljRjlvT2tob2NuSkpVa1JDZFMxbE0wOXRlVTh3ZVdwTVkwRRAB,Fadilah Arifin,5,terbaik🔥🔥🔥 pilihan menunya banyak dan pelayanan memuaskan,9 bulan lalu,5,5,5,Saoenk Cobek Samata,Google Maps,2026-05-14 19:52:10
Ci9DQUlRQUNvZENodHljRjlvT210NlYzUkhXbVl3WkVWWVdUQmxVazFPTUVoNU1WRRAB,Matahari Senja,5,"makanannya enak banget, porsi pas dan harganya terjangkau. pelayanan ramah dan tempatnya nyaman buat nongkrong bareng teman. Recommended banget!",9 bulan lalu,4,5,4,Saoenk Cobek Samata,Google Maps,2026-05-14 19:52:10
Ci9DQUlRQUNvZENodHljRjlvT21ZMFpFdFFjRmRpVUc1MGJqUklNVEI2UmpoeFNHYxAB,Pika Harun,5,"Menyenangkan…pelayanan sangat ramah
Terima kasih kak lisa",9 bulan lalu,5,5,5,Saoenk Cobek Samata,Google Maps,2026-05-14 19:52:10
Ci9DQUlRQUNvZENodHljRjlvT2s5R1lWOW9WbGxYVVZkeGJtVTVlRXhuY1U5blUyYxAB,Tenri Harun,5,Rekomendasi untuk acara keluarga harga paketnya murah...:),9 bulan lalu,5,5,5,Saoenk Cobek Samata,Google Maps,2026-05-14 19:52:10
Ci9DQUlRQUNvZENodHljRjlvT2twSFltaFFlR1Z5ZVdsVVVHSkxaVGh6TW5CRk1YYxAB,Jus Amma,5,"Makanan enak, layanan cepat, the best",9 bulan lalu,5,5,5,Saoenk Cobek Samata,Google Maps,2026-05-14 19:52:10
Ci9DQUlRQUNvZENodHljRjlvT2pGUlgwNVZkMHBEYUV4a2NHVnRNekY2Y1c4MGNrRRAB,Fadil Fathurrahman,5,Tempatnya nyaman harga terjangkau,9 bulan lalu,5,5,5,Saoenk Cobek Samata,Google Maps,2026-05-14 19:52:10
Ci9DQUlRQUNvZENodHljRjlvT2xOWlNXNWtWSEIxWDBsMmJHOXBTekJIWWw5U1ptYxAB,Muhammad Ichsan,5,,9 bulan lalu,5,5,5,Saoenk Cobek Samata,Google Maps,2026-05-14 19:52:31
Ci9DQUlRQUNvZENodHljRjlvT2toNVQzbHBOM0ZhVDE5d1kxaGllR3RXTFZOQ2VFRRAB,Diky Wahyudi,5,Pelayanan sangat baik dan memuaskan aswin,9 bulan lalu,5,5,5,Saoenk Cobek Samata,Google Maps,2026-05-14 19:52:31
Ci9DQUlRQUNvZENodHljRjlvT25sRGVreDNZM1JrY1dkVlNGVkdkRGwwY21kVVVHYxAB,Udgfy Fjdbfju,5,"Tempatnya bagus, dan nyaman
Menu masakannnya enak dan paling utama pelayanannya bagus, pelayannya ramah
Paling recomended💖💖 , selain itu harganya jg gak nguras kantong😊",9 bulan lalu,5,5,5,Saoenk Cobek Samata,Google Maps,2026-05-14 19:52:31
Ci9DQUlRQUNvZENodHljRjlvT2tWUWNsQkdSMlp3VFRWTk1rdGlXVWRoWVdOZlExRRAB,Diky Wahyudi,5,makanan dan tempatnya sangat memuaskan aswin,9 bulan lalu,5,5,5,Saoenk Cobek Samata,Google Maps,2026-05-14 19:52:31
Ci9DQUlRQUNvZENodHljRjlvT21oUVdXdE1YMkpVVkdKUWNYZHlaekIyWVZBelptYxAB,Dinan Faiz,5,Makanan tdk ada yg fail. Enak semua. Pelayanan jg bagus. Ramah dan peka. Terbaik,9 bulan lalu,5,5,4,Saoenk Cobek Samata,Google Maps,2026-05-14 19:52:31
Ci9DQUlRQUNvZENodHljRjlvT25oRVZGZEtNSGt3Y21GTGMzWTVXREIzUVZWbE1WRRAB,Yuyun purwandari,5,"Pelayanan sangat ramah, makanan enak , sesuai selera, dilayani dngan baik oleh mb lisa",9 bulan lalu,5,5,5,Saoenk Cobek Samata,Google Maps,2026-05-14 19:52:31
Ci9DQUlRQUNvZENodHljRjlvT2tKblFUaG5ZMlpMV1RJeFpsUjZTVFYyYjBONmVYYxAB,Luthfina Haryutwinita,5,"harga dan makanannya sangat worth it, pelayanan cepat, dan suasananya bagus",9 bulan lalu,5,5,5,Saoenk Cobek Samata,Google Maps,2026-05-14 19:52:31
Ci9DQUlRQUNvZENodHljRjlvT2xCUlVrdDZNa1pLUzAxd1gxWTFXVVJpYTIwMllVRRAB,Fihrin Fatha,5,,9 bulan lalu,5,5,5,Saoenk Cobek Samata,Google Maps,2026-05-14 19:52:31
Ci9DQUlRQUNvZENodHljRjlvT2t0SWREbEpSbkYxVlhwTk4yMTNkVmhGUVZWWlgzYxAB,Anugrah Syahrir,5,"Tempatnya cozy, makanannya enak, murah, pelayanan bagus dan ramah.",9 bulan lalu,5,5,5,Saoenk Cobek Samata,Google Maps,2026-05-14 19:52:31
Ci9DQUlRQUNvZENodHljRjlvT25CS1NIQktjbkZKV0dkNmNFNXFlbXd3YnkxdmEwRRAB,sungguminasa data,5,,9 bulan lalu,5,5,5,Saoenk Cobek Samata,Google Maps,2026-05-14 19:52:31
Ci9DQUlRQUNvZENodHljRjlvT2s4MmFsbEJOR3R2TlY5NlJHMUhWVXBNVVZoZlFsRRAB,Rusdiansyah Ian,5,"Aman, nyaman, sejuk, tenang...
Sangat cocok buat ajak keluarga...
Pelayanan prima dan ramah...",9 bulan lalu,5,5,5,Saoenk Cobek Samata,Google Maps,2026-05-14 19:52:51
Ci9DQUlRQUNvZENodHljRjlvT2xGdWEwaFJNRWR2U2xKT0xYSmFiRzlwVkhKRk5rRRAB,Rusdiansyah Daeng nyampa,5,"Aman, nyaman, tenang, pelayanan prima...
Oke buat bawa keluarga",9 bulan lalu,5,5,5,Saoenk Cobek Samata,Google Maps,2026-05-14 19:52:51
Ci9DQUlRQUNvZENodHljRjlvT2xoU2REVjFVV0ZSTlUxUExWRkNWbEExVm5wV01tYxAB,Istiqamah Maggu,5,,9 bulan lalu,,,,Saoenk Cobek Samata,Google Maps,2026-05-14 19:52:51
Ci9DQUlRQUNvZENodHljRjlvT2xac2JESnhURmM1VkhFNFVTMXVValZyZFZsQlNuYxAB,Hj Fitri dwiyanti,5,"Semua jenis makannx enak pas dilidah..
Pelayananx jg bagus..
(Alwin)",9 bulan lalu,,,,Saoenk Cobek Samata,Google Maps,2026-05-14 19:52:51
Ci9DQUlRQUNvZENodHljRjlvT25GR2RIWndNbFo2YkRCRk5tSTRXakpSUkdkVmJHYxAB,fatma wati,5,Pelayanan terbaik,9 bulan lalu,,,,Saoenk Cobek Samata,Google Maps,2026-05-14 19:52:51
Ci9DQUlRQUNvZENodHljRjlvT2xwWU9IbEtYMnBZZUU5eWNFa3RiR05GTWxReFgxRRAB,Chimonk Abdu,5,,9 bulan lalu,5,4,4,Saoenk Cobek Samata,Google Maps,2026-05-14 19:52:51
Ci9DQUlRQUNvZENodHljRjlvT2pKeE1WVnFaWFJ2WlRobFFrZzFaV050ZUV0cFVsRRAB,Andi Nurlina,5,"Pelayanax. Baik . Ramah . Roomx bersih. .. makananx enak ..
Cukup memuaskan
.porsix. Oke .. mksh saoenk cobek samata
Rombongan uin ..",9 bulan lalu,,,,Saoenk Cobek Samata,Google Maps,2026-05-14 19:52:51
Ci9DQUlRQUNvZENodHljRjlvT25Sa2RWRkxOa2QwWVROeGJtWkRNbVV4YUVkdmVHYxAB,ola londo,5,,9 bulan lalu,5,5,5,Saoenk Cobek Samata,Google Maps,2026-05-14 19:52:51
Ci9DQUlRQUNvZENodHljRjlvT2xjMlZVTTVTbXBvTm1sWGFUUmZjV0p1TUdGaVdYYxAB,Hj simpur Hager,5,Pertahankan cita rasa dan pelayanan,9 bulan lalu,5,5,5,Saoenk Cobek Samata,Google Maps,2026-05-14 19:52:51
Ci9DQUlRQUNvZENodHljRjlvT2t4Q1MweG1lVkJOVTJZMmMyRnNiVXQzUm01UFJtYxAB,Nur Faedah,4,"Makanannya enak, porsinya banyak. Lumayan lama menunggu tapi ngga apa",9 bulan lalu,5,5,5,Saoenk Cobek Samata,Google Maps,2026-05-14 19:52:51
Ci9DQUlRQUNvZENodHljRjlvT2sxbVltWXdTekpyVHpWT1dFTkxjRGxFVlhOQ1pWRRAB,Athifa Ikhtiari,5,"Suasana enak, pelayanan cepat",9 bulan lalu,5,5,5,Saoenk Cobek Samata,Google Maps,2026-05-14 19:53:12
Ci9DQUlRQUNvZENodHljRjlvT25Wek1XNWZWV2RIZG5neWFYQklOa3A0Y25Kc2ExRRAB,Resky Wulandari,5,,9 bulan lalu,5,4,5,Saoenk Cobek Samata,Google Maps,2026-05-14 19:53:12
Ci9DQUlRQUNvZENodHljRjlvT21KQldWRnRWSEJsTWtKSmRrWnhWekI1ZW01aE9FRRAB,Skinny Manly,5,Bagus semua🫶,9 bulan lalu,5,5,5,Saoenk Cobek Samata,Google Maps,2026-05-14 19:53:12
Ci9DQUlRQUNvZENodHljRjlvT2xOVFgwNWZlVGhaUjJkc2VVUTFlVmh2U1dsMlZGRRAB,Yayan Pradana,5,"Layanan cepat, makanan enak, suasana keren banget",9 bulan lalu,5,5,5,Saoenk Cobek Samata,Google Maps,2026-05-14 19:53:12
Ci9DQUlRQUNvZENodHljRjlvT2pOa1Z6bFFNMUpTU0hGU2JWWnVRVnB0U0d4cVNVRRAB,Ahmad Sufandy,5,"Enak tawwa makanan nya, nda terlalu lama menunggu, pokok nya makyusss",9 bulan lalu,5,5,5,Saoenk Cobek Samata,Google Maps,2026-05-14 19:53:12
Ci9DQUlRQUNvZENodHljRjlvT25wUlZITlNla3BmWlhOMk16TTVhSFZhTnpseWRVRRAB,Rachmat Aris,5,pelayannya gercep. mantap,9 bulan lalu,5,5,5,Saoenk Cobek Samata,Google Maps,2026-05-14 19:53:12
Ci9DQUlRQUNvZENodHljRjlvT21KRVFXNTZNMjF5YTJkdU5FeE5MV1V5WlZKWU1YYxAB,Sari Erningsih Salim,4,Recomended,9 bulan lalu,4,4,4,Saoenk Cobek Samata,Google Maps,2026-05-14 19:53:12
Ci9DQUlRQUNvZENodHljRjlvT2xabVNGTjNTa3RVUldjMVVtdGxjMDFVU1VNeE1tYxAB,Zulfahmi Farma,4,mantaplah,9 bulan lalu,4,4,4,Saoenk Cobek Samata,Google Maps,2026-05-14 19:53:12
Ci9DQUlRQUNvZENodHljRjlvT2xVMGQycEhlRFZQVTAxNVNFWlFSVGQ1UkdKMUxVRRAB,Yusuf Syarif,5,"Makanan enak lezat, harga terjangkau dan pelayanan terbaikk, rekomendasi tempat makan bareng keluarga teman kerja dan kegiatan kantor",9 bulan lalu,,,,Saoenk Cobek Samata,Google Maps,2026-05-14 19:53:12
Ci9DQUlRQUNvZENodHljRjlvT2pOM2EyMXdhRlpmYTFwR0xWWnphM3BSY2pNMVFWRRAB,Fia Luthfiah,4,"makanannya enak2, sevicenya bagus",9 bulan lalu,4,4,4,Saoenk Cobek Samata,Google Maps,2026-05-14 19:53:12
Ci9DQUlRQUNvZENodHljRjlvT2pOQ1ZUZzNXV1UxVVZKUVRtZG9kbWhIVmt0V1lsRRAB,Camel Camel,5,,9 bulan lalu,5,5,5,Saoenk Cobek Samata,Google Maps,2026-05-14 19:53:32
Ci9DQUlRQUNvZENodHljRjlvT2tFMlJVRnpVR1pwYkdoakxYTkJTbnBOUjB0bVdYYxAB,pinka hardiyana,5,aku ingin,9 bulan lalu,5,5,5,Saoenk Cobek Samata,Google Maps,2026-05-14 19:53:32
Ci9DQUlRQUNvZENodHljRjlvT2xnMlJXRXpjbVZNT0ZkQlQyMXZYemhpUldOek5XYxAB,Zulqifli,5,Makanan enak dan harga lumayan terjangkau,9 bulan lalu,,,,Saoenk Cobek Samata,Google Maps,2026-05-14 19:53:32
Ci9DQUlRQUNvZENodHljRjlvT2xsT1drWXRWbnB3TUdVeVUwOUJiV3hLYVhkS1dFRRAB,Andri Ani,5,"Makanan enak dan pelayan juga ramah ,apa lagi cumi hitam nya enak sekalii 👭👫👬, staff juga baik2,terimakasih bu lisa... Pelayanan yang bagus 👍...",9 bulan lalu,4,5,4,Saoenk Cobek Samata,Google Maps,2026-05-14 19:53:32
Ci9DQUlRQUNvZENodHljRjlvT2xkblQybFNlbXMwZEVka2NXcE5kbUpSZDJVNU9HYxAB,Ria 1234,5,"MasyaAllah tempat dan pelayanannya sangat bagus
@Lisa",9 bulan lalu,5,5,5,Saoenk Cobek Samata,Google Maps,2026-05-14 19:53:32
Ci9DQUlRQUNvZENodHljRjlvT21Ga2MyNVNkMjFuU0daRFdXRm1ZVmhFVFhCSlVIYxAB,Nita Nurul,4,,9 bulan lalu,4,5,5,Saoenk Cobek Samata,Google Maps,2026-05-14 19:53:32
Ci9DQUlRQUNvZENodHljRjlvT21OR2FVNWFlV0pJZEZSblVXNW9URUZaWlZZMlRsRRAB,A.SuciIndrawan,5,,9 bulan lalu,5,5,5,Saoenk Cobek Samata,Google Maps,2026-05-14 19:53:32
Ci9DQUlRQUNvZENodHljRjlvT2pFNVpEbDRjSFJsZW1ZelZYRTNlazg0Vlc1WlNFRRAB,Alwi 01,5,Makannya enak gurih dan pelayanannya baik dan ramah pokoknya mantap,9 bulan lalu,5,5,5,Saoenk Cobek Samata,Google Maps,2026-05-14 19:53:32
Ci9DQUlRQUNvZENodHljRjlvT2xOb1RYSldWakJQUkVocVpYRjBTV2g0YUVGcU5XYxAB,Ans Far,5,,9 bulan lalu,5,5,5,Saoenk Cobek Samata,Google Maps,2026-05-14 19:53:32
Ci9DQUlRQUNvZENodHljRjlvT2pGM1JGWnJjSE5EYVRKclgwZHhTVVpHY1UxUlFXYxAB,Nurhayati Hayati 1047,5,Alhamdulillah selama makan di saoenk cobek makanan enak-enak dan pelayanannya bagus,9 bulan lalu,5,5,5,Saoenk Cobek Samata,Google Maps,2026-05-14 19:53:32
Ci9DQUlRQUNvZENodHljRjlvT2xBM1luTmxRVTV0TkV4UFF6UkxUMFp1YkhGMmFXYxAB,Hasni Hasni,5,,9 bulan lalu,4,4,4,Saoenk Cobek Samata,Google Maps,2026-05-14 19:53:53
Ci9DQUlRQUNvZENodHljRjlvT21ORWNrdHdRbUpJV0hkdU5FSnBTa1JwY2pnd1pHYxAB,Nurmiyanti Nurmi,4,,9 bulan lalu,4,4,4,Saoenk Cobek Samata,Google Maps,2026-05-14 19:53:53
Ci9DQUlRQUNvZENodHljRjlvT214T1dWbEplamhFY3kxa1VqUllWa3h2TXpWS05WRRAB,Nurdiana,5,Makanannya mantap.. Sangat rekomended,9 bulan lalu,5,5,5,Saoenk Cobek Samata,Google Maps,2026-05-14 19:53:53
Ci9DQUlRQUNvZENodHljRjlvT2pkTlRWOUNjRXBmYURsWGNHdEtSWGxVYzNadVNIYxAB,Kartiah Kartiah,5,"Pelayanannya bagus..
An. Suci",9 bulan lalu,5,5,5,Saoenk Cobek Samata,Google Maps,2026-05-14 19:53:53
Ci9DQUlRQUNvZENodHljRjlvT21sUVV6Sm5MV1ZZU0RrM1Yya3phSFZQTXpnMWIzYxAB,hasnah math01,5,Suasanya nyaman... Pelayanannya ramah dan cepat.... Makanannya enak.. Recomended....,9 bulan lalu,5,5,5,Saoenk Cobek Samata,Google Maps,2026-05-14 19:53:53
Ci9DQUlRQUNvZENodHljRjlvT2tWaFFuSktaak5qVTNCc1pXTnFPV3gyTlhkT09YYxAB,Infinix Chymot,5,Tempatnya asyik....buat yg mw nongki2....Recomed buat kamu,9 bulan lalu,5,5,5,Saoenk Cobek Samata,Google Maps,2026-05-14 19:53:53
Ci9DQUlRQUNvZENodHljRjlvT2tGVWJWOWtiWEJHU0dsWlJtRnVNVmgwY1c5aGIxRRAB,Jinna Inna,5,Suasananya nyaman... Penyajian makanannya tidak lama... Makanannya enak... Recomendasi sih...,9 bulan lalu,5,5,5,Saoenk Cobek Samata,Google Maps,2026-05-14 19:53:53
Ci9DQUlRQUNvZENodHljRjlvT205VFQxa3hRMGRwVFRaSFdHMWllRzVzTXpVd1dsRRAB,Elita Fadli,5,"Makanan enak, pelayanam atas nama Lisa ramah dan baik, suasananya adem enak untuk refreshing sambil makan.",9 bulan lalu,5,5,5,Saoenk Cobek Samata,Google Maps,2026-05-14 19:53:53
Ci9DQUlRQUNvZENodHljRjlvT2t0elFsbFRkVTFRV0V0Wk0yUmFXR2xRYlV0MlJrRRAB,Emmi Ambo lolo,5,"Pesanan take away nya cepat
Lisa",9 bulan lalu,5,5,5,Saoenk Cobek Samata,Google Maps,2026-05-14 19:53:53
Ci9DQUlRQUNvZENodHljRjlvT25sSk1sbFhPRGx3TTJ4SU5WSlFUazB3T0VkT1owRRAB,Ahmad,5,Aman dan nyaman makan bersama keluarga,9 bulan lalu,5,5,5,Saoenk Cobek Samata,Google Maps,2026-05-14 19:53:53
Ci9DQUlRQUNvZENodHljRjlvT2xod09YTlpPRWw1U0daTFZHWkRlREZvYm14S1RGRRAB,Lely Herawaty,5,suasanax nyaman buat makan bareng kluarga tercinta 👍,9 bulan lalu,5,5,5,Saoenk Cobek Samata,Google Maps,2026-05-14 19:54:13
Ci9DQUlRQUNvZENodHljRjlvT20welVrbHFaRlo0TjNwa1FtY3lhVTV1U0V0TlUzYxAB,Lis Warr,5,"pelayan ramah dan baik makasih sudah melayani dengan baik makananya mantap dan enak""",9 bulan lalu,5,5,5,Saoenk Cobek Samata,Google Maps,2026-05-14 19:54:13
Ci9DQUlRQUNvZENodHljRjlvT2t0ak5sQlFlRzV3VFUxRlpUQjJlaTFXY2xaTmJYYxAB,Endru Ji,5,Makanannya mantap poll pelayanan baik dan ramah,9 bulan lalu,5,5,5,Saoenk Cobek Samata,Google Maps,2026-05-14 19:54:13
Ci9DQUlRQUNvZENodHljRjlvT2tGU1duZEpabGx3Yld4R2VuRTVNbWgwTjJkb1JHYxAB,ahmad mudzakkir,5,"Menu-menunya rekomendet..silahkan merapat kak
Makasih kak suci",10 bulan lalu,5,5,5,Saoenk Cobek Samata,Google Maps,2026-05-14 19:54:13
Ci9DQUlRQUNvZENodHljRjlvT25kVFNFdEdVRnBRYTJoM1FVdzJiamRvVW5ac2IwRRAB,Alwi Ji,5,Makanan nya enak recommended banget kalo di sini tempat bersih dan pelayanannya ramah dan baik👍,10 bulan lalu,5,5,5,Saoenk Cobek Samata,Google Maps,2026-05-14 19:54:13
Ci9DQUlRQUNvZENodHljRjlvT25oSGFGQmxUVTVGYTJsWFVWaGlSVWMyTlc1RFFtYxAB,Andi Mulia Rosharika,5,"makanannya enak,kolam nya kalau jernih lebih bagus👍😍",10 bulan lalu,5,5,5,Saoenk Cobek Samata,Google Maps,2026-05-14 19:54:13
Ci9DQUlRQUNvZENodHljRjlvT25SSFNHdHRlWGxHU3pSdlZXVjNSa3BtTjFWQlRWRRAB,ika hersanty,5,Makanannya enak dan pelayananya mantap👍,10 bulan lalu,5,5,5,Saoenk Cobek Samata,Google Maps,2026-05-14 19:54:13
Ci9DQUlRQUNvZENodHljRjlvT2pSS1QxTlVkMWhqWkRSNExYRkdlVTQyYlRkMVFsRRAB,Hasnawaty,5,Mantap 👍,10 bulan lalu,5,5,5,Saoenk Cobek Samata,Google Maps,2026-05-14 19:54:13
Ci9DQUlRQUNvZENodHljRjlvT21WNGIyUTFXbU5qUW10WWJEVlRMWGRCZGpkRWQwRRAB,nadijeneponto,4,Nyaman enak dan bagus,10 bulan lalu,4,4,4,Saoenk Cobek Samata,Google Maps,2026-05-14 19:54:13
Ci9DQUlRQUNvZENodHljRjlvT21oc1FuaEZVRU5TVUV0YVJVVXdOMlF4Y0VZMVJGRRAB,Asmaul Husna,5,Bagus bangett enakkk sejuk nyaman❤️,10 bulan lalu,5,5,5,Saoenk Cobek Samata,Google Maps,2026-05-14 19:54:13
Ci9DQUlRQUNvZENodHljRjlvT21nNVNrZGpUV2RaVmxaaVQzTXdiRWgyVUc1TE9HYxAB,Hasma Sugianto,5,"Menu kepiting nampanx recommend,. Otak2 jga best,. Just alpukatx juga pas manisx,.",10 bulan lalu,5,5,5,Saoenk Cobek Samata,Google Maps,2026-05-14 19:54:34
Ci9DQUlRQUNvZENodHljRjlvT25oME9GbFZVVkZ6TmtoWFZWbGZZMGsxV0hSMmQwRRAB,Nur cahaya Tita,5,Makanannya enak,10 bulan lalu,5,5,5,Saoenk Cobek Samata,Google Maps,2026-05-14 19:54:34
Ci9DQUlRQUNvZENodHljRjlvT2tOTGJuRXdNRVpXWmt4SWRWcEVPVE5DWVc1RGNtYxAB,Firman Iffah,5,,10 bulan lalu,,,,Saoenk Cobek Samata,Google Maps,2026-05-14 19:54:34
Ci9DQUlRQUNvZENodHljRjlvT25GUmRreFhkbFZEVDNsMWVGRm9jVk5uVUc4NFZFRRAB,St. Munawarah Una,5,,10 bulan lalu,,,,Saoenk Cobek Samata,Google Maps,2026-05-14 19:54:34
Ci9DQUlRQUNvZENodHljRjlvT2toUVdYZDVWbmxmUkVJeVlWOTZZbmh0VlhwTFFtYxAB,MMM STORE,5,,10 bulan lalu,,,,Saoenk Cobek Samata,Google Maps,2026-05-14 19:54:34
Ci9DQUlRQUNvZENodHljRjlvT2tKelduaHFWVzlQZFhwMGFsSkVPV05xUWxwcFUwRRAB,Muhammad Agung Ishak,5,Terimakasih Lisa pelayanan nya baik dan Makannya enak rekomendasi sih Kalau Lagi Di Makassar 👍,10 bulan lalu,5,5,5,Saoenk Cobek Samata,Google Maps,2026-05-14 19:54:34
Ci9DQUlRQUNvZENodHljRjlvT2t4S2QwUlpXV2RaUm10YWJqSkJWQzFEZDNGMlYxRRAB,Chogzx 01,5,Makan enakk,10 bulan lalu,5,5,5,Saoenk Cobek Samata,Google Maps,2026-05-14 19:54:34
Ci9DQUlRQUNvZENodHljRjlvT2xWdGVETmpkVVZuWjBrd2FWOUNjRXMwYzJZek4zYxAB,Nur Rahmy,5,,10 bulan lalu,,,,Saoenk Cobek Samata,Google Maps,2026-05-14 19:54:34
Ci9DQUlRQUNvZENodHljRjlvT25KV2NtMTFhRkZCT1dkU1dEUldla0ZJTkRSdVptYxAB,Ririn Ariansyah,5,Oke dari,10 bulan lalu,5,5,5,Saoenk Cobek Samata,Google Maps,2026-05-14 19:54:34
Ci9DQUlRQUNvZENodHljRjlvT2kxbk1qWTNXRkZSZEZWc1lXWlJSVGRWTVc1MVpsRRAB,Andi Nur Batari Hana,5,"makanannya semua enak dan susananya nyaman
-mila",10 bulan lalu,5,5,5,Saoenk Cobek Samata,Google Maps,2026-05-14 19:54:34
Ci9DQUlRQUNvZENodHljRjlvT20xWlRYWjZSblF3Y1hKNE1rOWxjMWRUVUc4d2NFRRAB,Apphy Syarif,5,"Untuk yang lagi diet, jammiki kesini!
Besarki ikannya 😂",10 bulan lalu,5,5,5,Saoenk Cobek Samata,Google Maps,2026-05-14 19:54:54
Ci9DQUlRQUNvZENodHljRjlvT2xSb2R6WlZZWFZqUzNCaFZsWkhZbUZaZW1rek1YYxAB,Erik Yusran,5,sangat memuaskan di cabanv manapun,10 bulan lalu,5,5,5,Saoenk Cobek Samata,Google Maps,2026-05-14 19:54:54
Ci9DQUlRQUNvZENodHljRjlvT25sbWQySjRkMmhuVUU1NFJsOUdjRmRPY1dOZmFtYxAB,alifka gusrynanda,5,Harga dan makanan sesuai. Rekomended untuk dijadikan tempat acara,10 bulan lalu,,,,Saoenk Cobek Samata,Google Maps,2026-05-14 19:54:54
Ci9DQUlRQUNvZENodHljRjlvT2kxWVJFTnNXRzU2TjJGS1kybFBjSGxyV0ZsdlExRRAB,Khansa Khalishah,5,,10 bulan lalu,5,5,5,Saoenk Cobek Samata,Google Maps,2026-05-14 19:54:54
Ci9DQUlRQUNvZENodHljRjlvT2poc1JYUXlkMEZtTW1SNlMxaG9SMVZITm1KM1gxRRAB,ANDI WIDYA RAMADHANI RAHMI,5,pelayanan aswin oke,10 bulan lalu,5,5,5,Saoenk Cobek Samata,Google Maps,2026-05-14 19:54:54
Ci9DQUlRQUNvZENodHljRjlvT21OSVlXUm1TMlY1TTBZeGVuWjJSWGR2ZFVRME1uYxAB,Citra Citra,5,Mantap,10 bulan lalu,,,,Saoenk Cobek Samata,Google Maps,2026-05-14 19:54:54
Ci9DQUlRQUNvZENodHljRjlvT205VFIxWm1SVnA2U1RSb2IxTnZUVlZFU1VsWk9WRRAB,Muhammad Afham,5,,10 bulan lalu,,,,Saoenk Cobek Samata,Google Maps,2026-05-14 19:54:54
Ci9DQUlRQUNvZENodHljRjlvT2tKeFZrOVBaSEIyWVVOS2NsRkhjVUo1YlhSdmFXYxAB,Andi Ulfa Anggreni,5,Pelayanan baik,10 bulan lalu,,,,Saoenk Cobek Samata,Google Maps,2026-05-14 19:54:54
Ci9DQUlRQUNvZENodHljRjlvT2pGeVJ6QnBNRmt5VVZGdWFHWnhiVzR3U0dkQmRWRRAB,Nikita Michiko,5,Pelayan bagus thank aswin,10 bulan lalu,5,5,5,Saoenk Cobek Samata,Google Maps,2026-05-14 19:54:54
Ci9DQUlRQUNvZENodHljRjlvT2xwcE9VbERWMUI0ZEVsWWVXbGhaRGhYYVVWWlVsRRAB,Desy citra Ayu,5,"Tempatnya nyaman, makanan juga enak,terima kasih suci pelayannya gercep",10 bulan lalu,5,5,5,Saoenk Cobek Samata,Google Maps,2026-05-14 19:54:54
Ci9DQUlRQUNvZENodHljRjlvT21rNE4wcFVaeTF4VmtoT1VEUnBZMGhEYm5SYVNVRRAB,amri syam,4,,10 bulan lalu,3,3,4,Saoenk Cobek Samata,Google Maps,2026-05-14 19:55:15
Ci9DQUlRQUNvZENodHljRjlvT2s1MFVsRm5hWHBxTXpacloxQmZiMjlqZFZCd2JsRRAB,Tirta zulfikar,4,Setelah coba mkn si soenk cobek samata.. Recomended banget menunya.. Rasanya enak.. Tempatnya bagus.. Pelayanan tingkatkan terus yaa.. Sejauh ini okelahhh,10 bulan lalu,,,,Saoenk Cobek Samata,Google Maps,2026-05-14 19:55:15
Ci9DQUlRQUNvZENodHljRjlvT2xSaGFsTTJPWFZCWVZsaWQwZHpOVlF5UnpseWFtYxAB,Fitrizky Ch. Tunggal,5,"tempatnya baguss, makanannya enak, harganya affordable",10 bulan lalu,5,5,5,Saoenk Cobek Samata,Google Maps,2026-05-14 19:55:15
Ci9DQUlRQUNvZENodHljRjlvT2s4M2JrcHlTRVpRUm5WeVRVUm5ialZNTUZsT1prRRAB,Anindya Azka,5,,10 bulan lalu,5,5,5,Saoenk Cobek Samata,Google Maps,2026-05-14 19:55:15
Ci9DQUlRQUNvZENodHljRjlvT2t0eVZsWkNkRWhZYW5oWlJWUjBUVUZ2WlV0M1RFRRAB,chadijah siti,5,,10 bulan lalu,5,5,5,Saoenk Cobek Samata,Google Maps,2026-05-14 19:55:15
Ci9DQUlRQUNvZENodHljRjlvT25CRE9UQTRNRTUzYUZSTlIxWkpVemRDU2pGUlIxRRAB,yulianti burhan,5,Pelayanannya bagus,10 bulan lalu,,,,Saoenk Cobek Samata,Google Maps,2026-05-14 19:55:15
Ci9DQUlRQUNvZENodHljRjlvT25sTllYVmtSMVo1Um5ocFZHTk9kelowTlVkNGMyYxAB,Anissa Reski,5,"Suasan sejuk, walaupun datang jam 12 siang tetap adem suasannya. Padahal di luar sna mataharinya terik sekali tp dlm saung tetap sejuk, jadi nyaman makan.
Makanannya sm di resto saung biasanya ada yg biasa sj ada yg lumayan enak
Pelayanannya ok & cepat",10 bulan lalu,3,4,5,Saoenk Cobek Samata,Google Maps,2026-05-14 19:55:15
Ci9DQUlRQUNvZENodHljRjlvT2pCblpYVjJSbU56YjI5c1NHb3hjRVJ2YXpVdFoyYxAB,Nasyaafil,4,seru bisa kasih makan ikan,10 bulan lalu,,,,Saoenk Cobek Samata,Google Maps,2026-05-14 19:55:15
Ci9DQUlRQUNvZENodHljRjlvT2xoaFRtOVJkVGhJVkdWek4zRjNVVU0yTmxSdFVGRRAB,Kartini Tini,5,"Pelayanannya bagus, ramah",10 bulan lalu,5,5,5,Saoenk Cobek Samata,Google Maps,2026-05-14 19:55:15
ChdDSUhNMG9nS0VJQ0FnSUNhaG8tMHVnRRAB,Putri Humaira Salsabila,5,"Makanannya enak, pelayanannya cepat, hospitalitynya bagus, apalagi managernya ramah dan cepat tanggap",Diedit 10 bulan lalu,5,5,5,Saoenk Cobek Samata,Google Maps,2026-05-14 19:55:15
Ci9DQUlRQUNvZENodHljRjlvT2pObmFEVkpNbEpUUzBkSlEyWjVhME5yY1UxR1ZFRRAB,Dwi Utami,5,Secara keseluruhan bagus.,10 bulan lalu,5,5,5,Saoenk Cobek Samata,Google Maps,2026-05-14 19:55:35
Ci9DQUlRQUNvZENodHljRjlvT25aNFYzQnVaMnBaZWxNdGNuQkxUM1JMTmxGVE5IYxAB,tika nurfais,5,MasyaAllah saung cobek samata ternyata memiliki tempat dengan pemandangan alam yang indah...serta penyajian makanan yang super enak dari deasert serta makanan utama yang super enak dan lezat...selain itu pelayanan yang cepat dan pelayannya yang ramah membuat tempat ini semakin di minati..🙂🙂🙂,10 bulan lalu,5,5,5,Saoenk Cobek Samata,Google Maps,2026-05-14 19:55:35
Ci9DQUlRQUNvZENodHljRjlvT25rNGFWbFFkR0l5VjJSNmNubHlNREZyWDJJd1ZrRRAB,Quenzi Ali,5,recomended! enaaak! tempatnya nyaman dan pelayan ramah.,10 bulan lalu,5,5,5,Saoenk Cobek Samata,Google Maps,2026-05-14 19:55:35
Ci9DQUlRQUNvZENodHljRjlvT2xoNVFscGFNRXRuUzFwMlVYcG1hVGhwZVc5blRWRRAB,Whia Nurwia,5,,10 bulan lalu,5,5,5,Saoenk Cobek Samata,Google Maps,2026-05-14 19:55:35
Ci9DQUlRQUNvZENodHljRjlvT2pCTmRubFpVbEU1TFdsVVowTkdja2xIWkUxeWMwRRAB,Ilham Ramadhan,5,"Pelayanan ramah .. cepat..
Suasanan bersih..
Semua menyambut pas masuk .. udang telur adinx. Mantap sekali. .rekomendid deh. Buat keluarga .. semua teamx. Ramah sekali",10 bulan lalu,5,5,5,Saoenk Cobek Samata,Google Maps,2026-05-14 19:55:35
Ci9DQUlRQUNvZENodHljRjlvT25kdU1HeHBOMVZRZGpGSU1YTkdVM0JMYVZCS2JsRRAB,Nurul Irhamni Fajri,5,"Pelayanan baik .ramah. cepat.
Makann enak
Suasanan adem
D layanai sm  aswin  good job .
Semoga bisa kembali lagi ke sini ..mksh saoenk cobek ..",10 bulan lalu,5,5,5,Saoenk Cobek Samata,Google Maps,2026-05-14 19:55:35
Ci9DQUlRQUNvZENodHljRjlvT2xZd1dYbEtiVUpmTFd4all6Rk5URFo1V0VOa2VYYxAB,Chlista .PropertyMks,5,makanan yang disajikan cukup rapih. rasa juga enak.banyak varian menu dan cukup terjangkau. next time mungkin saya akan kembali untuk bikin acara arisan keluarga.,10 bulan lalu,5,5,5,Saoenk Cobek Samata,Google Maps,2026-05-14 19:55:35
Ci9DQUlRQUNvZENodHljRjlvT25SQmRIVm1TeTFYYkU1dlltdzVRbW8yV21GNlVVRRAB,Muadz Usman,4,,Diedit 10 bulan lalu,3,4,2,Saoenk Cobek Samata,Google Maps,2026-05-14 19:55:35
Ci9DQUlRQUNvZENodHljRjlvT2pCemJUVnNkRzE0VlVZd1lVTTFRVXN0VFZOT1YyYxAB,asniar kahar,5,"Lumayan enak, sesuai harga, pelayanan sangat baik👍",10 bulan lalu,4,5,5,Saoenk Cobek Samata,Google Maps,2026-05-14 19:55:35
Ci9DQUlRQUNvZENodHljRjlvT21ock1GRllZVEpXU0doQ09WRlBSbVZYUVZGRVpVRRAB,Hardianti,5,Mantap,10 bulan lalu,5,5,5,Saoenk Cobek Samata,Google Maps,2026-05-14 19:55:35
Ci9DQUlRQUNvZENodHljRjlvT2pGVlVuQXRiMlE1YzBaVk1HTnBkbUZsVjBwM1VVRRAB,Aditya Achmad,5,"Makanannya enak, ikannya besar dan pelayanannya cepat. Jenis sausnya masih ahrus ditambah sih. -By Aswin",10 bulan lalu,5,5,5,Saoenk Cobek Samata,Google Maps,2026-05-14 19:55:56
Ci9DQUlRQUNvZENodHljRjlvT2tsSFNHUklMVGRQYkZKdllsRXdWVE5qZVVocmFWRRAB,ina zadaruddin,5,"Makanannya enak, tempatnya nyaman.
(Aswin)",10 bulan lalu,,,,Saoenk Cobek Samata,Google Maps,2026-05-14 19:55:56
Ci9DQUlRQUNvZENodHljRjlvT2psU1VtUkNWalJFTFZOTVlrcDRPV2t6TXpaVVdHYxAB,Nur_ Haeda,5,"Semuanya ramah baik🤍
Mulai dari pelayanan atas nama Mas Aswin sampai selesai
So far good",10 bulan lalu,4,5,4,Saoenk Cobek Samata,Google Maps,2026-05-14 19:55:56
Ci9DQUlRQUNvZENodHljRjlvT20wdGRUTjJjMGd0T0Y5SVJIZzNWM2RtTmtGWGVWRRAB,Rosnia Razak,5,"Mantap enak
Pelayanan
Aswin",10 bulan lalu,5,5,5,Saoenk Cobek Samata,Google Maps,2026-05-14 19:55:56
Ci9DQUlRQUNvZENodHljRjlvT2xoV2N6Sk9VWGgyV0ZSeGVXVXdYM1JQYVZWR04xRRAB,Rahmat Kamriadi,5,Sangat bagus,10 bulan lalu,5,5,5,Saoenk Cobek Samata,Google Maps,2026-05-14 19:55:56
Ci9DQUlRQUNvZENodHljRjlvT2sxQ1NsRTBTa2wzWkROUFRXbHRkR2hyYVhVemNFRRAB,rini ekawati,5,"Amazing,
Aswin",10 bulan lalu,5,5,5,Saoenk Cobek Samata,Google Maps,2026-05-14 19:55:56
Ci9DQUlRQUNvZENodHljRjlvT201V00xaEVXazUxUWpGSFRUbEdWRVpPUzA1NlduYxAB,Alfarizi Nizar Vlog,5,"Mantap

Terima kasih pak aswin pelayanannya",10 bulan lalu,5,5,5,Saoenk Cobek Samata,Google Maps,2026-05-14 19:55:56
Ci9DQUlRQUNvZENodHljRjlvT2xOR00wSjZVR3BIV20xNmIyOHliVUozZGpsd09HYxAB,Hendro Lawalata,5,,10 bulan lalu,,,,Saoenk Cobek Samata,Google Maps,2026-05-14 19:55:56
Ci9DQUlRQUNvZENodHljRjlvT2tNMmVIWmtSM0pDVDFkT1RGWllkMlpvY2xWbE1YYxAB,Rizma Capry,5,"Makanannya lezat2, banyak variannya, pelayanan cepat, praktis, ramah. Popoknya suka tempatnya, recomended banget
Aswin",10 bulan lalu,5,5,5,Saoenk Cobek Samata,Google Maps,2026-05-14 19:55:56
Ci9DQUlRQUNvZENodHljRjlvT2xFNFZHSktkMGRET0ZZeFNWWTNXRlI0Y2xGTVJrRRAB,FAJAR AHMAD WAHYUDDIN,5,"Saoenk Cobek Samata adalah tempat makan yang sangat enak dan nyaman! Saya suka cobeknya yang khas dan pedas, terutama cobek ayam yang sangat lezat. Pelayanannya juga sangat ramah dan cepat, meskipun tempatnya cukup ramai. Harga yang ditawarkan cukup terjangkau untuk kualitas makanan yang disajikan. Suasana tempatnya juga sangat cozy dan nyaman untuk berkumpul dengan keluarga atau teman-teman. Saya sangat merekomendasikan Saoenk Cobek Samata untuk dicoba, terutama jika Anda suka makanan pedas!",10 bulan lalu,5,5,5,Saoenk Cobek Samata,Google Maps,2026-05-14 19:55:56
Ci9DQUlRQUNvZENodHljRjlvT25oSFJsOUhlVk5NT0VFNVprOHpWbEZ3YTFNMVVFRRAB,NURHADI HADY,5,"Makanan enak, pelayanan cepat, tempat nyaman, parkiran luas jadi tidak ribet kalau bawa kendaraan. Thank you pak Aswin.",10 bulan lalu,,,,Saoenk Cobek Samata,Google Maps,2026-05-14 19:56:17
Ci9DQUlRQUNvZENodHljRjlvT2psSGJYUlhiRE14UVhabFlrNVJPRGRTVm1OMlgxRRAB,Liviana Cerah Wigati,5,"Ayam rempah enak,,
Ikan bakar pedis mantap,,
Udangnya besar enak
Ludes,,,",10 bulan lalu,5,5,5,Saoenk Cobek Samata,Google Maps,2026-05-14 19:56:17
ChdDSUhNMG9nS0VJQ0FnSUR4Z3ZLUl9nRRAB,Hani Alfiyah,5,"Enak banget makanannya, rekomended kerang saoenk cobek nya. Langganan tiap ada acara spesial pasti kesini. Suasana nya adem. Kita makan di gazebo diatas kolam ikan. Walaupun siang hari, tetap adem.

Pelayanan nya baik. Oleh pak Aswin. Gampang dipanggil, karena ada bel. Tanpa harus capek teriak atau angkat tangan",Diedit 10 bulan lalu,5,5,5,Saoenk Cobek Samata,Google Maps,2026-05-14 19:56:17
Ci9DQUlRQUNvZENodHljRjlvT2pOMVUxUnJWbkJNYkVoVlFYSkVSVkpFYUROaFdHYxAB,Gusti Jaya,5,Wuarbiassa n sangat puas dengan rasa makanan n pelayananx,10 bulan lalu,5,5,5,Saoenk Cobek Samata,Google Maps,2026-05-14 19:56:17
Ci9DQUlRQUNvZENodHljRjlvT25KTlZFSnZWelE0WTBwSmFteEJkRlpMZWxCVFJFRRAB,Nurul Hikmah,5,Kurang panas nasi gorengnya,10 bulan lalu,4,5,5,Saoenk Cobek Samata,Google Maps,2026-05-14 19:56:17
Ci9DQUlRQUNvZENodHljRjlvT2tKaE5XTmZPWGd6YkhCM2JVbHhXa2RUZVVGeFRuYxAB,Reza ArsanaW,5,Cocok untuk keluarga,10 bulan lalu,5,5,5,Saoenk Cobek Samata,Google Maps,2026-05-14 19:56:17
Ci9DQUlRQUNvZENodHljRjlvT2xweGJXcE5TWEZTT0ZGWVgzZGhjV05oY0dSMFlrRRAB,Rusli Dg jalling,5,"Hari ini makan malam di sana dengan keluarga sangat menyenangkan dari pelyanan yang ramah makanan yang enak dan suasana yang nyaman
Saran sedikit peneranganya di tambah..",10 bulan lalu,5,5,5,Saoenk Cobek Samata,Google Maps,2026-05-14 19:56:17
Ci9DQUlRQUNvZENodHljRjlvT2tWdFIzZHBPVkJQTjBwblIwWnlWMnhpTm5oR2FGRRAB,Alia Satiwi,5,Rasanya enak banget apalagi nasi goreng merahnya mantep bgt,10 bulan lalu,5,5,5,Saoenk Cobek Samata,Google Maps,2026-05-14 19:56:17
Ci9DQUlRQUNvZENodHljRjlvT2s5T1UxZE1ZVVEwTWtjMFdFZG1WRmxTYW1aalFVRRAB,Muh Fadel Arkam,5,,10 bulan lalu,5,5,4,Saoenk Cobek Samata,Google Maps,2026-05-14 19:56:17
Ci9DQUlRQUNvZENodHljRjlvT2xwaWQzbHBiamxWUlhOcVZWTmxTWFJ2WWpaS01uYxAB,Akun Redmi 10t,5,Lokasi strategis,10 bulan lalu,,,,Saoenk Cobek Samata,Google Maps,2026-05-14 19:56:17
Ci9DQUlRQUNvZENodHljRjlvT2toNVIySklTRFF3TTBWd1dpMUNTMFp2U1dkd1ozYxAB,Alesia,5,"Makanan di sni enak semua,harga ok pelayanan ok,suananya juga ok pake bangettt🥰🥰 FANI",10 bulan lalu,5,5,5,Saoenk Cobek Samata,Google Maps,2026-05-14 19:56:37
Ci9DQUlRQUNvZENodHljRjlvT2tSdVExRkhaa3RuUjFCeFRFOXBWMWRwTTA5QllWRRAB,imha 1605,5,Suci,10 bulan lalu,5,5,5,Saoenk Cobek Samata,Google Maps,2026-05-14 19:56:37
Ci9DQUlRQUNvZENodHljRjlvT2xCWWQwRlRUbDlKWDJoU1RWTkljekJuUlRWUFpVRRAB,Husnul Amalia,5,Saya tadi dilayani oleh aswin pelayananya ramah dan makanannya juga enak sekali,10 bulan lalu,5,5,5,Saoenk Cobek Samata,Google Maps,2026-05-14 19:56:37
Ci9DQUlRQUNvZENodHljRjlvT21RMVpVZFdYME5mVFdaNVVGTXhPV1pwYUZoSFMxRRAB,CELEBES SARANA JASA PT,5,Waitersx ramah dan cekatan…tks mba Mila,10 bulan lalu,4,4,4,Saoenk Cobek Samata,Google Maps,2026-05-14 19:56:37
Ci9DQUlRQUNvZENodHljRjlvT205bFQzQktlRkpKZDBSU1dUWkNha2RrZWtkSFpVRRAB,nurmala r,5,"Suasananya enak, makanannya juga enak, pelayanan juga oke 🥰 The best
(Aswin)",10 bulan lalu,5,5,5,Saoenk Cobek Samata,Google Maps,2026-05-14 19:56:37
Ci9DQUlRQUNvZENodHljRjlvT2sxd1NFTkRUWFl0TTJVNVRXVnJialU1VWpoR1drRRAB,"Jusmawati SPd.,MPd",5,"ENAK Tapi porsinya kurang banyak
(ASWIN)",10 bulan lalu,5,5,5,Saoenk Cobek Samata,Google Maps,2026-05-14 19:56:37
Ci9DQUlRQUNvZENodHljRjlvT2xrd2VWZGtPVnBMYUZkYVpGSm1ZVEU1VTNSbVYyYxAB,Samsamnhunhu 12,4,Bagus,10 bulan lalu,5,5,5,Saoenk Cobek Samata,Google Maps,2026-05-14 19:56:37
Ci9DQUlRQUNvZENodHljRjlvT2s1bFVHZElWWGRGUTFrd1lWRkdTakZmVldKMloyYxAB,Arya Zandy,5,,10 bulan lalu,5,5,5,Saoenk Cobek Samata,Google Maps,2026-05-14 19:56:37
Ci9DQUlRQUNvZENodHljRjlvT21aSFgwRjNOazl2V2pWM01HSjZNVWw0WmxwTlZGRRAB,Wasiatu Tamamiyah,4,,10 bulan lalu,4,5,4,Saoenk Cobek Samata,Google Maps,2026-05-14 19:56:37
Ci9DQUlRQUNvZENodHljRjlvT21wMlUwSnVla05QWjI5eVNsY3RNVUo0VmxwcFFsRRAB,Dimas Salendra,1,"Harga elit, pelayanan sulit

Toilet kotor",10 bulan lalu,,,,Saoenk Cobek Samata,Google Maps,2026-05-14 19:56:37
Ci9DQUlRQUNvZENodHljRjlvT2taS1JXbHBOM2d6VTNOdVpYZHZlR2gwUVMxWFptYxAB,Bilal Al kahfi,5,Pelayanan kak Aswin mantaaappppp mantulllll bestt dehhh🥰🥰🥰 …,10 bulan lalu,,,,Saoenk Cobek Samata,Google Maps,2026-05-14 19:56:58
Ci9DQUlRQUNvZENodHljRjlvT2pSaE5XRnNSVk0yU1RJNVYwSjFPRE5QWVUxSVNsRRAB,Muwafiqah Azizah Chamanda,5,"Makanannya enak dan porsinya pas. —bumbunya meresap dan sambalnya mantap! Pelayanan juga ramah, meskipun kadang agak lama kalau ramai. Tempatnya bersih dan cukup nyaman untuk makan bersama keluarga. Harganya juga terjangkau.

Pelayan : Lisa",10 bulan lalu,5,5,5,Saoenk Cobek Samata,Google Maps,2026-05-14 19:56:58
Ci9DQUlRQUNvZENodHljRjlvT2pjeVFVZzBXSGw2T1dWUVltbFlSVWRhUmt0Nk0xRRAB,Sitti Nurkhairah,5,makanannya enak skalii!,10 bulan lalu,,,,Saoenk Cobek Samata,Google Maps,2026-05-14 19:56:58
Ci9DQUlRQUNvZENodHljRjlvT2xkMVJHODNhM1p0Y3pGclNYbzNNMnBMU0d0RGVFRRAB,Muhammad Difky Alqadri,5,"Makanannya lumayan tapi pallumaranya kurang asam asin, ikannya fresh tidak berbau pelayanannyaa okee dan suasananya okee",10 bulan lalu,4,5,5,Saoenk Cobek Samata,Google Maps,2026-05-14 19:56:58
Ci9DQUlRQUNvZENodHljRjlvT25OUk0wOXBXSGxCVUhkbE9GcHpTRll3YUZwM1JuYxAB,Moh. Nashr Naufal Tajang,5,Aswin,10 bulan lalu,,5,,Saoenk Cobek Samata,Google Maps,2026-05-14 19:56:58
Ci9DQUlRQUNvZENodHljRjlvT2sxVGRsQnZSbmRvVFRoVFYweEZhRXBFZERWaFYwRRAB,Nurawaliah Rasyid,5,Makanannya enak dan tempat nya adem,10 bulan lalu,5,5,5,Saoenk Cobek Samata,Google Maps,2026-05-14 19:56:58
Ci9DQUlRQUNvZENodHljRjlvT201T1NFUkZYMlowZVVoRlJrOW1UV1pyZUVwa2JVRRAB,Eni Nureni,5,"Restoran ini sangat rekomended banget , apalagi ajak keluarga , tempat nya sangat nyaman ,dan suasananya sangat bgus , makanannya juga sngat enak ,apalagi pelayannya sngat ramah dan murah senyum, makasih pelayanannya Mila😊",10 bulan lalu,5,5,5,Saoenk Cobek Samata,Google Maps,2026-05-14 19:56:58
Ci9DQUlRQUNvZENodHljRjlvT210UWEzWjZhV2xoYlUxVU9FSlFWVTB5Ym1SWVYwRRAB,hirate yurina,5,"Pelayanan ramah, makanan enak, spesial thanks to waiter Lisa",10 bulan lalu,5,5,5,Saoenk Cobek Samata,Google Maps,2026-05-14 19:56:58
Ci9DQUlRQUNvZENodHljRjlvT25KSmFIVm1ZVk4wUkZCa1JsOUNVSEp3ZDJJelFsRRAB,Dewil Khanza,5,enak,10 bulan lalu,5,5,5,Saoenk Cobek Samata,Google Maps,2026-05-14 19:56:58
Ci9DQUlRQUNvZENodHljRjlvT2s5d1JGaGllWGREUW1WMmJ6SjJZMWhFVG5CWFZsRRAB,Rima Febriyanti,5,"pelayanan kak alwin sangat memuaskan...
makanan oke
rasa oke
makananx cepat di sajikan",10 bulan lalu,5,5,5,Saoenk Cobek Samata,Google Maps,2026-05-14 19:56:58
Ci9DQUlRQUNvZENodHljRjlvT2psamQzY3pVVWMwWTJWc01FTnFPVTVDVUVsZmNsRRAB,Dian Anggi Pratiwi ZA,5,"Pelayanan cepat, fast respon..",10 bulan lalu,5,5,5,Saoenk Cobek Samata,Google Maps,2026-05-14 19:57:19
Ci9DQUlRQUNvZENodHljRjlvT25kUFNXSmlkMkZUVFVGUWVFOUJSa3hMVjJ0blFuYxAB,Hardiyanti Asyik,5,,10 bulan lalu,,,,Saoenk Cobek Samata,Google Maps,2026-05-14 19:57:19
Ci9DQUlRQUNvZENodHljRjlvT20xdVNtZFhiR1YzVVRKVmQzTnpPWFl6ZUdOS1RXYxAB,pretty kina,5,"Nama waiters nyaa lisaa
Servisnya sangat baguss dan makanannya enak""",10 bulan lalu,5,5,5,Saoenk Cobek Samata,Google Maps,2026-05-14 19:57:19
Ci9DQUlRQUNvZENodHljRjlvT2s1bE9XWnFjVU5XVUVvNWQwWmZRak5QY21weFpGRRAB,Ridwansyah Muhammad,4,Aswin,10 bulan lalu,4,4,4,Saoenk Cobek Samata,Google Maps,2026-05-14 19:57:19
Ci9DQUlRQUNvZENodHljRjlvT2tsWlZsY3labnBhYWtoMVgwUnpabmhsZFdsblJGRRAB,Hasriani Ani,5,,10 bulan lalu,5,5,5,Saoenk Cobek Samata,Google Maps,2026-05-14 19:57:19
Ci9DQUlRQUNvZENodHljRjlvT2xVNVprRjNjVFF5Yld4VFVIZFpXR2hwWVc4d1ZVRRAB,Sri Aliah Ekawati,5,Terima kasih Kak Safar....,10 bulan lalu,5,5,5,Saoenk Cobek Samata,Google Maps,2026-05-14 19:57:19
ChdDSUhNMG9nS0VJelZ1YTNnbThDZ2h3RRAB,fauziah mayasari,5,recommended! cocok buat keluarga!,10 bulan lalu,5,5,5,Saoenk Cobek Samata,Google Maps,2026-05-14 19:57:19
Ci9DQUlRQUNvZENodHljRjlvT25ObGNIQnFkbDg0VERWVFUyMURVblZFT1dSdVNsRRAB,Muhammad Nur Rahman,5,"Pengolahan ikannya yang kurang memuaskan, agak keras.
Juga agak banyak lalat jadi lalatnya masuk di makanan dan minumannya, agak ragu untuk kemudian dikonsumsi
Selebihnya baik semua, semoga bisa jadi lebih baik kedepannya.",10 bulan lalu,4,5,4,Saoenk Cobek Samata,Google Maps,2026-05-14 19:57:19
Ci9DQUlRQUNvZENodHljRjlvT2pkb01qWkVSRXBFUlZsRFNVdGtjbkpRZEhGVWRtYxAB,daeng lukman,5,Mohon dipertahankan,10 bulan lalu,5,5,4,Saoenk Cobek Samata,Google Maps,2026-05-14 19:57:19
Ci9DQUlRQUNvZENodHljRjlvT25WS01uWlFVa05yTkZoVVYwMU1aak5VVm1Kd2IwRRAB,PALILI STUDIO,5,,10 bulan lalu,,,,Saoenk Cobek Samata,Google Maps,2026-05-14 19:57:19
Ci9DQUlRQUNvZENodHljRjlvT2xVeWFWOXdNMFZmUldVM1gzTnRaMk0xUlU1S1dFRRAB,Nur Ainun Hasyim,5,"Alhamdulillah sangat bagus dan sangat nyaman, smeoga smoga bisa lebih baik lagii",10 bulan lalu,4,5,5,Saoenk Cobek Samata,Google Maps,2026-05-14 19:57:39
Ci9DQUlRQUNvZENodHljRjlvT21kUmFFWXdOR2x6VDNKbmVVWm5WVVpyYzFCcVZVRRAB,Nurul Aeni,5,,11 bulan lalu,5,5,4,Saoenk Cobek Samata,Google Maps,2026-05-14 19:57:39
Ci9DQUlRQUNvZENodHljRjlvT2xwc2JsUkdSbXh3ZVV4emJ6aDZWbTFZWmtOVE1VRRAB,Asma Karimah,5,"Masya Allah enak2 makanannya dan cepat saji,pelayanannya ramah. Sukses selalu soenk cobek",11 bulan lalu,5,5,5,Saoenk Cobek Samata,Google Maps,2026-05-14 19:57:39
ChdDSUhNMG9nS0VLT1o0Wk9yaG95VHJnRRAB,Nurul Widya,5,Makanannya enak pelayanannya baik dan ramah,11 bulan lalu,5,5,5,Saoenk Cobek Samata,Google Maps,2026-05-14 19:57:39
Ci9DQUlRQUNvZENodHljRjlvT21KTFVIVXdjMFZZY1VaM1pWQjJXVEJGTnpCUGRVRRAB,Heny Gusriani,5,"Makan santai bersama keluarga

Aswin",11 bulan lalu,5,5,5,Saoenk Cobek Samata,Google Maps,2026-05-14 19:57:39
Ci9DQUlRQUNvZENodHljRjlvT2pZelZ6SkhhekI0V1hOTFptbGpPRE54Y1Zsc1RsRRAB,Rezki Zalzabila.M,5,Makasihh kak milaa atas pelayanan nya,11 bulan lalu,5,5,5,Saoenk Cobek Samata,Google Maps,2026-05-14 19:57:39
Ci9DQUlRQUNvZENodHljRjlvT25CWFNtNUhhelV3YVZSbVZrNXJiM2RJVDB4Q1VIYxAB,Nashrah Nur Marfuah,5,,11 bulan lalu,4,5,4,Saoenk Cobek Samata,Google Maps,2026-05-14 19:57:39
ChZDSUhNMG9nS0VLNzYtb2pvbmIyNkhnEAE,Tsaqib Razan,5,"makanan nya enak, pelayanan oke",11 bulan lalu,4,4,4,Saoenk Cobek Samata,Google Maps,2026-05-14 19:57:39
ChZDSUhNMG9nS0VMYmRwcGJ0eFAtUllBEAE,haryati sakking,5,Makananx semua enak dan pelayananax cepat Aswin,11 bulan lalu,5,5,5,Saoenk Cobek Samata,Google Maps,2026-05-14 19:57:39
ChdDSUhNMG9nS0VNcjZpc3EtamJLdl9nRRAB,Rina Erawati,4,Makanan yang disiapkan panitia enak. Saya suka sayur sup jamur nya. Sayang tak ada sabun di wastafelnya.,Diedit 11 bulan lalu,4,4,4,Saoenk Cobek Samata,Google Maps,2026-05-14 19:57:39
ChdDSUhNMG9nS0VKNnAzcHFQb1BMeWlBRRAB,Abdur Rauf,5,Lumayan memuaskan,11 bulan lalu,5,5,5,Saoenk Cobek Samata,Google Maps,2026-05-14 19:58:00
ChdDSUhNMG9nS0VPYU9ucFNEcjdPc3J3RRAB,Nur Alisya Kaune,5,,11 bulan lalu,5,5,5,Saoenk Cobek Samata,Google Maps,2026-05-14 19:58:00
ChdDSUhNMG9nS0VMVHA5NTJUcHQtaS1nRRAB,Asyikin Syarif,5,,11 bulan lalu,5,5,5,Saoenk Cobek Samata,Google Maps,2026-05-14 19:58:00
Ci9DQUlRQUNvZENodHljRjlvT2xVMGRHUmlkM010V21aNmJGUTVSVXBhWmpKbWMzYxAB,Faisal Muhammad,5,mantap,11 bulan lalu,5,5,5,Saoenk Cobek Samata,Google Maps,2026-05-14 19:58:00
Ci9DQUlRQUNvZENodHljRjlvT205WVJVWnVlWGQyZUZKRlFXeDFWelpUVkhwNFVFRRAB,rahman,5,Pelayan Ibu Nisa,11 bulan lalu,5,5,5,Saoenk Cobek Samata,Google Maps,2026-05-14 19:58:00
ChdDSUhNMG9nS0VPZUN5dEROM3ZtWGhBRRAB,Fajrin Muhammad,5,,11 bulan lalu,5,5,5,Saoenk Cobek Samata,Google Maps,2026-05-14 19:58:00
ChZDSUhNMG9nS0VMZk56WWV3ajdHSVd3EAE,Aisyah Barayani,5,makanannyaa terjangkau dan enak semuaaa,11 bulan lalu,5,5,4,Saoenk Cobek Samata,Google Maps,2026-05-14 19:58:00
ChZDSUhNMG9nS0VJLWNyTGZJajZDUEF3EAE,muh ardiansyah dalie,5,Makannya enak2 .. thx dek Mila sdh melayani dgn baik,11 bulan lalu,5,5,5,Saoenk Cobek Samata,Google Maps,2026-05-14 19:58:00
ChdDSUhNMG9nS0VJQ0FnSUNfdmFLcDl3RRAB,Resky Alamsyah,5,Makanannya enak dan pelayanannya cepat. Mksihh Milaaa🙏,Diedit 11 bulan lalu,5,5,5,Saoenk Cobek Samata,Google Maps,2026-05-14 19:58:00
ChZDSUhNMG9nS0VNQ1ZwNW4zd2RDME5REAE,Lisda Lisdayanti,5,makanannya enak pelayanannya cepat.lisa,11 bulan lalu,5,5,5,Saoenk Cobek Samata,Google Maps,2026-05-14 19:58:00
ChZDSUhNMG9nS0VMM1RqcERqcmJpekN3EAE,Aprilyanikadir 2582,5,"Rekomendasi sekali ,emak2 makanan",11 bulan lalu,5,5,5,Saoenk Cobek Samata,Google Maps,2026-05-14 19:58:20
ChZDSUhNMG9nS0VPYmZ2cWFkXzh2SWRBEAE,Sainal 031,5,Pelayanan cepat,11 bulan lalu,5,5,5,Saoenk Cobek Samata,Google Maps,2026-05-14 19:58:20
ChdDSUhNMG9nS0VNT0YtWmJTXzgyMjZ3RRAB,Putri Wardani,5,Makanannya masih ok sejak dulu. Pelayannya juga bagus. Suasananya sudah kurang tidak seerti dulu. Waiters: Lisa,11 bulan lalu,5,5,5,Saoenk Cobek Samata,Google Maps,2026-05-14 19:58:20
ChZDSUhNMG9nS0VMQzF2TG5mOThMNktBEAE,Sefti Wahyuningsih,5,makanannya sangat enak. Lisa,11 bulan lalu,5,5,5,Saoenk Cobek Samata,Google Maps,2026-05-14 19:58:20
ChdDSUhNMG9nS0VLUHJpcGI0eGR5LW53RRAB,hifni nashif azzahra,5,,11 bulan lalu,,,,Saoenk Cobek Samata,Google Maps,2026-05-14 19:58:20
ChZDSUhNMG9nS0VLbXZuNzZDMHBMZFlBEAE,Winola vega Indira,5,"Saoenk Cobek Samata Its all good
Semoga rame selalu",11 bulan lalu,5,5,5,Saoenk Cobek Samata,Google Maps,2026-05-14 19:58:20
ChdDSUhNMG9nS0VNRFQ4SlRJcXVpdTl3RRAB,Multi Lumembang ST,5,"Pelayanan bagus oleh Kk Aswin, viewnya juga mantap. Rasa makanan mantap apalagi sambal ijonya.",11 bulan lalu,5,5,5,Saoenk Cobek Samata,Google Maps,2026-05-14 19:58:20
ChZDSUhNMG9nS0VNcmd2OUdoeUt2QkJBEAE,Uslifal Jannah,5,Pelayanan terbaik dari abang aswin. Makanannya jg enak semua ☺️,11 bulan lalu,5,5,5,Saoenk Cobek Samata,Google Maps,2026-05-14 19:58:20
ChZDSUhNMG9nS0VKUDk4YU9zalllUFFREAE,Jevi Manginsihi,5,makanannya enak dan pelayanannya bagus #dilayani kak safar🤩,11 bulan lalu,5,5,5,Saoenk Cobek Samata,Google Maps,2026-05-14 19:58:20
ChZDSUhNMG9nS0VOM1dvNGZYaThyZFNBEAE,ZULKIFLI YARIS,5,aku ingin,11 bulan lalu,5,5,5,Saoenk Cobek Samata,Google Maps,2026-05-14 19:58:20
ChZDSUhNMG9nS0VPWC1fZktDLWFqc1J3EAE,Hj Ratna Dewi,5,"Luar biasa nyaman suasananya, makanan nikmat, mulai dari es buah, Jus alfokat dan es kelapa muda, sayur asem, sayur Paria dan ayam goreng kampung semua nikmat di lidah, yg menu hari ini kami pesan,
Terkhusus nak Alvin yg ramah dan sabar melayani
Juga terimakasih kasirnya yg jg bersahabat",11 bulan lalu,5,5,5,Saoenk Cobek Samata,Google Maps,2026-05-14 19:58:41
ChdDSUhNMG9nS0VNYVN1TkNnM3BEbXBRRRAB,Rizqi Noverian Agatha,5,"Makanan enak, mantap.
Lisa Danila",11 bulan lalu,5,5,5,Saoenk Cobek Samata,Google Maps,2026-05-14 19:58:41
ChZDSUhNMG9nS0VOdlE0NC1XNXRiQldBEAE,Lismawati L.,5,Suasanax tenang dan nyaman,11 bulan lalu,5,5,5,Saoenk Cobek Samata,Google Maps,2026-05-14 19:58:41
ChdDSUhNMG9nS0VQZWNyTVhCMFlyNHJnRRAB,036_M. Athallah Zaidan .R,5,,11 bulan lalu,5,5,5,Saoenk Cobek Samata,Google Maps,2026-05-14 19:58:41
ChZDSUhNMG9nS0VJWHMyOWlLam8yakNBEAE,Rehan Hakim,4,"Makanannya enak cuman kurang asin sedikit lagi dan juga cara pelayanan mba suci bagus, fast respon",11 bulan lalu,4,5,5,Saoenk Cobek Samata,Google Maps,2026-05-14 19:58:41
ChZDSUhNMG9nS0VKdlBoYS1RLWV1VUZ3EAE,Tanti Rahmawani M,5,pelayanan baik oleh mila 🫰🏻,11 bulan lalu,5,5,5,Saoenk Cobek Samata,Google Maps,2026-05-14 19:58:41
ChZDSUhNMG9nS0VNQ084Y2JhOXRudWRBEAE,Novha Prayoghi,5,"Makanan enak walaupun ikan kurang segar, pelayanan cepat dan sangat ramah (Lisa). Suasana sejuk",11 bulan lalu,5,5,5,Saoenk Cobek Samata,Google Maps,2026-05-14 19:58:41
ChdDSUhNMG9nS0VNUG4zNEhzOGZEUzVRRRAB,Rizky Nuraisyah,5,"makananny bagus dan enak
pelayanny juga ramah yg bernama lisa",11 bulan lalu,5,5,5,Saoenk Cobek Samata,Google Maps,2026-05-14 19:58:41
ChdDSUhNMG9nS0VPYS04WkdiMmJqNnRRRRAB,Millaemiliya Hanifah,5,pelayanan sangat bagus dan sangat ramah teruntuk kak lisa,11 bulan lalu,5,5,5,Saoenk Cobek Samata,Google Maps,2026-05-14 19:58:41
ChZDSUhNMG9nS0VMbkc0c0xaMFAyb0JREAE,muhammad kahfi,5,"Kurang banyak
Pelayanannya sangat baik dan cantik ramah
Mendung",11 bulan lalu,5,5,5,Saoenk Cobek Samata,Google Maps,2026-05-14 19:58:41
ChZDSUhNMG9nS0VJbjk3YXZtb0ktZ1dREAE,Tsaabitahjihan PutriANNETH,5,"untuk makanannya rasanya enak, penyajian makanannya juga cepat (waiters lisa), suasananya cukup nyaman rekomendasi untuk quality time keluarga",11 bulan lalu,5,5,5,Saoenk Cobek Samata,Google Maps,2026-05-14 19:59:02
ChdDSUhNMG9nS0VJYkdwXzdzZ1pfVGtRRRAB,Andra & Nabila Channel,5,"Kepiting nampannya mantap.. daging kepitingnya banyak.
Suasana seru saung di atas kolam ikan. Anak anak suka. Terima kasih..",11 bulan lalu,5,5,5,Saoenk Cobek Samata,Google Maps,2026-05-14 19:59:02
ChdDSUhNMG9nS0VQTFltN2I4M1pxaDd3RRAB,Nasria Ria,5,Enak suasana yg bagus untuk keluarga dan teman” alwin,11 bulan lalu,5,5,5,Saoenk Cobek Samata,Google Maps,2026-05-14 19:59:02
ChZDSUhNMG9nS0VMN0UxczJjek9MaUZBEAE,Annisaa Fatiha Adhicahya,5,mantap! Pelayanan ramah kak safar,11 bulan lalu,5,5,4,Saoenk Cobek Samata,Google Maps,2026-05-14 19:59:02
ChdDSUhNMG9nS0VKbUEtS0tZOE9lVHp3RRAB,Zhakila ustu,5,makanan yang disediakan enak kemudian pelayanan kak safar juga sangat ramah,11 bulan lalu,5,5,5,Saoenk Cobek Samata,Google Maps,2026-05-14 19:59:02
ChdDSUhNMG9nS0VQYWw0cWVtc082ZHJnRRAB,Zhafran,5,"Pelayanan ramah Dan makanan enak,",11 bulan lalu,5,5,4,Saoenk Cobek Samata,Google Maps,2026-05-14 19:59:02
ChZDSUhNMG9nS0VLS3JfZjJxOU1XVEJ3EAE,arsy asty,5,"Makanannya enak ,
Pelayanan cepat ,
Rekomendasi banget 👍

Aswin",11 bulan lalu,5,4,5,Saoenk Cobek Samata,Google Maps,2026-05-14 19:59:02
ChZDSUhNMG9nS0VKS09rdkNyNEk3RGVBEAE,Andi Ulfa Lestari,5,Oke,11 bulan lalu,5,5,5,Saoenk Cobek Samata,Google Maps,2026-05-14 19:59:02
ChdDSUhNMG9nS0VMelB3WWFuamFPSTlnRRAB,Nurnaslah Naslah,5,"Pelayananya mantap Milaaa.
Makanannya enak",11 bulan lalu,5,5,5,Saoenk Cobek Samata,Google Maps,2026-05-14 19:59:02
ChZDSUhNMG9nS0VPNzFqODI0Z2FXbmF3EAE,SITI QYAILAHNUR,5,,11 bulan lalu,5,5,4,Saoenk Cobek Samata,Google Maps,2026-05-14 19:59:02
ChZDSUhNMG9nS0VLeVZoTXJUbHNTZklREAE,st sulastri,5,,11 bulan lalu,4,5,5,Saoenk Cobek Samata,Google Maps,2026-05-14 19:59:22
ChZDSUhNMG9nS0VMLXItUFduMmZXZkNBEAE,Muamar Athaillah,4,,11 bulan lalu,5,4,5,Saoenk Cobek Samata,Google Maps,2026-05-14 19:59:22
ChdDSUhNMG9nS0VJRGI4dHpibUxHdjZRRRAB,Andi Ramadani,5,Pelayanan x cepat ramah makananx enak,11 bulan lalu,5,5,5,Saoenk Cobek Samata,Google Maps,2026-05-14 19:59:22
ChZDSUhNMG9nS0VJdU5xb1dRMU9EaVhREAE,DEWIRIKAN TOYOTAMAKASSAR,5,Makanan enak dan pelayanan bgus,11 bulan lalu,5,5,5,Saoenk Cobek Samata,Google Maps,2026-05-14 19:59:22
ChZDSUhNMG9nS0VMank5dEMyZ3UtNUt3EAE,Muh Amiruddin,5,"Pelayanan baik dan cepat, ramah dan sopan (aswin)",11 bulan lalu,5,5,5,Saoenk Cobek Samata,Google Maps,2026-05-14 19:59:22
ChdDSUhNMG9nS0VKNzU3YUxRc2UyNHBRRRAB,Zakiah Al Munawarah,5,Makanannya enak dan viewnya bagus Lisa,11 bulan lalu,5,5,5,Saoenk Cobek Samata,Google Maps,2026-05-14 19:59:22
ChZDSUhNMG9nS0VLSEQ2Zm1lN18zU2VREAE,Muh. Rayhan Aprisal Fachrun,5,"Makanan nya sih enak banget, terutama ayam bakar madu nya paling top. Sambel sambelnya jugaa enakk. suasana yang sejuk hampir bikin saya tertidur juga",11 bulan lalu,5,4,5,Saoenk Cobek Samata,Google Maps,2026-05-14 19:59:22
ChZDSUhNMG9nS0VNNkJsSlNWNWZmOWFnEAE,Zahra zahra,5,"Rekomended banget tempat ini untuk makanan yang enak dengan keluarga, tempat dan suasana nya sangat nyaman , makanan nya juga enak"" smua, dan pelayanan nya sangat ramah dan murah senyum makasihhh Mila  atas pelayanannya 😇",11 bulan lalu,5,5,5,Saoenk Cobek Samata,Google Maps,2026-05-14 19:59:22
ChdDSUhNMG9nS0VQbWlvUFMxemItdnlBRRAB,S Putri Kusuma Dewi,5,Boleh di stok makanan ikan nya. Biar anak-anak bisa sambil kasih makan ikan jadi orang tua makan dengan tenang 😁,11 bulan lalu,5,5,5,Saoenk Cobek Samata,Google Maps,2026-05-14 19:59:22
ChZDSUhNMG9nS0VQdXVwNDJINXZiblJBEAE,174_Rosmadewi Syalsabila Amni,4,,11 bulan lalu,4,4,4,Saoenk Cobek Samata,Google Maps,2026-05-14 19:59:22
ChdDSUhNMG9nS0VPMkZtOHphc2JEcmh3RRAB,Aswar khairil Bahri,5,"Alhamdulillah pelayanannya bagus, tempat dan suasananya sangat adem banget, makanan sangat lezat dan mengenyangkan di perut 😇",11 bulan lalu,5,5,5,Saoenk Cobek Samata,Google Maps,2026-05-14 19:59:43
ChdDSUhNMG9nS0VPckJxNHlHNXZuQjlRRRAB,Rahmatan scientist,5,,11 bulan lalu,,,,Saoenk Cobek Samata,Google Maps,2026-05-14 19:59:43
ChZDSUhNMG9nS0VNZXVuZG5sZy15VUVBEAE,Anita Rahmiati bur,5,"Suasananya bagus adem, parkiran cukup luas, pelayanan dan penyajian mantap menunya memuaskan sesuai selera, buat waitersnya mb Lisa mksh atas pelayanan dan keramahannya sukses selalu👍👍👍👍",11 bulan lalu,5,5,5,Saoenk Cobek Samata,Google Maps,2026-05-14 19:59:43
ChZDSUhNMG9nS0VMbjFyYmljdUlQT0VREAE,Al fiah,4,"Makanan dan rekomendi dan suasana nya nyaman
@aswinsyah",11 bulan lalu,5,5,5,Saoenk Cobek Samata,Google Maps,2026-05-14 19:59:43
ChdDSUhNMG9nS0VQSDcyTEQzNzhmcmdRRRAB,Saoraja Glamping,5,,11 bulan lalu,5,5,5,Saoenk Cobek Samata,Google Maps,2026-05-14 19:59:43
ChZDSUhNMG9nS0VLNmZwTnJGcmFMUFhBEAE,Ika Kartikawana Jufri,5,Makanan dan pelayanannya luar biasaaa,11 bulan lalu,,,,Saoenk Cobek Samata,Google Maps,2026-05-14 19:59:43
ChZDSUhNMG9nS0VOYkh5Zm5IeXJXMmFBEAE,Inn Naa,5,Makanan enak... pelayanan baik...pelayanny ramah2 Lisa,11 bulan lalu,5,5,5,Saoenk Cobek Samata,Google Maps,2026-05-14 19:59:43
ChdDSUhNMG9nS0VObWYwSjJPa01XQ193RRAB,Hasna Caya,5,"Makanannya enak. Apalagi pelayanannya yang atas nama mbak lizah ramah dan cepat

Terimakasih mbak lizah",11 bulan lalu,5,5,5,Saoenk Cobek Samata,Google Maps,2026-05-14 19:59:43
ChZDSUhNMG9nS0VNdjQxTG1NbjhybVVnEAE,Boowaae,5,"Makanannya enak2 apalagi menu udang telur asin, bumbunya meresap semua ke makanannya. Cocok untuk tempat makan keluarga atau grup yg besar. Lantai bawah untuk makan lesehan, lantai 2 untuk yg pakai kursi. Suasananya sejuk dan asri karena banyak pohon, ada juga kolam ikan koi yg bisa jadi hiburan keluarga. Pelayanan ramah dan gercep. Tempat parkir cukup luas.",setahun lalu,5,5,5,Saoenk Cobek Samata,Google Maps,2026-05-14 19:59:43
ChdDSUhNMG9nS0VMbmd0TExoajZmM19RRRAB,rajan piara,1,,setahun lalu,,1,2,Saoenk Cobek Samata,Google Maps,2026-05-14 19:59:43
ChdDSUhNMG9nS0VOX0c0WS1DX2FMcHR3RRAB,Andi Freya Aqeela Fauzan,4,,setahun lalu,4,4,4,Saoenk Cobek Samata,Google Maps,2026-05-14 20:00:04
ChZDSUhNMG9nS0VNU1FoWTdNelpHWEhBEAE,Habibi Mooo,5,bagus,setahun lalu,5,4,5,Saoenk Cobek Samata,Google Maps,2026-05-14 20:00:04
ChdDSUhNMG9nS0VJQ0FnTUNZbWMyVDZRRRAB,Miftahul Jannah,5,Bebek originalnya enak loh.. Recomended lah,setahun lalu,5,5,5,Saoenk Cobek Samata,Google Maps,2026-05-14 20:00:04
ChdDSUhNMG9nS0VJQ0FnTUNZNllqazFBRRAB,Bambang Ariobimo,5,"Makanannya enak, pelayanannya juga ramah. Ambiencenya juga sangat tenang. saya suka",setahun lalu,5,5,5,Saoenk Cobek Samata,Google Maps,2026-05-14 20:00:04
ChZDSUhNMG9nS0VJQ0FnTUNZOHVhRFR3EAE,Reny Kasmiaty,5,Pelayanannya baik dan ramah untuk Alwin & team,setahun lalu,5,5,5,Saoenk Cobek Samata,Google Maps,2026-05-14 20:00:04
ChZDSUhNMG9nS0VJQ0FnTUNZb05mU1JnEAE,Lusiana Pabunna,5,"Makanan semua enak . pelayanan dari Lisa sangat memuaskan.
Masukan : Jus kurang kental",setahun lalu,5,5,5,Saoenk Cobek Samata,Google Maps,2026-05-14 20:00:04
ChdDSUhNMG9nS0VJQ0FnTURvMjlyRl93RRAB,Agustiaty Kurusi,5,,setahun lalu,5,5,5,Saoenk Cobek Samata,Google Maps,2026-05-14 20:00:04
ChZDSUhNMG9nS0VJQ0FnTURvbThYMU53EAE,Muh Ridwan,5,"Tempatnya sejuk dekat dr royal tempat saya, pelayanan bagus, pelayan ramah",setahun lalu,5,5,5,Saoenk Cobek Samata,Google Maps,2026-05-14 20:00:04
ChdDSUhNMG9nS0VJQ0FnTURvbS1yMDRRRRAB,abdul azis,5,"Saya tertarik dengan pelyanan yang diberikan.. top markotop..

Alwin dan TEAM",setahun lalu,5,5,5,Saoenk Cobek Samata,Google Maps,2026-05-14 20:00:04
ChZDSUhNMG9nS0VJQ0FnTURvOWNXVUR3EAE,Sofhia Dwi Lestari,5,✨✨✨✨✨,setahun lalu,5,5,5,Saoenk Cobek Samata,Google Maps,2026-05-14 20:00:04
ChdDSUhNMG9nS0VJQ0FnTURvbWZpZ213RRAB,Anggi Pintaloka,5,"Mantab.
Tetap semangat
@alwin dkk",setahun lalu,5,5,5,Saoenk Cobek Samata,Google Maps,2026-05-14 20:00:24
ChdDSUhNMG9nS0VJQ0FnTURvNmNlbnh3RRAB,Indra Sari,5,"Pelayanan memuaskan, rasa enak rasa tambah tempat strategis",setahun lalu,5,5,5,Saoenk Cobek Samata,Google Maps,2026-05-14 20:00:24
ChdDSUhNMG9nS0VJQ0FnTURvNmRTRl9BRRAB,Fatih Al,5,"Alhamdulillah tempatnya nyaman, strategis, apalagi yang ada anak kecilnya karena bisa melihat ikan + beri makan ikan,🙂",setahun lalu,5,5,5,Saoenk Cobek Samata,Google Maps,2026-05-14 20:00:24
ChdDSUhNMG9nS0VJQ0FnTURvc1pIZDhnRRAB,Rull badri,5,"Pelayanan baik dan ramah,thanks timnya",setahun lalu,4,5,5,Saoenk Cobek Samata,Google Maps,2026-05-14 20:00:24
ChZDSUhNMG9nS0VJQ0FnTURvX3ZiZlR3EAE,Rachmad Suki,5,"Suasana tempatnya sangat nyaman, Pelayanannya sangat ramah. Apalagi waitersnya yg namanya sucii…",setahun lalu,5,5,5,Saoenk Cobek Samata,Google Maps,2026-05-14 20:00:24
ChdDSUhNMG9nS0VJQ0FnTURvX3BDTDRRRRAB,Ina RDS,5,"pelayanannya ramah ,makanannya enak hargapun terjangkau ,top buat mba suci",setahun lalu,5,5,5,Saoenk Cobek Samata,Google Maps,2026-05-14 20:00:24
ChZDSUhNMG9nS0VJQ0FnTURvN3MtWGRREAE,andi ummi kalsum hasrib,5,Nyaman dan manakannnya recommended,setahun lalu,5,5,5,Saoenk Cobek Samata,Google Maps,2026-05-14 20:00:24
ChZDSUhNMG9nS0VJQ0FnTURvNHBubVNnEAE,Firman Syahal,4,makanannya enak dan sering kesini...,setahun lalu,5,4,4,Saoenk Cobek Samata,Google Maps,2026-05-14 20:00:24
ChZDSUhNMG9nS0VJQ0FnTURvb3ZlQ2Z3EAE,Citra Wihanda,5,,setahun lalu,,,,Saoenk Cobek Samata,Google Maps,2026-05-14 20:00:24
ChZDSUhNMG9nS0VJQ0FnTURvclBuUVNREAE,Khalishah Salsabila,5,"Alhamdulillah tempatnya sangat nyaman dan bagus untuk digunakan sebagai tempat acara keluarga dan arisan. Menunya bervariasi, ada menu paketan dan pelayanan juga oke. Sangat recommended 👍🏻🔥",setahun lalu,5,5,5,Saoenk Cobek Samata,Google Maps,2026-05-14 20:00:24
ChdDSUhNMG9nS0VJQ0FnTURvak55WHZBRRAB,Salwa Sahira,5,"Enakkk bangett, pelayanan oleh kak nisa dan kak alwin the besttt🫰🤍🤍",setahun lalu,5,5,5,Saoenk Cobek Samata,Google Maps,2026-05-14 20:00:45
ChdDSUhNMG9nS0VJQ0FnTURvak55MHNnRRAB,nadinndin 177,5,"ENAKK BANGETTTT
PELAYANANNYA BAIK BANGET KAK NISA DAN ALWIN",setahun lalu,5,5,5,Saoenk Cobek Samata,Google Maps,2026-05-14 20:00:45
ChdDSUhNMG9nS0VJQ0FnTURvak9qeXdBRRAB,Black Beauty,5,,setahun lalu,,,,Saoenk Cobek Samata,Google Maps,2026-05-14 20:00:45
ChZDSUhNMG9nS0VJQ0FnTURvOE9iYUt3EAE,Jamal Harun,5,"Enak dan nyaman, pelayanan Bagus dan murah senyum milaa",setahun lalu,5,5,5,Saoenk Cobek Samata,Google Maps,2026-05-14 20:00:45
ChZDSUhNMG9nS0VJQ0FnTURvOE9UUWVnEAE,Ridwan Bin Hamzah,5,"Makanannya enak and recomeded, pelayanan 5 bintang khususnya yg bernama Lisa",setahun lalu,5,5,5,Saoenk Cobek Samata,Google Maps,2026-05-14 20:00:45
ChdDSUhNMG9nS0VJQ0FnTURvZ09MTWtRRRAB,Asrifaini rahma,5,"Recommended untuk makan siang apalagi dengan keluarga. Temanya lesahan di saung
asri, tidak panas dan ada kolam ikan dibawah saungnya
waktu nunggu makanannya standar, tidak lama tidak cepat juga. kipas anginnya kencang ++ ada colokannya
Overall servicenya okkk
serve by kk Aswin",setahun lalu,5,5,5,Saoenk Cobek Samata,Google Maps,2026-05-14 20:00:45
ChdDSUhNMG9nS0VJQ0FnTURvZ0lUZTh3RRAB,Fthia Thia,5,,setahun lalu,5,5,5,Saoenk Cobek Samata,Google Maps,2026-05-14 20:00:45
ChZDSUhNMG9nS0VJQ0FnTURvZ05pMWJREAE,Faiz Raihansyah,5,"makanan yang disajikan sangat enak dan bersih, dan untuk pelayanan sangat baik dan ramah
nama pelayan: ikhsan",setahun lalu,5,5,5,Saoenk Cobek Samata,Google Maps,2026-05-14 20:00:45
ChZDSUhNMG9nS0VJQ0FnTUNvXzctamJREAE,Ahmad Arif W,5,"Puas dengan pelayanan n makananx..
Semoga semakin sukses...",setahun lalu,5,5,5,Saoenk Cobek Samata,Google Maps,2026-05-14 20:00:45
ChdDSUhNMG9nS0VJQ0FnTURJemNpaWx3RRAB,Puji Poo,4,,setahun lalu,4,4,4,Saoenk Cobek Samata,Google Maps,2026-05-14 20:00:45
ChdDSUhNMG9nS0VJQ0FnTURJeHVDaHNRRRAB,Miswar Bio,5,"Ada lesehan, ada mushola",setahun lalu,4,5,4,Saoenk Cobek Samata,Google Maps,2026-05-14 20:01:06
ChdDSUhNMG9nS0VJQ0FnTURJdXJidW5nRRAB,Muhammad Alim,1,"Kurang worth it dengan harganya, pesan udang goreng crispy udangnya sudah tidak bagus.",setahun lalu,1,3,3,Saoenk Cobek Samata,Google Maps,2026-05-14 20:01:06
ChdDSUhNMG9nS0VJQ0FnTUNJd2RENnhnRRAB,Muhammad Nawir,5,mantap,setahun lalu,5,5,5,Saoenk Cobek Samata,Google Maps,2026-05-14 20:01:06
ChdDSUhNMG9nS0VJQ0FnTUNJM3NuMjRnRRAB,Irawati Abdullah,5,Alhamdulillah makan disini tmpatnya lumayan nyaman ngajak kluarga makan bareng dsini. Pelayanan nya jg oke atas nama kak Mila. Semoga sukses slalu,setahun lalu,,5,,Saoenk Cobek Samata,Google Maps,2026-05-14 20:01:06
ChZDSUhNMG9nS0VJQ0FnTUR3dGU3V01REAE,dyantii hardianti,5,,setahun lalu,5,5,5,Saoenk Cobek Samata,Google Maps,2026-05-14 20:01:06
ChdDSUhNMG9nS0VJQ0FnTUR3M0pyZW9nRRAB,Ardiansyah Tri putra,5,"Terkonsep...
Pelayanan yang cukup maksimal di tengah padatnya reservasi mereka semua makanan tersajikan tepat waktu.. Thanks pak Tiar dan team",setahun lalu,5,5,5,Saoenk Cobek Samata,Google Maps,2026-05-14 20:01:06
ChdDSUhNMG9nS0VJQ0FnTUR3ak9yTHNRRRAB,Nurjayanti Takwa,5,,setahun lalu,5,5,5,Saoenk Cobek Samata,Google Maps,2026-05-14 20:01:06
ChZDSUhNMG9nS0VJQ0FnTUR3aElxUUhnEAE,IMAM GAZALI,5,,setahun lalu,5,5,5,Saoenk Cobek Samata,Google Maps,2026-05-14 20:01:06
ChZDSUhNMG9nS0VJQ0FnTUR3eU5POU13EAE,walleye,1,"Sangat disayangkan dengan makanan seenak ini dan suasana sebagus ini malah pelayanannya sangat mengecewakan, saran saya klw kalian mau reservasi harus di spam adminnya atau klw perlu bayar lebih soalnya klw gak begitu kalian akan diabaikan.. Disangka gak ada duit maybe",setahun lalu,5,1,5,Saoenk Cobek Samata,Google Maps,2026-05-14 20:01:06
ChZDSUhNMG9nS0VJQ0FnTUN3M2R2OWF3EAE,Muhammad Iyan ahmad,5,,setahun lalu,,,,Saoenk Cobek Samata,Google Maps,2026-05-14 20:01:06
ChZDSUhNMG9nS0VJQ0FnTUN3a1lUeVlBEAE,Syaiful R,5,,setahun lalu,,,,Saoenk Cobek Samata,Google Maps,2026-05-14 20:01:26
ChdDSUhNMG9nS0VJQ0FnTUN3aHFtUHlRRRAB,mentari syahriana Mtos,5,"Tempat,pelayanan dan suasana bagus.makanannya juga enak2..",setahun lalu,5,5,5,Saoenk Cobek Samata,Google Maps,2026-05-14 20:01:26
ChdDSUhNMG9nS0VJQ0FnTUN3MnRUZWxBRRAB,MkBgRb InaMySa,5,"Lesehan seafood dan ayam diatas kolam ikan, makanannya sedap dan tempatnya bersih.",setahun lalu,5,5,5,Saoenk Cobek Samata,Google Maps,2026-05-14 20:01:26
ChdDSUhNMG9nS0VJQ0FnTUN3NHM2bGp3RRAB,Meri Andriani,5,"Pilihan tempat makan yg paling cocok sx untuk setiap acara apapun itu. Lokasi strategis, mudah di temukan, tempat yg nyaman sx apa lg ada vip roomnya, pelayannya cepat. Terlebih di layani langsung sama leadernya kak alwin dan team pelayanan yg sangatsangat memuaskan. Makanannya juga cepat sx ji diantarkan tidak menunggu waktu yg lama. Tetap dipertahankan dan trimakasih untuk pelayannya hari ini kak alwin dan timnya 🫰🏻🫶🏻",setahun lalu,5,5,5,Saoenk Cobek Samata,Google Maps,2026-05-14 20:01:26
ChdDSUhNMG9nS0VJQ0FnTURRcTYtNHh3RRAB,Chaerati Hadi putri,5,"MakananNya enak2 pelayanannya cepat dan gercep
Nama pelayannya ASWIN",setahun lalu,5,5,5,Saoenk Cobek Samata,Google Maps,2026-05-14 20:01:26
ChZDSUhNMG9nS0VJQ0FnTURRaGFPVFJnEAE,eka sukmawaty,5,,setahun lalu,5,5,5,Saoenk Cobek Samata,Google Maps,2026-05-14 20:01:26
ChZDSUhNMG9nS0VJQ0FnTURRX3B2N1p3EAE,Rahma ZM,5,"Makanannya enak, favorit saya ikan bandeng tanpa tulang pallu mara. Sambelnya ada 3 macam, pokoknya enak. Pelayanannya cukup bagus, ramah dan cepat. Tadi pelayannya cukup ramah namanya Aswin.",setahun lalu,5,5,5,Saoenk Cobek Samata,Google Maps,2026-05-14 20:01:26
ChZDSUhNMG9nS0VJQ0FnTURRX3RHQUZBEAE,Indah Paris,5,"Pelayanan super baik
Makanan rasanya enak enak",setahun lalu,5,5,5,Saoenk Cobek Samata,Google Maps,2026-05-14 20:01:26
ChZDSUhNMG9nS0VJQ0FnTURRelB6TFhREAE,Naila Imtisa,5,"Makanan prasmanan cepat tersaji dan enak serta memuaskan,
Pelayanan jg sangat memuaskan makasih banyak kak Aswin",setahun lalu,5,5,5,Saoenk Cobek Samata,Google Maps,2026-05-14 20:01:26
ChdDSUhNMG9nS0VJQ0FnTURRek9qd3hBRRAB,Keen Sha,5,Sangat memuaskan dan pelayanan dari kak alwin sangat baik,setahun lalu,5,5,5,Saoenk Cobek Samata,Google Maps,2026-05-14 20:01:26
ChdDSUhNMG9nS0VJQ0FnTURRekpESWpRRRAB,SABRIANI ULMA,5,"Nyaman dan strategis.
Pelayanan atas nama alwi",setahun lalu,5,5,5,Saoenk Cobek Samata,Google Maps,2026-05-14 20:01:47
ChZDSUhNMG9nS0VJQ0FnTURRaVBlQUhnEAE,Evi afriani hamka,3,Harga gak sesuai dgn menu d akun ny ..hrga pas dkasir dksh naek smpe 4rb pokok ny yg mw pesan / reservasi minta jgn liat hrg d akun ny tp tanya lgsg nnti kek sy shikshakshock ..,setahun lalu,3,,,Saoenk Cobek Samata,Google Maps,2026-05-14 20:01:47
ChdDSUhNMG9nS0VJQ0FnTURRc1BhYWtRRRAB,Dimas Aspol,5,"Rekomendasi tempat bukber bersama keluarga,, harus reservasi dulu biar kebagian gazebonya dan mesan menu terlebih dahulu.. mantap sih dengan semua pelayanan yg diberikan kami sekeluarga merasa sangat puas..thanks leader Alwin dkk service excellentnya👍👍",setahun lalu,5,5,5,Saoenk Cobek Samata,Google Maps,2026-05-14 20:01:47
ChdDSUhNMG9nS0VJQ0FnTUNRMzdMbTBnRRAB,Wahyudi Arsyad,5,,setahun lalu,5,5,5,Saoenk Cobek Samata,Google Maps,2026-05-14 20:01:47
ChZDSUhNMG9nS0VJQ0FnTUNReWJIWWZREAE,QALAMAN,5,Recomended .. makanan enak .. service ok .. gercep cocok saat laper buat buka puasa bersama juga ok,setahun lalu,5,5,5,Saoenk Cobek Samata,Google Maps,2026-05-14 20:01:47
ChdDSUhNMG9nS0VJQ0FnTUNReWJxZXVnRRAB,dayu prastikaa,5,"Pelayanannya memuaskan, makanannya pun juga enak. Tempatnya adem 🥰🥰",setahun lalu,5,5,5,Saoenk Cobek Samata,Google Maps,2026-05-14 20:01:47
ChdDSUhNMG9nS0VJQ0FnTUNReWJxNC1RRRAB,Nadya Mentari,5,"Enak, mila",setahun lalu,5,5,5,Saoenk Cobek Samata,Google Maps,2026-05-14 20:01:47
ChZDSUhNMG9nS0VJQ0FnTUNRa3FibkpBEAE,E29_ MITHA SARI DEWI,5,,setahun lalu,,,,Saoenk Cobek Samata,Google Maps,2026-05-14 20:01:47
ChdDSUhNMG9nS0VJQ0FnTUNRa3FDc3BBRRAB,Hj Fatimah,5,Pelayanan atas nama Mila ramah dan baik.memuaskan,setahun lalu,5,5,5,Saoenk Cobek Samata,Google Maps,2026-05-14 20:01:47
ChdDSUhNMG9nS0VJQ0FnTUNRZ3BHRDVnRRAB,ella,5,"makanan enak, tempat bersih, pelayanan dari kak alwin juga cepat dan ramah",setahun lalu,5,5,5,Saoenk Cobek Samata,Google Maps,2026-05-14 20:01:47
ChdDSUhNMG9nS0VJQ0FnTUNROU4yRDl3RRAB,Abidatun Amanah,5,"Makanan enak, harga murah, suasana nya tenang. Terimakasih Saoenk Cobek. Thanks for the hospitality. Thanks Kak Alwin and the team 🥰",setahun lalu,5,5,5,Saoenk Cobek Samata,Google Maps,2026-05-14 20:02:08
ChZDSUhNMG9nS0VJQ0FnTUNROVBYbUNREAE,Ade Sucipta Emal,5,"Tempat makan yg nyaman, enak dan menyenangkan, disediakan fasilitas parkir dan mushollah untuk ibadah, pelayanan Prima oleh Kak Alwin dkk. Terima kasih.",setahun lalu,5,5,5,Saoenk Cobek Samata,Google Maps,2026-05-14 20:02:08
ChdDSUhNMG9nS0VJQ0FnTUNROU1YcjNRRRAB,Sri Utami,5,Sangat rekomended untuk makan keluarga,setahun lalu,5,5,5,Saoenk Cobek Samata,Google Maps,2026-05-14 20:02:08
ChZDSUhNMG9nS0VJQ0FnTUNROU1XLVdnEAE,Try Arianto rezky,5,,setahun lalu,5,5,5,Saoenk Cobek Samata,Google Maps,2026-05-14 20:02:08
ChZDSUhNMG9nS0VJQ0FnTUNROUw2YWZBEAE,Syahifah auliyah Hasti,5,"Terimakasih pelayanannya kak aswin, thanks tim saoeng cobek bantuan birthday surprise nya 🫶🏻😇",setahun lalu,5,5,5,Saoenk Cobek Samata,Google Maps,2026-05-14 20:02:08
ChdDSUhNMG9nS0VJQ0FnTUNROVBhV2hnRRAB,Desti Astriani Gizi,5,"Makanannya enak-enak , suasanannya bagus banget sangat di sarankan untuk makan bersama keluarga apalagi di sanaat bulan ramadhan.  Apalagi kami di layani oleh kak mila yang sangat ramah.✨",setahun lalu,5,5,5,Saoenk Cobek Samata,Google Maps,2026-05-14 20:02:08
ChdDSUhNMG9nS0VJQ0FnTUNROUthMXhBRRAB,this personal chika,5,"pelayanan top, makanan juga enak",setahun lalu,5,5,5,Saoenk Cobek Samata,Google Maps,2026-05-14 20:02:08
ChdDSUhNMG9nS0VJQ0FnTUNRaU9iTXpnRRAB,Ainun Munawwarah,5,Mba lisa melakukan pelayanan yang ramah,setahun lalu,5,5,5,Saoenk Cobek Samata,Google Maps,2026-05-14 20:02:08
ChdDSUhNMG9nS0VJQ0FnTUNROE51VXBRRRAB,Dewi Purwita,4,,setahun lalu,4,4,4,Saoenk Cobek Samata,Google Maps,2026-05-14 20:02:08
ChZDSUhNMG9nS0VJQ0FnTURnajlhY1ZBEAE,Renalda Rena,5,Pelayanannya bgus dan cepat merespon pelayannya atas nma lisa,setahun lalu,5,5,5,Saoenk Cobek Samata,Google Maps,2026-05-14 20:02:08
ChZDSUhNMG9nS0VJQ0FnTURnMTdiS1lnEAE,Muhammad Alfarizki,4,"Plynn aswin best, suasana best, siang hari terik tp ttp adem, but kualitas dan rasa mknn nya perlu di perbaiki lg. Tq",setahun lalu,3,4,5,Saoenk Cobek Samata,Google Maps,2026-05-14 20:02:29
ChZDSUhNMG9nS0VJQ0FnTURnMTVhOEdBEAE,Thi And,4,"okey menu banyak.
pelayan aswin okey..
tp mknn lbih fressh lg yach",setahun lalu,3,5,5,Saoenk Cobek Samata,Google Maps,2026-05-14 20:02:29
ChRDSUhNMG9nS0VJQ0FnTURnOF9OdRAB,Warsa Fyp,5,"Suasana nya bagus untuk acara keluarga dan acara sangat recomended, pegawai nya ramah terutama kak Aswin, keren",setahun lalu,5,5,5,Saoenk Cobek Samata,Google Maps,2026-05-14 20:02:29
ChZDSUhNMG9nS0VJQ0FnTURnMC02QllBEAE,ideas ciptadesain,5,"Pelayanan bagus , saya sangat puas Atas pelayanannya Next kami akan kembali lagi ya @iksan terima kasih pelayanannya sangat baik",setahun lalu,5,5,5,Saoenk Cobek Samata,Google Maps,2026-05-14 20:02:29
ChZDSUhNMG9nS0VJQ0FnTURnMDdxT1pnEAE,Nurdiah Shaleh,5,"Alhamdulillah makanan sangat enak dan pelayanannya sangat ramah yg dilayani oleh Adik Alwin...
Berkah selalu...
#SaungcobekSamata🥰🙏",setahun lalu,5,5,5,Saoenk Cobek Samata,Google Maps,2026-05-14 20:02:29
ChZDSUhNMG9nS0VJQ0FnTURnMDlyY2RREAE,Aulia Hilda,5,Bersih,setahun lalu,5,5,5,Saoenk Cobek Samata,Google Maps,2026-05-14 20:02:29
ChZDSUhNMG9nS0VJQ0FnTURnazVpdGZnEAE,Muhamad Rizal,5,Mantapss kakak alwin pelayanannyaaa,setahun lalu,5,5,5,Saoenk Cobek Samata,Google Maps,2026-05-14 20:02:29
ChZDSUhNMG9nS0VJQ0FnTURnazRqSGRnEAE,Okky Wahyudi,5,Service oke dari Alwin,setahun lalu,5,5,5,Saoenk Cobek Samata,Google Maps,2026-05-14 20:02:29
ChdDSUhNMG9nS0VJQ0FnTURnNDRQTzBBRRAB,Riswan,5,Cocok banget buat makan santai. Pelayanan yg baik terima kasih Ikhsan.,setahun lalu,5,5,5,Saoenk Cobek Samata,Google Maps,2026-05-14 20:02:29
ChZDSUhNMG9nS0VJQ0FnTURnNDR6clN3EAE,Aan Saputra,1,,setahun lalu,,,,Saoenk Cobek Samata,Google Maps,2026-05-14 20:02:29
ChZDSUhNMG9nS0VJQ0FnTURncGJpQlp3EAE,Asmawati Singara,5,"Suasananya nyaman, tenang.. makanannya best.. makasih mba mila",setahun lalu,5,5,5,Saoenk Cobek Samata,Google Maps,2026-05-14 20:02:50
ChdDSUhNMG9nS0VJQ0FnTURnaGZyYS1RRRAB,SAHARUDDIN RAPI,5,"Makanannya enak, pelayanannya juga baik yang atas nama kak lisa",setahun lalu,5,5,5,Saoenk Cobek Samata,Google Maps,2026-05-14 20:02:50
ChZDSUhNMG9nS0VJQ0FnTURnMGNlYkxnEAE,Putri Andikaa,5,"Makanan nya enakk, tempatnya bersih dan pelayanan nya ramah terutama kasir nya yang bernama Rafika sangat ramah ke pengunjung saat melakukan transaksi.",setahun lalu,5,5,5,Saoenk Cobek Samata,Google Maps,2026-05-14 20:02:50
ChdDSUhNMG9nS0VJQ0FnTURnMFo3cnN3RRAB,Dede Kurnia Utami,5,"rasa makanannya memuaskan, pelayanan nya baik
Aswin",setahun lalu,5,5,5,Saoenk Cobek Samata,Google Maps,2026-05-14 20:02:50
ChdDSUhNMG9nS0VJQ0FnTURnMFo3eDhRRRAB,Jaechan 0806,5,"kuah ikan enak, dan makanannnya enak smua
Aswin",setahun lalu,5,5,5,Saoenk Cobek Samata,Google Maps,2026-05-14 20:02:50
ChdDSUhNMG9nS0VJQ0FnTURnMGZ6czl3RRAB,Syahril Syahril,5,"Luar biasa sih pelayanan hospitalitynya juara.. dari awal datang disambut dan di persilahkan dengan sangat baik oleh staf pelayannya kak ""Suci""..semua menu yg disajikan fresh dan sangat menggugah selera... Yang menariknya semua gazebo difasilitasi bell hingga semua requesan kami bisa terpenuhi dengan cepat,, nextt akan datang lagi .",setahun lalu,5,5,5,Saoenk Cobek Samata,Google Maps,2026-05-14 20:02:50
ChZDSUhNMG9nS0VJQ0FnTURna2JlOE93EAE,faizah khaeruddin,5,Makanan dan pelayanannya sangat memuaskan,setahun lalu,5,5,5,Saoenk Cobek Samata,Google Maps,2026-05-14 20:02:50
ChdDSUhNMG9nS0VJQ0FnTURna2JTMjVnRRAB,Muhammad Faruq ghazy,5,"Keren banget, makan enak , suasananya sejuk, pelayanan atas nama adek Fika mantap murah senyum",setahun lalu,5,5,5,Saoenk Cobek Samata,Google Maps,2026-05-14 20:02:50
ChdDSUhNMG9nS0VJQ0FnTURna2RqWnV3RRAB,Haerani Pratiwi,5,"Gak nyesel sih makan disini, makannya enak"" bgd, pemandangannya bagus, pelayanannya ok. Next makan rame"" sama besty""que❤️",setahun lalu,5,5,5,Saoenk Cobek Samata,Google Maps,2026-05-14 20:02:50
ChZDSUhNMG9nS0VJQ0FnTURnb2MyTEdREAE,Andhy Arwilyam,2,"Makanannya lumayan enak, tapi tolong air di kolamnya sebisa mungkin di ganti karena sudah berbau",setahun lalu,,,,Saoenk Cobek Samata,Google Maps,2026-05-14 20:02:50
ChZDSUhNMG9nS0VJQ0FnTURnb1pqNkt3EAE,Intan Saridewi Arfa,5,Mantap bgt makanannya aplagi pelayananya kak Alwin sangat ramah dan pengertian,setahun lalu,5,5,5,Saoenk Cobek Samata,Google Maps,2026-05-14 20:03:10
ChdDSUhNMG9nS0VJQ0FnTURnd2JtVG1BRRAB,muhammad yuyun,5,,setahun lalu,5,5,5,Saoenk Cobek Samata,Google Maps,2026-05-14 20:03:10
ChZDSUhNMG9nS0VJQ0FnTURnd1lhWUVnEAE,Nadya Rizki Umami,5,suasana tempat makannya sangat asri dan sejuk cocok untuk acara formal atau kumpul keluarga. pelayanan cepat dengan leader alwin yang sigap dalam menangani pelanggan ✨,setahun lalu,5,5,5,Saoenk Cobek Samata,Google Maps,2026-05-14 20:03:10
ChZDSUhNMG9nS0VJQ0FnTURnd2JDaGZ3EAE,Miftahul Madinah,5,"bagus, murah",setahun lalu,4,4,5,Saoenk Cobek Samata,Google Maps,2026-05-14 20:03:10
ChdDSUhNMG9nS0VJQ0FnTURnX3VyRDl3RRAB,Mjr Septiawan,5,"Pelayanannya cepat, baik dan ramah. pelayanan mila terbaik 🤩🤩",setahun lalu,5,5,5,Saoenk Cobek Samata,Google Maps,2026-05-14 20:03:10
ChdDSUhNMG9nS0VJQ0FnTURnbHBLODRRRRAB,Syaza Farah Adibah,5,,setahun lalu,5,5,5,Saoenk Cobek Samata,Google Maps,2026-05-14 20:03:10
ChZDSUhNMG9nS0VJQ0FnTURnbHB6U1BnEAE,Novika Kurniawati,5,"Rekomendasi untuk yang mau makan bareng keluarga, tempat yang nyaman serta makanan yang enak menambah moment bersama keluarga. Apalagi pelayanan yang super duper ramah terimakasih mbak fani",setahun lalu,,,,Saoenk Cobek Samata,Google Maps,2026-05-14 20:03:10
ChZDSUhNMG9nS0VJQ0FnTURnNXFLVE9REAE,Cassava Cassava,5,Matap,setahun lalu,5,5,5,Saoenk Cobek Samata,Google Maps,2026-05-14 20:03:10
ChZDSUhNMG9nS0VJQ0FnTURnNXR5dkRnEAE,MUH HASDY ASSIDDDIQ,5,"Hidangan bagus, makanannya enak dan pelayanannya sangat baik dan ramah",setahun lalu,5,5,5,Saoenk Cobek Samata,Google Maps,2026-05-14 20:03:10
ChdDSUhNMG9nS0VJQ0FnTURnNXNDSDdnRRAB,Christian Lv,5,"Tempat yang bagus untuk makan.
Terima kasih Pak Aswin atas pelayanannya. 👍🏻",setahun lalu,5,5,5,Saoenk Cobek Samata,Google Maps,2026-05-14 20:03:10
ChZDSUhNMG9nS0VJQ0FnTURncHVmUUFREAE,Asdar Mk,5,Enak tawwa makanannya dan pelayanan nya baik dan tidak cuek apalagi di layani mba fani,setahun lalu,5,5,5,Saoenk Cobek Samata,Google Maps,2026-05-14 20:03:31
ChZDSUhNMG9nS0VJQ0FnTURncHFmUVhREAE,Nur Fadillah,5,Sangat memuaskan... Mksihhh atas pelayananya milaa,setahun lalu,5,5,5,Saoenk Cobek Samata,Google Maps,2026-05-14 20:03:31
ChZDSUhNMG9nS0VJQ0FnTURncHNlYkdnEAE,Nuraeni Aeny,5,"Nyaman dan juga bersih, stafnya ramah"" apalagi leadernya",setahun lalu,5,5,5,Saoenk Cobek Samata,Google Maps,2026-05-14 20:03:31
ChdDSUhNMG9nS0VJQ0FnTURncG8yQm1nRRAB,Asyifah Nabila,5,"Tempat makan yang bersih dan asri serta makanan yang tentu saja enak, tempat yang recommended untuk dijadikan tmpat makan bersama kluarga, dan tentu saja tidak lupa pelayanannya sangat bagus trimakasih mba Mila",setahun lalu,,,,Saoenk Cobek Samata,Google Maps,2026-05-14 20:03:31
ChdDSUhNMG9nS0VJQ0FnTURncHE3ejZnRRAB,zulfikar kamal,5,"Makanannya Enak pelayanannya Ramah dan Baik
Kalau bisa Kasi Musik untuk mencairkan suasana hehe",setahun lalu,5,5,4,Saoenk Cobek Samata,Google Maps,2026-05-14 20:03:31
ChZDSUhNMG9nS0VJQ0FnTURncHBhQlFREAE,Yacobus Efesus,5,"Enak luar biasa nyaman
Kak lisa",setahun lalu,5,5,5,Saoenk Cobek Samata,Google Maps,2026-05-14 20:03:31
ChZDSUhNMG9nS0VJQ0FnTURncHVEZFFBEAE,Meyli Asdarina,5,"Tempat bersih, nyaman, menunya beragam dan pelayananan sangat ramah",setahun lalu,5,5,5,Saoenk Cobek Samata,Google Maps,2026-05-14 20:03:31
ChZDSUhNMG9nS0VJQ0FnTURneHBTaU1nEAE,A. Nur Syamsi Syam,5,Menu nya enak... Sambelnya dikurangi sedikit levelnya..,setahun lalu,5,5,5,Saoenk Cobek Samata,Google Maps,2026-05-14 20:03:31
ChdDSUhNMG9nS0VJQ0FnTURndXNTdW9RRRAB,HELMY RAHIM,5,"Makanannya enak semua dan pelayanannya ramah tadi pelayannya a.n Suci, masukannya mungkin bisa ditambahkan menu paket keluarga supaya bisa lebih hemat kalau makan bersama keluarga😁😁😁",setahun lalu,5,5,5,Saoenk Cobek Samata,Google Maps,2026-05-14 20:03:31
ChdDSUhNMG9nS0VJQ0FnTURna3J5RmhRRRAB,Triyanto,5,"Makananya enak bnget rekomendasi bnget deh pokoknya buat makan rame²
Pelayanan juga baik dan sopan , apalagi kasirnya sangat ramah².",setahun lalu,5,5,5,Saoenk Cobek Samata,Google Maps,2026-05-14 20:03:31
ChZDSUhNMG9nS0VJQ0FnTURnNHBXUFNBEAE,Riyadh Riyadh,5,"Tempatnya nyaman dan rekomend bnget untuk makan bersama keluarga, selain itu makananya juga enak poll pelayanannya super gercep🥰karyawannya yang ramah, untuk suasana lingkungannya bersih,dan menarik nya stiap gazebo udah ada wastafelnya, terjamin banget nihh kepuasan makan di saoenk cobek
Dari pelayanannya suasananya juga nyaman🥰🥰👍👍
Trimakasih sudah di layani dngn baikk,kami sekeluarga sangat puass👍🥰",setahun lalu,5,5,5,Saoenk Cobek Samata,Google Maps,2026-05-14 20:03:52
ChdDSUhNMG9nS0VJQ0FnTURnNHZ5ZXNRRRAB,Nurhayati,5,"Alhamdulillah tempat y bagus n nyaman ,apa lagi pas acara keluarga terutama arisan keluarga . Dan masakan y jga enak ,cocok di lidah ,semua anggota keluarga cocok sma masakan y . Terimakasih kak aswin n kak alwin pelayanan y sangat bagus n sat set 👍👍👍",setahun lalu,5,5,5,Saoenk Cobek Samata,Google Maps,2026-05-14 20:03:52
ChZDSUhNMG9nS0VJQ0FnTURnb29hNUNnEAE,Amika rizki Kaligrafi,5,pelayanan baik dan ramah lingkungan @Aswin,setahun lalu,5,5,5,Saoenk Cobek Samata,Google Maps,2026-05-14 20:03:52
ChdDSUhNMG9nS0VJQ0FnTURnd3FLS2tBRRAB,Siti Arlitha,5,"Pelayanannnya ramah, makann enakkkkk dan seafoodnya fresshh dan fasttt serve+++ hargaa sangatt terjangkauu, sangatt rekomenn🥳🥳

terimakasihh utk kak milaa yang melayanii sangatt ramahh🤍",setahun lalu,5,5,5,Saoenk Cobek Samata,Google Maps,2026-05-14 20:03:52
ChdDSUhNMG9nS0VJQ0FnTURnZ3BtS3p3RRAB,Shabisi _,5,pelayanan yang cepat dan pekerja yang ramah :>,setahun lalu,5,5,5,Saoenk Cobek Samata,Google Maps,2026-05-14 20:03:52
ChdDSUhNMG9nS0VJQ0FnTURnX1BPRXFRRRAB,Irma Arisanti,5,"Temptx bersih, bagus dan nyaman, maknnx enk dan sesuai selera sy. Pelayananx cepat. Tq leadr Alwin",setahun lalu,5,5,5,Saoenk Cobek Samata,Google Maps,2026-05-14 20:03:52
ChdDSUhNMG9nS0VJQ0FnTURnM0pXeGtRRRAB,Ahmad Fachryzal,1,"Cukup terakhir sy kesini, makanannya lama sekali datang. Itupun ternyata ada pesanan yg tdk masuk padhal sdh dulanh catatannya. Minta kecap tidak datang2 (alasannya pegawai nya salah bawa) padahal sy minta ke 3 pegawai berbeda.",setahun lalu,3,1,2,Saoenk Cobek Samata,Google Maps,2026-05-14 20:03:52
ChdDSUhNMG9nS0VJQ0FnTURnbkwyX3N3RRAB,Alfhy Fifi2003,5,Sangat puas enak bersih…tapi wakeend tdk tersedia nasi gorengnya,setahun lalu,5,5,5,Saoenk Cobek Samata,Google Maps,2026-05-14 20:03:52
ChZDSUhNMG9nS0VJQ0FnTURnME5lNkhREAE,Tetty Wahyuni Yunus,5,,setahun lalu,5,5,5,Saoenk Cobek Samata,Google Maps,2026-05-14 20:03:52
ChZDSUhNMG9nS0VJQ0FnTUNnbGJITUlBEAE,Husnul Amalia,5,Diorder sama ihsan,setahun lalu,5,5,5,Saoenk Cobek Samata,Google Maps,2026-05-14 20:03:52
ChdDSUhNMG9nS0VJQ0FnTUNnbGJIeC1nRRAB,suchy uchii,5,di order ihsan,setahun lalu,5,5,5,Saoenk Cobek Samata,Google Maps,2026-05-14 20:04:12
ChZDSUhNMG9nS0VJQ0FnTUNncGVtZE9BEAE,Andrias Schadikun,3,,setahun lalu,2,4,3,Saoenk Cobek Samata,Google Maps,2026-05-14 20:04:12
ChZDSUhNMG9nS0VJQ0FnTUNnaWZMUkp3EAE,ibnu hastomo,5,"Makanan enak, suasana enak

waiter Lisa sangat membantu",setahun lalu,5,5,5,Saoenk Cobek Samata,Google Maps,2026-05-14 20:04:12
ChdDSUhNMG9nS0VJQ0FnTUNnaWJMc3l3RRAB,hyronimus leke,5,Mantap pelayananan...LISA good job,setahun lalu,5,5,5,Saoenk Cobek Samata,Google Maps,2026-05-14 20:04:12
ChZDSUhNMG9nS0VJQ0FnTUNnaWNLNE5nEAE,Muh Nurhidayat,5,Aswin,setahun lalu,5,5,5,Saoenk Cobek Samata,Google Maps,2026-05-14 20:04:12
ChdDSUhNMG9nS0VJQ0FnTUNnMGJHcDhBRRAB,Andi AzwarHamid72,5,Mantap pelayanannya pak Alwin.. suasana adem dan tenang.. tetap dipertahankan,setahun lalu,5,5,5,Saoenk Cobek Samata,Google Maps,2026-05-14 20:04:12
ChdDSUhNMG9nS0VJQ0FnTUNnMGZEcGpRRRAB,Dewi Angraeni,5,"Mkanannya enak dan pelayannya bgus, thanks Milaa",setahun lalu,5,5,5,Saoenk Cobek Samata,Google Maps,2026-05-14 20:04:12
ChdDSUhNMG9nS0VJQ0FnTUNna2M2QnZBRRAB,saerah saerah,5,"Makannya enk suasana juga enak
Makasih mba uci",setahun lalu,5,5,5,Saoenk Cobek Samata,Google Maps,2026-05-14 20:04:12
ChdDSUhNMG9nS0VJQ0FnTUNnN3RUeTJ3RRAB,Nabilah Zuhaerah,5,"makanannya enak, apalagi sambel ijo nya enakk👍🏻👍🏻 tengkyuu kaka milaaa❤️❤️",setahun lalu,5,5,5,Saoenk Cobek Samata,Google Maps,2026-05-14 20:04:12
ChdDSUhNMG9nS0VJQ0FnTUNnanR6SW93RRAB,Mila Susanti,5,Makanan enak dan pelayanan bagus. Nama pelayanan lisa,setahun lalu,5,5,5,Saoenk Cobek Samata,Google Maps,2026-05-14 20:04:12
ChdDSUhNMG9nS0VJQ0FnTUNnMnNudGp3RRAB,Nita Not,5,"Pelayanannya cepat, ramah,makannnya enak2 aswin",setahun lalu,5,5,5,Saoenk Cobek Samata,Google Maps,2026-05-14 20:04:33
ChdDSUhNMG9nS0VJQ0FnTUNnNnB6eF9nRRAB,St. Naila Putri Zahwa Ali,5,"Makanannya enak, pelayanannya bagus diorder sama mbak mila",setahun lalu,5,5,5,Saoenk Cobek Samata,Google Maps,2026-05-14 20:04:33
ChdDSUhNMG9nS0VJQ0FnTUNnd3B6STdnRRAB,A. Rabbani azelya restu irvan,4,,setahun lalu,4,4,4,Saoenk Cobek Samata,Google Maps,2026-05-14 20:04:33
ChdDSUhNMG9nS0VJQ0FnTUNnX0p2WF9BRRAB,Nur aidah Fatimah,5,"makanannya enakk,pelayanannya baik ramah
makasi mba ucii",setahun lalu,5,5,5,Saoenk Cobek Samata,Google Maps,2026-05-14 20:04:33
ChZDSUhNMG9nS0VJQ0FnTUNnX042aVpREAE,Indra Dipanegara,5,Rasa mantap,setahun lalu,5,5,5,Saoenk Cobek Samata,Google Maps,2026-05-14 20:04:33
ChdDSUhNMG9nS0VJQ0FnTUNndk43Sjh3RRAB,Surya Anantatama Sembiring,5,Tempat cocok makanan bersama keluarga. Bersama pelayanan ibu itti di saoenk cobek samata. Terima kasih akan membawa keluarga dan kolega ke sini,setahun lalu,5,5,5,Saoenk Cobek Samata,Google Maps,2026-05-14 20:04:33
ChdDSUhNMG9nS0VJQ0FnTUNndk5qR2x3RRAB,hasnawati wati,5,Makanan yang disajikan semua enak dan pelayanan cepat,setahun lalu,5,5,5,Saoenk Cobek Samata,Google Maps,2026-05-14 20:04:33
ChZDSUhNMG9nS0VJQ0FnTUNnaElQMFNREAE,Astati Tati,5,,setahun lalu,5,5,5,Saoenk Cobek Samata,Google Maps,2026-05-14 20:04:33
ChdDSUhNMG9nS0VJQ0FnTURBaFkycHdBRRAB,CyrusMoms HDAI,4,"Suasana enak di malam hari
Pelayanan ramah waiters uci
Makanan cepat datang tidak menunggu lama 😬",setahun lalu,4,5,4,Saoenk Cobek Samata,Google Maps,2026-05-14 20:04:33
ChZDSUhNMG9nS0VJQ0FnTURBaGJhaExBEAE,Sri Rahayu Wijaya,5,"Makanannya sangat enak dan pelayanannya sabgat bagus
Thank u mba lisa (pelayan)",setahun lalu,5,5,5,Saoenk Cobek Samata,Google Maps,2026-05-14 20:04:33
ChdDSUhNMG9nS0VJQ0FnTURBN3VDRjRnRRAB,Wahyuni Puspitasari,5,,setahun lalu,5,5,5,Saoenk Cobek Samata,Google Maps,2026-05-14 20:04:54
ChdDSUhNMG9nS0VJQ0FnTURBN01xVXRRRRAB,ASRIANI ANI,5,"Suasananya nyaman,makananya enak recomended",setahun lalu,,,,Saoenk Cobek Samata,Google Maps,2026-05-14 20:04:54
ChdDSUhNMG9nS0VJQ0FnTURBako2TDZ3RRAB,Annisa Musdalifah,5,"Makanannya enak, Pelayannya  jugaa Ramah2",setahun lalu,5,5,5,Saoenk Cobek Samata,Google Maps,2026-05-14 20:04:54
ChZDSUhNMG9nS0VJQ0FnTURBaU1LRll3EAE,Muhammad Rezky,5,"Makanan nya enak smua dan tempat nya nyaman, mksih pelayanannya Milaa",setahun lalu,5,5,5,Saoenk Cobek Samata,Google Maps,2026-05-14 20:04:54
ChZDSUhNMG9nS0VJQ0FnTURBaUpEbE5nEAE,Adrian Sollong,5,Tempat dan suasananya sangat menarik sangat cocok buat acara keluarga serta pelayanannya yg sangat ramah... Makasih yaa mila,setahun lalu,5,5,5,Saoenk Cobek Samata,Google Maps,2026-05-14 20:04:54
ChZDSUhNMG9nS0VJQ0FnTUNBd2ZHV1J3EAE,Firmansyah Usman -Farel-,4,,setahun lalu,4,3,4,Saoenk Cobek Samata,Google Maps,2026-05-14 20:04:54
ChdDSUhNMG9nS0VJQ0FnTUNBd2M3TDVBRRAB,rabiatul husain,5,"Makanan enak, pelayanan cepat suasana nyaman, cocok kumpul keluarga. Ada musolla juga. Terima kasih pelayananannya staf kakak lisa 🙏😊",setahun lalu,5,5,4,Saoenk Cobek Samata,Google Maps,2026-05-14 20:04:54
ChZDSUhNMG9nS0VJQ0FnTUNBa3FUSEp3EAE,qadri nurdin,5,,setahun lalu,,,,Saoenk Cobek Samata,Google Maps,2026-05-14 20:04:54
ChdDSUhNMG9nS0VJQ0FnSURfcmFtQXRRRRAB,Widya Reski Cahyani Daulima,5,"Cocok untuk tempat makan keluarga, makanannya enak @mila",setahun lalu,5,5,5,Saoenk Cobek Samata,Google Maps,2026-05-14 20:04:54
ChdDSUhNMG9nS0VJQ0FnSURfcmNtdmt3RRAB,Nazhifah Muthmainnah,5,"Cocok untuk kumpul keluarga
@mila",setahun lalu,5,5,5,Saoenk Cobek Samata,Google Maps,2026-05-14 20:04:54
ChdDSUhNMG9nS0VJQ0FnSURfamF5VHJRRRAB,Sofyan Thayf,4,"Makanan enak, pelayanan enak, parkir yang kurang nyaman kalau lagi ramai. Mushallah di luar, tapi tempat wudhu air tidak jalan, jadi wudhu di dalam terus keluar ke mushallah, kalau hujan repot",setahun lalu,4,4,4,Saoenk Cobek Samata,Google Maps,2026-05-14 20:05:14
ChdDSUhNMG9nS0VJQ0FnSURfMlpiQ3J3RRAB,Winda Paulus,5,"Makanannya enak, suasananya sejuk!
Great service for mbak Uci..",setahun lalu,5,5,5,Saoenk Cobek Samata,Google Maps,2026-05-14 20:05:14
ChZDSUhNMG9nS0VJQ0FnSURfM3NLbVVBEAE,Amanda Rossy Novhanca Ramlan,5,Meja kotor,setahun lalu,5,5,5,Saoenk Cobek Samata,Google Maps,2026-05-14 20:05:14
ChZDSUhNMG9nS0VJQ0FnSURfanQtbVZnEAE,018_dini dwi putri Ibrahim,5,,setahun lalu,,,,Saoenk Cobek Samata,Google Maps,2026-05-14 20:05:14
ChZDSUhNMG9nS0VJQ0FnSUNfXzQycVh3EAE,Anika Tasrin,5,"Pelayanan oke bangett, tempatnya strategis juga, makanannya enak2, menu fav tiap ke sini selalu pesan kepiting saus padang, kak uci yang melayani saya sampai selesai, baik, dan ramah juga, tapi semua pelayannya baik2.",setahun lalu,5,5,5,Saoenk Cobek Samata,Google Maps,2026-05-14 20:05:14
ChdDSUhNMG9nS0VJQ0FnSUNfXzdENy1RRRAB,alivio maulana,5,"Pelayanan nya sangat memuaskan, makananya juga rekomendasi .
Terimakasih kak aswin",setahun lalu,5,5,5,Saoenk Cobek Samata,Google Maps,2026-05-14 20:05:14
ChdDSUhNMG9nS0VJQ0FnSUNfX2RHd2pRRRAB,Irma Yanti,5,makanannya enak dan waiters nya juga ramah dan murah senyum terimakasih mba Uci😊😊,setahun lalu,5,5,5,Saoenk Cobek Samata,Google Maps,2026-05-14 20:05:14
ChZDSUhNMG9nS0VJQ0FnSUNfX2VIVEN3EAE,Muh ALFAT ALFAT,5,"Suasananya nyaman,,",setahun lalu,5,4,5,Saoenk Cobek Samata,Google Maps,2026-05-14 20:05:14
ChdDSUhNMG9nS0VJQ0FnSUNfemNDazB3RRAB,Naurah fatiah amaliah,5,pelayanannya ramah dan cepat,setahun lalu,5,5,5,Saoenk Cobek Samata,Google Maps,2026-05-14 20:05:14
ChZDSUhNMG9nS0VJQ0FnSUNfbnUyOVZnEAE,Khuznul Hatima,5,Aswin,setahun lalu,5,5,5,Saoenk Cobek Samata,Google Maps,2026-05-14 20:05:14
ChdDSUhNMG9nS0VJQ0FnSUNfdHZTNGl3RRAB,Wawan Irzhawa,3,Cuma tempat shalatnya kejauhan..harus jalan kaki dulu keluar..kasihan buat orang tua yg sudah susah berjalan sendiri..,setahun lalu,4,4,5,Saoenk Cobek Samata,Google Maps,2026-05-14 20:05:35
ChZDSUhNMG9nS0VJQ0FnSUNfcW9qbUNREAE,EL gaming,5,"Tempat makan keluarga dengan nuansa Asri..
Sedikit saran,
Perawatan kolam termasuk filterisasi air mancur dll perlu di perhatikan..
Krn itu jadi salah satu saya tarik terbesar pelanggan akan datang kembali",setahun lalu,4,4,4,Saoenk Cobek Samata,Google Maps,2026-05-14 20:05:35
ChZDSUhNMG9nS0VJQ0FnSUNfb3EtMEt3EAE,itha syart itha,5,"Pelayanan ok, tempatnya bersih...

Terimakasih sdh dilayani dengan sangat baik oleh LISA",setahun lalu,5,5,5,Saoenk Cobek Samata,Google Maps,2026-05-14 20:05:35
ChZDSUhNMG9nS0VJQ0FnSUNfZ3VtcVRREAE,09. Fadhila Syahri Sya'ban,5,"pelayanannya bagus, makanannya enak. terutama pelayan atas nama Aswin, sangat sopan dan ramah.",setahun lalu,5,5,5,Saoenk Cobek Samata,Google Maps,2026-05-14 20:05:35
ChZDSUhNMG9nS0VJQ0FnSUNfX09PT0lnEAE,Mustamin Matutu,5,"Rekomen.. tempatnya nyaman.. makanannya enak,, apalagi pelayanannya tawwa mantap sekali.. klo kesini cari maki yg namanya Aswin, orangnya ramah + bagus tawwa pelayanannya.. sukses selalu..",setahun lalu,5,5,5,Saoenk Cobek Samata,Google Maps,2026-05-14 20:05:35
ChdDSUhNMG9nS0VJQ0FnSUNfak51d3RBRRAB,Purnama Hudawishuzrah,5,"Jangan pakai minyak kelapa palekkonya, dan palekkonya terlalu hancur dagingnya.

Tapi untuk services pelayanan kk aswin is the best sih beliau sopan, ramah dan murah senyum. Harusnya memang pelayanan seperti itusih supaya konsumen nyaman. Makasih loh kak aswin.",setahun lalu,4,5,4,Saoenk Cobek Samata,Google Maps,2026-05-14 20:05:35
ChdDSUhNMG9nS0VJQ0FnSUNfakpqMXd3RRAB,Waode syifa Nurlatifah,2,"Makanannyaa enak""",setahun lalu,5,4,4,Saoenk Cobek Samata,Google Maps,2026-05-14 20:05:35
ChdDSUhNMG9nS0VJQ0FnSUNfNkw3VDZ3RRAB,Sri Hardhiyanti,5,,setahun lalu,,,,Saoenk Cobek Samata,Google Maps,2026-05-14 20:05:35
ChZDSUhNMG9nS0VJQ0FnSURmM19uT1VnEAE,Ojha 168,5,,setahun lalu,5,5,5,Saoenk Cobek Samata,Google Maps,2026-05-14 20:05:35
ChZDSUhNMG9nS0VJQ0FnSURmbl9LWEZBEAE,Vina Nurvitasari,5,"Rasa makanan alhamdulillah enak skli..pelayanan jg cepat
Pelayanan mas aswin jg baik sekali dan ramah.... pokoknya rocomended",setahun lalu,,,,Saoenk Cobek Samata,Google Maps,2026-05-14 20:05:35
ChdDSUhNMG9nS0VJQ0FnSURmcjhITDVBRRAB,Sukma Wati,5,,setahun lalu,5,5,5,Saoenk Cobek Samata,Google Maps,2026-05-14 20:05:56
ChdDSUhNMG9nS0VJQ0FnSURmNDg2YzFBRRAB,Aditya Yudhi Prabowo,3,,setahun lalu,4,3,3,Saoenk Cobek Samata,Google Maps,2026-05-14 20:05:56
ChdDSUhNMG9nS0VJQ0FnSURmNmItMnh3RRAB,Asmaul Husna,5,,setahun lalu,,5,5,Saoenk Cobek Samata,Google Maps,2026-05-14 20:05:56
ChdDSUhNMG9nS0VJQ0FnSURmeXFuXzF3RRAB,Nur Hasana,5,"Makanannya rekomended pelayanan cepat dan ramah dilayani kak aswin, suasana family  friendly cocok untuk makan bersama keluarga",setahun lalu,5,5,5,Saoenk Cobek Samata,Google Maps,2026-05-14 20:05:56
ChdDSUhNMG9nS0VJQ0FnSURmeW9tQXVRRRAB,novita hardiyanti,5,"Pengalaman makan di saunk cobek samata pelayanannya cepat, dan pelayannya ramah dan murah senyum, makanannya enak2 juga, ..#mas aswin",setahun lalu,5,5,5,Saoenk Cobek Samata,Google Maps,2026-05-14 20:05:56
ChZDSUhNMG9nS0VJQ0FnSUNmMTVuY1BnEAE,Haslinda Hasbulla,5,"Suasana bagus, ikannya enak. Juga bisa sekalian kasih makan ikan di kolam. Pelayanannya mantap",setahun lalu,4,5,5,Saoenk Cobek Samata,Google Maps,2026-05-14 20:05:56
ChdDSUhNMG9nS0VJQ0FnSUNmczdteHR3RRAB,Fath Enoc,1,"orang kesini untuk makan, artinya lapar. Lapar baru tidak dilayani kira2 nda naik tae ballo mu? Haha makasih dih🤝",setahun lalu,,,,Saoenk Cobek Samata,Google Maps,2026-05-14 20:05:56
ChZDSUhNMG9nS0VJQ0FnSUNmbGJfaFFnEAE,Rahmi Ardani,5,Makanannya enak dan pelayanan cepat,setahun lalu,,,,Saoenk Cobek Samata,Google Maps,2026-05-14 20:05:56
ChZDSUhNMG9nS0VJQ0FnSUNmcWV5c2RREAE,Astrid Isnur,5,"Makanannya enak, pelayananya ramah murah senyum, mba uci",setahun lalu,5,5,5,Saoenk Cobek Samata,Google Maps,2026-05-14 20:05:56
ChZDSUhNMG9nS0VJQ0FnSUNmeWRxc1pBEAE,Ramlah Damayanti,5,"Tempatnya bagus, mkanan nya sngat mantap, disambut dengan baik dan ramah makasih pelayanan nya Mila",setahun lalu,5,5,5,Saoenk Cobek Samata,Google Maps,2026-05-14 20:05:56
ChZDSUhNMG9nS0VJQ0FnSUNmaWIyT0RnEAE,Muhammad Ridwan,5,rekomen,setahun lalu,5,5,5,Saoenk Cobek Samata,Google Maps,2026-05-14 20:06:17
ChZDSUhNMG9nS0VJQ0FnSUNmaVpHTUxREAE,Abd Rahim Kayyum,5,"Tempat yg begitu cozy dengan pelayanan prima yg diberikan mnjadikan tempat ini masuk dalam list rumah makan favorit kami sekeluarga..

Terima ksih crew saoenk cobek.. Aswin,Lisa,Fany, dan Alwin",setahun lalu,,,,Saoenk Cobek Samata,Google Maps,2026-05-14 20:06:17
ChZDSUhNMG9nS0VJQ0FnSUNmaVlIZVdBEAE,Syarifah Hijrah Febrianti,5,"Tempatnya Nyaman, bersih, dan memiliki dekorasi yang unik.Rasa sangat lezat, terutama Kepiting nampan. Porsi pas dan harga terjangkau.
Oh iya kami dilayani mbak suci pelayanan yang Ramah, cepat dan profesional.
Tempat ini juga Cocok untuk ngeDate bareng keluarga, dan keluarga.
Wajib kalian Cobain sih!!",setahun lalu,5,5,5,Saoenk Cobek Samata,Google Maps,2026-05-14 20:06:17
ChZDSUhNMG9nS0VJQ0FnSUNmaWZxZEZREAE,Fhatwr Jeka,5,"saoenk cobek salah satu tempat yang recomended banget si buat ngumpul sama keluarga, apalagi suasananya yang nyaman. dan untuk pelayanannya, kami dilayani oleh pak alwin. pelayananya bagus dan cepat tanggap, semoga tetap konsisten untuk keramahannya mas. senyum kalian adalah hal yang sangat berarti buat para pelanggan",setahun lalu,5,5,5,Saoenk Cobek Samata,Google Maps,2026-05-14 20:06:17
ChdDSUhNMG9nS0VJQ0FnSUNmOGFLeHFRRRAB,Yhana Arief,5,"Sangat puasss ,
Muhammad aswin",setahun lalu,5,5,5,Saoenk Cobek Samata,Google Maps,2026-05-14 20:06:17
ChdDSUhNMG9nS0VJQ0FnSUNmc2ZfMDR3RRAB,Kar Mila,5,"Tempatnya nyaman, makanannya enak terus pelayanan nya jg oke👍🏻👍🏻👍🏻",setahun lalu,5,5,5,Saoenk Cobek Samata,Google Maps,2026-05-14 20:06:17
ChZDSUhNMG9nS0VJQ0FnSUNmc2JfM1NREAE,Nurfadliah Lia,5,Semua makanannya juara,setahun lalu,5,5,5,Saoenk Cobek Samata,Google Maps,2026-05-14 20:06:17
ChZDSUhNMG9nS0VJQ0FnSUNmN3BHZlhBEAE,Andi yustika manrimawagau,5,Suasana oke. Nyaman. Pelayanan baik.,setahun lalu,5,5,5,Saoenk Cobek Samata,Google Maps,2026-05-14 20:06:17
ChZDSUhNMG9nS0VJQ0FnSUNmcnRPMUpBEAE,Rahmia Ishari,5,"Tempat makan yg cocok buat keluarga.. Ada paketan juga yg menunya bervariasi, tempatnya juga nyaman, makanannya enak2.. Untuk waitressnya, kami dilayani oleh mba Suci, mbanya ramah dan saat butuh bantuan.. Tetap konsisten yah mba keramahannya, senyum kamu sangat berarti buat para pelanggan. 👍",setahun lalu,5,5,5,Saoenk Cobek Samata,Google Maps,2026-05-14 20:06:17
ChdDSUhNMG9nS0VJQ0FnSUNmcnBHd2tnRRAB,fadya zashilya,5,pelayanan baik waiters kak uci,setahun lalu,5,5,5,Saoenk Cobek Samata,Google Maps,2026-05-14 20:06:17
ChdDSUhNMG9nS0VJQ0FnSUNmcnNHNTZRRRAB,Muhammad Afdhal Ramlan,5,"Bagus ji, enak rasanya, waiters atas nama Mila",setahun lalu,5,5,5,Saoenk Cobek Samata,Google Maps,2026-05-14 20:06:38
ChZDSUhNMG9nS0VJQ0FnSUNmem8tS2NnEAE,Syeila Arsyla,5,"Konsep rumah makan bernuansa alam ada kolam ikan yg memanjakan mata kita.. sangat sejuk, bersih dan pelayanan yang sangat memuaskan diberikan oleh kak Lisa...",setahun lalu,5,5,5,Saoenk Cobek Samata,Google Maps,2026-05-14 20:06:38
ChZDSUhNMG9nS0VJQ0FnSUNmem9POVRnEAE,Astrid Palanggi,5,"Mantap makanannya, disambut ramah oleh pak Alwin.. makasih nak Mila pelayanannya best",setahun lalu,5,5,5,Saoenk Cobek Samata,Google Maps,2026-05-14 20:06:38
ChZDSUhNMG9nS0VJQ0FnSUNmenRIdlpnEAE,Risnawati Risnawati,5,"Tempatnya bagus, dingin dan pelayanan ramah (suci)",setahun lalu,5,5,5,Saoenk Cobek Samata,Google Maps,2026-05-14 20:06:38
ChdDSUhNMG9nS0VJQ0FnSUNmeHFfYTNRRRAB,Fhatma Fanya,5,"Mantap, tempat nyaman, pelayanan garcep, terimakasi buat mba uci yg sudah melayani sepenuh hati. Sehat dan sukses selalu",setahun lalu,5,5,5,Saoenk Cobek Samata,Google Maps,2026-05-14 20:06:38
ChdDSUhNMG9nS0VJQ0FnSUNmeHZ6X2pBRRAB,dokpimkejati sulsel,4,"Rumah makan terlengkap dan recomended di daerah samata gowa untuk didatangi bersama keluarga, temam, dan pasangan karena disugukan dengan makanan yang enak bersih dan pelayanan nya super duper ramah jadi inimi solusi kalau ada yang mau acara keluarga, arisan apalagi acara ulang tahun recommend sekali bestie👍
(Muhammad aswin syah)",setahun lalu,4,5,4,Saoenk Cobek Samata,Google Maps,2026-05-14 20:06:38
ChZDSUhNMG9nS0VJQ0FnSUNmaHZ1X0J3EAE,sins.,5,Muhammad aswin syah,setahun lalu,5,5,5,Saoenk Cobek Samata,Google Maps,2026-05-14 20:06:38
ChdDSUhNMG9nS0VJQ0FnSUNmaHR2enFnRRAB,Kartika Agustina,5,"pelayanannya bagus,orangnya ramah, makananya lumayan enak
Muhammad aswinsyah",setahun lalu,5,5,5,Saoenk Cobek Samata,Google Maps,2026-05-14 20:06:38
ChdDSUhNMG9nS0VJQ0FnSUNmaHIzYjdBRRAB,Dahlina Febriani,5,"Sangat baik
(MUH ASWIN)",setahun lalu,4,5,5,Saoenk Cobek Samata,Google Maps,2026-05-14 20:06:38
ChdDSUhNMG9nS0VJQ0FnSUNmaHFyR3BBRRAB,Reni lestari,5,"Makanan nya enak
Pelayanan bagus
Waiters mba uci",setahun lalu,5,5,5,Saoenk Cobek Samata,Google Maps,2026-05-14 20:06:38
ChZDSUhNMG9nS0VJQ0FnSUNmLXZUY0p3EAE,Fauri Islamuddin,5,"Pelayanan baik, makanan enak .. Dilayani oleh ikhsan",setahun lalu,4,4,4,Saoenk Cobek Samata,Google Maps,2026-05-14 20:06:58
ChZDSUhNMG9nS0VJQ0FnSUNmdXJfNlhnEAE,Dian Mentari,5,"Makanannya sangat enak,dan pelayanannya sangat baik,banyak terimakasih untuk kak uci🤗",setahun lalu,5,5,5,Saoenk Cobek Samata,Google Maps,2026-05-14 20:06:58
ChdDSUhNMG9nS0VJQ0FnSUNmdXJUVnNBRRAB,zapa andi,5,"Makanan enak pelayanannya juga bagus dan suasananya enak
Waiters nya kak uci",setahun lalu,5,5,5,Saoenk Cobek Samata,Google Maps,2026-05-14 20:06:58
ChdDSUhNMG9nS0VJQ0FnSUNmMnQtMG1nRRAB,fadly noer,5,"Pelayanan baguss, makanan enakk
Kak milaa",setahun lalu,5,5,5,Saoenk Cobek Samata,Google Maps,2026-05-14 20:06:58
ChdDSUhNMG9nS0VJQ0FnSUNmbW91RzdRRRAB,nurhidayah romi,5,"Makanannya enak dan pelayanannya ramah
@waiters atas nama Uci",setahun lalu,5,5,5,Saoenk Cobek Samata,Google Maps,2026-05-14 20:06:58
ChdDSUhNMG9nS0VJQ0FnSUNmbXYzNjZ3RRAB,Masita ilhanda Masita,5,Tempat dan pelayanannya cukup bagus recommend.Lisa,setahun lalu,5,5,5,Saoenk Cobek Samata,Google Maps,2026-05-14 20:06:58
ChdDSUhNMG9nS0VJQ0FnSUNmb3NHcHFRRRAB,Rina Inna159,5,"Makannya enak, pelayanan bagus, suasananya enak
Makasih mba uci",setahun lalu,5,5,5,Saoenk Cobek Samata,Google Maps,2026-05-14 20:06:58
ChdDSUhNMG9nS0VJQ0FnSUNmb3U2a3VnRRAB,fasya rhaffasya,5,Pelayanannya bagus tempat yang nyaman kak lizahh,setahun lalu,5,5,5,Saoenk Cobek Samata,Google Maps,2026-05-14 20:06:58
ChdDSUhNMG9nS0VJQ0FnSUNmd3NYRmpRRRAB,Isma Annisa,4,Pelayanannya ramah apalagi dilayani sama pelayan bernama kak nisa.. semoga dipertahankan lagi. Sukses selalu saunk cobek makanannya enak enak,setahun lalu,4,5,4,Saoenk Cobek Samata,Google Maps,2026-05-14 20:06:58
ChdDSUhNMG9nS0VJQ0FnSUNmX09tLWd3RRAB,Alifa Diva,5,"makanannya enak, pelayanan kak mila ramah.....",setahun lalu,5,5,5,Saoenk Cobek Samata,Google Maps,2026-05-14 20:06:58
ChZDSUhNMG9nS0VJQ0FnSUNmX01tT0d3EAE,Niny Salmin,5,"Makannya enak dan pelayanan ramah
Mkasih Mila🙏",setahun lalu,5,5,5,Saoenk Cobek Samata,Google Maps,2026-05-14 20:07:26
ChdDSUhNMG9nS0VJQ0FnSUNmX09IRF9RRRAB,Muthiah Atilhadiitsi,5,sangat bagus dengan pelayanannya oleh kak mila,setahun lalu,5,5,5,Saoenk Cobek Samata,Google Maps,2026-05-14 20:07:26
ChZDSUhNMG9nS0VJQ0FnSUNmX0w3OVpBEAE,Hasmira Hasmira,5,"Pelayannya ramah dan welcome dan makanannya enak

Muhammad Aswin Syah",setahun lalu,5,5,5,Saoenk Cobek Samata,Google Maps,2026-05-14 20:07:26
ChZDSUhNMG9nS0VJQ0FnSUNmdkxQRGRREAE,Ceriska Yusati Basampe,5,Aswin👍🏻,setahun lalu,5,5,5,Saoenk Cobek Samata,Google Maps,2026-05-14 20:07:26
ChdDSUhNMG9nS0VJQ0FnSUNmM0tPNXBnRRAB,Fahri Risma,5,"Tempatnya nyaman, gak lama nunggun makannya, menunya ok ok, pelayanannya ramah, apa lagi yang si Muh aswin syah baek bangett",setahun lalu,5,5,5,Saoenk Cobek Samata,Google Maps,2026-05-14 20:07:26
ChZDSUhNMG9nS0VJQ0FnSUNmMUx5SUt3EAE,Alika Zafa Delinda,5,"makanan nya enak pelayanan ramah dan murah senyum
Mba lisa",setahun lalu,5,5,5,Saoenk Cobek Samata,Google Maps,2026-05-14 20:07:26
ChZDSUhNMG9nS0VJQ0FnSUNmeEozY0tREAE,Fajri Anto,5,Pelayanannya sopan dan ramah  atas nama m aswinsyah,setahun lalu,5,5,5,Saoenk Cobek Samata,Google Maps,2026-05-14 20:07:26
ChZDSUhNMG9nS0VJQ0FnSUR2N19lUWRBEAE,kartini tini,4,,setahun lalu,,,,Saoenk Cobek Samata,Google Maps,2026-05-14 20:07:26
ChdDSUhNMG9nS0VJQ0FnSUR2NzdXSGdnRRAB,Rien Lilitanty,5,Tempatnya menarik,setahun lalu,4,5,4,Saoenk Cobek Samata,Google Maps,2026-05-14 20:07:26
ChZDSUhNMG9nS0VJQ0FnSUR2NzhiQVl3EAE,Adam Asgar,5,Pelayanan bagus dan cepat dan terimakasih atas servicenya Muhammad  Aswin Syah dari Saung cobe samata,setahun lalu,5,5,5,Saoenk Cobek Samata,Google Maps,2026-05-14 20:07:26
ChZDSUhNMG9nS0VJQ0FnSUR2Nzl5YWZnEAE,Revan Aditya,5,"pelayanan baguss tempat yang nyaman
kak lizahh",setahun lalu,5,5,5,Saoenk Cobek Samata,Google Maps,2026-05-14 20:07:46
ChZDSUhNMG9nS0VJQ0FnSUR2NzhUaEZREAE,Nurhayani Yani,5,"Bagus
Nurhalizah",setahun lalu,5,5,5,Saoenk Cobek Samata,Google Maps,2026-05-14 20:07:46
ChdDSUhNMG9nS0VJQ0FnSUR2NzlETmdBRRAB,Giskar Yudistira,5,"Suasana dan pelayanannya mantap..

Thanks pelayanannya, Mila.. 🙏",setahun lalu,4,5,5,Saoenk Cobek Samata,Google Maps,2026-05-14 20:07:46
ChdDSUhNMG9nS0VJQ0FnSUR2ci1tRGh3RRAB,Idza Aradha Pratiwi,4,,setahun lalu,4,4,4,Saoenk Cobek Samata,Google Maps,2026-05-14 20:07:46
ChZDSUhNMG9nS0VJQ0FnSUR2LV9DVUhnEAE,Nur fadhila Zahra,5,MUHAMMAD ASWIN SYAH PELAYANAN BAIKKK,setahun lalu,5,5,5,Saoenk Cobek Samata,Google Maps,2026-05-14 20:07:46
ChZDSUhNMG9nS0VJQ0FnSUR2MjQtcFp3EAE,Jihan Fatika,5,"Rumah makan terlengkap dan recomended untuk didatangi bersama keluarga, temam, dan pasangan karena disugukan dengan makanan yang enak bersih dan pelayanan nya super duper ramah jadi inimi solusi kalau ada yang mau acara keluarga, arisan dan lain lain 👍
(Muhammad aswin syah)",setahun lalu,5,5,5,Saoenk Cobek Samata,Google Maps,2026-05-14 20:07:46
ChZDSUhNMG9nS0VJQ0FnSUR2eTlySlFREAE,Almaira Nurafifah,5,"Makanannya enak dan pelayanannya bagus
Mba Uci",setahun lalu,5,5,5,Saoenk Cobek Samata,Google Maps,2026-05-14 20:07:46
ChdDSUhNMG9nS0VJQ0FnSUR2ZzRETXZBRRAB,VENAN SARA,5,"Pelayan bagus

Lizahh",setahun lalu,5,5,5,Saoenk Cobek Samata,Google Maps,2026-05-14 20:07:46
ChdDSUhNMG9nS0VJQ0FnSUR2dllpN2lRRRAB,najetstsixseven,5,"Makanannya enak, pelayanannya bagus
Terimakasih mbak suci",setahun lalu,5,5,5,Saoenk Cobek Samata,Google Maps,2026-05-14 20:07:46
ChZDSUhNMG9nS0VJQ0FnSUR2dmREcFhREAE,Semuanya Fens,5,"Makanannya enak,",setahun lalu,5,5,5,Saoenk Cobek Samata,Google Maps,2026-05-14 20:07:46
ChdDSUhNMG9nS0VJQ0FnSUR2MWVMejRnRRAB,Erick Saputra,5,"Makanan nya enak banget, tempat nya nyaman, dan fasilitas nya lengkap",setahun lalu,,,,Saoenk Cobek Samata,Google Maps,2026-05-14 20:08:07
ChdDSUhNMG9nS0VJQ0FnSUR2MWRqcjB3RRAB,HAERUDDIN 1985,4,Makanan nya lama,setahun lalu,4,4,4,Saoenk Cobek Samata,Google Maps,2026-05-14 20:08:07
ChZDSUhNMG9nS0VJQ0FnSUR2eGN5d0dnEAE,Radil Restama,5,aku ingin,setahun lalu,5,5,5,Saoenk Cobek Samata,Google Maps,2026-05-14 20:08:07
ChZDSUhNMG9nS0VJQ0FnSUR2aFpxNlhnEAE,Amirul Muqtadar,1,Enak elisa,setahun lalu,5,5,5,Saoenk Cobek Samata,Google Maps,2026-05-14 20:08:07
ChdDSUhNMG9nS0VJQ0FnSUR2aWNqNDJRRRAB,Ray Efendy,5,Pertama datang dan disambut dengan ramah oleh pak Alwin.. akan datang lagi,setahun lalu,5,5,5,Saoenk Cobek Samata,Google Maps,2026-05-14 20:08:07
ChdDSUhNMG9nS0VJQ0FnSUR2OGEzSjJBRRAB,Muhammad Nasrullah,5,pelayanan ramah dan kualitas rasa makanan bintang 5.. makasih kak mila,setahun lalu,5,5,5,Saoenk Cobek Samata,Google Maps,2026-05-14 20:08:07
ChdDSUhNMG9nS0VJQ0FnSUR2OFpYSGl3RRAB,Sam Suding,5,service exelent dari mas IKHSAN,setahun lalu,5,5,5,Saoenk Cobek Samata,Google Maps,2026-05-14 20:08:07
ChdDSUhNMG9nS0VJQ0FnSUR2c2FITXpBRRAB,unhy daffa,5,Lizahh,setahun lalu,5,5,5,Saoenk Cobek Samata,Google Maps,2026-05-14 20:08:07
ChdDSUhNMG9nS0VJQ0FnSUR2MGNHdDlBRRAB,nina mahfud,5,,setahun lalu,5,5,5,Saoenk Cobek Samata,Google Maps,2026-05-14 20:08:07
ChdDSUhNMG9nS0VJQ0FnSUR2OXNlTjZBRRAB,Nur Amaliah.R,5,"Sangat bagus
Lizah",setahun lalu,5,5,5,Saoenk Cobek Samata,Google Maps,2026-05-14 20:08:07
ChdDSUhNMG9nS0VJQ0FnSUR2OXU2VXJ3RRAB,Nuralisaputry Lisa,5,Lizah,setahun lalu,5,5,5,Saoenk Cobek Samata,Google Maps,2026-05-14 20:08:31
ChZDSUhNMG9nS0VJQ0FnSUR2dHFlQVJnEAE,Maria Ester Vania,5,Lizah,setahun lalu,5,5,5,Saoenk Cobek Samata,Google Maps,2026-05-14 20:08:31
ChdDSUhNMG9nS0VJQ0FnSUR2cXBlVDVBRRAB,Rini Kurniati,5,Recomended makanan dan tempatnya 👍🏻👍🏻,setahun lalu,5,5,5,Saoenk Cobek Samata,Google Maps,2026-05-14 20:08:31
ChdDSUhNMG9nS0VJQ0FnSURtOXJtTDFRRRAB,Yuhardin SSI,5,"Salah satu Saung (ReSto/Rumah Makan) terbaik Yang berada di sulawesi, menyajikan menu Seafood dan Palekko",Diedit setahun lalu,5,5,5,Saoenk Cobek Samata,Google Maps,2026-05-14 20:08:31
ChdDSUhNMG9nS0VJQ0FnSUN2M0pEN2tBRRAB,Anita Amalia,5,Makananx enak lokasi juga mudah dijangkau,setahun lalu,5,5,5,Saoenk Cobek Samata,Google Maps,2026-05-14 20:08:31
ChdDSUhNMG9nS0VJQ0FnSUN2Z0p1cDd3RRAB,Jamal,5,,setahun lalu,5,5,5,Saoenk Cobek Samata,Google Maps,2026-05-14 20:08:31
ChZDSUhNMG9nS0VJQ0FnSURQdXNtX2JBEAE,Sri Mulyati,4,"T4 lumayan asri, makanan juga lumayan",setahun lalu,4,4,4,Saoenk Cobek Samata,Google Maps,2026-05-14 20:08:31
ChdDSUhNMG9nS0VJQ0FnSUNQckxmbW93RRAB,Inayah Nauliah,5,,setahun lalu,5,4,4,Saoenk Cobek Samata,Google Maps,2026-05-14 20:08:31
ChZDSUhNMG9nS0VJQ0FnSUNQNkwtYUh3EAE,winda risalah,5,Tempat Nyaman dan Makanannya Enak. Apalagi yang menu Cumi Asam Manisnya. Pokoknya recommended bagi keluarga yang pengen ngumpul sambil makan makan,setahun lalu,,,,Saoenk Cobek Samata,Google Maps,2026-05-14 20:08:31
ChdDSUhNMG9nS0VJQ0FnSUMzdHZmMmxnRRAB,AshokAie Channel,5,Tempat yang bagus,setahun lalu,4,4,4,Saoenk Cobek Samata,Google Maps,2026-05-14 20:08:31
ChdDSUhNMG9nS0VJQ0FnSURYX0lHcXRnRRAB,Imiss Youdear,5,Disesuaikan dengan selera lokal,setahun lalu,5,5,5,Saoenk Cobek Samata,Google Maps,2026-05-14 20:08:55
ChdDSUhNMG9nS0VJQ0FnSURYME0ybTRRRRAB,Nanna Zhafira,5,"Dokter dan perawatx ramah banget,free cemilan dan air mineral🥰",setahun lalu,5,5,5,Saoenk Cobek Samata,Google Maps,2026-05-14 20:08:55
ChZDSUhNMG9nS0VJQ0FnSUNYazV6d0ZREAE,UDesign pictures,5,"Pelayanan bagus, rasa yang mantaabb dan tema resto yg iconik.. ada kolah ikan ditepi gazebo sepanjang resto",setahun lalu,5,5,5,Saoenk Cobek Samata,Google Maps,2026-05-14 20:08:55
ChdDSUhNMG9nS0VJQ0FnSUNYamFPdHhRRRAB,nuralam nure,5,,setahun lalu,5,5,5,Saoenk Cobek Samata,Google Maps,2026-05-14 20:08:55
ChdDSUhNMG9nS0VJQ0FnSUNYcE1qZXVnRRAB,Abdul Gafur,5,Tempat makan dgn kolam ikan dibawahnya. Setiap area ada colokan u charge hp dan wastafel nya. Menu nya lumayan bervariasi. Rasa ok. Untuk menu pilih y paketan klo berkeluarga.,setahun lalu,5,4,4,Saoenk Cobek Samata,Google Maps,2026-05-14 20:08:55
ChdDSUhNMG9nS0VJQ0FnSURub1A2MjVRRRAB,K i K i,5,"Tempatnya nyaman, makannya harga sesuai lah dengan porsinya. Cuma sedikit lebih lama menunggu makanan datang",setahun lalu,4,4,5,Saoenk Cobek Samata,Google Maps,2026-05-14 20:08:55
ChZDSUhNMG9nS0VJQ0FnSUNuaDZDSVpBEAE,andi citra,1,"Makanan terlalu mahal porsinya sangat sedikit
Tidak worth it menurutku
Tidak untuk keduakalinya kesana",setahun lalu,1,5,3,Saoenk Cobek Samata,Google Maps,2026-05-14 20:08:55
ChZDSUhNMG9nS0VJQ0FnSURIaF9DNVNnEAE,Andhika Mahendra,5,,setahun lalu,,,,Saoenk Cobek Samata,Google Maps,2026-05-14 20:08:55
ChdDSUhNMG9nS0VJQ0FnSURIdXRiYTVRRRAB,Rhifky Prazetya,5,,setahun lalu,,,,Saoenk Cobek Samata,Google Maps,2026-05-14 20:08:55
ChdDSUhNMG9nS0VJQ0FnSURINE9qSjdnRRAB,Dede Tarufay,5,,setahun lalu,5,5,5,Saoenk Cobek Samata,Google Maps,2026-05-14 20:08:55
ChZDSUhNMG9nS0VJQ0FnSURId01HZmNnEAE,Akhirunnisa Triwidarti,5,,setahun lalu,5,5,5,Saoenk Cobek Samata,Google Maps,2026-05-14 20:09:19
ChZDSUhNMG9nS0VJQ0FnSUNINXZMTmN3EAE,Nurul wahida aprilya,4,,setahun lalu,4,4,4,Saoenk Cobek Samata,Google Maps,2026-05-14 20:09:19
ChdDSUhNMG9nS0VJQ0FnSUNIeU5hSDJRRRAB,Raihan abi Saputra,1,"Pelayanan lambat,pesanan lambat,",setahun lalu,1,1,1,Saoenk Cobek Samata,Google Maps,2026-05-14 20:09:19
ChdDSUhNMG9nS0VJQ0FnSUQ3aF9QM29BRRAB,nimah nur,4,,setahun lalu,,,,Saoenk Cobek Samata,Google Maps,2026-05-14 20:09:19
ChZDSUhNMG9nS0VJQ0FnSUQ3akoyZEdREAE,Hikmatyar Ibrahim,5,,setahun lalu,4,4,3,Saoenk Cobek Samata,Google Maps,2026-05-14 20:09:19
ChZDSUhNMG9nS0VJQ0FnSUQ3MktEamVBEAE,Najiah Afifah,4,,setahun lalu,,,,Saoenk Cobek Samata,Google Maps,2026-05-14 20:09:19
ChdDSUhNMG9nS0VJQ0FnSUM3Ml9EU3dRRRAB,"andika syahputra, S.H",5,Enak,setahun lalu,,,,Saoenk Cobek Samata,Google Maps,2026-05-14 20:09:19
ChdDSUhNMG9nS0VJQ0FnSUM3dWQzNjdnRRAB,Kusriyadi Zainuddin,5,,setahun lalu,,,,Saoenk Cobek Samata,Google Maps,2026-05-14 20:09:19
ChdDSUhNMG9nS0VJQ0FnSUM3NHFhMDNnRRAB,Dian Amelia Abdi,1,,setahun lalu,,,,Saoenk Cobek Samata,Google Maps,2026-05-14 20:09:19
ChZDSUhNMG9nS0VJQ0FnSURibXAzb1VREAE,Dera Niu Niu,5,,setahun lalu,5,5,5,Saoenk Cobek Samata,Google Maps,2026-05-14 20:09:19
ChZDSUhNMG9nS0VJQ0FnSURiM09fX01nEAE,Pratik Tondare,5,,setahun lalu,,,,Saoenk Cobek Samata,Google Maps,2026-05-14 20:09:43
ChdDSUhNMG9nS0VJQ0FnSURibU5uYjZ3RRAB,raden mulyati,3,,setahun lalu,3,4,3,Saoenk Cobek Samata,Google Maps,2026-05-14 20:09:43
ChZDSUhNMG9nS0VJQ0FnSUNicnREVlhBEAE,Wahyu nusantara Haji,5,Mantap,setahun lalu,5,5,5,Saoenk Cobek Samata,Google Maps,2026-05-14 20:09:43
ChdDSUhNMG9nS0VJQ0FnSUNienRLVHdBRRAB,Rezkiyanti 3010,1,Pelayanannnya sangat lambattt,setahun lalu,,1,,Saoenk Cobek Samata,Google Maps,2026-05-14 20:09:43
ChdDSUhNMG9nS0VJQ0FnSURyejRtQ2xnRRAB,Caca El Cuervo,5,Tempat makan dengan suasana sangat nyaman.,setahun lalu,5,5,5,Saoenk Cobek Samata,Google Maps,2026-05-14 20:09:43
ChdDSUhNMG9nS0VJQ0FnSURyemRlQS13RRAB,Achmad abdi Amsir,4,Makanannya sebenarnya bintang 5. Tapi kucingnya bintang 3... 😅,setahun lalu,5,4,3,Saoenk Cobek Samata,Google Maps,2026-05-14 20:09:43
ChdDSUhNMG9nS0VJQ0FnSURyNUpYSl9RRRAB,Fara Andani,3,"Makanannya manis semua , apa chef nya ga tau garam yah 😭",setahun lalu,2,4,5,Saoenk Cobek Samata,Google Maps,2026-05-14 20:09:43
ChZDSUhNMG9nS0VJQ0FnSURydU1lbE9nEAE,Milo Montang,3,"Pertama, untuk lokasi menurut saya oke dan cukup nyaman saungnya. Ada bel sangat membantu. Parkiran juga cukup.

Kedua, untuk pelayanan sangat baik. Staff ramah dan helpful.

Ketiga, makanan yang saya pesan sebenarnya enak, cocok lah di lidah saya. Bumbu parape oke manisnya dan rica nya oke banget pedes gurihnya. Sayangnya, yang fatal banget buat penilaian saya adalah ikan yang tidak dibersihkan sisiknya. Kotor dan mengganggu sekali saat makan, hampir juga keselek karena sisik tersebut.

Semoga bisa diperbaiki ya. Sukses selalu thank you",setahun lalu,3,5,4,Saoenk Cobek Samata,Google Maps,2026-05-14 20:09:43
ChdDSUhNMG9nS0VJQ0FnSURyb05mbl93RRAB,Hasmadani Ahmad,4,"Tempat ini bisa menjadi pilihan untuk menikmati kuliner lezat, termasuk Palekko.",setahun lalu,4,4,5,Saoenk Cobek Samata,Google Maps,2026-05-14 20:09:43
ChdDSUhNMG9nS0VJQ0FnSUNyNjdfZDN3RRAB,Ghazi Al Ghifari,5,Pelayanannya ramah kualitas makanannya tinggi sama tempatnya yang estetik,setahun lalu,5,5,5,Saoenk Cobek Samata,Google Maps,2026-05-14 20:09:43
ChZDSUhNMG9nS0VJQ0FnSUNyM2VEMVhnEAE,SYAMSUL MAHDI,5,,setahun lalu,5,5,5,Saoenk Cobek Samata,Google Maps,2026-05-14 20:10:07
ChdDSUhNMG9nS0VJQ0FnSUNyN2NHQm9nRRAB,reskyy Damyanti,5,,setahun lalu,,,,Saoenk Cobek Samata,Google Maps,2026-05-14 20:10:07
ChdDSUhNMG9nS0VJQ0FnSURMM3IyUTJnRRAB,Ridzani Mukhtar,4,"Makanannya enak, ikannya segar,",setahun lalu,4,4,4,Saoenk Cobek Samata,Google Maps,2026-05-14 20:10:07
ChdDSUhNMG9nS0VJQ0FnSUNMdF92Yy1RRRAB,Penjelajah Nusantara,3,Nunggu nasinya lama,setahun lalu,,,,Saoenk Cobek Samata,Google Maps,2026-05-14 20:10:07
ChdDSUhNMG9nS0VJQ0FnSUNMcnBQZW9RRRAB,Amby Bob,4,,setahun lalu,4,4,5,Saoenk Cobek Samata,Google Maps,2026-05-14 20:10:07
ChZDSUhNMG9nS0VJQ0FnSUR6eExtZkNBEAE,Aldi Saputra,5,,setahun lalu,5,5,5,Saoenk Cobek Samata,Google Maps,2026-05-14 20:10:07
ChdDSUhNMG9nS0VJQ0FnSUN6dzdERjdBRRAB,nurhaeni amir,5,Suka banget... tempat outdoor dengan gazebo di dekat kolam ikan...,setahun lalu,5,5,5,Saoenk Cobek Samata,Google Maps,2026-05-14 20:10:07
ChdDSUhNMG9nS0VJQ0FnSUN6ZzctSmtRRRAB,Greg,4,"Sangat bagus, kebanyakan orang akan memberi nilai 5, tetapi saya menyimpan nilai 5 untuk tempat yang benar-benar istimewa...",setahun lalu,4,4,4,Saoenk Cobek Samata,Google Maps,2026-05-14 20:10:07
ChZDSUhNMG9nS0VJQ0FnSUN6MU1hSkRnEAE,Muhammad Azhar Hairuddin,5,"Makanan enak cuma jika kesini sebaiknya booking menu dari awal, jika pesan di tempat menu tambahan akan lama menunggu",setahun lalu,5,5,5,Saoenk Cobek Samata,Google Maps,2026-05-14 20:10:07
ChdDSUhNMG9nS0VJQ0FnSURUdThTR3hnRRAB,Kurniawan Anshar,5,Mantap,setahun lalu,5,5,5,Saoenk Cobek Samata,Google Maps,2026-05-14 20:10:07
ChZDSUhNMG9nS0VJQ0FnSURUbTdhaUtBEAE,Muh Irfan Ismail,5,,setahun lalu,,,,Saoenk Cobek Samata,Google Maps,2026-05-14 20:10:30
ChZDSUhNMG9nS0VJQ0FnSURUc1lYYkRREAE,Kade Ade,5,,setahun lalu,5,5,5,Saoenk Cobek Samata,Google Maps,2026-05-14 20:10:30
ChZDSUhNMG9nS0VJQ0FnSURUNXBQZkNREAE,yusuf ismail,4,Cukup representatiflah.....,setahun lalu,3,3,3,Saoenk Cobek Samata,Google Maps,2026-05-14 20:10:30
ChdDSUhNMG9nS0VJQ0FnSURUd1BYS3lBRRAB,Thomi Thomi,4,,setahun lalu,,,,Saoenk Cobek Samata,Google Maps,2026-05-14 20:10:30
ChdDSUhNMG9nS0VJQ0FnSURUZ0kzY3d3RRAB,Maya Itasari,5,"Tempat makan yang cocok untuk keluarga, teman, dan kolega. Banyak menu makanan dan minuman jadi cocok untuk makan siang atau malam.
Makanannya enak, seafoodnya segar, dan porsinya jga pas. Sayur segar dan enak. Minuman jga oke.

Pelayanan sangat baik dan ramah.
Untuk Musholah dan toilet tidak tahu krna saat kesana cuma untuk makan.",setahun lalu,5,5,5,Saoenk Cobek Samata,Google Maps,2026-05-14 20:10:30
ChdDSUhNMG9nS0VJQ0FnSUNUbV9XOWhBRRAB,Angga Lintank,5,Mantap,setahun lalu,5,5,5,Saoenk Cobek Samata,Google Maps,2026-05-14 20:10:30
ChZDSUhNMG9nS0VJQ0FnSUM5eE9uNGVBEAE,Muhammad Zukri Malik,5,Tempat makan santai bersama keluarga,Diedit setahun lalu,4,4,5,Saoenk Cobek Samata,Google Maps,2026-05-14 20:10:30
ChdDSUhNMG9nS0VJQ0FnSUNUX1p6UXR3RRAB,Jabal Akbar Nur,5,,setahun lalu,,,,Saoenk Cobek Samata,Google Maps,2026-05-14 20:10:30
ChdDSUhNMG9nS0VJQ0FnSUNUaVppbnpRRRAB,Anto Mard,5,,setahun lalu,5,5,5,Saoenk Cobek Samata,Google Maps,2026-05-14 20:10:30
ChZDSUhNMG9nS0VJQ0FnSUNUc3RqakxBEAE,Fauzi Triana Nurdin,5,,2 tahun lalu,,,,Saoenk Cobek Samata,Google Maps,2026-05-14 20:10:30
ChdDSUhNMG9nS0VJQ0FnSUNUM08tTjRnRRAB,heri wahyono,4,,2 tahun lalu,4,4,4,Saoenk Cobek Samata,Google Maps,2026-05-14 20:10:54
ChZDSUhNMG9nS0VJQ0FnSURqOFoyNEh3EAE,KATAKAN DAENG,5,,2 tahun lalu,5,5,5,Saoenk Cobek Samata,Google Maps,2026-05-14 20:10:54
ChZDSUhNMG9nS0VJQ0FnSURqa2ZPeFF3EAE,Bowo Prabowo,5,,2 tahun lalu,,,,Saoenk Cobek Samata,Google Maps,2026-05-14 20:10:54
ChZDSUhNMG9nS0VJQ0FnSURqMnN5ZVp3EAE,Dhydit Andrepati Mahaswara,5,,2 tahun lalu,,,,Saoenk Cobek Samata,Google Maps,2026-05-14 20:10:54
ChdDSUhNMG9nS0VJQ0FnSURqeE9yRTJBRRAB,Nur Achmad,4,,2 tahun lalu,4,4,4,Saoenk Cobek Samata,Google Maps,2026-05-14 20:10:54
ChZDSUhNMG9nS0VJQ0FnSURqb09iSk53EAE,Syadza Khumaira,5,,2 tahun lalu,5,5,5,Saoenk Cobek Samata,Google Maps,2026-05-14 20:10:54
ChZDSUhNMG9nS0VJQ0FnSUNqejVuOUxnEAE,Andi Ratna,5,"Pelayanan bagus, view nya juga sangat bagus, serta menunya juga rekomended untuk makan bersama rekan kerja, keluarga dan teman-teman",2 tahun lalu,4,4,4,Saoenk Cobek Samata,Google Maps,2026-05-14 20:10:54
ChZDSUhNMG9nS0VJQ0FnSUNqaC1LbFBREAE,Ahmad Gafur,5,,2 tahun lalu,,,,Saoenk Cobek Samata,Google Maps,2026-05-14 20:10:54
ChdDSUhNMG9nS0VJQ0FnSUNqMjh6ZjhRRRAB,Hikmah Ilyas,5,"Makanannya enak, tempat nya bagus dan nyaman, ada ayunan, kolam ikan dan parkiran luas",2 tahun lalu,,,,Saoenk Cobek Samata,Google Maps,2026-05-14 20:10:54
ChdDSUhNMG9nS0VJQ0FnSUNqdnZUZTVBRRAB,Inchi,4,Tempatnya perfect..tapi harga masih kemahalan saya rasa spt harga otak2 hingga 45rb an hanya 5 potong dan nasi goreng 40rb ..malah lbh murah dr dessert,2 tahun lalu,3,5,5,Saoenk Cobek Samata,Google Maps,2026-05-14 20:10:54
ChZDSUhNMG9nS0VJQ0FnSUNqanFTSEV3EAE,Nur Zafitriani,5,Mantap,2 tahun lalu,,,,Saoenk Cobek Samata,Google Maps,2026-05-14 20:11:18
ChZDSUhNMG9nS0VJQ0FnSUNqNHNxb0ZBEAE,Hafsah Asa,5,,2 tahun lalu,5,5,5,Saoenk Cobek Samata,Google Maps,2026-05-14 20:11:18
ChdDSUhNMG9nS0VJQ0FnSUNqZ3VPMHBRRRAB,Muslim Basyirun,5,,2 tahun lalu,5,5,5,Saoenk Cobek Samata,Google Maps,2026-05-14 20:11:18
ChZDSUhNMG9nS0VJQ0FnSUNqcklhTFR3EAE,tiOmy b adi,5,,2 tahun lalu,,,,Saoenk Cobek Samata,Google Maps,2026-05-14 20:11:18
ChdDSUhNMG9nS0VJQ0FnSUNqaUtteTFnRRAB,Sutami Mappasimbung,4,Menyenangkan,2 tahun lalu,4,4,4,Saoenk Cobek Samata,Google Maps,2026-05-14 20:11:18
ChZDSUhNMG9nS0VJQ0FnSUREeDd6dVVnEAE,Aswanti Ilham,5,Berbuka puasa bersama keluarga tempat ini merupakan pilihan yang tepat ....,2 tahun lalu,5,5,5,Saoenk Cobek Samata,Google Maps,2026-05-14 20:11:18
ChZDSUhNMG9nS0VJQ0FnSUREaF9QcmJ3EAE,Indra Nugraha,5,,2 tahun lalu,,,,Saoenk Cobek Samata,Google Maps,2026-05-14 20:11:18
ChZDSUhNMG9nS0VJQ0FnSUREdzRqa0lBEAE,Sardini Kadir,5,"Kerenki tawwa, tidak perlumi jauh2 yang warga samata pergi cari tempat bagus untuk makan beserta keluarga, adaji dekta sekali setelah bundaran samata",2 tahun lalu,5,5,5,Saoenk Cobek Samata,Google Maps,2026-05-14 20:11:18
ChZDSUhNMG9nS0VJQ0FnSUREMHJHVU5REAE,Suherman Abu Shafwah,5,"Mantap
Ramah orang yang melayani dan susananya sangat bagus.",2 tahun lalu,5,5,5,Saoenk Cobek Samata,Google Maps,2026-05-14 20:11:18
ChZDSUhNMG9nS0VJQ0FnSUREdkppalF3EAE,Reinkar_Alam,5,,2 tahun lalu,,,,Saoenk Cobek Samata,Google Maps,2026-05-14 20:11:18
ChZDSUhNMG9nS0VJQ0FnSUREelB6NlRBEAE,ACHMAD FIQHRI AQSA NOER,4,,2 tahun lalu,4,4,4,Saoenk Cobek Samata,Google Maps,2026-05-14 20:11:42
ChdDSUhNMG9nS0VJQ0FnSURENkppbGd3RRAB,Yunida Andriani,5,,2 tahun lalu,,5,5,Saoenk Cobek Samata,Google Maps,2026-05-14 20:11:42
ChZDSUhNMG9nS0VJQ0FnSURENE5pNU5REAE,Basri La Pabbaja,5,Salah satu tempat makan yang cocok untuk tamu dari luar daerah.,2 tahun lalu,4,5,5,Saoenk Cobek Samata,Google Maps,2026-05-14 20:11:42
ChdDSUhNMG9nS0VJQ0FnSUNEcjYtYXlnRRAB,ronny Dion,4,,2 tahun lalu,5,4,4,Saoenk Cobek Samata,Google Maps,2026-05-14 20:11:42
ChZDSUhNMG9nS0VJQ0FnSUNEOVA3V0pREAE,muhammad yusran,5,,2 tahun lalu,,,,Saoenk Cobek Samata,Google Maps,2026-05-14 20:11:42
ChZDSUhNMG9nS0VJQ0FnSUNEbU43MmV3EAE,East Surya88,5,,2 tahun lalu,,,,Saoenk Cobek Samata,Google Maps,2026-05-14 20:11:42
ChZDSUhNMG9nS0VJQ0FnSUQ5MWZXZmVREAE,Eman Hermanzah,5,Suasana yang nyaman,2 tahun lalu,5,5,5,Saoenk Cobek Samata,Google Maps,2026-05-14 20:11:42
ChZDSUhNMG9nS0VJQ0FnSUQ5eklTSElnEAE,Lukman Hairuddin,4,"Saung cobek tun abdurazak, bisa dijadikan tempat favorit kuliner di makassar",2 tahun lalu,4,4,4,Saoenk Cobek Samata,Google Maps,2026-05-14 20:11:42
ChZDSUhNMG9nS0VJQ0FnSUQ5Mk82VEJREAE,Devy Soselisa,3,Tempatnya agak masuk kedalam jadi gak terlalu bising suasana dgn adanya kolam ikan jadi asik.. Makanannya juga lumayan,2 tahun lalu,3,3,4,Saoenk Cobek Samata,Google Maps,2026-05-14 20:11:42
ChdDSUhNMG9nS0VJQ0FnSUM5LTh5a3VBRRAB,Dinda Rezeky,5,,2 tahun lalu,4,5,5,Saoenk Cobek Samata,Google Maps,2026-05-14 20:11:42
ChZDSUhNMG9nS0VJQ0FnSURCOXRXdkR3EAE,HASLYANTI JALIL MAKASSAR_SULSEL,5,"Udah langganan makan di tempat ini, makanannya enak, tempatnya nyaman, dan pelayanannya ramah👍🏻😊",Diedit 2 tahun lalu,5,5,5,Saoenk Cobek Samata,Google Maps,2026-05-14 20:12:09
ChdDSUhNMG9nS0VJQ0FnSUM5dTlDTzZnRRAB,ssabia syeda,5,Bagus,2 tahun lalu,,,,Saoenk Cobek Samata,Google Maps,2026-05-14 20:12:09
ChZDSUhNMG9nS0VJQ0FnSUM5czRIa2NBEAE,rezha gila,5,,2 tahun lalu,,,,Saoenk Cobek Samata,Google Maps,2026-05-14 20:12:09
ChZDSUhNMG9nS0VJQ0FnSUM5b2JpM1BnEAE,nasaruddin haris,5,,2 tahun lalu,,,,Saoenk Cobek Samata,Google Maps,2026-05-14 20:12:09
ChZDSUhNMG9nS0VJQ0FnSURkdWJyZVB3EAE,Supriadi Adi,5,,2 tahun lalu,,,,Saoenk Cobek Samata,Google Maps,2026-05-14 20:12:09
ChZDSUhNMG9nS0VJQ0FnSURkNU1lWVNREAE,Bidol Bidol311290,5,,2 tahun lalu,,,,Saoenk Cobek Samata,Google Maps,2026-05-14 20:12:09
ChZDSUhNMG9nS0VJQ0FnSUNkNDdLNERBEAE,Andi Fatimah,5,,2 tahun lalu,5,5,5,Saoenk Cobek Samata,Google Maps,2026-05-14 20:12:09
ChZDSUhNMG9nS0VJQ0FnSUNkaktTQVBnEAE,Andi Mariati,4,,2 tahun lalu,5,4,5,Saoenk Cobek Samata,Google Maps,2026-05-14 20:12:09
ChdDSUhNMG9nS0VJQ0FnSUNkLUt1dHJRRRAB,Mochamad Asryl Aziz,5,,2 tahun lalu,5,4,4,Saoenk Cobek Samata,Google Maps,2026-05-14 20:12:09
ChdDSUhNMG9nS0VJQ0FnSUR0bjcySnZBRRAB,Rusdi Husen,4,Mantap dan enaknya,2 tahun lalu,4,4,4,Saoenk Cobek Samata,Google Maps,2026-05-14 20:12:09
ChZDSUhNMG9nS0VJQ0FnSUR0al9lbEJBEAE,Rian Adrian,1,,2 tahun lalu,5,5,5,Saoenk Cobek Samata,Google Maps,2026-05-14 20:12:36
ChdDSUhNMG9nS0VJQ0FnSUR0NXRtcnd3RRAB,Vonny Mei,4,,2 tahun lalu,,,,Saoenk Cobek Samata,Google Maps,2026-05-14 20:12:36
ChZDSUhNMG9nS0VJQ0FnSUR0X01YWVlREAE,Andi Muhammad Rizal,5,Tempat nyaman,2 tahun lalu,5,5,5,Saoenk Cobek Samata,Google Maps,2026-05-14 20:12:36
ChdDSUhNMG9nS0VJQ0FnSUR0OEpfVjBnRRAB,jayadi jaharman,5,,2 tahun lalu,,5,5,Saoenk Cobek Samata,Google Maps,2026-05-14 20:12:36
ChdDSUhNMG9nS0VJQ0FnSUN0aE82Zl9RRRAB,Winah,5,,2 tahun lalu,5,5,5,Saoenk Cobek Samata,Google Maps,2026-05-14 20:12:36
ChZDSUhNMG9nS0VJQ0FnSUROMHByME13EAE,Ilham Andi,5,,2 tahun lalu,5,5,5,Saoenk Cobek Samata,Google Maps,2026-05-14 20:12:36
ChZDSUhNMG9nS0VJQ0FnSUNOLWFyeFF3EAE,Sartika G. P.,5,Suka suasananya,2 tahun lalu,4,5,5,Saoenk Cobek Samata,Google Maps,2026-05-14 20:12:36
ChdDSUhNMG9nS0VJQ0FnSUNOMHZDSy1nRRAB,ASWAR RAHMAN,5,,2 tahun lalu,5,5,5,Saoenk Cobek Samata,Google Maps,2026-05-14 20:12:36
ChZDSUhNMG9nS0VJQ0FnSUQxdjdxV1d3EAE,Tommy Rival,5,Asik,2 tahun lalu,5,5,5,Saoenk Cobek Samata,Google Maps,2026-05-14 20:12:36
ChZDSUhNMG9nS0VJQ0FnSUQxcmZtZU1REAE,Firman Dewan Saputra,5,,2 tahun lalu,5,5,5,Saoenk Cobek Samata,Google Maps,2026-05-14 20:12:36
ChZDSUhNMG9nS0VJQ0FnSUQxMGFPNFVBEAE,Aco Lobak,5,,2 tahun lalu,4,4,4,Saoenk Cobek Samata,Google Maps,2026-05-14 20:13:03
ChZDSUhNMG9nS0VJQ0FnSUQxenFMV1NnEAE,irwan lili,5,,2 tahun lalu,,,,Saoenk Cobek Samata,Google Maps,2026-05-14 20:13:03
ChdDSUhNMG9nS0VJQ0FnSUQxZ3U3VnRRRRAB,Arief Rahman,4,,2 tahun lalu,4,4,5,Saoenk Cobek Samata,Google Maps,2026-05-14 20:13:03
ChZDSUhNMG9nS0VJQ0FnSUMxMGZ1SGR3EAE,ahmad syahrir,5,Lumayan untuk ngumpul keluarga,2 tahun lalu,5,5,5,Saoenk Cobek Samata,Google Maps,2026-05-14 20:13:03
ChZDSUhNMG9nS0VJQ0FnSUMxenFMSk1nEAE,Nial Einstein,5,,2 tahun lalu,5,5,5,Saoenk Cobek Samata,Google Maps,2026-05-14 20:13:03
ChdDSUhNMG9nS0VJQ0FnSUMxaW9QT3pRRRAB,Selvy Syarif,5,,2 tahun lalu,5,5,5,Saoenk Cobek Samata,Google Maps,2026-05-14 20:13:03
ChZDSUhNMG9nS0VJQ0FnSUMxdkxHVVl3EAE,Zul Kifli,5,Bgus tawwa dan enak,2 tahun lalu,5,5,5,Saoenk Cobek Samata,Google Maps,2026-05-14 20:13:03
ChZDSUhNMG9nS0VJQ0FnSUMxM0xUU2VREAE,firman saleh,5,,2 tahun lalu,,,,Saoenk Cobek Samata,Google Maps,2026-05-14 20:13:03
ChdDSUhNMG9nS0VJQ0FnSUMxNk51dzdnRRAB,Alya Jaya,5,,2 tahun lalu,,,,Saoenk Cobek Samata,Google Maps,2026-05-14 20:13:03
ChdDSUhNMG9nS0VJQ0FnSURWMjlERHNBRRAB,kaka aril,4,Suasana oke,2 tahun lalu,3,5,5,Saoenk Cobek Samata,Google Maps,2026-05-14 20:13:03
ChdDSUhNMG9nS0VJQ0FnSURWN0k3MHdBRRAB,Azmalaeni Rifkah,5,,2 tahun lalu,,,,Saoenk Cobek Samata,Google Maps,2026-05-14 20:13:27
ChZDSUhNMG9nS0VJQ0FnSURWdEtuNWJnEAE,Nurman Tjahyono,5,Rasa lumayan dan tempat nyaman serta gak susah cari parkiran tapi harga relatif mahal.,2 tahun lalu,,,,Saoenk Cobek Samata,Google Maps,2026-05-14 20:13:27
ChZDSUhNMG9nS0VJQ0FnSUNWcGRxeFd3EAE,Al Hasbi,4,,2 tahun lalu,4,5,5,Saoenk Cobek Samata,Google Maps,2026-05-14 20:13:27
ChZDSUhNMG9nS0VJQ0FnSUNWdkw3OFd3EAE,Febrianto Syam,5,,2 tahun lalu,5,5,5,Saoenk Cobek Samata,Google Maps,2026-05-14 20:13:27
ChdDSUhNMG9nS0VJQ0FnSURsX3I2V2tnRRAB,Rizka Amaliap,3,tempat nya oke tapi makanan dan minum nya lama bgt datengnya.kalau rasa sih enak.,2 tahun lalu,,,,Saoenk Cobek Samata,Google Maps,2026-05-14 20:13:27
ChZDSUhNMG9nS0VJQ0FnSURsMk56YVhnEAE,Achi Baik,4,Anak2 suka,2 tahun lalu,4,4,4,Saoenk Cobek Samata,Google Maps,2026-05-14 20:13:27
ChZDSUhNMG9nS0VJQ0FnSUNsMDhyZWNREAE,Intan Sugiarti,5,"Seneng bangett kalo weekend nya disini bareng suamikk hehe.. Makanannya enak enak, tempatnya seruu, nyaman & parkiran luaasss.",2 tahun lalu,5,5,5,Saoenk Cobek Samata,Google Maps,2026-05-14 20:13:27
ChZDSUhNMG9nS0VJQ0FnSUNLbGV2bmRREAE,mr mhangun,4,Lumayanlah,Diedit 2 tahun lalu,4,4,4,Saoenk Cobek Samata,Google Maps,2026-05-14 20:13:27
ChZDSUhNMG9nS0VJQ0FnSUNsZzY2dEh3EAE,Nur Aeni,2,,2 tahun lalu,2,5,5,Saoenk Cobek Samata,Google Maps,2026-05-14 20:13:27
ChZDSUhNMG9nS0VJQ0FnSUNsNVo2NmRBEAE,Sulastri Arsyad,5,,2 tahun lalu,4,4,4,Saoenk Cobek Samata,Google Maps,2026-05-14 20:13:27
ChZDSUhNMG9nS0VJQ0FnSUNsLWJPcll3EAE,Muhammad Arsyad,5,"Tempat menikmati kuliner yang memanjakan lidah .... tempat parkir luas .... pernah saya datang juga pada saat hujan, tempat parkirnya tergenang, sehingga menjadi masalah tersendiri bagi pengunjung",2 tahun lalu,5,5,4,Saoenk Cobek Samata,Google Maps,2026-05-14 20:13:51
ChdDSUhNMG9nS0VJQ0FnSUNsdWVUemdBRRAB,Ayu Saraswati,4,,2 tahun lalu,4,5,5,Saoenk Cobek Samata,Google Maps,2026-05-14 20:13:51
ChZDSUhNMG9nS0VJQ0FnSUNsc1pqd0p3EAE,Anang Sahprie,4,"Untuk makanan dan minumannya lumayan enak, cuman pelayanannya yang perlu dipercepat lagi, jangan sampai pengujung terlalu lama menunggu pesanannya.",2 tahun lalu,,,,Saoenk Cobek Samata,Google Maps,2026-05-14 20:13:51
ChdDSUhNMG9nS0VJQ0FnSUNsanVlbnJ3RRAB,ijahakun 10,5,,2 tahun lalu,5,5,5,Saoenk Cobek Samata,Google Maps,2026-05-14 20:13:51
ChZDSUhNMG9nS0VJQ0FnSUNsOXJqS1ZnEAE,daeng bantang16,5,,2 tahun lalu,,,,Saoenk Cobek Samata,Google Maps,2026-05-14 20:13:51
ChZDSUhNMG9nS0VJQ0FnSUNsMXVpQ1pREAE,mukhtar lantong,3,"Tempat strategis, Asri, indah dan servis memuaskan",2 tahun lalu,3,3,4,Saoenk Cobek Samata,Google Maps,2026-05-14 20:13:51
ChZDSUhNMG9nS0VJQ0FnSURGMzRDdk1REAE,Siti Fatimah w,5,,2 tahun lalu,4,5,5,Saoenk Cobek Samata,Google Maps,2026-05-14 20:13:51
ChdDSUhNMG9nS0VJQ0FnSURGNjludXJ3RRAB,HERIYANTO HERIYANTO,5,Suasana makan tenamg dan nyaman,2 tahun lalu,5,5,5,Saoenk Cobek Samata,Google Maps,2026-05-14 20:13:51
ChZDSUhNMG9nS0VJQ0FnSURGbnBXbE5nEAE,Syarifuddin,5,,2 tahun lalu,,,,Saoenk Cobek Samata,Google Maps,2026-05-14 20:13:51
ChdDSUhNMG9nS0VJQ0FnSURGc0p1QzN3RRAB,Andi Hariyanti,5,,2 tahun lalu,5,5,5,Saoenk Cobek Samata,Google Maps,2026-05-14 20:13:51
ChZDSUhNMG9nS0VJQ0FnSUNGNmVDNEVBEAE,andi satria ramadhani,5,,2 tahun lalu,5,5,5,Saoenk Cobek Samata,Google Maps,2026-05-14 20:14:18
ChZDSUhNMG9nS0VJQ0FnSUQ1d092T0VBEAE,Ishak,5,Mantap betul... Ludessss,2 tahun lalu,5,5,5,Saoenk Cobek Samata,Google Maps,2026-05-14 20:14:18
ChZDSUhNMG9nS0VJQ0FnSUM1b1kyeUN3EAE,Puspayanti Andi,4,Enak sekali dan tim pelayanannya sangat sabar.. Bagus sekali.,Diedit 2 tahun lalu,3,4,4,Saoenk Cobek Samata,Google Maps,2026-05-14 20:14:18
ChZDSUhNMG9nS0VJQ0FnSUM1OU5hd1Z3EAE,Verial Vee,5,,2 tahun lalu,4,5,5,Saoenk Cobek Samata,Google Maps,2026-05-14 20:14:18
ChZDSUhNMG9nS0VJQ0FnSUM1dUxUVVR3EAE,Aceel Sebastian,4,mantap tempatnya,2 tahun lalu,4,4,4,Saoenk Cobek Samata,Google Maps,2026-05-14 20:14:18
ChdDSUhNMG9nS0VJQ0FnSURaalpEWDZnRRAB,Herling Dg Nyampa,5,Oke,2 tahun lalu,5,5,5,Saoenk Cobek Samata,Google Maps,2026-05-14 20:14:18
ChZDSUhNMG9nS0VJQ0FnSURaNVllWUxBEAE,Nurwahidah Tahir Tompo,5,Makanannya enak. Sebaiknya reservasi terlebih dahulu. Pelayanan bagus. Lokasi berada di kab Gowa.,2 tahun lalu,5,5,4,Saoenk Cobek Samata,Google Maps,2026-05-14 20:14:18
ChZDSUhNMG9nS0VJQ0FnSURac2EzNmJBEAE,Ayana Ayana,5,,2 tahun lalu,5,5,5,Saoenk Cobek Samata,Google Maps,2026-05-14 20:14:18
ChdDSUhNMG9nS0VJQ0FnSURaMW9xY3V3RRAB,iLham,4,"Makanannya enak

Suasana nyaman",2 tahun lalu,4,5,5,Saoenk Cobek Samata,Google Maps,2026-05-14 20:14:18
ChZDSUhNMG9nS0VJQ0FnSURadXN2V1hREAE,Isdar,5,,2 tahun lalu,,,,Saoenk Cobek Samata,Google Maps,2026-05-14 20:14:18
ChdDSUhNMG9nS0VJQ0FnSURaeXR2Z3lRRRAB,Hent Tanzil,4,,2 tahun lalu,4,5,4,Saoenk Cobek Samata,Google Maps,2026-05-14 20:14:45
ChZDSUhNMG9nS0VJQ0FnSURaOHZIbkxREAE,Lemi Bheku,5,Mantap,2 tahun lalu,5,5,5,Saoenk Cobek Samata,Google Maps,2026-05-14 20:14:45
ChZDSUhNMG9nS0VJQ0FnSURacUl6QUt3EAE,Nurfika Ramdani,5,,2 tahun lalu,4,4,4,Saoenk Cobek Samata,Google Maps,2026-05-14 20:14:45
ChZDSUhNMG9nS0VJQ0FnSURaeVBDamJREAE,Diah Wandansari,5,Cocok mi,2 tahun lalu,5,5,5,Saoenk Cobek Samata,Google Maps,2026-05-14 20:14:45
ChZDSUhNMG9nS0VJQ0FnSURaOE5yNEZnEAE,Rina Yusrina,5,,2 tahun lalu,5,5,5,Saoenk Cobek Samata,Google Maps,2026-05-14 20:14:45
ChZDSUhNMG9nS0VJQ0FnSURab1BLVkxBEAE,Wawan Muhammad,5,,2 tahun lalu,3,3,5,Saoenk Cobek Samata,Google Maps,2026-05-14 20:14:45
ChZDSUhNMG9nS0VJQ0FnSUNabjg2eVJ3EAE,Basir Bate,5,,2 tahun lalu,5,5,5,Saoenk Cobek Samata,Google Maps,2026-05-14 20:14:45
ChZDSUhNMG9nS0VJQ0FnSUNadF9YNVlREAE,Syaharuddin Syahar,2,,2 tahun lalu,2,2,2,Saoenk Cobek Samata,Google Maps,2026-05-14 20:14:45
ChdDSUhNMG9nS0VJQ0FnSUNabDVuUm53RRAB,Syarifah Arwini,2,,2 tahun lalu,,,,Saoenk Cobek Samata,Google Maps,2026-05-14 20:14:45
ChZDSUhNMG9nS0VJQ0FnSUNaeS1MV1ZBEAE,Andi Amriani,5,Suasananya bagus apalagi saat malam.,2 tahun lalu,4,4,4,Saoenk Cobek Samata,Google Maps,2026-05-14 20:14:45
ChdDSUhNMG9nS0VJQ0FnSUNabmZpczlnRRAB,Defreni Mardatillah,4,"Tipe masakan yang agak manis, jadi gurih dan pedesnya malah kurang berasa karna dominan rasa manis, padahal olahan seafood, tapi lumayan masih bisa diterima di lidahku. Tempatnya nyaman, bersih, ada mushola juga. Pelayannya ramah dan cepat respon",2 tahun lalu,4,5,5,Saoenk Cobek Samata,Google Maps,2026-05-14 20:15:12
ChdDSUhNMG9nS0VJQ0FnSUNaamFfX3dBRRAB,Fadhil,1,"Food: cah kangkung ada rumput liar yg ikut termasak, tahu hambar, tempe terlalu tebal dan hambar 👎

Service: mejanya kotor dan berminyak tidak dibersihkan dengan baik bekas makan pelanggan sebelumnya, mau pindah ke meja sebelah tapi debunya sangat tebal tidak pernah dibersihkan 👎

Atmosphere: kolam ikannya bau seperti tidak pernah dibersihkan sangat mengganggu saat makan 👎",2 tahun lalu,1,1,1,Saoenk Cobek Samata,Google Maps,2026-05-14 20:15:12
ChZDSUhNMG9nS0VJQ0FnSUNaam83ekVREAE,Oki Syafruddin,5,,2 tahun lalu,5,5,5,Saoenk Cobek Samata,Google Maps,2026-05-14 20:15:12
ChdDSUhNMG9nS0VJQ0FnSUNaanNLRTBRRRAB,Mitha Fara,5,,2 tahun lalu,,,,Saoenk Cobek Samata,Google Maps,2026-05-14 20:15:12
ChZDSUhNMG9nS0VJQ0FnSUNaN01lZUJnEAE,loek man,5,,2 tahun lalu,,,,Saoenk Cobek Samata,Google Maps,2026-05-14 20:15:12
ChdDSUhNMG9nS0VJQ0FnSUNaMU4zUzd3RRAB,Nurul Aini Izzah Pratiwi,5,,2 tahun lalu,,,,Saoenk Cobek Samata,Google Maps,2026-05-14 20:15:12
ChdDSUhNMG9nS0VJQ0FnSURweDdpN3RBRRAB,laila syahidan,3,,2 tahun lalu,,,,Saoenk Cobek Samata,Google Maps,2026-05-14 20:15:12
ChdDSUhNMG9nS0VJQ0FnSURwNjVlQXd3RRAB,Haikal Rezky,5,,2 tahun lalu,5,5,5,Saoenk Cobek Samata,Google Maps,2026-05-14 20:15:12
ChdDSUhNMG9nS0VJQ0FnSURwbmJyUjRRRRAB,anis manggasa,5,,2 tahun lalu,5,5,5,Saoenk Cobek Samata,Google Maps,2026-05-14 20:15:12
ChdDSUhNMG9nS0VJQ0FnSURwdEkyVnVnRRAB,rifqi pratama,5,,2 tahun lalu,,,,Saoenk Cobek Samata,Google Maps,2026-05-14 20:15:12
ChZDSUhNMG9nS0VJQ0FnSURwcEktMlJ3EAE,Imha Fatimah,4,,2 tahun lalu,4,4,4,Saoenk Cobek Samata,Google Maps,2026-05-14 20:15:39
ChZDSUhNMG9nS0VJQ0FnSURwLU5YZ0JREAE,daffa diffa,5,Mantapp,2 tahun lalu,5,5,5,Saoenk Cobek Samata,Google Maps,2026-05-14 20:15:39
ChZDSUhNMG9nS0VJQ0FnSURwaU1DM1h3EAE,Pramudita Febriyanti,5,,2 tahun lalu,,,,Saoenk Cobek Samata,Google Maps,2026-05-14 20:15:39
ChZDSUhNMG9nS0VJQ0FnSURwd1BMOGF3EAE,PT INDOPROPERTI SUKSES GEMILANG,5,Perumahan Subsidi yg berkualitas dekat sana sini,2 tahun lalu,,5,,Saoenk Cobek Samata,Google Maps,2026-05-14 20:15:39
ChZDSUhNMG9nS0VJQ0FnSUNwdjdiQmVnEAE,Anjung Sirajuddin,5,,2 tahun lalu,5,5,5,Saoenk Cobek Samata,Google Maps,2026-05-14 20:15:39
ChZDSUhNMG9nS0VJQ0FnSUNwdzZQY2JBEAE,Arie Indiarto,5,"Nice place untuk makan bersama keluarga, teman dan kolega suasana adem banget dibawah saung ada kolam dengan ikan2 hias. Harga lumayan tapi ga kecewa kok dengan rasa dan kualitasnya seimbang banget.",2 tahun lalu,4,5,5,Saoenk Cobek Samata,Google Maps,2026-05-14 20:15:39
ChdDSUhNMG9nS0VJQ0FnSUNwN2RIby1BRRAB,Michael Recky,5,,2 tahun lalu,,,,Saoenk Cobek Samata,Google Maps,2026-05-14 20:15:39
ChdDSUhNMG9nS0VJQ0FnSUNwLW9Yem9nRRAB,Lisa Maharani,5,Bnyk ikan mas di kolam cm air y kotor....lumayan buat ngumpul bareng ...,Diedit 2 tahun lalu,4,4,4,Saoenk Cobek Samata,Google Maps,2026-05-14 20:15:39
ChdDSUhNMG9nS0VJQ0FnSUNwckluenl3RRAB,Whin,5,,2 tahun lalu,,,,Saoenk Cobek Samata,Google Maps,2026-05-14 20:15:39
ChZDSUhNMG9nS0VJQ0FnSURKMjlhM0F3EAE,Muhammad Ahsan,5,,2 tahun lalu,4,5,3,Saoenk Cobek Samata,Google Maps,2026-05-14 20:15:39
ChdDSUhNMG9nS0VJQ0FnSURKNHBTQ3FRRRAB,dzulfiqar ihwan,5,Makanan lumayan enak. Porsi paket banyak,Diedit 2 tahun lalu,5,5,5,Saoenk Cobek Samata,Google Maps,2026-05-14 20:16:06
ChdDSUhNMG9nS0VJQ0FnSURKOGF5czh3RRAB,ILFINA SYAIR,3,"Maaf sebelumnya,kami sering makan di saoenk cobek sebelum kami jalan2 psti singgah makan disini,baru kali ini kami sangat kecewa krn rasa makanan,porsinya jg berkurang dan harga tdk sesuai,rasanya tdk seperti yg lalu2 bahkan hrg jg naik,tdk masalah ada kenaikan harga tp rasa harus di pertahankan",2 tahun lalu,1,4,4,Saoenk Cobek Samata,Google Maps,2026-05-14 20:16:06
ChdDSUhNMG9nS0VJQ0FnSURKOU42M2l3RRAB,muhammad surachman,5,tempat makan lesehan cocok untuk keluarga. ada kolam ikan koi tepat dibawah tempat kita makan. kalo nasi sisa bisa buat beri makan kepada ikan. menu enak. harga sesuai.,Diedit 2 tahun lalu,5,5,5,Saoenk Cobek Samata,Google Maps,2026-05-14 20:16:06
ChZDSUhNMG9nS0VJQ0FnSURKa29PSWFnEAE,Sinar CITTA Online TV,1,,2 tahun lalu,1,5,4,Saoenk Cobek Samata,Google Maps,2026-05-14 20:16:06
ChdDSUhNMG9nS0VJQ0FnSURKdU4ybS13RRAB,Princess Firha,5,Overall ok yah.. Sambalnya mgkin bs lbh di kreatif kan jgn cm 2 macam aja dan lbh bagusnya raca mangganya free donk seperti restaurant lainnya dan lbh diperbaiki rasanya spy sambalnya lbh gurih..Dan paling utama yg perlu dijaga itu kucing jgn sampai masuk area makan apalg yg di duduk di gazebo atau lesehan.. SANGAT MENGGANGGU apalg klo kucingnya lompat naik kegazebo..,2 tahun lalu,5,5,4,Saoenk Cobek Samata,Google Maps,2026-05-14 20:16:06
ChZDSUhNMG9nS0VJQ0FnSUNKajlXRFpBEAE,Andre Munawar,4,,2 tahun lalu,5,5,3,Saoenk Cobek Samata,Google Maps,2026-05-14 20:16:06
ChZDSUhNMG9nS0VJQ0FnSUNKLTlxQlh3EAE,Irhaz Harifin Naba,5,,2 tahun lalu,5,5,5,Saoenk Cobek Samata,Google Maps,2026-05-14 20:16:06
ChZDSUhNMG9nS0VJQ0FnSUNKcGVfS0lnEAE,Muh. Rifqi,5,Makanannya enak dan suasananya nyaman...,2 tahun lalu,5,5,5,Saoenk Cobek Samata,Google Maps,2026-05-14 20:16:06
ChZDSUhNMG9nS0VJQ0FnSUNKbWVpaFl3EAE,Fugil Slankuters,5,Mantap,2 tahun lalu,,5,5,Saoenk Cobek Samata,Google Maps,2026-05-14 20:16:06
ChZDSUhNMG9nS0VJQ0FnSUNKdnBxd1dBEAE,Andi Farhan,5,,2 tahun lalu,,,,Saoenk Cobek Samata,Google Maps,2026-05-14 20:16:06
ChdDSUhNMG9nS0VJQ0FnSUNKcnRfM3dBRRAB,Fatah Hidayat,5,,2 tahun lalu,5,5,5,Saoenk Cobek Samata,Google Maps,2026-05-14 20:16:33
ChdDSUhNMG9nS0VJQ0FnSUQtdlBIVTJnRRAB,fatra tata,5,"Makanan enak, suasana menyenangkan..",Diedit 2 tahun lalu,5,5,5,Saoenk Cobek Samata,Google Maps,2026-05-14 20:16:33
ChZDSUhNMG9nS0VJQ0FnSUNKd28yV1hnEAE,Yohanes Perwira,5,Tempat lesehan makanan enak dan sesuai ada kolam ikan nyaman utk keluarga,2 tahun lalu,5,5,5,Saoenk Cobek Samata,Google Maps,2026-05-14 20:16:33
ChdDSUhNMG9nS0VJQ0FnSUNKOE1QS3FBRRAB,inha ikky,5,,2 tahun lalu,5,3,4,Saoenk Cobek Samata,Google Maps,2026-05-14 20:16:33
ChZDSUhNMG9nS0VJQ0FnSUNKME95UVNBEAE,Evicing Liwang,4,"Tempat kumpul nyaman di Gazebo, penyajian makanan sekarang lumayan bagus.",2 tahun lalu,4,4,4,Saoenk Cobek Samata,Google Maps,2026-05-14 20:16:33
ChZDSUhNMG9nS0VJQ0FnSUR4ajdqREtREAE,satriani oktavia,4,,2 tahun lalu,4,4,5,Saoenk Cobek Samata,Google Maps,2026-05-14 20:16:33
ChdDSUhNMG9nS0VJQ0FnSUR4a2Vfd2lBRRAB,Andi Maswar Atmar,5,,2 tahun lalu,5,5,5,Saoenk Cobek Samata,Google Maps,2026-05-14 20:16:33
ChdDSUhNMG9nS0VJQ0FnSUR4bHBtbC1BRRAB,Mhira Luphyou,5,,2 tahun lalu,,,,Saoenk Cobek Samata,Google Maps,2026-05-14 20:16:33
ChdDSUhNMG9nS0VJQ0FnSUN4ajZlMTF3RRAB,Eka Damayanti,5,Saya suka suasana dan makanannya enak,2 tahun lalu,5,5,5,Saoenk Cobek Samata,Google Maps,2026-05-14 20:16:33
ChZDSUhNMG9nS0VJQ0FnSUN4cmZuTFBREAE,Suharni,5,,2 tahun lalu,5,5,5,Saoenk Cobek Samata,Google Maps,2026-05-14 20:16:33
ChZDSUhNMG9nS0VJQ0FnSUN4cFpMeEJREAE,Irma Yani,5,,2 tahun lalu,,,,Saoenk Cobek Samata,Google Maps,2026-05-14 20:17:01
ChdDSUhNMG9nS0VJQ0FnSUN4cGFLNGp3RRAB,Latif Prasetyohadi,5,"Tempatnya bagus, pelayan ramah, makanan enak dengan harga terjangkau, salah satu menu khas disini adalah Ikan Kudu-Kudu,
Minus disini adalah parkir mobil, tidak mengakomodir kendaraan yang parkir dengan baik, tempat sholat juga kurang, tapi secara keseluruhan direkomendasikan sebagai tempat makan bersama keluarga",2 tahun lalu,5,5,5,Saoenk Cobek Samata,Google Maps,2026-05-14 20:17:01
ChdDSUhNMG9nS0VJQ0FnSUN4aGVHZnNRRRAB,muhlis masin,3,,2 tahun lalu,3,4,4,Saoenk Cobek Samata,Google Maps,2026-05-14 20:17:01
ChZDSUhNMG9nS0VJQ0FnSUN4dWJYZVFnEAE,Rocky Lumunon,5,,2 tahun lalu,,,,Saoenk Cobek Samata,Google Maps,2026-05-14 20:17:01
ChZDSUhNMG9nS0VJQ0FnSUN4OGJPWGR3EAE,rustiati ningsih,5,"Suasana nya enak, ada gazebo",2 tahun lalu,5,5,5,Saoenk Cobek Samata,Google Maps,2026-05-14 20:17:01
ChZDSUhNMG9nS0VJQ0FnSUN4OGU3SUlnEAE,Misbawati Fitri,5,,2 tahun lalu,5,,5,Saoenk Cobek Samata,Google Maps,2026-05-14 20:17:01
ChdDSUhNMG9nS0VJQ0FnSUN4bnJ1cjVBRRAB,M.yunus Nawir,4,,2 tahun lalu,4,4,4,Saoenk Cobek Samata,Google Maps,2026-05-14 20:17:01
ChdDSUhNMG9nS0VJQ0FnSUN4dU9xQl9BRRAB,Anca Bonang,4,,3 tahun lalu,5,5,5,Saoenk Cobek Samata,Google Maps,2026-05-14 20:17:01
ChdDSUhNMG9nS0VJQ0FnSUN4aU9HZzhBRRAB,Alamsyah Husain,5,,3 tahun lalu,5,4,5,Saoenk Cobek Samata,Google Maps,2026-05-14 20:17:01
ChdDSUhNMG9nS0VJQ0FnSUN4aUtDbHVRRRAB,Bro Yoedha,5,,3 tahun lalu,5,4,4,Saoenk Cobek Samata,Google Maps,2026-05-14 20:17:01
ChdDSUhNMG9nS0VJQ0FnSUN4d0tXR2hnRRAB,SYARIF AMRAN,4,,3 tahun lalu,4,4,5,Saoenk Cobek Samata,Google Maps,2026-05-14 20:17:28
ChZDSUhNMG9nS0VJQ0FnSURSdi1yVlBREAE,Muhammad Nur,4,,3 tahun lalu,,,,Saoenk Cobek Samata,Google Maps,2026-05-14 20:17:28
ChdDSUhNMG9nS0VJQ0FnSURSbjRQeV93RRAB,Rambo usa,3,"Saung cobek bagus hanya pelayanan makin kurang, tidak seperti awalnya, sudah hampir sejam duduk tapi tidak ada karyawan atau pelayanan yg samperin, Sy berharap saung cobek seperti awal pelayanannya. aamiin",3 tahun lalu,,,,Saoenk Cobek Samata,Google Maps,2026-05-14 20:17:28
ChZDSUhNMG9nS0VJQ0FnSURScDVIYVlREAE,Abu Muhammad,4,,3 tahun lalu,,,,Saoenk Cobek Samata,Google Maps,2026-05-14 20:17:28
ChZDSUhNMG9nS0VJQ0FnSURSeDh1X0h3EAE,maulidina yuliastri,3,,3 tahun lalu,,,,Saoenk Cobek Samata,Google Maps,2026-05-14 20:17:28
ChZDSUhNMG9nS0VJQ0FnSURScWJlQlhREAE,Nuraisyah Arsyad,5,Rekomended,Diedit 3 tahun lalu,5,5,5,Saoenk Cobek Samata,Google Maps,2026-05-14 20:17:28
ChdDSUhNMG9nS0VJQ0FnSUNSbC1tczJ3RRAB,AR. Yani,5,klo ditanya mau balik kesini lagi gak? jawabnya Mauuuu...sukses saung cobek,Diedit 3 tahun lalu,4,4,4,Saoenk Cobek Samata,Google Maps,2026-05-14 20:17:28
ChZDSUhNMG9nS0VJQ0FnSURSa19laFRnEAE,Thia Syafran,4,"Makanannya enak sesuai harga, cepat penyajiannya dan tempatnya bersij",3 tahun lalu,4,5,5,Saoenk Cobek Samata,Google Maps,2026-05-14 20:17:28
ChZDSUhNMG9nS0VJQ0FnSURSellMMGRBEAE,Coby Maelissa,4,,3 tahun lalu,,,,Saoenk Cobek Samata,Google Maps,2026-05-14 20:17:28
ChZDSUhNMG9nS0VJQ0FnSURSLVl5b1hBEAE,NYC Channel,1,Kasirnya tidak teliti harusnya bayar 1 jutaan jadi disuruh bayar 12 jutaan padahal orang tua saya sudah umur. Tolong diperhatikan masalah pembayaran ini sangat riskan. Meskipun berjanji bakal ditangani dana dikembalikan segera cuma saya sangat kurang berkenan dengan komunikasi dari staffnya,3 tahun lalu,,,,Saoenk Cobek Samata,Google Maps,2026-05-14 20:17:28
ChdDSUhNMG9nS0VJQ0FnSUNHX3RPVmdBRRAB,zaza ridwan,5,"Tempat favorit saya ketika lapar melanda. Skrg Saoenk Cobek juga ada di Kabupaten Bone, lho 👍👏👏",Diedit 3 tahun lalu,5,5,5,Saoenk Cobek Samata,Google Maps,2026-05-14 20:17:58
ChdDSUhNMG9nS0VJQ0FnSURSbnN5NnBBRRAB,Nurul Rizka,5,,3 tahun lalu,4,4,5,Saoenk Cobek Samata,Google Maps,2026-05-14 20:17:58
ChdDSUhNMG9nS0VJQ0FnSURSOXFYZ2t3RRAB,Alfredo dragneel,1,"Tempat banyak Lalat, banyak kucing, pelayanan sungguh lama...
Makanan datang 1 per 1 dgn durasi sgt lama 15 menitan
Makanan semua dingin ketika datang...

Sangat mengecewakan, dn tidak berencana utk dtang kedua kali",3 tahun lalu,,,,Saoenk Cobek Samata,Google Maps,2026-05-14 20:17:58
ChdDSUhNMG9nS0VJQ0FnSURSbXBUbnRBRRAB,Hardianti anti,5,,3 tahun lalu,,,,Saoenk Cobek Samata,Google Maps,2026-05-14 20:17:58
ChdDSUhNMG9nS0VJQ0FnSURSNnMtSHlBRRAB,Aswira Janty,5,Pas untuk meet up atau reuni kecil2an. Tidak terganggu dengan keramaian karena gazebo terpisah dengan gazebo lainnya. Rekomendid. Semoga bisa dipertahankan.,3 tahun lalu,5,4,5,Saoenk Cobek Samata,Google Maps,2026-05-14 20:17:58
ChdDSUhNMG9nS0VJQ0FnSURSdkthdzFRRRAB,Reul Naufal,5,,3 tahun lalu,,,,Saoenk Cobek Samata,Google Maps,2026-05-14 20:17:58
ChZDSUhNMG9nS0VJQ0FnSURSM0tlWEhREAE,Muammar Paradipta,1,"Makanannya dibuat sangat lama, padahal sudah DP dan pesan makanannya via WA, 3 jam sebelum datang kesana👎👎👎",3 tahun lalu,3,1,3,Saoenk Cobek Samata,Google Maps,2026-05-14 20:17:58
ChdDSUhNMG9nS0VJQ0FnSURSNVB6THB3RRAB,Rahmat Pannyiwi,5,"Utk layanan, mungkin perlu di percepat lg tp ok lah",3 tahun lalu,,,,Saoenk Cobek Samata,Google Maps,2026-05-14 20:17:58
ChZDSUhNMG9nS0VJQ0FnSURSLU5TY2NnEAE,Syawal Fadrilul Fiqhi,5,,3 tahun lalu,,,,Saoenk Cobek Samata,Google Maps,2026-05-14 20:17:58
ChZDSUhNMG9nS0VJQ0FnSURSb04yaFNREAE,Andi Syari,5,"Ayamnya tidak juicy, menu udangnya kurang gurih dan kurang bumbu, perkedel jagungnya okelah... Butuh banyak improve dari segi rasa makanan 🙏",3 tahun lalu,3,4,4,Saoenk Cobek Samata,Google Maps,2026-05-14 20:17:58
ChZDSUhNMG9nS0VJQ0FnSURSZ05QZmRBEAE,sindy firdauzi,5,"Bagus tempatnya, makananya enak, cocok buat pertemuan keluarga, cuma ketika bukber kemaren saya kan baru datang dan makanan sudah siap di meja, itu hampir ada kucing yang makan makanannya😫 untungnya sy buru buru usir, tapi sebelum saya datang kan gatau yaak apa yg terjadi dgn kucing dan makanannya hhahahahaha 🤡",3 tahun lalu,4,4,5,Saoenk Cobek Samata,Google Maps,2026-05-14 20:18:28
ChdDSUhNMG9nS0VJQ0FnSUNSbjl1TWl3RRAB,A. Nirwana 80,5,,3 tahun lalu,5,5,5,Saoenk Cobek Samata,Google Maps,2026-05-14 20:18:28
ChZDSUhNMG9nS0VJQ0FnSUNSOTdiVktREAE,vincent,5,,3 tahun lalu,,,,Saoenk Cobek Samata,Google Maps,2026-05-14 20:18:28
ChdDSUhNMG9nS0VJQ0FnSUNSdV95czJnRRAB,Fera Iskandar,5,Suka dengan suasanax,3 tahun lalu,5,5,5,Saoenk Cobek Samata,Google Maps,2026-05-14 20:18:28
ChZDSUhNMG9nS0VJQ0FnSUNSdzZLSFRnEAE,Haidir Fatta,5,Tempatx nyaman dekat dari kota,3 tahun lalu,,,,Saoenk Cobek Samata,Google Maps,2026-05-14 20:18:28
ChZDSUhNMG9nS0VJQ0FnSUNSM2RyU1FnEAE,Camelia Nur,5,"suasana makan yg menyenangkan, bersih, rapi dan ramah pelayanannya",3 tahun lalu,5,5,5,Saoenk Cobek Samata,Google Maps,2026-05-14 20:18:28
ChZDSUhNMG9nS0VJQ0FnSUNSNmEyRUxBEAE,luth perkasa,5,,3 tahun lalu,,,,Saoenk Cobek Samata,Google Maps,2026-05-14 20:18:28
ChdDSUhNMG9nS0VJQ0FnSUNSMGV6bHV3RRAB,Ibnu Winardy,5,Lokasi Kavlingnya Strategis,3 tahun lalu,,5,,Saoenk Cobek Samata,Google Maps,2026-05-14 20:18:28
ChZDSUhNMG9nS0VJQ0FnSUNSa2F1bktnEAE,Shanty Novita,5,,3 tahun lalu,,,,Saoenk Cobek Samata,Google Maps,2026-05-14 20:18:28
ChZDSUhNMG9nS0VJQ0FnSUNSN3Z6eldBEAE,Pattiroi Patau,5,,3 tahun lalu,5,5,5,Saoenk Cobek Samata,Google Maps,2026-05-14 20:18:28
ChZDSUhNMG9nS0VJQ0FnSUNSenZXWmVREAE,Andi Bunga Tongeng,5,Menu beragam dan enak. Ada musholla yang cukup luas. Suasanya nyaman,3 tahun lalu,5,5,5,Saoenk Cobek Samata,Google Maps,2026-05-14 20:18:58
ChdDSUhNMG9nS0VJQ0FnSUNSeE1fWXp3RRAB,Wahyudin Latif,5,,3 tahun lalu,5,5,5,Saoenk Cobek Samata,Google Maps,2026-05-14 20:18:58
ChZDSUhNMG9nS0VJQ0FnSUNSeExpY1FnEAE,fredy goardy,5,,3 tahun lalu,5,5,5,Saoenk Cobek Samata,Google Maps,2026-05-14 20:18:58
ChdDSUhNMG9nS0VJQ0FnSUNSdUt5Nm1RRRAB,Muljono Damopolii,5,,3 tahun lalu,5,5,5,Saoenk Cobek Samata,Google Maps,2026-05-14 20:18:58
ChZDSUhNMG9nS0VJQ0FnSURoaDVIbVNREAE,Hillarius Sadewo,1,Kalo gak bisa pesan via grab silahkan di nonaktifkan,3 tahun lalu,,,,Saoenk Cobek Samata,Google Maps,2026-05-14 20:18:58
ChdDSUhNMG9nS0VJQ0FnSURoLTlMMzFRRRAB,Zulviani Ummu Afifah,1,Maasyaa Allah tempatnya bagus cocok untuk berkumpul dengan keluarga,3 tahun lalu,4,4,4,Saoenk Cobek Samata,Google Maps,2026-05-14 20:18:58
ChdDSUhNMG9nS0VJQ0FnSURoX1o2THJBRRAB,Fitri Azzahra,5,Sangat cocok untuk makan bersama keluarga besar dan menu yg tersedia juga cukup lengkap,3 tahun lalu,5,5,5,Saoenk Cobek Samata,Google Maps,2026-05-14 20:18:58
ChdDSUhNMG9nS0VJQ0FnSURoeU52b3RBRRAB,MUNAJAT AKBAR RACHMAN,5,,Diedit 3 tahun lalu,5,5,5,Saoenk Cobek Samata,Google Maps,2026-05-14 20:18:58
ChdDSUhNMG9nS0VJQ0FnSURoaG91SjdBRRAB,sugi hartono,5,,3 tahun lalu,5,5,5,Saoenk Cobek Samata,Google Maps,2026-05-14 20:18:58
ChZDSUhNMG9nS0VJQ0FnSURoaXNYTWVBEAE,L,5,,3 tahun lalu,5,5,5,Saoenk Cobek Samata,Google Maps,2026-05-14 20:18:58
ChdDSUhNMG9nS0VJQ0FnSURodktmazVBRRAB,yayat hidayat nur,5,"Bagus menu dan suasananya
Tpi wc kurang banyak, costumer antri lama hanya masalah Wc",3 tahun lalu,,,,Saoenk Cobek Samata,Google Maps,2026-05-14 20:19:28
ChZDSUhNMG9nS0VJQ0FnSURocUpHRUt3EAE,Insana Rauf,5,Ok. Bersih,3 tahun lalu,,,,Saoenk Cobek Samata,Google Maps,2026-05-14 20:19:28
ChZDSUhNMG9nS0VJQ0FnSUNoMjRmYUZ3EAE,Chaidir Nursan,5,,3 tahun lalu,,,,Saoenk Cobek Samata,Google Maps,2026-05-14 20:19:28
ChdDSUhNMG9nS0VJQ0FnSUNoaTdDM2l3RRAB,Syamsuhar Malik,5,,3 tahun lalu,5,5,5,Saoenk Cobek Samata,Google Maps,2026-05-14 20:19:28
ChdDSUhNMG9nS0VJQ0FnSUNoODd2VS13RRAB,Hiskiah Rappak,5,"Suasana mendukung, makanan enak, rebersi lebih cepat karna kadang ramai",3 tahun lalu,5,5,5,Saoenk Cobek Samata,Google Maps,2026-05-14 20:19:28
ChZDSUhNMG9nS0VJQ0FnSUNodlpPSUtBEAE,Muhammad (UPHYK),5,"Bismillah,,Sangat membantu menunjukkan titik lokasi Kavling kami.🙏 …",3 tahun lalu,,,,Saoenk Cobek Samata,Google Maps,2026-05-14 20:19:28
ChdDSUhNMG9nS0VJQ0FnSUNodHRubGdnRRAB,Muhlis Uhlis,5,,3 tahun lalu,5,5,5,Saoenk Cobek Samata,Google Maps,2026-05-14 20:19:28
ChdDSUhNMG9nS0VJQ0FnSUNobHVtUjRBRRAB,yurika rusli,5,,3 tahun lalu,5,5,5,Saoenk Cobek Samata,Google Maps,2026-05-14 20:19:28
ChZDSUhNMG9nS0VJQ0FnSUNoNHAzc0JnEAE,Octovianus Salipadang,5,"Tempat nya nyaman, bersih besar dan ada kolam ikannya dan sangat cocok untuk keluarga, untuk makanan terjangkau dan sangat recommended",3 tahun lalu,5,5,5,Saoenk Cobek Samata,Google Maps,2026-05-14 20:19:28
ChZDSUhNMG9nS0VJQ0FnSUNoNHQ3b1lnEAE,KLINIK UCI,5,Tempatnya cozy,3 tahun lalu,5,5,5,Saoenk Cobek Samata,Google Maps,2026-05-14 20:19:28
ChZDSUhNMG9nS0VJQ0FnSUNoaE9LRkpnEAE,Sandy Alaska08,4,,3 tahun lalu,,,,Saoenk Cobek Samata,Google Maps,2026-05-14 20:19:58
ChdDSUhNMG9nS0VJQ0FnSUNoaEx6d2hnRRAB,Muhammad Taufan,5,,3 tahun lalu,,,,Saoenk Cobek Samata,Google Maps,2026-05-14 20:19:58
ChZDSUhNMG9nS0VJQ0FnSURCMzhxY0xREAE,NURUL AZIZAH IMRAN,5,"Makanan : Banyak pilihan menu makanan yg enak.
Layanan : Yah standar pada umumnya tempat makan.
Suasananya cukup nyaman, outdoor lesehan adem tapi klo hujan lumayan bikin basah, dan yg perhatian adalah dikelilingi kolam ikan mas yg bisa d beri pakan yg di beli seharga 5k.
Fasilitas : Mushollah, wc umum, area main anak, spot foto, parkiran luas, dan kolam ikan.
Harga : Cukup mahal tapi sesuai dengan yg disajikan, sewajarnya.
Bisa reservasi untuk acara2 atau kumpul keluarga besar.",3 tahun lalu,5,5,5,Saoenk Cobek Samata,Google Maps,2026-05-14 20:19:58
ChdDSUhNMG9nS0VJQ0FnSURCcjRxU25BRRAB,Rezz,5,,3 tahun lalu,,,,Saoenk Cobek Samata,Google Maps,2026-05-14 20:19:58
ChZDSUhNMG9nS0VJQ0FnSURCMTZLS1FnEAE,Syahrani,1,"Tolong yang bagian layanan membungkus lebih gesit jngan lemot,masa sdh order jam 11 smpai dsna nunggu lgi 30 menit lebih,,parah nyita waktu bnget",3 tahun lalu,,1,,Saoenk Cobek Samata,Google Maps,2026-05-14 20:19:58
ChZDSUhNMG9nS0VJQ0FnSURCMi1UR2ZnEAE,Ojhis Buccu,5,Enak dan mantap semua menu,3 tahun lalu,4,4,4,Saoenk Cobek Samata,Google Maps,2026-05-14 20:19:58
ChdDSUhNMG9nS0VJQ0FnSURCbThXajVnRRAB,"bunda , Ros",5,Nyamangi,3 tahun lalu,5,5,5,Saoenk Cobek Samata,Google Maps,2026-05-14 20:19:58
ChdDSUhNMG9nS0VJQ0FnSURCZ1pDcGdBRRAB,Kawasan Agropolitan Maros,5,Luar biasa 👍,3 tahun lalu,5,5,5,Saoenk Cobek Samata,Google Maps,2026-05-14 20:19:58
ChZDSUhNMG9nS0VJQ0FnSURCbnZ2VE13EAE,Nur Jannah,5,,3 tahun lalu,,,,Saoenk Cobek Samata,Google Maps,2026-05-14 20:19:58
ChdDSUhNMG9nS0VJQ0FnSURCb29idm1BRRAB,Irna Bontoala,5,,3 tahun lalu,5,5,5,Saoenk Cobek Samata,Google Maps,2026-05-14 20:19:58
ChdDSUhNMG9nS0VJQ0FnSURCdUxYbl9BRRAB,Ihsan Ramadhan,5,,3 tahun lalu,,,,Saoenk Cobek Samata,Google Maps,2026-05-14 20:20:28
ChZDSUhNMG9nS0VJQ0FnSURCaU1MU0dBEAE,Ananda Cell,5,WA woowww... Mantaaaapp...,3 tahun lalu,,,,Saoenk Cobek Samata,Google Maps,2026-05-14 20:20:28
ChdDSUhNMG9nS0VJQ0FnSUNCdjUzWjZRRRAB,Akmal Enre,5,,3 tahun lalu,5,5,5,Saoenk Cobek Samata,Google Maps,2026-05-14 20:20:28
ChZDSUhNMG9nS0VJQ0FnSUNCbDhEd1NREAE,AIYA KENZEI,4,,Diedit 3 tahun lalu,4,4,4,Saoenk Cobek Samata,Google Maps,2026-05-14 20:20:28
ChdDSUhNMG9nS0VJQ0FnSUNCbTVhSHNBRRAB,Indra Jaya,1,Terlalu lama menunggu penyajian makanannya...lama menunggu makanan keluar...,3 tahun lalu,4,1,4,Saoenk Cobek Samata,Google Maps,2026-05-14 20:20:28
ChdDSUhNMG9nS0VJQ0FnSUNCczhPXzhBRRAB,rusuli JunusM,5,Baru kunjungan ke 2...👍,3 tahun lalu,5,5,5,Saoenk Cobek Samata,Google Maps,2026-05-14 20:20:28
ChZDSUhNMG9nS0VJQ0FnSUNCdmJUdUJnEAE,aang andi,4,"Rumah makan pinggir kota yang menyediakan berbagai menu makanan menarik. Konsep ruangnya terdiri dari bermacam gazebo untuk makan atau berkumpul bersama keluarga. Ada dua pilihan gazebo, ada yang kecil kapasitas empat hingga delapan orang dan gazebo besar kapasitas delapan hingga lima belas orang.",3 tahun lalu,4,4,4,Saoenk Cobek Samata,Google Maps,2026-05-14 20:20:28
ChZDSUhNMG9nS0VJQ0FnSUNCcmZDbERnEAE,Kakak Ullyk,1,Pelayanan lambat 2 jam nunggu baru di layani,3 tahun lalu,5,1,3,Saoenk Cobek Samata,Google Maps,2026-05-14 20:20:28
ChZDSUhNMG9nS0VJQ0FnSUNCemJlSVpnEAE,Afantri Jusuf,3,,3 tahun lalu,3,3,4,Saoenk Cobek Samata,Google Maps,2026-05-14 20:20:28
ChZDSUhNMG9nS0VJQ0FnSUNCbGZxb1NBEAE,syammi iap,5,Harga Standarlah.. Soal Rasa.. Enak Tawwa,3 tahun lalu,,,,Saoenk Cobek Samata,Google Maps,2026-05-14 20:20:28
ChZDSUhNMG9nS0VJQ0FnSUNCMmFPRlJ3EAE,Fadli Mubarak,4,,3 tahun lalu,5,5,3,Saoenk Cobek Samata,Google Maps,2026-05-14 20:20:59
ChZDSUhNMG9nS0VJQ0FnSUNCeWRyVk5nEAE,Hadi Prasetyo,5,"Tempat/suasana baik sederhana namun asyik adem..
Buat keluarga dan teman teman baik akan menyenagkan makan bareng disini..
Ada juga sensasi ngasih makan ikan di kolam
Karena kita ada di atas kolam 😁😁😁",3 tahun lalu,5,5,5,Saoenk Cobek Samata,Google Maps,2026-05-14 20:20:59
ChdDSUhNMG9nS0VJQ0FnSUNCMGQzQWd3RRAB,Hajar Only,5,Ada kolam ikan asyik tuk keluarga,3 tahun lalu,5,5,5,Saoenk Cobek Samata,Google Maps,2026-05-14 20:20:59
ChZDSUhNMG9nS0VJQ0FnSUNCNGZmdlVBEAE,Wawan Eriyanto,5,"Masakannya enak, sangat direkomendasikan..",3 tahun lalu,5,5,5,Saoenk Cobek Samata,Google Maps,2026-05-14 20:20:59
ChdDSUhNMG9nS0VJQ0FnSUNCcnBHMHh3RRAB,tangguh satrianto,5,,3 tahun lalu,5,5,5,Saoenk Cobek Samata,Google Maps,2026-05-14 20:20:59
ChdDSUhNMG9nS0VJQ0FnSUNCcnNLaXNRRRAB,Muh Iqra,5,,3 tahun lalu,,,,Saoenk Cobek Samata,Google Maps,2026-05-14 20:20:59
ChZDSUhNMG9nS0VJQ0FnSUNCanVURU13EAE,Andi Odha,4,Enak tawwa,3 tahun lalu,4,4,4,Saoenk Cobek Samata,Google Maps,2026-05-14 20:20:59
ChdDSUhNMG9nS0VJQ0FnSUNCMHFPOHpRRRAB,Usman Tahang,5,,3 tahun lalu,,,,Saoenk Cobek Samata,Google Maps,2026-05-14 20:20:59
ChdDSUhNMG9nS0VJQ0FnSUQtaDZHaF9RRRAB,risnawati idris,5,,Diedit 3 tahun lalu,5,5,4,Saoenk Cobek Samata,Google Maps,2026-05-14 20:20:59
ChZDSUhNMG9nS0VJQ0FnSUQtczdLQmZBEAE,Muhammad Tahnur Tahir,3,Mudah diakses,3 tahun lalu,4,4,4,Saoenk Cobek Samata,Google Maps,2026-05-14 20:20:59
ChZDSUhNMG9nS0VJQ0FnSUQtbzk3ZkZ3EAE,Dwidary Mulyaningrum,5,,3 tahun lalu,,,,Saoenk Cobek Samata,Google Maps,2026-05-14 20:21:29
ChZDSUhNMG9nS0VJQ0FnSUQtM2NmbEtBEAE,Jumiati 0911,5,,3 tahun lalu,,,,Saoenk Cobek Samata,Google Maps,2026-05-14 20:21:29
ChZDSUhNMG9nS0VJQ0FnSUQtdWV2M1hnEAE,Perie Bagoes Handoko,5,Tempat makan dengan suasana yang nyaman,3 tahun lalu,5,5,5,Saoenk Cobek Samata,Google Maps,2026-05-14 20:21:29
ChdDSUhNMG9nS0VJQ0FnSUQtNlluUi1nRRAB,Arief,5,,3 tahun lalu,5,5,5,Saoenk Cobek Samata,Google Maps,2026-05-14 20:21:29
ChdDSUhNMG9nS0VJQ0FnSUQtaHZ5MGpRRRAB,hamka hanafi,5,,Diedit 3 tahun lalu,5,5,5,Saoenk Cobek Samata,Google Maps,2026-05-14 20:21:29
ChZDSUhNMG9nS0VJQ0FnSUQtX3V5U0JnEAE,W. Eriyanto,5,"Makanan enak, rasanya enak.",3 tahun lalu,,,,Saoenk Cobek Samata,Google Maps,2026-05-14 20:21:29
ChdDSUhNMG9nS0VJQ0FnSUQtX3JqYmh3RRAB,Muh Asrandi,5,,3 tahun lalu,,,,Saoenk Cobek Samata,Google Maps,2026-05-14 20:21:29
ChZDSUhNMG9nS0VJQ0FnSUQtdHR2eEVBEAE,Yogie Pratiknyo,5,"1. Lokasi strategis.
2. Ikan bakar khas Makassar nya juara.
3. Udang telur asin nya uenak.
4. Affordable price.
5. Parkir luas.
6. Dekat musholla.",3 tahun lalu,5,5,5,Saoenk Cobek Samata,Google Maps,2026-05-14 20:21:29
ChdDSUhNMG9nS0VJQ0FnSUQtMHFLMzlRRRAB,AL Mujid Nawati,5,,3 tahun lalu,,,,Saoenk Cobek Samata,Google Maps,2026-05-14 20:21:29
ChZDSUhNMG9nS0VJQ0FnSUQtZ3NHR2Z3EAE,M H,5,"Enak sekali, terima kasih.",3 tahun lalu,5,5,5,Saoenk Cobek Samata,Google Maps,2026-05-14 20:21:29
ChZDSUhNMG9nS0VJQ0FnSUQtdk9QcWZnEAE,smallbites daily,5,"✅Semua menu makanan berat yang pernah saya coba di sini rasanya memuaskan, mulai dari ikan bakar, ikan palumara, udang, kerang, cumi, sampai sayur-sayuran.

❌Kecuali dessert/makanan dan minuman manisnya so-so, ehehe. Masih bisa dimaklumi, karena kelihatannya Saoenk Cobek memang spesialiasinya seafood, ya.

👍Paling pas ke sini malam, karena vibes saung yang teduh dikeliling kolam lebih terasa. Ada musalla di bagian luar, area parkir juga sangat lega.",3 tahun lalu,5,5,5,Saoenk Cobek Samata,Google Maps,2026-05-14 20:22:02
ChdDSUhNMG9nS0VJQ0FnSUQtN0t6NXBBRRAB,Ani Badawi,5,,3 tahun lalu,,,,Saoenk Cobek Samata,Google Maps,2026-05-14 20:22:02
ChZDSUhNMG9nS0VJQ0FnSUQtMUtiTFZBEAE,MUH Herman,5,,3 tahun lalu,,,,Saoenk Cobek Samata,Google Maps,2026-05-14 20:22:02
ChdDSUhNMG9nS0VJQ0FnSUMtcDhMbm5BRRAB,azran zailan,5,Enak lah,3 tahun lalu,5,5,5,Saoenk Cobek Samata,Google Maps,2026-05-14 20:22:02
ChdDSUhNMG9nS0VJQ0FnSUMteDV6Rml3RRAB,Fadlan Akbar,5,"Sangat istimewa menu2 nya.

Suasananya juga sangat indah berkesan.",3 tahun lalu,,,,Saoenk Cobek Samata,Google Maps,2026-05-14 20:22:02
ChZDSUhNMG9nS0VJQ0FnSUMtbTduUFN3EAE,Billy Regino Mardhy,5,Tempat makan seafood yang enak dan terjangkau di Makassar,3 tahun lalu,5,4,5,Saoenk Cobek Samata,Google Maps,2026-05-14 20:22:02
ChZDSUhNMG9nS0VJQ0FnSUMtNDkzQ0dREAE,Ahmad Muhammad,5,,3 tahun lalu,5,5,5,Saoenk Cobek Samata,Google Maps,2026-05-14 20:22:02
ChdDSUhNMG9nS0VJQ0FnSUMtclpfeXJnRRAB,Ali - Rusydi,4,,3 tahun lalu,,,,Saoenk Cobek Samata,Google Maps,2026-05-14 20:22:02
ChZDSUhNMG9nS0VJQ0FnSUMtemFELVZBEAE,olda budiman,3,,3 tahun lalu,3,4,4,Saoenk Cobek Samata,Google Maps,2026-05-14 20:22:02
ChdDSUhNMG9nS0VJQ0FnSUMtNGRlc25nRRAB,Edil Wijaya Nur,5,,3 tahun lalu,5,5,5,Saoenk Cobek Samata,Google Maps,2026-05-14 20:22:02
ChdDSUhNMG9nS0VJQ0FnSUMtdHJEajRBRRAB,Copral Choi,3,,3 tahun lalu,,,,Saoenk Cobek Samata,Google Maps,2026-05-14 20:22:35
ChZDSUhNMG9nS0VJQ0FnSUMtLW82dlpnEAE,salsabani kahfi,4,,3 tahun lalu,,,,Saoenk Cobek Samata,Google Maps,2026-05-14 20:22:35
ChZDSUhNMG9nS0VJQ0FnSUMteXEzRGFBEAE,Ria Anggriani,5,,3 tahun lalu,,,,Saoenk Cobek Samata,Google Maps,2026-05-14 20:22:35
ChdDSUhNMG9nS0VJQ0FnSUMtMHJuOW9nRRAB,Syahratu Annisa idris,5,,3 tahun lalu,,,,Saoenk Cobek Samata,Google Maps,2026-05-14 20:22:35
ChdDSUhNMG9nS0VJQ0FnSUMtZ3ZLVmxnRRAB,Astuti Asri,1,"Management tdk bagus, tdk ada koordinasi dan komunikasi. Kaptennya tdk tau mengkoordinir timnya dan tdk ada etika ke customer.",3 tahun lalu,,,,Saoenk Cobek Samata,Google Maps,2026-05-14 20:22:35
ChZDSUhNMG9nS0VJQ0FnSUMtOU52Z1VREAE,Azwar Sasman,5,,3 tahun lalu,5,5,5,Saoenk Cobek Samata,Google Maps,2026-05-14 20:22:35
ChZDSUhNMG9nS0VJQ0FnSUMtOU5HT1B3EAE,Nur Indah Sary Dinda,5,,3 tahun lalu,,,,Saoenk Cobek Samata,Google Maps,2026-05-14 20:22:35
ChdDSUhNMG9nS0VJQ0FnSUMtbUtfVzhnRRAB,Nurul Destianti,5,,3 tahun lalu,5,5,5,Saoenk Cobek Samata,Google Maps,2026-05-14 20:22:35
ChZDSUhNMG9nS0VJQ0FnSUMtbUp5ZU1BEAE,Sudirman Tare,5,"Makanannya enak2, sy pesan bandeng bakar rica parape, sayur cah kangkung toge, bebek palekko dan bebek goreng ( cmn ada miss... bebek goreng kami pesan 1 potong, nah yg dtg 1 ekor alhasil bayarnya jd bengkak). Recomanded.... TOP
Cuman sambelnya dikasinya sedikit",3 tahun lalu,5,4,4,Saoenk Cobek Samata,Google Maps,2026-05-14 20:22:35
ChdDSUhNMG9nS0VJQ0FnSUMtc01iaTd3RRAB,Nurul Kasih Insani,5,,3 tahun lalu,,,,Saoenk Cobek Samata,Google Maps,2026-05-14 20:22:35
ChZDSUhNMG9nS0VJQ0FnSUMta1B1YWNnEAE,Arumy Bakery,5,,3 tahun lalu,5,5,5,Saoenk Cobek Samata,Google Maps,2026-05-14 20:23:08
ChZDSUhNMG9nS0VJQ0FnSUMtd0xQZVBREAE,fadhil fathurrahman,5,,3 tahun lalu,5,5,5,Saoenk Cobek Samata,Google Maps,2026-05-14 20:23:08
ChZDSUhNMG9nS0VJQ0FnSURlbi02OUZnEAE,Testia,5,,3 tahun lalu,,,,Saoenk Cobek Samata,Google Maps,2026-05-14 20:23:08
ChZDSUhNMG9nS0VJQ0FnSURldWZmR0ZREAE,Abdi Gunawan Djafar,5,,3 tahun lalu,5,5,5,Saoenk Cobek Samata,Google Maps,2026-05-14 20:23:08
ChdDSUhNMG9nS0VJQ0FnSURlMlotZzd3RRAB,Khumaerah,4,"Tempatnya bagus, parkiran luas ada toilet dan tempat ibadah. Parkiran tolong diperhatikan lagi karena ada genangan air di tempat parkiran setelah hujan",3 tahun lalu,5,4,5,Saoenk Cobek Samata,Google Maps,2026-05-14 20:23:08
ChdDSUhNMG9nS0VJQ0FnSURlLXVEZ2lRRRAB,Naldie Martinus Saroinsong,5,,3 tahun lalu,,,,Saoenk Cobek Samata,Google Maps,2026-05-14 20:23:08
ChdDSUhNMG9nS0VJQ0FnSURldXRPNzFBRRAB,Alice Thomas,4,"Tempatnya oke. Makanannya juga enak enak. Ada yg agak over-priced jika membandingkan harga dengan porsinya. Pelayanannya bagus, ramah dan responnya cepat. Walaupun agak jauh dari pusat kota karena sudah masuk wilayah gowa tapi okelah buat kumpul dan makan akhir pekan.",3 tahun lalu,,,,Saoenk Cobek Samata,Google Maps,2026-05-14 20:23:08
ChZDSUhNMG9nS0VJQ0FnSURlZ3Zld2FnEAE,Vochalzaholic,5,"Cobain buncis salted egg nya, di jamin maknyuz",3 tahun lalu,,,,Saoenk Cobek Samata,Google Maps,2026-05-14 20:23:08
ChdDSUhNMG9nS0VJQ0FnSURlX0t6anpBRRAB,Rahmi Amie,5,,3 tahun lalu,,,,Saoenk Cobek Samata,Google Maps,2026-05-14 20:23:08
ChZDSUhNMG9nS0VJQ0FnSURlNktlZlF3EAE,agus masuri,3,,3 tahun lalu,,,,Saoenk Cobek Samata,Google Maps,2026-05-14 20:23:08
ChdDSUhNMG9nS0VJQ0FnSURlNkpHYXB3RRAB,Reena Izzati,5,,3 tahun lalu,,,,Saoenk Cobek Samata,Google Maps,2026-05-14 20:23:39
ChdDSUhNMG9nS0VJQ0FnSURlcU0tZWhBRRAB,Budi Arto,5,"Tempat luas, parkir teratur, suasana nyaman dan tenang. Menu variatif, lumayan cocok di lidah sy. Pelayanan ramah. Recommended 👍👍",3 tahun lalu,,,,Saoenk Cobek Samata,Google Maps,2026-05-14 20:23:39
ChZDSUhNMG9nS0VJQ0FnSURlOE1EaUFREAE,Muslimin Yunus Badaruzzaman,4,,3 tahun lalu,,,,Saoenk Cobek Samata,Google Maps,2026-05-14 20:23:39
ChZDSUhNMG9nS0VJQ0FnSUNlbC1Pb2ZnEAE,Jusnimanala Manala,5,Mantap,3 tahun lalu,,,,Saoenk Cobek Samata,Google Maps,2026-05-14 20:23:39
ChdDSUhNMG9nS0VJQ0FnSUNlNTdmU3B3RRAB,Yuliana Laino,3,"Pelayanannya sangat buruk,kemarin kami pesan ayam bakar madu tapi kami minta dadanya waktu kami pesan pelayan nya TDK bilang kalo dada kosong,terus pelayan kembali memberi tahu kami kalo dada kosong yg ada cuma paha karena berhubung sy TDK suka paha makanya sy mau ganti menu dgn menu mie kuah eh masa kita tdk boleh cancel nasi sama sayur kangkung mana ada orang makan mie kuah pake kangkung cah mana mie  kuahnya lagi sangat TDK recommended persis mie instan yg jadi pertanyaan sy masa dadanya habis sedangkan masih jam 12 siang dan sy lihat pelanggan disebelah kami yg lebih dulu kami yang datang di kasih dada ayam, sungguh pengalaman yg sangat menjengkelkan kapok datang kesitu lagi",3 tahun lalu,,,,Saoenk Cobek Samata,Google Maps,2026-05-14 20:23:39
ChdDSUhNMG9nS0VJQ0FnSUNlNTRmdzhRRRAB,fajar satria,5,,3 tahun lalu,,,,Saoenk Cobek Samata,Google Maps,2026-05-14 20:23:39
ChdDSUhNMG9nS0VJQ0FnSUNlLS1MRjNnRRAB,Chakofah,5,,3 tahun lalu,,,,Saoenk Cobek Samata,Google Maps,2026-05-14 20:23:39
ChdDSUhNMG9nS0VJQ0FnSUNlM1l5aWxBRRAB,ir wandi,5,Rumah makan yg sangat cocok dgn keluarga,3 tahun lalu,,,,Saoenk Cobek Samata,Google Maps,2026-05-14 20:23:39
ChZDSUhNMG9nS0VJQ0FnSURHak9hN1p3EAE,Agus Jaya Wuisan,4,"Restoran kecil, meskipun hidangannya cukup enak. Namun harganya agak mahal.",Diedit 3 tahun lalu,,,,Saoenk Cobek Samata,Google Maps,2026-05-14 20:23:39
ChdDSUhNMG9nS0VJQ0FnSUNlbmRpRV9BRRAB,Phy Andri Yani,5,,3 tahun lalu,,,,Saoenk Cobek Samata,Google Maps,2026-05-14 20:23:39
ChdDSUhNMG9nS0VJQ0FnSUNldGVlZDlBRRAB,Lhina Ijhal,5,Tempatnya asik untuk bersama keluarga,3 tahun lalu,,,,Saoenk Cobek Samata,Google Maps,2026-05-14 20:24:12
ChdDSUhNMG9nS0VJQ0FnSUNldGR1bWdRRRAB,Rha Joe,4,,3 tahun lalu,,,,Saoenk Cobek Samata,Google Maps,2026-05-14 20:24:12
ChZDSUhNMG9nS0VJQ0FnSUNlMGU3dGFREAE,Andi Fatryanto,5,,3 tahun lalu,,,,Saoenk Cobek Samata,Google Maps,2026-05-14 20:24:12
ChdDSUhNMG9nS0VJQ0FnSUNlNE5Ub3ZBRRAB,Sumarni MRM,5,,3 tahun lalu,,,,Saoenk Cobek Samata,Google Maps,2026-05-14 20:24:12
ChZDSUhNMG9nS0VJQ0FnSUR1NDR5eFFBEAE,muhammad faikal,1,,3 tahun lalu,,,,Saoenk Cobek Samata,Google Maps,2026-05-14 20:24:12
ChZDSUhNMG9nS0VJQ0FnSUR1bzRlc0RnEAE,hasan uddin,5,,3 tahun lalu,,,,Saoenk Cobek Samata,Google Maps,2026-05-14 20:24:12
ChdDSUhNMG9nS0VJQ0FnSUR1NWNLajRBRRAB,Shanty Octaviautami,5,"Makanannya enak sekali. Ada aneka ayam, daging, cumi, ikan, udang, kepiting, dll. Suasana nyaman sekali. Parkir luas. Ada ayunan untuk kiddos. Ada kolam ikannya. Pokoke haunjeeek. Bon apetite.",3 tahun lalu,,,,Saoenk Cobek Samata,Google Maps,2026-05-14 20:24:12
ChZDSUhNMG9nS0VJQ0FnSUR1cGMtbVVREAE,PAPA MUDA,5,,3 tahun lalu,,,,Saoenk Cobek Samata,Google Maps,2026-05-14 20:24:12
ChdDSUhNMG9nS0VJQ0FnSUR1eGFQUXZnRRAB,Aswar As,5,,3 tahun lalu,,,,Saoenk Cobek Samata,Google Maps,2026-05-14 20:24:12
ChdDSUhNMG9nS0VJQ0FnSUR1bWFDbDJnRRAB,Irwansyah Sukarana,5,,3 tahun lalu,,,,Saoenk Cobek Samata,Google Maps,2026-05-14 20:24:12
ChZDSUhNMG9nS0VJQ0FnSUR1NmJLTVdREAE,Alwi Mosaja,5,,3 tahun lalu,,,,Saoenk Cobek Samata,Google Maps,2026-05-14 20:24:45
ChZDSUhNMG9nS0VJQ0FnSUR1OGRITlJREAE,Hengki Rajaliu,5,Ikannya segar,3 tahun lalu,,,,Saoenk Cobek Samata,Google Maps,2026-05-14 20:24:45
ChdDSUhNMG9nS0VJQ0FnSUR1LXA2cndRRRAB,iksan Vagetoz,5,Tempat yg lumayan bagus dari segi lokasi sangat indah untuk makan bersama keluarga.,3 tahun lalu,,,,Saoenk Cobek Samata,Google Maps,2026-05-14 20:24:45
ChZDSUhNMG9nS0VJQ0FnSUR1c3ZxOGZBEAE,Angriyana S.Pd.,5,Menu recommended ... Pelayanan lumayan lah,3 tahun lalu,,,,Saoenk Cobek Samata,Google Maps,2026-05-14 20:24:45
ChZDSUhNMG9nS0VJQ0FnSUR1a3JldlZ3EAE,Yudha Arya Candra,5,"Pas kesini reservasi di awal sebab cukup banyak teman-teman yang ikut makan bareng di sini. Tambahan menu di luar reservasi masih bisa dilakukan dan alhamdulillah pesanan sesuau dan tidak salah, meaki pesennya bertambah terus.",3 tahun lalu,,,,Saoenk Cobek Samata,Google Maps,2026-05-14 20:24:45
ChdDSUhNMG9nS0VJQ0FnSUR1cktxNGtnRRAB,Ijha Sweet,5,Sangat memuaskan,3 tahun lalu,,,,Saoenk Cobek Samata,Google Maps,2026-05-14 20:24:45
ChdDSUhNMG9nS0VJQ0FnSUR1OU9lZTZ3RRAB,Asrianhy Andi Mappisangka,5,,3 tahun lalu,,,,Saoenk Cobek Samata,Google Maps,2026-05-14 20:24:45
ChZDSUhNMG9nS0VJQ0FnSUR1dVBXSlJBEAE,Arfan Laeke,3,,3 tahun lalu,,,,Saoenk Cobek Samata,Google Maps,2026-05-14 20:24:45
ChdDSUhNMG9nS0VJQ0FnSUR1MkllR2pBRRAB,"Heri Gunawan SE, CTT CBDS CAMP CFAP CPFI",5,,3 tahun lalu,,,,Saoenk Cobek Samata,Google Maps,2026-05-14 20:24:45
ChdDSUhNMG9nS0VJQ0FnSUR1MlBPVnpRRRAB,Wahyu S. Basri,5,,3 tahun lalu,,,,Saoenk Cobek Samata,Google Maps,2026-05-14 20:24:45
ChdDSUhNMG9nS0VJQ0FnSUR1cUtuQW53RRAB,Luqman Hakim Almakassariy,1,,3 tahun lalu,,,,Saoenk Cobek Samata,Google Maps,2026-05-14 20:25:03
ChZDSUhNMG9nS0VJQ0FnSUN1di16bEt3EAE,Fakhruddin Basir,5,"tempatnya nyaman, pelayanannya mantap",3 tahun lalu,,,,Saoenk Cobek Samata,Google Maps,2026-05-14 20:25:03
ChdDSUhNMG9nS0VJQ0FnSUN1ai15SGhnRRAB,MUKI TALK,4,Tempatnya keren,3 tahun lalu,,,,Saoenk Cobek Samata,Google Maps,2026-05-14 20:25:03
ChdDSUhNMG9nS0VJQ0FnSUN1bTZLZ29nRRAB,andhie alamsyah,4,"Untuk parkiran cukup luas , makanan bolehlah",3 tahun lalu,,,,Saoenk Cobek Samata,Google Maps,2026-05-14 20:25:03
ChdDSUhNMG9nS0VJQ0FnSUNtZ3ZxdGlRRRAB,Dian Islamiyah,5,"Bagus banget woeee. Rekomendet bnget di tengah2 daerah yang padat ada spot makan yang lumayan terjangkau dan enakkk. dengan segala fasilitasnya. Nyaman, adem, ikan2x cantik, bersih, karyawannya ramah dan gercep. Mantap lah pokonya..",Diedit 3 tahun lalu,,,,Saoenk Cobek Samata,Google Maps,2026-05-14 20:25:03
ChdDSUhNMG9nS0VJQ0FnSUN1OVlMV3JRRRAB,Indra Gunawan,5,Aali manis dengan ikan.,3 tahun lalu,,,,Saoenk Cobek Samata,Google Maps,2026-05-14 20:25:03
ChdDSUhNMG9nS0VJQ0FnSUN1NWIyaXFRRRAB,Ridwan Rauf,5,,3 tahun lalu,,,,Saoenk Cobek Samata,Google Maps,2026-05-14 20:25:03
ChZDSUhNMG9nS0VJQ0FnSUN1bVlmeEtnEAE,Alna Setiawan Amdat,5,Recommended tenpatnya..,3 tahun lalu,,,,Saoenk Cobek Samata,Google Maps,2026-05-14 20:25:03
ChdDSUhNMG9nS0VJQ0FnSUN1dm9ldGt3RRAB,Oei Herman,4,Suasana santai n live music daerah Gowa sulsel,3 tahun lalu,,,,Saoenk Cobek Samata,Google Maps,2026-05-14 20:25:03
ChZDSUhNMG9nS0VJQ0FnSUN1b2ZqVlpnEAE,F Falah,5,"Makan sambil menikmati suasana kolam ikan , makan ikan sambil kasi makan ikan",3 tahun lalu,,,,Saoenk Cobek Samata,Google Maps,2026-05-14 20:25:03
ChZDSUhNMG9nS0VJQ0FnSUN1cHR5VVJnEAE,Dhian Mariska,5,,3 tahun lalu,,,,Saoenk Cobek Samata,Google Maps,2026-05-14 20:25:36
ChdDSUhNMG9nS0VJQ0FnSUN1dXYyTHpRRRAB,Alamsyah Ahmad,5,Bagus,3 tahun lalu,,,,Saoenk Cobek Samata,Google Maps,2026-05-14 20:25:36
ChZDSUhNMG9nS0VJQ0FnSUN1bXNhZUtnEAE,Muhyardan Muhtadi,5,,3 tahun lalu,,,,Saoenk Cobek Samata,Google Maps,2026-05-14 20:25:36
ChdDSUhNMG9nS0VJQ0FnSUN1bXJycTBnRRAB,AHMAD 02,5,,3 tahun lalu,,,,Saoenk Cobek Samata,Google Maps,2026-05-14 20:25:36
ChZDSUhNMG9nS0VJQ0FnSUN1bXRxUVdnEAE,Hamsar assalamualaikum,5,,3 tahun lalu,,,,Saoenk Cobek Samata,Google Maps,2026-05-14 20:25:36
ChZDSUhNMG9nS0VJQ0FnSUN1bXFLa0h3EAE,Nyamuk Bhawel,5,,3 tahun lalu,,,,Saoenk Cobek Samata,Google Maps,2026-05-14 20:25:36
ChZDSUhNMG9nS0VJQ0FnSUN1c3BXMkVBEAE,Usman Tahang,5,Makanannya sangat enak dengan susana yang sangat mendulung,3 tahun lalu,,,,Saoenk Cobek Samata,Google Maps,2026-05-14 20:25:36
ChdDSUhNMG9nS0VJQ0FnSUN1cElyWjNRRRAB,Almiana Sari,5,"Makanannya enak, tempatnya nyaman. Cocok utk makan bersama keluarga besar.",3 tahun lalu,,,,Saoenk Cobek Samata,Google Maps,2026-05-14 20:25:36
ChdDSUhNMG9nS0VJQ0FnSUN1aFAyTXBBRRAB,Explore With me,5,"Makanan dan minuman beragam, penyajian makanannya bisa dicustom, harga cukup terjangkau dan pelayanannya ramah",3 tahun lalu,,,,Saoenk Cobek Samata,Google Maps,2026-05-14 20:25:36
ChZDSUhNMG9nS0VJQ0FnSUN1LU5lWU9nEAE,Nila Sari,5,,3 tahun lalu,,,,Saoenk Cobek Samata,Google Maps,2026-05-14 20:25:36
ChZDSUhNMG9nS0VJQ0FnSURPejhESFV3EAE,Oei Herman,4,Suasana santai live misic n buka sampai 22.00 wita,3 tahun lalu,,,,Saoenk Cobek Samata,Google Maps,2026-05-14 20:26:09
ChZDSUhNMG9nS0VJQ0FnSURPMV9UYUZREAE,Retno Puspaningtyas,5,"Tempatnya nyaman, pelayanan sangat baik dan ramah 👍👍 makanannya enak.. good service, good food..👌",3 tahun lalu,,,,Saoenk Cobek Samata,Google Maps,2026-05-14 20:26:09
ChZDSUhNMG9nS0VJQ0FnSURPLTVpeVJnEAE,Surya Anti,5,,3 tahun lalu,,,,Saoenk Cobek Samata,Google Maps,2026-05-14 20:26:09
ChZDSUhNMG9nS0VJQ0FnSURPMlk2Z2FBEAE,Silent Crow,5,,3 tahun lalu,,,,Saoenk Cobek Samata,Google Maps,2026-05-14 20:26:09
ChZDSUhNMG9nS0VJQ0FnSURPbWFmUEd3EAE,Muh Ma'sum Mulyoto,4,"Tempatnya bagus, bersih, ada kolam² ikannya, pelayanannya bagus, jumlah karyawan yang banyak sangat dimaksimalkan. Rasa ikan bakarnya enak. Parkiran mobil cukup bagus, disarankan makan di situ di jam makan siang ke atas yakni jam 12 ke atas agar dapat menghindari matahari. Minusnya ada di harganya yang tergolong premium, saya makan berdua keluar sampai 200rb lebih Harganya premium. Jadi manfaatkan dengan baik informasi ini, hehe",3 tahun lalu,,,,Saoenk Cobek Samata,Google Maps,2026-05-14 20:26:09
ChZDSUhNMG9nS0VJQ0FnSURPOFppSUpBEAE,Rizka A'yuna Fuadiyah,1,"Sisik ikan bkr nya ga dibuang😭 mohon maaf lebih baik dikonfirmasi aturan pemesanannya secara detail pilihan2nya, saya merasa kurang worth it dg harga segitu dan harus pisahkn sisik ikan satu persatu sehingga kurg menikmati mknn nya",3 tahun lalu,,,,Saoenk Cobek Samata,Google Maps,2026-05-14 20:26:09
ChdDSUhNMG9nS0VJQ0FnSUMyOG96ZmpRRRAB,Sudaryanto Fisio,5,Enak ikan dan seafoodnya,Diedit 3 tahun lalu,,,,Saoenk Cobek Samata,Google Maps,2026-05-14 20:26:09
ChZDSUhNMG9nS0VJQ0FnSURPdm9ieE5REAE,Acd Vv,5,Bebek palekko nya eeeenaaaakk. Nasi putihnya pulen. Tempat nya nyaman 😍 …,3 tahun lalu,,,,Saoenk Cobek Samata,Google Maps,2026-05-14 20:26:09
ChZDSUhNMG9nS0VJQ0FnSURPN3ZHbE1BEAE,Repli Arsix,5,"Mudah dijangkau dan tempatnya adem.
Sangat cocok untuk acara keluarga dan arisan",3 tahun lalu,,,,Saoenk Cobek Samata,Google Maps,2026-05-14 20:26:09
ChZDSUhNMG9nS0VJQ0FnSURPcHZUSFRREAE,kurniawan H,5,Pokoknya recommended..,3 tahun lalu,,,,Saoenk Cobek Samata,Google Maps,2026-05-14 20:26:09
ChdDSUhNMG9nS0VJQ0FnSURPcG9DcXpnRRAB,Rumpoko Setyo,5,,3 tahun lalu,,,,Saoenk Cobek Samata,Google Maps,2026-05-14 20:26:42
ChdDSUhNMG9nS0VJQ0FnSUNHNnBTcTNnRRAB,Arnold Soen,5,"Rasa mantap, harga terjangkau, tempat teduh, pelayanan ramah, banyak ikan koi untk memancing perhatian anak dan menambah keharmonisan suasana,..👍👍👍pasti dtng lg",Diedit 3 tahun lalu,,,,Saoenk Cobek Samata,Google Maps,2026-05-14 20:26:42
ChdDSUhNMG9nS0VJQ0FnSURPeFBQdzBnRRAB,Abi Almubaraq,5,,3 tahun lalu,,,,Saoenk Cobek Samata,Google Maps,2026-05-14 20:26:42
ChZDSUhNMG9nS0VJQ0FnSURPa1AzX2R3EAE,Tina Hastuti Zulkarnain,5,,3 tahun lalu,,,,Saoenk Cobek Samata,Google Maps,2026-05-14 20:26:42
ChdDSUhNMG9nS0VJQ0FnSURPb01xTDVBRRAB,Nirlasari Tasrief,5,2x kesini lumayan tidak mengecewakan,3 tahun lalu,,,,Saoenk Cobek Samata,Google Maps,2026-05-14 20:26:42
ChZDSUhNMG9nS0VJQ0FnSURPZ09yQ1BnEAE,Bismo,5,,3 tahun lalu,,,,Saoenk Cobek Samata,Google Maps,2026-05-14 20:26:42
ChdDSUhNMG9nS0VJQ0FnSUNPejlMc3JnRRAB,una tatan,5,,3 tahun lalu,,,,Saoenk Cobek Samata,Google Maps,2026-05-14 20:26:42
ChZDSUhNMG9nS0VJQ0FnSUNPMDRlUWZBEAE,Rizal Hasma,5,,3 tahun lalu,,,,Saoenk Cobek Samata,Google Maps,2026-05-14 20:26:42
ChZDSUhNMG9nS0VJQ0FnSUNPMC1MZWRnEAE,St.ibrah Mustafa Kamal,4,"Pelayanann *****
Makanan **** (otak-otak bakar ***, Sayurnya *****, ayam ***, udang*****, sambel ****, ikan****)
Minuman *** (Es Jeruk, Es Kelapa dan Es teh yang sy pesan)
Parkiran **** (bayar parkir)

Ada ruangan VIP ber AC d lantai 2, cocok untuk meeting juga.. bisa smpe15-20org..

Lantai 1, saung ada yg besar dan ada yg ukuran kecil.. walau di pinggir jalan, suasananya nyaman untuk makan bersama kolega dan keluarga.",3 tahun lalu,,,,Saoenk Cobek Samata,Google Maps,2026-05-14 20:26:42
ChZDSUhNMG9nS0VJQ0FnSUNPemR5akFREAE,Ajeng Djoeddawi,4,,3 tahun lalu,,,,Saoenk Cobek Samata,Google Maps,2026-05-14 20:26:42
ChdDSUhNMG9nS0VJQ0FnSUNPbWNHdGpBRRAB,Muarief Darmawan,5,,3 tahun lalu,,,,Saoenk Cobek Samata,Google Maps,2026-05-14 20:27:15
ChdDSUhNMG9nS0VJQ0FnSUNPc0x5SXF3RRAB,Haslindah Said,4,,3 tahun lalu,,,,Saoenk Cobek Samata,Google Maps,2026-05-14 20:27:15
ChdDSUhNMG9nS0VJQ0FnSUNPa09YN2t3RRAB,Alinda Hamdiana,5,,3 tahun lalu,,,,Saoenk Cobek Samata,Google Maps,2026-05-14 20:27:15
ChZDSUhNMG9nS0VJQ0FnSUNPb0xxQ1VnEAE,Sary Annisa,5,,3 tahun lalu,,,,Saoenk Cobek Samata,Google Maps,2026-05-14 20:27:15
ChZDSUhNMG9nS0VJQ0FnSUQydTlyOFVnEAE,Nurbaety Samsul,4,Suka dengan otak-otaknya,3 tahun lalu,,,,Saoenk Cobek Samata,Google Maps,2026-05-14 20:27:15
ChdDSUhNMG9nS0VJQ0FnSUQyamF5Vnh3RRAB,faraz baby,5,,3 tahun lalu,,,,Saoenk Cobek Samata,Google Maps,2026-05-14 20:27:15
ChZDSUhNMG9nS0VJQ0FnSUQyc2U2Y1p3EAE,Andi Cici Amalia,3,"Resto ini terletak agak jauh dari perkotaan Makassar.  Suasannya cukup menenangkan. Tersedia indoor dan outdoor. Harga makanannya cukup terjangkau. Cocok untuk arisan, acara keluarga atau lainnya.",3 tahun lalu,,,,Saoenk Cobek Samata,Google Maps,2026-05-14 20:27:15
ChZDSUhNMG9nS0VJQ0FnSUQya2Z6WGNnEAE,Irmha Saharuddin,5,,3 tahun lalu,,,,Saoenk Cobek Samata,Google Maps,2026-05-14 20:27:15
ChZDSUhNMG9nS0VJQ0FnSUQyb1p1cExREAE,Real,4,Racca mangganya luar biasa,3 tahun lalu,,,,Saoenk Cobek Samata,Google Maps,2026-05-14 20:27:15
ChdDSUhNMG9nS0VJQ0FnSUQybm9TQ2x3RRAB,Sri Astuti,5,,3 tahun lalu,,,,Saoenk Cobek Samata,Google Maps,2026-05-14 20:27:15
ChdDSUhNMG9nS0VJQ0FnSUQyN3RTTndRRRAB,sunarto randa,5,Tempatnya sejuk khusus ut no 12,3 tahun lalu,,,,Saoenk Cobek Samata,Google Maps,2026-05-14 20:27:33
ChZDSUhNMG9nS0VJQ0FnSUQyenU3WlZnEAE,Ashari Masse,5,,3 tahun lalu,,,,Saoenk Cobek Samata,Google Maps,2026-05-14 20:27:33
ChdDSUhNMG9nS0VJQ0FnSUQyaG9tdF9nRRAB,rachma tya,5,,4 tahun lalu,,,,Saoenk Cobek Samata,Google Maps,2026-05-14 20:27:33
ChZDSUhNMG9nS0VJQ0FnSUQybXQycUtnEAE,vivi juwita,5,Enak sambelnya jg enak 😍😍 …,4 tahun lalu,,,,Saoenk Cobek Samata,Google Maps,2026-05-14 20:27:33
ChZDSUhNMG9nS0VJQ0FnSUQyNnZMWUR3EAE,Nur Azizah Amiluddin,3,,4 tahun lalu,,,,Saoenk Cobek Samata,Google Maps,2026-05-14 20:27:33
ChdDSUhNMG9nS0VJQ0FnSUQyeXJ6SjdBRRAB,Riesta P Prince,5,,4 tahun lalu,,,,Saoenk Cobek Samata,Google Maps,2026-05-14 20:27:33
ChZDSUhNMG9nS0VJQ0FnSUQya3ZLUGNnEAE,Anto Ahmad,5,,4 tahun lalu,,,,Saoenk Cobek Samata,Google Maps,2026-05-14 20:27:33
ChdDSUhNMG9nS0VJQ0FnSUQydElqTXZRRRAB,Kania Anastasya Nurlita Utami A,5,,4 tahun lalu,,,,Saoenk Cobek Samata,Google Maps,2026-05-14 20:27:33
ChZDSUhNMG9nS0VJQ0FnSUQyeEtmU1NBEAE,Tim Wiwin,5,Pilihan menu nya beragam,4 tahun lalu,,,,Saoenk Cobek Samata,Google Maps,2026-05-14 20:27:33
ChZDSUhNMG9nS0VJQ0FnSUQyLU1yOUJREAE,Whien Celebes,3,"Cukup bagus t4x, suasana Desa dlm Kota",4 tahun lalu,,,,Saoenk Cobek Samata,Google Maps,2026-05-14 20:27:33
ChdDSUhNMG9nS0VJQ0FnSUQyc0lmZGxRRRAB,Wawha Ide,1,T4 makan tdk rekomended. Pelayanan asli lama. Percuma di beri bell di setiap t4. Tp tdk di gubris. Parah,4 tahun lalu,,,,Saoenk Cobek Samata,Google Maps,2026-05-14 20:28:07
ChZDSUhNMG9nS0VJQ0FnSUQyd0pySmVREAE,Jacky Gojek,5,Tempat yg asiek buat nongkrong..,4 tahun lalu,,,,Saoenk Cobek Samata,Google Maps,2026-05-14 20:28:07
ChZDSUhNMG9nS0VJQ0FnSUMybDl2N01BEAE,Theo Gasong,4,,4 tahun lalu,,,,Saoenk Cobek Samata,Google Maps,2026-05-14 20:28:07
ChdDSUhNMG9nS0VJQ0FnSUMyZzVqNXhRRRAB,Nur wirawati,5,,4 tahun lalu,,,,Saoenk Cobek Samata,Google Maps,2026-05-14 20:28:07
ChZDSUhNMG9nS0VJQ0FnSUMyalp1MGNBEAE,ibnu azaim,4,"Woowww tempatnya keren, parkiran cukup luas. Lebih baik reservasi sebelum kesini selalu full soalnya hihi",4 tahun lalu,,,,Saoenk Cobek Samata,Google Maps,2026-05-14 20:28:07
ChdDSUhNMG9nS0VJQ0FnSUMyMmIyMXVBRRAB,Mony Muchtar,5,,4 tahun lalu,,,,Saoenk Cobek Samata,Google Maps,2026-05-14 20:28:07
ChdDSUhNMG9nS0VJQ0FnSUMyNlp1MXVBRRAB,Asgaf dc,5,"Mantap, suasana out door. Maknyus makanannya",4 tahun lalu,,,,Saoenk Cobek Samata,Google Maps,2026-05-14 20:28:07
ChdDSUhNMG9nS0VJQ0FnSUMyeVpEVjBBRRAB,Soo 12,5,,4 tahun lalu,,,,Saoenk Cobek Samata,Google Maps,2026-05-14 20:28:07
ChZDSUhNMG9nS0VJQ0FnSUMya2JMRVZBEAE,Us Suwarjans,4,"Tempat luas, pelayanan nya bagus,,makanan lumayan, over all nice place",4 tahun lalu,,,,Saoenk Cobek Samata,Google Maps,2026-05-14 20:28:07
ChdDSUhNMG9nS0VJQ0FnSUMyM3EzX2tRRRAB,Reni Novrianti,4,Asin nasi gorengnya..,4 tahun lalu,,,,Saoenk Cobek Samata,Google Maps,2026-05-14 20:28:07
ChZDSUhNMG9nS0VJQ0FnSUMyOW91MU5BEAE,Rezky Amalia Hamka,5,,4 tahun lalu,,,,Saoenk Cobek Samata,Google Maps,2026-05-14 20:28:40
ChZDSUhNMG9nS0VJQ0FnSUMydHV5R1N3EAE,Rio antonio Jacob,5,Tempat yang bagus untuk makan malam atau makan siang bersama keluarga,4 tahun lalu,,,,Saoenk Cobek Samata,Google Maps,2026-05-14 20:28:40
ChZDSUhNMG9nS0VJQ0FnSUMyeG9XeFF3EAE,Ekbess Wulandari,5,Makanannya enak terutama udang saos asam manis,4 tahun lalu,,,,Saoenk Cobek Samata,Google Maps,2026-05-14 20:28:40
ChZDSUhNMG9nS0VJQ0FnSUMydlBLTld3EAE,Wahyuni Uni,5,"Rumah makan yg memiliki beberapa saung yg cocok buat ngumpul sama keluarga, teman, sahabat, dan pelayan yg ramah dan lumayan cepat penyajian makanannya...
Dan juga saung dikelilingi kolam ikan yg menambah nuansa kekeluargaan di tempat makan ini...",4 tahun lalu,,,,Saoenk Cobek Samata,Google Maps,2026-05-14 20:28:40
ChdDSUhNMG9nS0VJQ0FnSUM2dU0zVXZRRRAB,Anto Taurus,5,Mantap makanannya,Diedit 4 tahun lalu,,,,Saoenk Cobek Samata,Google Maps,2026-05-14 20:28:40
ChZDSUhNMG9nS0VJQ0FnSUMyelA3RVRBEAE,Alea Aish,5,"Tempatnya bagus, pas buat ngumpul keluarga",4 tahun lalu,,,,Saoenk Cobek Samata,Google Maps,2026-05-14 20:28:40
ChZDSUhNMG9nS0VJQ0FnSUMyOE5fUFhREAE,erwin syah,4,,4 tahun lalu,,,,Saoenk Cobek Samata,Google Maps,2026-05-14 20:28:40
ChdDSUhNMG9nS0VJQ0FnSUNLX2F1LW1RRRAB,Zainuddin,5,Buka puasa😄😃👍👍👍 …,Diedit 4 tahun lalu,,,,Saoenk Cobek Samata,Google Maps,2026-05-14 20:28:40
ChdDSUhNMG9nS0VJQ0FnSUMyNElhTTRBRRAB,Fitriani vivi,5,,4 tahun lalu,,,,Saoenk Cobek Samata,Google Maps,2026-05-14 20:28:40
ChZDSUhNMG9nS0VJQ0FnSURXM19yX0ZREAE,Marlina Lina,5,Mantafffffff,4 tahun lalu,,,,Saoenk Cobek Samata,Google Maps,2026-05-14 20:28:40
ChdDSUhNMG9nS0VJQ0FnSURXOTR1bzhBRRAB,M Kahar A Palinrungi,5,,4 tahun lalu,,,,Saoenk Cobek Samata,Google Maps,2026-05-14 20:29:13
ChZDSUhNMG9nS0VJQ0FnSURXdF91bFN3EAE,Ceviks Iglesiaz,4,,4 tahun lalu,,,,Saoenk Cobek Samata,Google Maps,2026-05-14 20:29:13
ChZDSUhNMG9nS0VJQ0FnSURXbTVYd0h3EAE,Nurul Fadhilah IA,4,"- Tempat : Sangat nyaman di setiap gazebonya. Masing-masing gazebo di lengkapi dengan wastafel dan penghawaan buatan (kipas angin). Sangat cocok dijadikan tempat makan keluarga, rekan kerja bahkan kegiatan rapat maupun arisan. Lumayan sejuk dengan penerapan konsep open space. Mata juga di terapi dengan pemandangan kolam ikan di samping Gazebo. Cukup membeli pakan ikan seharga Rp.5.000 sudah bisa menyenangkan anak-anak agar tidak mudah bosan. Di lantai 2 juga ada area makan yang lebih modern

- Pelayanan : Sebaiknya lakukan reservasi lebih dahulu untuk menghindari jamuan makanan yang lebih lama dan ketersediaan tempat. Pelayannya ramah-ramah dan gesit.

- Harga : Lumayan mahal. Jika datang berombongan, sebaiknya memesan menu paket agar lebih hemat.

- Rasa : Bagi saya yang pertama kali makan di sini, paling suka ikan bakar parape rica, udang saus telur asin, capcay kuah, dan pallumara.

- Free Parkir

- Free Es batu (jika minta)

*Saran :
1. Menu pelengkap ikan bakarnya seperti sambel bisa ditambah lebih banyak
2. Untuk ukuran botol minuman mineral menu paket sebaiknya di up ukurannya 😂 soalnya cepat habis.",4 tahun lalu,,,,Saoenk Cobek Samata,Google Maps,2026-05-14 20:29:13
ChZDSUhNMG9nS0VJQ0FnSURXMDhHS09REAE,ASRUL MUSTAFAGANI,5,Asik Ada kolom ikannya,4 tahun lalu,,,,Saoenk Cobek Samata,Google Maps,2026-05-14 20:29:13
ChdDSUhNMG9nS0VJQ0FnSURXbzhEcGtnRRAB,Asnandar Abubakar,5,Tempat yang nyaman untuk bersantai atau bertemu kolega (kerabat). Makanannya enak dengan menu yg bervariasi. Harga bersaing.,4 tahun lalu,,,,Saoenk Cobek Samata,Google Maps,2026-05-14 20:29:13
ChZDSUhNMG9nS0VJQ0FnSURXZzhhZEhnEAE,Firman Tapak,4,,4 tahun lalu,,,,Saoenk Cobek Samata,Google Maps,2026-05-14 20:29:13
ChdDSUhNMG9nS0VJQ0FnSURXM2VUN3JnRRAB,hadani khairun,5,"Lokasi cukup strategis,nyaman...menux enak...ke depanx semoga t4x bisa di perluas & pelayananx lbh di maksimalkan dari segi penyiapan makananx...",4 tahun lalu,,,,Saoenk Cobek Samata,Google Maps,2026-05-14 20:29:13
ChdDSUhNMG9nS0VJQ0FnSURXMWFTMXZRRRAB,Nirwana Rahman,5,,4 tahun lalu,,,,Saoenk Cobek Samata,Google Maps,2026-05-14 20:29:13
ChZDSUhNMG9nS0VJQ0FnSURXbGVmbU9REAE,muhaiminun a.syahrir,5,,4 tahun lalu,,,,Saoenk Cobek Samata,Google Maps,2026-05-14 20:29:13
ChZDSUhNMG9nS0VJQ0FnSURXbGZ5ZGNnEAE,Lisa Mery,5,"Untuk yang mau makan bersama keluarga, Kolega dan Sahabat bisa datang ke Soenk Cobek, dkt perempatan menuju Kampus UIN Samata...
Hidangannya enak, ada pilihan Ikan Masak Woku, Ikan Bakar Parape, dan aneka sayur dan juice...enak...",4 tahun lalu,,,,Saoenk Cobek Samata,Google Maps,2026-05-14 20:29:13
ChdDSUhNMG9nS0VJQ0FnSURXNWQyWm1RRRAB,Thoriq Andi,2,,4 tahun lalu,,,,Saoenk Cobek Samata,Google Maps,2026-05-14 20:29:46
ChZDSUhNMG9nS0VJQ0FnSURXNmJtS2J3EAE,Risma,5,,4 tahun lalu,,,,Saoenk Cobek Samata,Google Maps,2026-05-14 20:29:46
ChZDSUhNMG9nS0VJQ0FnSURXNmJiRVl3EAE,Fitriani Karyadi,5,"Tempatx nyaman , menux oke , pelayananx the best",4 tahun lalu,,,,Saoenk Cobek Samata,Google Maps,2026-05-14 20:29:46
ChZDSUhNMG9nS0VJQ0FnSURXNmNMLWRBEAE,adhe rsh,4,,4 tahun lalu,,,,Saoenk Cobek Samata,Google Maps,2026-05-14 20:29:46
ChdDSUhNMG9nS0VJQ0FnSURxOTlpbTB3RRAB,Ekafadly Jusuf,5,Best food dan rasa yg konsisten,Diedit 4 tahun lalu,,,,Saoenk Cobek Samata,Google Maps,2026-05-14 20:29:46
ChdDSUhNMG9nS0VJQ0FnSURXb1o2ODFnRRAB,Samii smakcy,5,"Tempat nya bagus, makanannya enak, dan bersih",4 tahun lalu,,,,Saoenk Cobek Samata,Google Maps,2026-05-14 20:29:46
ChdDSUhNMG9nS0VJQ0FnSURXNXFlQ3F3RRAB,Muhfida Hasyim,4,,4 tahun lalu,,,,Saoenk Cobek Samata,Google Maps,2026-05-14 20:29:46
ChZDSUhNMG9nS0VJQ0FnSURXbXFlWVRBEAE,Syafran Daeng Romo,4,boleh lah,4 tahun lalu,,,,Saoenk Cobek Samata,Google Maps,2026-05-14 20:29:46
ChdDSUhNMG9nS0VJQ0FnSURXc3FHd3pBRRAB,sabar muhammad,5,,4 tahun lalu,,,,Saoenk Cobek Samata,Google Maps,2026-05-14 20:29:46
ChZDSUhNMG9nS0VJQ0FnSURXc3VqUFJBEAE,Ardiansyah Ardiansyah,4,,4 tahun lalu,,,,Saoenk Cobek Samata,Google Maps,2026-05-14 20:29:46
ChZDSUhNMG9nS0VJQ0FnSURXMHR2c1R3EAE,Agus Salim,4,"Tempat Ok, ramai dan ramah..",4 tahun lalu,,,,Saoenk Cobek Samata,Google Maps,2026-05-14 20:30:20
ChdDSUhNMG9nS0VJQ0FnSURXbEthUmtnRRAB,Neni Umar,4,,4 tahun lalu,,,,Saoenk Cobek Samata,Google Maps,2026-05-14 20:30:20
ChdDSUhNMG9nS0VJQ0FnSURXNVB6by1nRRAB,Kakak Adik,1,"Makanannya rasanya kurang enak
1.pesan ikan baronang parape (ikannya masih amis banget, rasanya jg anehh, gak kayak resto lainnya yg menyajikan menu yg sama). Ikan kecil banget 95.000 (di Rindu alam / dewi sri harga segitu udah dpt ikan gede dan rasa jauh lebih enak)
2. ayam bakar madu rasanya biasa aja, daging blm terlalu matang didalam (pesan 3 tp disatukan dan sambalnya cuma 1tempat dikit banget, pelit bgt)
3. cah kangkung (baru pertama makan cah kangkung rasa gitu, masak yg enaka dong)
4. es campur (harga mahal dengan mangkok kecil)

untuk harga sangat mahal, saya tidak rekomendasi. rasanya biasa aja
kalau saya bandingkan sama saung rindu alam / dewi sri, lebih baik pegi ke2 tempat itu. harga lebih murah dan makanan jauhhhhh lebih enak......",4 tahun lalu,,,,Saoenk Cobek Samata,Google Maps,2026-05-14 20:30:20
ChdDSUhNMG9nS0VJQ0FnSURXeE5TdG13RRAB,Alam -,4,"Saungnya variatif dari kapasitas kecil (+/- 4  org dewasa) sampai saung dengan kapasitas besar untuk pengunjung yang agak banyak (+/- 15 org) selain saung juga terdapat ruangan yang disiapkan pengelola dengan kapasitas yg lebih  besar, untuk rate makanan kurang lebih sama dengan restoran lainnya yg sejenis.
Parkiran cukup lowong.",4 tahun lalu,,,,Saoenk Cobek Samata,Google Maps,2026-05-14 20:30:20
ChdDSUhNMG9nS0VJQ0FnSURXLU1uMnp3RRAB,I_25 A. Amrullah. T,5,,4 tahun lalu,,,,Saoenk Cobek Samata,Google Maps,2026-05-14 20:30:20
ChZDSUhNMG9nS0VJQ0FnSURXbU1XX0dREAE,Syahria,5,,4 tahun lalu,,,,Saoenk Cobek Samata,Google Maps,2026-05-14 20:30:20
ChdDSUhNMG9nS0VJQ0FnSURXcU56NWl3RRAB,Ayu Azhariyah,5,"Lokasinya lumayan jauh dari rumah,, tempat makannya nyaman,,",4 tahun lalu,,,,Saoenk Cobek Samata,Google Maps,2026-05-14 20:30:20
ChdDSUhNMG9nS0VJQ0FnSURXOFBELXR3RRAB,Jibril Teo,5,,4 tahun lalu,,,,Saoenk Cobek Samata,Google Maps,2026-05-14 20:30:20
ChZDSUhNMG9nS0VJQ0FnSURXc0pYOEJnEAE,abang marshall,3,Tempat nyaman karena terdiri dari gasebo2 diatas kolam ikan  cocok untuk acara kumpul2 keluarga dan arisan2,4 tahun lalu,,,,Saoenk Cobek Samata,Google Maps,2026-05-14 20:30:20
ChdDSUhNMG9nS0VJQ0FnSUNHeXAtRnJBRRAB,Lena,5,😄👍 …,Diedit 4 tahun lalu,,,,Saoenk Cobek Samata,Google Maps,2026-05-14 20:30:20
ChdDSUhNMG9nS0VJQ0FnSUNXcjVLNjFBRRAB,Rini Pratiwi,5,Nyaman dan enak,4 tahun lalu,,,,Saoenk Cobek Samata,Google Maps,2026-05-14 20:30:53
ChZDSUhNMG9nS0VJQ0FnSUNXOTVtU1l3EAE,Bang Ceky,4,Biasa saja,4 tahun lalu,,,,Saoenk Cobek Samata,Google Maps,2026-05-14 20:30:53
ChZDSUhNMG9nS0VJQ0FnSUNXbThtZldnEAE,nini adiany,5,,4 tahun lalu,,,,Saoenk Cobek Samata,Google Maps,2026-05-14 20:30:53
ChdDSUhNMG9nS0VJQ0FnSUNXZy1hTW5RRRAB,Ishaq Marzuki,5,Makanannya enak dgn harga yg sesuai kualitas,4 tahun lalu,,,,Saoenk Cobek Samata,Google Maps,2026-05-14 20:30:53
ChZDSUhNMG9nS0VJQ0FnSUNXemR5VE5BEAE,ulya witsqa,5,,4 tahun lalu,,,,Saoenk Cobek Samata,Google Maps,2026-05-14 20:30:53
ChZDSUhNMG9nS0VJQ0FnSUNXenQtelNnEAE,Dwi Yy,1,"pelayanan lama, makanan yg keluar sdh dingin semua lgs hilang lapar tdk selera makan",4 tahun lalu,,,,Saoenk Cobek Samata,Google Maps,2026-05-14 20:30:53
ChdDSUhNMG9nS0VJQ0FnSUNXeHZIdTBRRRAB,Syafril Muhammad,5,,4 tahun lalu,,,,Saoenk Cobek Samata,Google Maps,2026-05-14 20:30:53
ChZDSUhNMG9nS0VJQ0FnSUNXMm9uRFRREAE,mahmuddin Semad,5,,4 tahun lalu,,,,Saoenk Cobek Samata,Google Maps,2026-05-14 20:30:53
ChZDSUhNMG9nS0VJQ0FnSUNXa3FPaVNREAE,Kuddus Alwie,5,,4 tahun lalu,,,,Saoenk Cobek Samata,Google Maps,2026-05-14 20:30:53
ChZDSUhNMG9nS0VJQ0FnSURLbHRIYkJBEAE,syahbudin budi,4,"Lokasi tepat di samping RS Muhammadiyah dan menyediakan banyak menu makanan khas. Bagi suka yang sea food, tempat ini recommended pakai Banget. 👍👍 …",Diedit 4 tahun lalu,,,,Saoenk Cobek Samata,Google Maps,2026-05-14 20:30:53
ChdDSUhNMG9nS0VJQ0FnSUNXdktPcnJ3RRAB,Andi Baswan,4,Makanannya enak,4 tahun lalu,,,,Saoenk Cobek Samata,Google Maps,2026-05-14 20:31:26
ChZDSUhNMG9nS0VJQ0FnSUNXNk1fdkh3EAE,chlf,5,Suasananya nyaman ada gasebonya,4 tahun lalu,,,,Saoenk Cobek Samata,Google Maps,2026-05-14 20:31:26
ChdDSUhNMG9nS0VJQ0FnSUNXeUtmenNnRRAB,Dian SiDiQ,5,"Tempat nyaman, makanan enak, harga murah meriah.",4 tahun lalu,,,,Saoenk Cobek Samata,Google Maps,2026-05-14 20:31:26
ChZDSUhNMG9nS0VJQ0FnSUNXZ0xmSkZnEAE,nwn_ nunaiidaily,5,,4 tahun lalu,,,,Saoenk Cobek Samata,Google Maps,2026-05-14 20:31:26
ChZDSUhNMG9nS0VJQ0FnSURtcjY3WmVBEAE,Dian Ekasari,5,,4 tahun lalu,,,,Saoenk Cobek Samata,Google Maps,2026-05-14 20:31:26
ChdDSUhNMG9nS0VJQ0FnSURtcjQ2S3FnRRAB,Novita Dewi Kumalasari,4,Pelayanan bagus dan cepat...,4 tahun lalu,,,,Saoenk Cobek Samata,Google Maps,2026-05-14 20:31:26
ChZDSUhNMG9nS0VJQ0FnSURtcl9hcFlREAE,ardi widiyanto,5,"Tempat nyamam, meski ndk dapat di saungnya dapat di lantai dua (2) view nya luas,
Pengunjung ramai karena makan nya enak, ikanya segar
Sekian review dari saya semoga SAOENG COBEK makin sukses dan laris manis",4 tahun lalu,,,,Saoenk Cobek Samata,Google Maps,2026-05-14 20:31:26
ChdDSUhNMG9nS0VJQ0FnSURtMTVmb3NBRRAB,Fahri Yusuf,1,Pelayanannya kurang baik,4 tahun lalu,,,,Saoenk Cobek Samata,Google Maps,2026-05-14 20:31:26
ChdDSUhNMG9nS0VJQ0FnSURtdS0zUzlnRRAB,Aisyah Wallpaper,5,,4 tahun lalu,,,,Saoenk Cobek Samata,Google Maps,2026-05-14 20:31:26
ChZDSUhNMG9nS0VJQ0FnSURtaTVxSFJnEAE,Hasan Apandi,5,"Nyaman tempat, dan menu juga rasanya mantaap",4 tahun lalu,,,,Saoenk Cobek Samata,Google Maps,2026-05-14 20:31:26
ChdDSUhNMG9nS0VJQ0FnSURtN2R1XzJ3RRAB,Akyas Khaqqi Maulana,4,Utamakan reservasi dan pastikan reservasi valid.,4 tahun lalu,,,,Saoenk Cobek Samata,Google Maps,2026-05-14 20:32:01
ChZDSUhNMG9nS0VJQ0FnSURtN2JPN1hREAE,Arief Febrianto,5,,4 tahun lalu,,,,Saoenk Cobek Samata,Google Maps,2026-05-14 20:32:01
ChZDSUhNMG9nS0VJQ0FnSURtamJpRklREAE,Hasmi,4,"Cukup nyaman, lumayan enak dgn harga yg sesuai.",4 tahun lalu,,,,Saoenk Cobek Samata,Google Maps,2026-05-14 20:32:01
ChdDSUhNMG9nS0VJQ0FnSURtOWFieXNRRRAB,sono harsono,5,Enak,4 tahun lalu,,,,Saoenk Cobek Samata,Google Maps,2026-05-14 20:32:01
ChdDSUhNMG9nS0VJQ0FnSURtNWR2R3hBRRAB,Rusli D,4,Standar,4 tahun lalu,,,,Saoenk Cobek Samata,Google Maps,2026-05-14 20:32:01
ChZDSUhNMG9nS0VJQ0FnSURteGZDcmNBEAE,Mutiara Dwi Wahyuni,5,,4 tahun lalu,,,,Saoenk Cobek Samata,Google Maps,2026-05-14 20:32:01
ChdDSUhNMG9nS0VJQ0FnSURtaFpmRHRRRRAB,Hutomo Mandala,3,Segi tempat nyaman tapi dari segi makanan kurang memuaskan,4 tahun lalu,,,,Saoenk Cobek Samata,Google Maps,2026-05-14 20:32:01
ChdDSUhNMG9nS0VJQ0FnSURtaGJUMTRnRRAB,renhal dwi,5,,4 tahun lalu,,,,Saoenk Cobek Samata,Google Maps,2026-05-14 20:32:01
ChdDSUhNMG9nS0VJQ0FnSURtLVpMWGh3RRAB,Mr. Agus,5,Menu makanan nya sangat enak,4 tahun lalu,,,,Saoenk Cobek Samata,Google Maps,2026-05-14 20:32:01
ChdDSUhNMG9nS0VJQ0FnSURtOGJ2eS13RRAB,Eka Octavianus,5,"Makanan nya enak, terutama cumi goreng tepung nya, garing, gak alot",4 tahun lalu,,,,Saoenk Cobek Samata,Google Maps,2026-05-14 20:32:01
ChdDSUhNMG9nS0VJQ0FnSURtOFlTYm13RRAB,Muhammad Nasir,5,Masakannya enak poooolll,4 tahun lalu,,,,Saoenk Cobek Samata,Google Maps,2026-05-14 20:32:34
ChdDSUhNMG9nS0VJQ0FnSURtNGFtOTBRRRAB,Nur fahmi Dhani,5,"Bagus suasananya, nyaman jga tempatnya service nya juga sangat memuaskan",4 tahun lalu,,,,Saoenk Cobek Samata,Google Maps,2026-05-14 20:32:34
ChZDSUhNMG9nS0VJQ0FnSURtNGNuMVRREAE,Dahlia Sanggalangi,5,,4 tahun lalu,,,,Saoenk Cobek Samata,Google Maps,2026-05-14 20:32:34
ChdDSUhNMG9nS0VJQ0FnSURtX29PdS13RRAB,Ahmad lala,5,Sup ikannya Enak banget.,4 tahun lalu,,,,Saoenk Cobek Samata,Google Maps,2026-05-14 20:32:34
ChZDSUhNMG9nS0VJQ0FnSURtNXZlT0VREAE,Arif Usman,5,"Satu lagi restoran yang bisa menjadi pilihan Anda di bilangan Jl Tun Abdul Razak, yakni Saoenk Cobek.

Apalagi bagi anda penggemar menu seafood. Semua pilihan tersedia dengan beragam varian masakan. Mau bakar atau goreng, ada semuanya.

Selamat mencoba.",4 tahun lalu,,,,Saoenk Cobek Samata,Google Maps,2026-05-14 20:32:34
ChdDSUhNMG9nS0VJQ0FnSURtcHJuRzJ3RRAB,Heldy Bahar,4,Direkomendasikan. 👍 …,4 tahun lalu,,,,Saoenk Cobek Samata,Google Maps,2026-05-14 20:32:34
ChZDSUhNMG9nS0VJQ0FnSURtLXFUZlFBEAE,Faisal Fahrul,4,"Semalam baru coba makan di tempat ini, lumayan sih ambil menu paket ber5, varian sambelnya banyak, makanannya oke lah pokoknya",4 tahun lalu,,,,Saoenk Cobek Samata,Google Maps,2026-05-14 20:32:34
ChdDSUhNMG9nS0VJQ0FnSURtbXRpYXFBRRAB,Ira Azka,5,,4 tahun lalu,,,,Saoenk Cobek Samata,Google Maps,2026-05-14 20:32:34
ChdDSUhNMG9nS0VJQ0FnSURtOHZuWm9RRRAB,Didik Rozak,4,"Makan atau santai,sendiri atau dg keluarga. Tempat ini sangat tepat.",4 tahun lalu,,,,Saoenk Cobek Samata,Google Maps,2026-05-14 20:32:34
ChZDSUhNMG9nS0VJQ0FnSURtOHRHZ2VnEAE,Ernayanti Umar,4,Empek2 nya enak,4 tahun lalu,,,,Saoenk Cobek Samata,Google Maps,2026-05-14 20:32:34
ChdDSUhNMG9nS0VJQ0FnSURtMHNmcXZ3RRAB,Syahrul Syam,5,"Mantappp banget Makanannya, siappp rekomendasikan ke teman2",4 tahun lalu,,,,Saoenk Cobek Samata,Google Maps,2026-05-14 20:33:07
ChZDSUhNMG9nS0VJQ0FnSURtd3AyUFZnEAE,Rianti Densi,5,,4 tahun lalu,,,,Saoenk Cobek Samata,Google Maps,2026-05-14 20:33:07
ChdDSUhNMG9nS0VJQ0FnSURtX056Y3VnRRAB,Andi Imelda,5,,4 tahun lalu,,,,Saoenk Cobek Samata,Google Maps,2026-05-14 20:33:07
ChdDSUhNMG9nS0VJQ0FnSURtOUtLRi1RRRAB,herlina Lina,5,,4 tahun lalu,,,,Saoenk Cobek Samata,Google Maps,2026-05-14 20:33:07
ChZDSUhNMG9nS0VJQ0FnSURtdFBpeVh3EAE,Sri Astina Amin,5,Kerennn,4 tahun lalu,,,,Saoenk Cobek Samata,Google Maps,2026-05-14 20:33:07
ChZDSUhNMG9nS0VJQ0FnSURtcEtLeGN3EAE,Muhammad Zein Al-Hadii,5,,4 tahun lalu,,,,Saoenk Cobek Samata,Google Maps,2026-05-14 20:33:07
ChZDSUhNMG9nS0VJQ0FnSURtdU9ucUd3EAE,Arif Fuddin Usman,5,"Dari namanya, teridentifikasi sebagai rumah makan asal Sunda. Saoenk Cobek. Saung adalah rumah-rumah kecil atau gubuk kecil dalam bahasa Sunda.

Sedangkan Cobek, dalam banyak bahasa dikenal sebagai peralatan dapur yang dipakai untuk mengulek lombok atau bumbu-bumbu masakan.

Namun demikian, jangan Anda berharap makanan asal Sunda di rumah makan yang berada di bilangan Jl Tun Abdul razak, Kelurahan Samata, Kabupaten Gowa ini.

Pasalnya, menu-menu yang ditawarkan aslinya serba makanan asal Sulawesi Selatan. Terutama menu-menu ikan laut hingga binatang yang biasa hidup di laut.

Mau yang dibakar atau yang digoreng, Anda tinggal memilihnya. Mau menu kampung seperti lawa, tumis kangkung, capcai, dan lainnya serba tersedia. Anda tinggal pilih.

Bagi yang tak mau repot memilah-memilih, terdapat pula menu paket utk 5 porsi orang dewasa komplit. Harganya juga terjangkau. Tak sampai jutaaan dibayar. Selamat mencoba",4 tahun lalu,,,,Saoenk Cobek Samata,Google Maps,2026-05-14 20:33:07
ChZDSUhNMG9nS0VJQ0FnSURtMkt5aUhnEAE,harmiasih masjhoer,5,,4 tahun lalu,,,,Saoenk Cobek Samata,Google Maps,2026-05-14 20:33:07
ChZDSUhNMG9nS0VJQ0FnSURteU8tLUR3EAE,Rahmat Fuadi,5,,4 tahun lalu,,,,Saoenk Cobek Samata,Google Maps,2026-05-14 20:33:07
ChZDSUhNMG9nS0VJQ0FnSURteU96QkF3EAE,Andrisasmita Rachmat,4,masih kewalahan kalau ada lebih banyak orang,4 tahun lalu,,,,Saoenk Cobek Samata,Google Maps,2026-05-14 20:33:07
ChZDSUhNMG9nS0VJQ0FnSURtc0pYSVlREAE,Fayzal Amri Rustan,5,"Rasa sesuai dengan harga, suasananya bikin makan makin nyaman.",4 tahun lalu,,,,Saoenk Cobek Samata,Google Maps,2026-05-14 20:33:40
ChZDSUhNMG9nS0VJQ0FnSURtd0lHLVN3EAE,Agus syamsuddin,5,,4 tahun lalu,,,,Saoenk Cobek Samata,Google Maps,2026-05-14 20:33:40
ChdDSUhNMG9nS0VJQ0FnSUNtejg2ZS1BRRAB,Iswan,5,"Makanannya enak, jangan pernah ragu ke sini",4 tahun lalu,,,,Saoenk Cobek Samata,Google Maps,2026-05-14 20:33:40
ChZDSUhNMG9nS0VJQ0FnSUNtNTlXZ09BEAE,Wardah Mustari,5,"Pelayanan cepat,ramah ,bersih , cocok buat rame2",4 tahun lalu,,,,Saoenk Cobek Samata,Google Maps,2026-05-14 20:33:40
ChZDSUhNMG9nS0VJQ0FnSUNtaDR2cVpREAE,Jenny Mandagie,5,"Tempatnya nyaman,menu2nya enak,harganya jg tidak mahal & pelayanannya Oke👍🏻",4 tahun lalu,,,,Saoenk Cobek Samata,Google Maps,2026-05-14 20:33:40
ChdDSUhNMG9nS0VJQ0FnSUNtaDYzMDlBRRAB,Nur Syamsi,5,,4 tahun lalu,,,,Saoenk Cobek Samata,Google Maps,2026-05-14 20:33:40
ChdDSUhNMG9nS0VJQ0FnSUNtLTZfdjBnRRAB,Mamak Luna,4,"Tempatnya bersih dan sejuk, pelayanan ramah dan tepat. Harga makanan juga sangat bersahabat, sangat cocok dijadikan tempat makan bersama keluarga dan teman teman.",4 tahun lalu,,,,Saoenk Cobek Samata,Google Maps,2026-05-14 20:33:40
ChdDSUhNMG9nS0VJQ0FnSUNteTZLSnpnRRAB,ilham bakran,4,,4 tahun lalu,,,,Saoenk Cobek Samata,Google Maps,2026-05-14 20:33:40
ChdDSUhNMG9nS0VJQ0FnSUNtaTdmRnN3RRAB,Ismha Lovely,5,Suasana nan indah dan bersih,4 tahun lalu,,,,Saoenk Cobek Samata,Google Maps,2026-05-14 20:33:40
ChdDSUhNMG9nS0VJQ0FnSUNtMDVxdzBBRRAB,yudo kuncoro,5,,4 tahun lalu,,,,Saoenk Cobek Samata,Google Maps,2026-05-14 20:33:40
ChdDSUhNMG9nS0VJQ0FnSUNtdzlTd3B3RRAB,Riva Elkholily,5,,4 tahun lalu,,,,Saoenk Cobek Samata,Google Maps,2026-05-14 20:34:13
ChdDSUhNMG9nS0VJQ0FnSUNtZzZIbjd3RRAB,Iccank Gacks,5,"Tempatnya sejuk, pelayanan termasuk cepat. Bagus untuk tempat makan keluarga. Menunya lumayan, kadang ada yg kosong jd mengurangi variasi menu",4 tahun lalu,,,,Saoenk Cobek Samata,Google Maps,2026-05-14 20:34:13
ChdDSUhNMG9nS0VJQ0FnSUNtZzdDTzN3RRAB,Acho Domba,5,,4 tahun lalu,,,,Saoenk Cobek Samata,Google Maps,2026-05-14 20:34:13
ChZDSUhNMG9nS0VJQ0FnSUNtX1ozbEJBEAE,Sulastrio M. Sawal,4,ikannya enak dan lezat,4 tahun lalu,,,,Saoenk Cobek Samata,Google Maps,2026-05-14 20:34:13
ChZDSUhNMG9nS0VJQ0FnSUNtM1pUcllBEAE,meilani dwi astuti,5,,4 tahun lalu,,,,Saoenk Cobek Samata,Google Maps,2026-05-14 20:34:13
ChdDSUhNMG9nS0VJQ0FnSUNtOWFfOV9RRRAB,Wirda Ningsih,5,Mantap ikan masak woku,4 tahun lalu,,,,Saoenk Cobek Samata,Google Maps,2026-05-14 20:34:13
ChdDSUhNMG9nS0VJQ0FnSUNtOWRYbWdBRRAB,Ulfah S. Kuba,5,,4 tahun lalu,,,,Saoenk Cobek Samata,Google Maps,2026-05-14 20:34:13
ChdDSUhNMG9nS0VJQ0FnSUNtMVlxVG5nRRAB,Nur ilham mersyisya,5,,4 tahun lalu,,,,Saoenk Cobek Samata,Google Maps,2026-05-14 20:34:13
ChZDSUhNMG9nS0VJQ0FnSUNtcGE2emNREAE,Sangkuru Wira,1,Pesan tempat di serobot orang kita di kasih saung lain tapi masih makan sudah di minta pulang,4 tahun lalu,,,,Saoenk Cobek Samata,Google Maps,2026-05-14 20:34:13
ChZDSUhNMG9nS0VJQ0FnSUNtLWJhMUt3EAE,Andi Tabriah,4,Tempatnya bagus untuk bersantai bersama keluarga. Gazebo dan kolam ikan koi tersedia,4 tahun lalu,,,,Saoenk Cobek Samata,Google Maps,2026-05-14 20:34:13
ChZDSUhNMG9nS0VJQ0FnSUNtdWNDTFN3EAE,En-En Kasim,5,,4 tahun lalu,,,,Saoenk Cobek Samata,Google Maps,2026-05-14 20:34:46
ChZDSUhNMG9nS0VJQ0FnSUNtcWNQVFN3EAE,Rosnani Asrul,5,,4 tahun lalu,,,,Saoenk Cobek Samata,Google Maps,2026-05-14 20:34:46
ChdDSUhNMG9nS0VJQ0FnSUNtcWZHcDZBRRAB,Wikly Khesav,5,Tempatnya bagus dan bersih.,4 tahun lalu,,,,Saoenk Cobek Samata,Google Maps,2026-05-14 20:34:46
ChdDSUhNMG9nS0VJQ0FnSUNtOGFhU3dBRRAB,didikr rozak,5,Saunk ygcocok untuk bersantai dg keluerga,4 tahun lalu,,,,Saoenk Cobek Samata,Google Maps,2026-05-14 20:34:46
ChZDSUhNMG9nS0VJQ0FnSUNtc1plUll3EAE,Yulian Indrianto,4,makan siang,4 tahun lalu,,,,Saoenk Cobek Samata,Google Maps,2026-05-14 20:34:46
ChdDSUhNMG9nS0VJQ0FnSUNtX3Z1aXRRRRAB,ARSYAM TV,4,,4 tahun lalu,,,,Saoenk Cobek Samata,Google Maps,2026-05-14 20:34:46
ChZDSUhNMG9nS0VJQ0FnSUNtbnNtSUdREAE,Park TMYn,1,,4 tahun lalu,,,,Saoenk Cobek Samata,Google Maps,2026-05-14 20:34:46
ChZDSUhNMG9nS0VJQ0FnSUNtNnMtY0lnEAE,adabulkis,5,Wokunya mantap,Diedit 4 tahun lalu,,,,Saoenk Cobek Samata,Google Maps,2026-05-14 20:34:46
ChZDSUhNMG9nS0VJQ0FnSUNtNnFpOEZREAE,Erik Rifyal M.Y,4,,4 tahun lalu,,,,Saoenk Cobek Samata,Google Maps,2026-05-14 20:34:46
ChZDSUhNMG9nS0VJQ0FnSUNteXJlMFBREAE,Syamsul Nur,5,Suasananya nyaman utk keluarga,4 tahun lalu,,,,Saoenk Cobek Samata,Google Maps,2026-05-14 20:34:46
ChdDSUhNMG9nS0VJQ0FnSUNtOHR2TW53RRAB,Candra Galuh,4,"Tempatnya bagus dan bersih, bisa pilih tempat makan di saung atau didalam ruangan AC, tempat parkir ada, toilet ada, hanya sayang kran di wastafel sering mati untuk cuci tangannys",4 tahun lalu,,,,Saoenk Cobek Samata,Google Maps,2026-05-14 20:35:19
ChZDSUhNMG9nS0VJQ0FnSUNtOHUyN1ZREAE,Khaidir,5,"Pelayanannya baik, makanan yang disajikan pun sangat lezat, harga untuk setiap masakan tergolong murah. Kualitas tempatnya pun cukup baik di tengah² daerah yang panas, tp di dalam terasa nyaman.",4 tahun lalu,,,,Saoenk Cobek Samata,Google Maps,2026-05-14 20:35:19
ChZDSUhNMG9nS0VJQ0FnSUNtd3BHT1RnEAE,An war,5,Mantap ikan bakarnya,4 tahun lalu,,,,Saoenk Cobek Samata,Google Maps,2026-05-14 20:35:19
ChdDSUhNMG9nS0VJQ0FnSUNtM01MVXhRRRAB,Mentari mulyopratiwi,5,,4 tahun lalu,,,,Saoenk Cobek Samata,Google Maps,2026-05-14 20:35:19
ChZDSUhNMG9nS0VJQ0FnSUNtM0xDRWJBEAE,Aswaliaty Anwar (Chan),4,,4 tahun lalu,,,,Saoenk Cobek Samata,Google Maps,2026-05-14 20:35:19
ChZDSUhNMG9nS0VJQ0FnSUNtN091aFJREAE,Sahabat Pak Edy,4,Menu makanannya Lumayan enak dan suasana romantisnya dapat tawwa,4 tahun lalu,,,,Saoenk Cobek Samata,Google Maps,2026-05-14 20:35:19
ChdDSUhNMG9nS0VJQ0FnSUNtbElLa253RRAB,Houseof Minu,5,"Suasana adem, makanan enak, ada tempat buat meeting, layanan bagus, tempat yg cocok buat keluarga",4 tahun lalu,,,,Saoenk Cobek Samata,Google Maps,2026-05-14 20:35:19
ChZDSUhNMG9nS0VJQ0FnSUNtbFB6NVFREAE,kreativitas tanpa batas,5,"Masya Allah....the best pallumara nya.. dan menu lainnya semua point 8.5

Recomended buat acara keluarga atau rombongan.",4 tahun lalu,,,,Saoenk Cobek Samata,Google Maps,2026-05-14 20:35:19
ChdDSUhNMG9nS0VJQ0FnSUNtbEl5SHVBRRAB,Saparuddin Gaffar,4,Makanannya enak dan tempatnya nyaman 👍 …,4 tahun lalu,,,,Saoenk Cobek Samata,Google Maps,2026-05-14 20:35:19
ChdDSUhNMG9nS0VJQ0FnSUNtb0tPZHNRRRAB,muhammad adyanilmany,5,,4 tahun lalu,,,,Saoenk Cobek Samata,Google Maps,2026-05-14 20:35:19
ChZDSUhNMG9nS0VJQ0FnSURHajZQaWNnEAE,fauzy ardhani,5,,4 tahun lalu,,,,Saoenk Cobek Samata,Google Maps,2026-05-14 20:35:52
ChdDSUhNMG9nS0VJQ0FnSURHcDZ6UHVRRRAB,Muhammad Qadri Tappi,5,,4 tahun lalu,,,,Saoenk Cobek Samata,Google Maps,2026-05-14 20:35:52
ChdDSUhNMG9nS0VJQ0FnSURHcTdfR2dnRRAB,RYP,5,,4 tahun lalu,,,,Saoenk Cobek Samata,Google Maps,2026-05-14 20:35:52
ChZDSUhNMG9nS0VJQ0FnSURHaTVEcUZ3EAE,Chamdar Nur,5,Mantap masakannya...,4 tahun lalu,,,,Saoenk Cobek Samata,Google Maps,2026-05-14 20:35:52
ChZDSUhNMG9nS0VJQ0FnSURHdlpMUU1BEAE,Hamka Baru,5,Enak tawwa ikannya,4 tahun lalu,,,,Saoenk Cobek Samata,Google Maps,2026-05-14 20:35:52
ChdDSUhNMG9nS0VJQ0FnSURHeGN1Y3lBRRAB,Asdar Munandar,4,Makanannya enak. Harga sesuai lah dengan kualotas makanannya yang enak. Memang agak mahal dikit tapi dijamin puas sama rasanya.,4 tahun lalu,,,,Saoenk Cobek Samata,Google Maps,2026-05-14 20:35:52
ChZDSUhNMG9nS0VJQ0FnSURHMmJla1NREAE,Radhitya Erlangga,3,,4 tahun lalu,,,,Saoenk Cobek Samata,Google Maps,2026-05-14 20:35:52
ChdDSUhNMG9nS0VJQ0FnSURHMnFPWjlRRRAB,Ishlah Gunawan,5,Mantap,4 tahun lalu,,,,Saoenk Cobek Samata,Google Maps,2026-05-14 20:35:52
ChZDSUhNMG9nS0VJQ0FnSURHa3JpZmJ3EAE,Fajri_ Rhiri,5,"Pelayanan Prima Baik, Ramah & Santun, Menux dari Makanan & Minuman Lumayan Enak, Higyenis, Bersih, & HRGA Ramah dKntong, T4x Bersih, Ada Kolam Ikan & Gazebo tuk nyantai duduk sambil nunggu makananx dsediakn, t4x Adem, Nyaman, Ada Kipas Angin, Musholah t4 Sholat & ada jg t4 Parkirx👌👌👌👍🏻👍🏻👍🏻💞 …",4 tahun lalu,,,,Saoenk Cobek Samata,Google Maps,2026-05-14 20:35:52
ChZDSUhNMG9nS0VJQ0FnSURHb3FuOEFREAE,Sri Haryaningsi,3,Pertama kali ke sana.. maap yah di aku kesannya kurang baik. Mungkin karena pengunjungnya meluap kali yah jadi pelayanannya sangat kurang. Sampai saya pencel bell call 3x kagak ada pelayan yg datang. Alhasil mas mas yg lewat aja yg aku tanyain. Selebihnya tempatnya bagus. Cuma kzl aja pas mau order lama banget. Makanannya enak.. tapi gak cocok di kantong aku kalau tiap hari makan di sana 😅,4 tahun lalu,,,,Saoenk Cobek Samata,Google Maps,2026-05-14 20:35:52
ChZDSUhNMG9nS0VJQ0FnSURHM09lREpBEAE,Faisal Gassing,5,Makananya enak harga termasuk mahal,4 tahun lalu,,,,Saoenk Cobek Samata,Google Maps,2026-05-14 20:36:10
ChZDSUhNMG9nS0VJQ0FnSURHek1yUmZBEAE,amy imti,5,"Tempat adem dan bersih, pelayanan nya juga ramah..",4 tahun lalu,,,,Saoenk Cobek Samata,Google Maps,2026-05-14 20:36:10
ChZDSUhNMG9nS0VJQ0FnSURHbEtpNlpnEAE,sari wilda,5,,4 tahun lalu,,,,Saoenk Cobek Samata,Google Maps,2026-05-14 20:36:10
ChZDSUhNMG9nS0VJQ0FnSURHaE1pbFNnEAE,syukran subaek,5,"InsyaAllah, aman, nyaman, tenang, dan bernuansa Islami",4 tahun lalu,,,,Saoenk Cobek Samata,Google Maps,2026-05-14 20:36:10
ChZDSUhNMG9nS0VJQ0FnSUNHMzRfa2NREAE,Bulan April,5,,4 tahun lalu,,,,Saoenk Cobek Samata,Google Maps,2026-05-14 20:36:10
ChZDSUhNMG9nS0VJQ0FnSUNHcjhuTk1BEAE,Nur Fitriani,4,,4 tahun lalu,,,,Saoenk Cobek Samata,Google Maps,2026-05-14 20:36:10
ChZDSUhNMG9nS0VJQ0FnSUNHcl9TaFVREAE,Woro Bagaskara,4,,4 tahun lalu,,,,Saoenk Cobek Samata,Google Maps,2026-05-14 20:36:10
ChdDSUhNMG9nS0VJQ0FnSUNHbDlIZG1RRRAB,Suryani Yusuf,5,,4 tahun lalu,,,,Saoenk Cobek Samata,Google Maps,2026-05-14 20:36:10
ChdDSUhNMG9nS0VJQ0FnSUNHeDVEZThRRRAB,Perkasa Dwi Ramadhan,5,Favorit!!! Selalu enakkkkk 👍👍👍👍 …,4 tahun lalu,,,,Saoenk Cobek Samata,Google Maps,2026-05-14 20:36:10
ChdDSUhNMG9nS0VJQ0FnSUNHMjZXS29BRRAB,Muhamad Iqbal Sambas,5,,4 tahun lalu,,,,Saoenk Cobek Samata,Google Maps,2026-05-14 20:36:10
ChZDSUhNMG9nS0VJQ0FnSUNHaTl6dmR3EAE,Irma Andriyanie,5,,4 tahun lalu,,,,Saoenk Cobek Samata,Google Maps,2026-05-14 20:36:29
ChdDSUhNMG9nS0VJQ0FnSUNHX2VqR3BBRRAB,Muaz Aqaz,4,,4 tahun lalu,,,,Saoenk Cobek Samata,Google Maps,2026-05-14 20:36:29
ChZDSUhNMG9nS0VJQ0FnSUNHdlluQkJREAE,Karimah Bachmid,3,,4 tahun lalu,,,,Saoenk Cobek Samata,Google Maps,2026-05-14 20:36:29
ChZDSUhNMG9nS0VJQ0FnSUNHN2Z6X01REAE,Umiyanti Umar,5,,4 tahun lalu,,,,Saoenk Cobek Samata,Google Maps,2026-05-14 20:36:29
ChdDSUhNMG9nS0VJQ0FnSUNHN1pEcXFBRRAB,Diana Susanti jemita,5,,4 tahun lalu,,,,Saoenk Cobek Samata,Google Maps,2026-05-14 20:36:29
ChZDSUhNMG9nS0VJQ0FnSUNHZ2NqUlFBEAE,Ricko,4,Bagus. Parkiran nya sj yg agak membingungkan. Semoga sukses terus...,4 tahun lalu,,,,Saoenk Cobek Samata,Google Maps,2026-05-14 20:36:29
ChdDSUhNMG9nS0VJQ0FnSUNHM3BEbHpRRRAB,Firman Fauzie,5,Makanan dan suasananya luar biasa.,4 tahun lalu,,,,Saoenk Cobek Samata,Google Maps,2026-05-14 20:36:29
ChdDSUhNMG9nS0VJQ0FnSUNHenFyS3p3RRAB,Silver White,5,,4 tahun lalu,,,,Saoenk Cobek Samata,Google Maps,2026-05-14 20:36:29
ChZDSUhNMG9nS0VJQ0FnSUNHOXNEeWN3EAE,Amalia Reski,5,Seru,4 tahun lalu,,,,Saoenk Cobek Samata,Google Maps,2026-05-14 20:36:29
ChdDSUhNMG9nS0VJQ0FnSUNHdXBDeW53RRAB,budi siswati marmin,5,Tempatnya nyaman dan makanan2 nya enak dan yummi,4 tahun lalu,,,,Saoenk Cobek Samata,Google Maps,2026-05-14 20:36:29
ChZDSUhNMG9nS0VJQ0FnSUNHMnNMa1NnEAE,Auraevadne Kusumadiarto,5,,4 tahun lalu,,,,Saoenk Cobek Samata,Google Maps,2026-05-14 20:36:47
ChdDSUhNMG9nS0VJQ0FnSUNHcXFMTjdnRRAB,Rachmiany,5,,4 tahun lalu,,,,Saoenk Cobek Samata,Google Maps,2026-05-14 20:36:47
ChdDSUhNMG9nS0VJQ0FnSUNHeXNDdG1BRRAB,muh iksan,5,"Tempat bagus makanan juga enak, pokoknya mantap.",4 tahun lalu,,,,Saoenk Cobek Samata,Google Maps,2026-05-14 20:36:47
ChZDSUhNMG9nS0VJQ0FnSUNHMHVhTVBREAE,fajar nursetyo,4,Tempat yg nyaman makanan yg enak serta Pelayanan yg diberikan juga Berkelas membuat suasana makan semakin Menyenangkan,4 tahun lalu,,,,Saoenk Cobek Samata,Google Maps,2026-05-14 20:36:47
ChZDSUhNMG9nS0VJQ0FnSUNHX05pcFd3EAE,sahrul muslim,5,,4 tahun lalu,,,,Saoenk Cobek Samata,Google Maps,2026-05-14 20:36:47
ChZDSUhNMG9nS0VJQ0FnSUNHM00zWU9nEAE,andi mahdur afdal,5,,4 tahun lalu,,,,Saoenk Cobek Samata,Google Maps,2026-05-14 20:36:47
ChZDSUhNMG9nS0VJQ0FnSUNHM0pXNGVnEAE,sri satria,5,,4 tahun lalu,,,,Saoenk Cobek Samata,Google Maps,2026-05-14 20:36:47
ChZDSUhNMG9nS0VJQ0FnSUNHck1QcmRREAE,lisa rahmi,3,,4 tahun lalu,,,,Saoenk Cobek Samata,Google Maps,2026-05-14 20:36:47
ChZDSUhNMG9nS0VJQ0FnSUNHekxXaldnEAE,asmara wahyudi,5,,4 tahun lalu,,,,Saoenk Cobek Samata,Google Maps,2026-05-14 20:36:47
ChdDSUhNMG9nS0VJQ0FnSUNHdUxQcTZBRRAB,Nurcaya Amir,5,,4 tahun lalu,,,,Saoenk Cobek Samata,Google Maps,2026-05-14 20:36:47
ChdDSUhNMG9nS0VJQ0FnSUNHcUt2MzRRRRAB,Rahmat Faisal,5,,4 tahun lalu,,,,Saoenk Cobek Samata,Google Maps,2026-05-14 20:37:39
ChdDSUhNMG9nS0VJQ0FnSUNHcUtMcmpnRRAB,M Junaedy S (Edy),2,"Toilet butuh pengharum, pesanan sangat lama, Harus tingkatkan lagi pelayanannya.",4 tahun lalu,,,,Saoenk Cobek Samata,Google Maps,2026-05-14 20:37:39
ChZDSUhNMG9nS0VJQ0FnSUQ2bTZqU2ZnEAE,Zainab,4,Makanan enak tapi banyak lalat🥲 …,4 tahun lalu,,,,Saoenk Cobek Samata,Google Maps,2026-05-14 20:37:39
ChdDSUhNMG9nS0VJQ0FnSUQ2azZ2cDd3RRAB,Sutriadi Adi,5,Pokok eee mantap,4 tahun lalu,,,,Saoenk Cobek Samata,Google Maps,2026-05-14 20:37:39
ChdDSUhNMG9nS0VJQ0FnSUQ2ay1LcXdnRRAB,Julisman Rachman Sjah,4,Bagus,4 tahun lalu,,,,Saoenk Cobek Samata,Google Maps,2026-05-14 20:37:39
ChdDSUhNMG9nS0VJQ0FnSUQ2M2I2eWdnRRAB,La Makkuraga ᨒᨆᨀᨘᨑᨁ,5,,4 tahun lalu,,,,Saoenk Cobek Samata,Google Maps,2026-05-14 20:37:39
ChdDSUhNMG9nS0VJQ0FnSUQ2bGNMbWpRRRAB,Uwin's day,5,"My second time, kesini awalnya meeting sambil belajar edit video, sekarang datang memang untuk menikmati hidangan makan siang yah sebanyak itu😁

Favorit banget sama udang goreng telur asinnya..kek g mau berpaling ke menu yang lain..... Tapi yang lainnya g kalah enak.

Menu ayam, menu seafood ada juga katanya palekonya juga andalan, tapi tadi gak sempat cobain keburu kenyang gengs, selain itu ada menu ringan seperti otak-otak ikan ada yang panggang dan ada juga yang goreng, yang pasti pisang dengan aneka toping dan cocolan sambel ada.

Yang paling membahagiakan, harganya worth it banget lah gak bikin sobek sobek tuh dompet, dengan suasana yang nyaman serta di tambah pelayanan yang penuh keramah tamahan, ini mah juara klo hospitality nomor satu😘

📢@saoenkcobek
📍Jln. Tun Abdul Razak Gowa (Samping Rumah Sakit Muhammadiyah Unismuh Makassar)",4 tahun lalu,,,,Saoenk Cobek Samata,Google Maps,2026-05-14 20:37:39
ChZDSUhNMG9nS0VJQ0FnSUQ2aWJuSlZREAE,Fat-hun Fakhrul Shafaatullah,5,"Suasana yg baik u/ kumpul keluarga, harga jg ckup terjangkau",4 tahun lalu,,,,Saoenk Cobek Samata,Google Maps,2026-05-14 20:37:39
ChdDSUhNMG9nS0VJQ0FnSUQ2MGZDbC1RRRAB,Rahmawati Reezeck,4,,4 tahun lalu,,,,Saoenk Cobek Samata,Google Maps,2026-05-14 20:37:39
ChdDSUhNMG9nS0VJQ0FnSUQ2NFozaGpBRRAB,Rakha Raisya,4,Mantablah... Oke menunya,4 tahun lalu,,,,Saoenk Cobek Samata,Google Maps,2026-05-14 20:37:39
ChdDSUhNMG9nS0VJQ0FnSUQ2N3AtemhRRRAB,pangki sobati,4,Makanan bagis ramah dan recomended,4 tahun lalu,,,,Saoenk Cobek Samata,Google Maps,2026-05-14 20:38:12
ChdDSUhNMG9nS0VJQ0FnSUQ2cnBpYmpBRRAB,Tenriyola Arifin,5,,4 tahun lalu,,,,Saoenk Cobek Samata,Google Maps,2026-05-14 20:38:12
ChdDSUhNMG9nS0VJQ0FnSUQ2am9pemdBRRAB,Erwin Tandi,5,Keren... Mantap buat makan sama kluarga,4 tahun lalu,,,,Saoenk Cobek Samata,Google Maps,2026-05-14 20:38:12
ChdDSUhNMG9nS0VJQ0FnSUQ2NXBlQWpnRRAB,Muh Ramdhani Alam Nasrah,5,,4 tahun lalu,,,,Saoenk Cobek Samata,Google Maps,2026-05-14 20:38:12
ChdDSUhNMG9nS0VJQ0FnSUQ2c3J2T19RRRAB,Lushi Pasaribu,5,"Sangat puas dengan pelayanannya, gercep ga pake lelet, teratur antriannya, makanannya enak, suasananya sangat nyaman dan harga terjangkau.",4 tahun lalu,,,,Saoenk Cobek Samata,Google Maps,2026-05-14 20:38:12
ChZDSUhNMG9nS0VJQ0FnSUQ2N0lhbEl3EAE,Suci Nurlaeli,4,"Tenpatnya lumayan enak, lahan terbatas tp bisa makan disaung dan ada air nya. Harga menurut sy overprice tp makannya enak dan cocok untuk family lunch/dinner",4 tahun lalu,,,,Saoenk Cobek Samata,Google Maps,2026-05-14 20:38:12
ChdDSUhNMG9nS0VJQ0FnSUQ2elBxM3hBRRAB,Nur Anita Kaimuddin,5,"Tempatnya sangat Nyaman, elegant dan keren, Juga bersih cocok di jadikan tempat nongki, Gazebonya juga lumayan luas, terus mata terasa nyaman ketika melihat ikan yang ada di kolam, udaranya juga sejuk karena berada di luar ruangan pengen rasanya berlama-lama di situ. banyak juga spot fotonya. Soal makanan jangan di tanyakan lagi semuanya enak, mulai dari masakan Seafood maupun non seafood semua tersaji di sana, harganya sesuai dengan kualitasnya. pelayannya juga ramah-ramah. pokoknya recomended banget degh .",4 tahun lalu,,,,Saoenk Cobek Samata,Google Maps,2026-05-14 20:38:12
ChZDSUhNMG9nS0VJQ0FnSUQ2MklubUd3EAE,Zulhak Muhammad,5,,4 tahun lalu,,,,Saoenk Cobek Samata,Google Maps,2026-05-14 20:38:12
ChZDSUhNMG9nS0VJQ0FnSUQ2b0tPV1pnEAE,david sàlvinus,4,Makan seafood yg nyaman,4 tahun lalu,,,,Saoenk Cobek Samata,Google Maps,2026-05-14 20:38:12
ChZDSUhNMG9nS0VJQ0FnSUM2XzZPOVVBEAE,JinsungHa,4,,4 tahun lalu,,,,Saoenk Cobek Samata,Google Maps,2026-05-14 20:38:12
ChdDSUhNMG9nS0VJQ0FnSUM2eDlDRnlBRRAB,asrya sam,5,,4 tahun lalu,,,,Saoenk Cobek Samata,Google Maps,2026-05-14 20:38:46
ChdDSUhNMG9nS0VJQ0FnSUM2aDZmYnBnRRAB,xX Aan SRS xX,5,"Pallumara nya enak dan recommended ikannya tanpa tulang/duri. Biasanya malas makan ikan bandeng karena banyak duri baru kali ini suka. Rasa nya kuat. Udang saus telur asinnya juga patut dicoba. Kangkung dan cah toge lumayan. Makanan dan minuman nya macam². Gazebo nya cukup luas untuk family, tersedia musholla, parkiran luas. Pelayanannya sangat welcome serasa dilayani bagai Sultan . Ada juga tempat meetingnya sepertinya bisa disewa oleh corporate utk meeting sekaligus kuliner.",4 tahun lalu,,,,Saoenk Cobek Samata,Google Maps,2026-05-14 20:38:46
ChZDSUhNMG9nS0VJQ0FnSUM2dTdDekJBEAE,Aminullah Amin,5,,4 tahun lalu,,,,Saoenk Cobek Samata,Google Maps,2026-05-14 20:38:46
ChZDSUhNMG9nS0VJQ0FnSUM2eThPUldBEAE,DiR Galery,4,Lumayan,4 tahun lalu,,,,Saoenk Cobek Samata,Google Maps,2026-05-14 20:38:46
ChdDSUhNMG9nS0VJQ0FnSUM2MDVPTjdRRRAB,Mega mutia Ridwan,5,,4 tahun lalu,,,,Saoenk Cobek Samata,Google Maps,2026-05-14 20:38:46
ChZDSUhNMG9nS0VJQ0FnSUM2a19hTldBEAE,Murtanto Mohamad (Murtanto),3,Biasa saja,4 tahun lalu,,,,Saoenk Cobek Samata,Google Maps,2026-05-14 20:38:46
ChdDSUhNMG9nS0VJQ0FnSUM2Z19ILXBBRRAB,Anjas Azis,5,baik,4 tahun lalu,,,,Saoenk Cobek Samata,Google Maps,2026-05-14 20:38:46
ChZDSUhNMG9nS0VJQ0FnSUM2clk2N1F3EAE,Ahmad Aldiansyah,5,,4 tahun lalu,,,,Saoenk Cobek Samata,Google Maps,2026-05-14 20:38:46
ChZDSUhNMG9nS0VJQ0FnSUM2c1l2cEtBEAE,Andi Aswar Nawawi,5,"Makanannya enak, cobeknya mantap. Lingkungan bersih, udaranya segar, airnya lancar, suasana nya tenang, ada kolam ikan, pelayanannya ramah dan cepat.",4 tahun lalu,,,,Saoenk Cobek Samata,Google Maps,2026-05-14 20:38:46
ChdDSUhNMG9nS0VJQ0FnSUM2M3BhMnZ3RRAB,Jaden CH,5,,4 tahun lalu,,,,Saoenk Cobek Samata,Google Maps,2026-05-14 20:38:46
ChdDSUhNMG9nS0VJQ0FnSUM2MnQ3Ui1nRRAB,Fenny Wilyanti,5,,4 tahun lalu,,,,Saoenk Cobek Samata,Google Maps,2026-05-14 20:39:04
ChZDSUhNMG9nS0VJQ0FnSUM2a3FtY1VnEAE,riska rabiana,4,Alhamdulillah lumayan bagus,4 tahun lalu,,,,Saoenk Cobek Samata,Google Maps,2026-05-14 20:39:04
ChdDSUhNMG9nS0VJQ0FnSUM2Z29xcnB3RRAB,Mur Guide,5,"Tempat makan yang menyediakan menu makanan yang lezat, pelayanan yang ramah dan parkiran luas. Tempat ini juga menyediakan tempat untuk meeting serta tak kalah penting musholla yang bagus dan sudah masuk kategori masjid. Rumah makan restoran ini juga letaknya strategis dan tidak terlalu padat kendaraan.",4 tahun lalu,,,,Saoenk Cobek Samata,Google Maps,2026-05-14 20:39:04
ChdDSUhNMG9nS0VJQ0FnSURhMzlYcWdnRRAB,Fitrahmadhany KM,3,"terbilang masih baru, pas disamping RS. banyak gazebo dan ada kolam ikan juga, rasanya B aja. perlu ditingkatkan",4 tahun lalu,,,,Saoenk Cobek Samata,Google Maps,2026-05-14 20:39:04
ChZDSUhNMG9nS0VJQ0FnSURhNWRyMk53EAE,Suwandi Lukas,5,Tempat makan yang recommended,4 tahun lalu,,,,Saoenk Cobek Samata,Google Maps,2026-05-14 20:39:04
ChZDSUhNMG9nS0VJQ0FnSURhOFpMaGRREAE,Mochamad Latif,5,Mantap suasananya keren,4 tahun lalu,,,,Saoenk Cobek Samata,Google Maps,2026-05-14 20:39:04
ChZDSUhNMG9nS0VJQ0FnSURhbnNMY0d3EAE,pita kus,4,"T4 bersih dan nyaman, makanan cepat disajikan, rasa sambal n seafood masih kurang nampol, perlu diperkuat lg citarasanya, minuman sdh enak dan pelayanan gercep, lokasi mudah dijangkau",4 tahun lalu,,,,Saoenk Cobek Samata,Google Maps,2026-05-14 20:39:04
ChZDSUhNMG9nS0VJQ0FnSURhaXJDNklREAE,Arnold Manurung,5,Tempat bagus rasanya juga lumayan enak,4 tahun lalu,,,,Saoenk Cobek Samata,Google Maps,2026-05-14 20:39:04
ChdDSUhNMG9nS0VJQ0FnSURhMHR1UjFBRRAB,Suci Multazam Kurnia,4,,4 tahun lalu,,,,Saoenk Cobek Samata,Google Maps,2026-05-14 20:39:04
ChdDSUhNMG9nS0VJQ0FnSURheEo3ZDRRRRAB,Davin Irawan,5,"Tempat nya masuk agak dalam dari jalanan jadi lebih tenang, suasananya juga enak",4 tahun lalu,,,,Saoenk Cobek Samata,Google Maps,2026-05-14 20:39:04
ChdDSUhNMG9nS0VJQ0FnSUNhaF9TYW9BRRAB,muh fajar,5,,4 tahun lalu,,,,Saoenk Cobek Samata,Google Maps,2026-05-14 20:39:22
ChZDSUhNMG9nS0VJQ0FnSUNhd19hM1R3EAE,Marlin Willar,5,"Makanannya lumayan enak, hrg terjangkau, pelayanannya sangat baik, dan ramah. Saluut buat mas² dan mbak²nya yg baik hati.",4 tahun lalu,,,,Saoenk Cobek Samata,Google Maps,2026-05-14 20:39:22
ChZDSUhNMG9nS0VJQ0FnSUNheXZuYlVREAE,Inha Jamilah,3,Baguslah👍😊 …,4 tahun lalu,,,,Saoenk Cobek Samata,Google Maps,2026-05-14 20:39:22
ChZDSUhNMG9nS0VJQ0FnSUNhckxPU09BEAE,Ichonk Mail,4,Harga terjangkau,4 tahun lalu,,,,Saoenk Cobek Samata,Google Maps,2026-05-14 20:39:22
ChdDSUhNMG9nS0VJQ0FnSURxdDZlQnFBRRAB,Putra KosongNamblast,5,,4 tahun lalu,,,,Saoenk Cobek Samata,Google Maps,2026-05-14 20:39:22
ChdDSUhNMG9nS0VJQ0FnSURxX095dHRnRRAB,Amir,5,"Makanannya mantap,  layanannya juga ok suasana bisa diandalkan",4 tahun lalu,,,,Saoenk Cobek Samata,Google Maps,2026-05-14 20:39:22
ChZDSUhNMG9nS0VJQ0FnSUNxdV9yTE13EAE,Audrey Leman,5,,4 tahun lalu,,,,Saoenk Cobek Samata,Google Maps,2026-05-14 20:39:22
ChdDSUhNMG9nS0VJQ0FnSUNxbzd2QThRRRAB,Kristian Wijanarko,5,,4 tahun lalu,,,,Saoenk Cobek Samata,Google Maps,2026-05-14 20:39:22
ChdDSUhNMG9nS0VJQ0FnSUNxdnJXTTVRRRAB,Uleng Utari,5,,4 tahun lalu,,,,Saoenk Cobek Samata,Google Maps,2026-05-14 20:39:22
ChdDSUhNMG9nS0VJQ0FnSUNxOXFYTzJBRRAB,Hasrul Harun,3,Asyik,4 tahun lalu,,,,Saoenk Cobek Samata,Google Maps,2026-05-14 20:39:22
ChZDSUhNMG9nS0VJQ0FnSUNxNHFxYmZBEAE,NHP,4,"Pertama kali, saya suka rasa makanannya di sini, mereka menyajikan menu dengan cepat, tidak perlu menunggu lama.

Direkomendasikan, silakan pesan tempat terlebih dahulu.",Diedit 4 tahun lalu,,,,Saoenk Cobek Samata,Google Maps,2026-05-14 20:40:14
ChdDSUhNMG9nS0VJQ0FnSUNxek1QRTlRRRAB,Ni Made Ari Pratiwi,5,nyamnyam,4 tahun lalu,,,,Saoenk Cobek Samata,Google Maps,2026-05-14 20:40:14
ChdDSUhNMG9nS0VJQ0FnSURLbjVUUHZRRRAB,Athiyyah Rizki Salsabilah,4,"Tempatnya lumayan, makanannya lumayan tapi taronya manis banget dan udang telur asinnya kurang telur asin, pelayanannya cepat, harganya lumayan",4 tahun lalu,,,,Saoenk Cobek Samata,Google Maps,2026-05-14 20:40:14
ChRDSUhNMG9nS0VJQ0FnSURLamNZWhAB,Hajar Aswad,4,"Makanan enak.. tempat bersih dan apik... tapi waiternya terburu buru minta pesanan, dan pas mau pulang, kyk udah mau buru buru bersihkan.. padahal masih mau menikmati suasananya..",4 tahun lalu,,,,Saoenk Cobek Samata,Google Maps,2026-05-14 20:40:14
ChdDSUhNMG9nS0VJQ0FnSURLeXNQa3h3RRAB,Farell Andrezto,5,Makanannya enak,5 tahun lalu,,,,Saoenk Cobek Samata,Google Maps,2026-05-14 20:40:14
ChdDSUhNMG9nS0VJQ0FnSURLX05XVXFnRRAB,Ahmad Bayu,4,,5 tahun lalu,,,,Saoenk Cobek Samata,Google Maps,2026-05-14 20:40:14
ChdDSUhNMG9nS0VJQ0FnSURLX0pUMGxnRRAB,Masytaa,5,"Tempat makan baru, bisa meetup sama keluarga ,teman dll . Makanannya juga enak2",5 tahun lalu,,,,Saoenk Cobek Samata,Google Maps,2026-05-14 20:40:14
ChdDSUhNMG9nS0VJQ0FnSURLcEpTYnBnRRAB,Syamsuddin MaYa,4,,5 tahun lalu,,,,Saoenk Cobek Samata,Google Maps,2026-05-14 20:40:14
ChdDSUhNMG9nS0VJQ0FnSURLaU1hNnR3RRAB,HEXA PROJECT,5,harga kaki lima rasa bintang lima,5 tahun lalu,,,,Saoenk Cobek Samata,Google Maps,2026-05-14 20:40:14
ChdDSUhNMG9nS0VJQ0FnSURLb0tQV3FBRRAB,M I Aryo S,4,"makanannya enak, sambelnya mantap  tempatnya keren untuk acara kluarga tau kumpul dengan teman-teman, pelayanannya ramah-ramah, ada mushollah. yg. minus toilet cuman 1",5 tahun lalu,,,,Saoenk Cobek Samata,Google Maps,2026-05-14 20:40:14
ChZDSUhNMG9nS0VJQ0FnSURLb056Y01nEAE,Ihsan Ahmad,4,Menuju kesempurnaan sarana prasarana... semoga ke depab lebih baik lagi. Musholla on proses. Parkir juga patut di perhatikan. Makannyq sih sudah standar.... lumayanlah,5 tahun lalu,,,,Saoenk Cobek Samata,Google Maps,2026-05-14 20:40:47
ChZDSUhNMG9nS0VJQ0FnSUNLdjVHT1VREAE,Siti Nurlina,5,Makanannya asli enaaaaak,5 tahun lalu,,,,Saoenk Cobek Samata,Google Maps,2026-05-14 20:40:47
ChdDSUhNMG9nS0VJQ0FnSUNLdjZ5VGd3RRAB,Rizki Silla,5,"Rumah makan seafood alternatif, dengan konsep gazebo outdoor membantu makan dengan rasa aman di masa pandemi. Aneka masakan tersedia dengan harga bersaing. Pelayan ramah, cepat dan tentunya menerapkan protocol kesehatan. Highly Recommended",5 tahun lalu,,,,Saoenk Cobek Samata,Google Maps,2026-05-14 20:40:47
ChZDSUhNMG9nS0VJQ0FnSUNLajlXTGR3EAE,Muhammad Sahhar,5,,5 tahun lalu,,,,Saoenk Cobek Samata,Google Maps,2026-05-14 20:40:47
ChZDSUhNMG9nS0VJQ0FnSUNLNDYtTU5REAE,Momishary,5,Direkomendasikan,5 tahun lalu,,,,Saoenk Cobek Samata,Google Maps,2026-05-14 20:40:47
ChdDSUhNMG9nS0VJQ0FnSUNLdWNQVTdBRRAB,Muhammad Ramadhani,2,,5 tahun lalu,,,,Saoenk Cobek Samata,Google Maps,2026-05-14 20:40:47
ChdDSUhNMG9nS0VJQ0FnSUNLdVlqTWpnRRAB,Chef erwin once,5,Bersih..nyaman...murah,5 tahun lalu,,,,Saoenk Cobek Samata,Google Maps,2026-05-14 20:40:47
ChZDSUhNMG9nS0VJQ0FnSUNLcWQtMU1nEAE,isna kumalasari,5,"Tempat oke, makanan dan hrgnya jg oke.",5 tahun lalu,,,,Saoenk Cobek Samata,Google Maps,2026-05-14 20:40:47
ChZDSUhNMG9nS0VJQ0FnSUNLMGJfUWZ3EAE,Hasymi Arif,5,Tempatnya keren. Sangat cocok untuk tempat ngumpul. Makanannya juga enak enak,5 tahun lalu,,,,Saoenk Cobek Samata,Google Maps,2026-05-14 20:40:47
ChZDSUhNMG9nS0VJQ0FnSUNLb2FYZkpBEAE,yudhi gunawan,4,,5 tahun lalu,,,,Saoenk Cobek Samata,Google Maps,2026-05-14 20:40:47
ChdDSUhNMG9nS0VJQ0FnSUNLX29MUHZBRRAB,Ashari Masse,5,Delicious n Maknyoss pokoke,5 tahun lalu,,,,Saoenk Cobek Samata,Google Maps,2026-05-14 20:41:20
ChZDSUhNMG9nS0VJQ0FnSUNLLXRYNkJnEAE,Agistaril Woki,5,Adem ayem..,5 tahun lalu,,,,Saoenk Cobek Samata,Google Maps,2026-05-14 20:41:20
ChZDSUhNMG9nS0VJQ0FnSUNLaExTZWR3EAE,Rezky Ayu Andira (Diera),5,Tempat yang oke untuk makan dan bersantai dengan keluarga. Letaknya tidak jauh dari rumah saya. Jadi lumayanlah. Makanan dan minumannya banyak pilihan. Rasa cukup bisa dinikmati. Keramahan pegawainya tetap di jaga yah... Dan smoga mushollahnya bisa segera selesai.,5 tahun lalu,,,,Saoenk Cobek Samata,Google Maps,2026-05-14 20:41:20
ChdDSUhNMG9nS0VJQ0FnSUNLaExEWHJBRRAB,Eq Moela,4,"Lokasi deket bundaran Samata, utk menu so lumayan masuk sama rasa kita yg org jawa, utk pelayan klu menurut aku lebih baik nunggu semua selesai dimasak baru diantar, ini selesai 1 diantar. Trus utk satu hal yg membuat kami kurang nyaman saat kita makan ditungguin disaung sampingnya sambil diliatin, seakan"" kita akan kabur tanpa bayar setelah makan,  jd kesannya gimana gt, ya mudah""an aja ini bentuk kesigapan aja dr pelayan jika sewaktu"" dibutuhkan, sekedar usul aja klu memang perlu prepare mending nungguinya di pintu masuk dpn atau yg samping itu, jd kita santai saat menikmati makanan🙏",5 tahun lalu,,,,Saoenk Cobek Samata,Google Maps,2026-05-14 20:41:20
ChZDSUhNMG9nS0VJQ0FnSUNLMklQMmJ3EAE,Rahayu Az-Zahra 89,5,Enak sekali 👍👍 …,5 tahun lalu,,,,Saoenk Cobek Samata,Google Maps,2026-05-14 20:41:20
ChdDSUhNMG9nS0VJQ0FnSUNLeUtPajdBRRAB,Syahrul Ramadhani,4,"Menunya lumayanlah, lokasinya dekat dari rumah....",5 tahun lalu,,,,Saoenk Cobek Samata,Google Maps,2026-05-14 20:41:20
ChdDSUhNMG9nS0VJQ0FnSUR5dS1hM3NRRRAB,mansyur natsir,5,"MAKANAN ENAK
TEMPAT INDAH DAN NYAMAN",5 tahun lalu,,,,Saoenk Cobek Samata,Google Maps,2026-05-14 20:41:20
ChdDSUhNMG9nS0VJQ0FnSUR5bTd1a3Z3RRAB,Ahmad Musa Said,5,,5 tahun lalu,,,,Saoenk Cobek Samata,Google Maps,2026-05-14 20:41:20
ChZDSUhNMG9nS0VJQ0FnSUR5aTV5NUdnEAE,Iccank Pajokka,4,"Berkunjung ke sini untuk memenuhi rasa penasaran ingin tahu tempat kulineran yang baru di Makassar apalagi lokasi nya tidak terlalu jauh dari rumah. Saung ini belum sepenuhnya siap karena masih banyak fasilitas nya yang belum ada atau belum jadi dan masih dalam tahap perampungan seperti mushalla, indoor room, area parkiran dan tamannya. Untuk menu dan rasa makanannya saya pikir so..so..lah dengan yang lainnya nothing special.",Diedit 5 tahun lalu,,,,Saoenk Cobek Samata,Google Maps,2026-05-14 20:41:20
ChZDSUhNMG9nS0VJQ0FnSUR5aGF2eEx3EAE,Thamsil Linrung,5,,5 tahun lalu,,,,Saoenk Cobek Samata,Google Maps,2026-05-14 20:41:20
Ci9DQUlRQUNvZENodHljRjlvT2pWSk4ySk5Oa1F5YWtGaFRWVnlMVE01VWpSbWRuYxAB,Mety,5,"Pelayanan mantap
Mkasih mba ninis",6 jam lalu,5,5,5,Saoenk Cobek Sudiang,Google Maps,2026-05-14 20:45:09
Ci9DQUlRQUNvZENodHljRjlvT21WalNIb3dielZzYlhKZmVXSnhhRVpoUTNOSmJFRRAB,Niputu Kyran,4,,1 hari lalu,4,5,5,Saoenk Cobek Sudiang,Google Maps,2026-05-14 20:45:09
Ci9DQUlRQUNvZENodHljRjlvT2xNNFVIQmtSV3BMY1ZkdmNHaFlXSE0zVUZCbE9YYxAB,Andi Azriel Akbar,5,Apa kabar Daniel?,4 hari lalu,5,5,5,Saoenk Cobek Sudiang,Google Maps,2026-05-14 20:45:09
Ci9DQUlRQUNvZENodHljRjlvT2pGdWFEYzRaR013WTJ4WFoxVlFNa1ZWV1dVdE1sRRAB,MANG . EAKK,5,Pelayanan kak Danil bagus,4 hari lalu,5,5,5,Saoenk Cobek Sudiang,Google Maps,2026-05-14 20:45:09
Ci9DQUlRQUNvZENodHljRjlvT21wRE1GQlhWM0pYT0hsbVZrTkdVVTV1UzFSUU0zYxAB,Masdul,5,,seminggu lalu,5,5,3,Saoenk Cobek Sudiang,Google Maps,2026-05-14 20:45:09
Ci9DQUlRQUNvZENodHljRjlvT25sRlZrdHFhSE13WkRsTFYxOWhXSEpEYUVGTGVVRRAB,wirna wati,5,Daniel sangat bagus pelayanannya,seminggu lalu,5,5,5,Saoenk Cobek Sudiang,Google Maps,2026-05-14 20:45:09
Ci9DQUlRQUNvZENodHljRjlvT25SVVYxWkpOWGxQYWxKVWEwOWlUemg0VDNKVE5uYxAB,Sahid Iqbal,4,"Makanannya benar-benar enak, karena mereka punya banyak pilihan masakan di menu mereka, Anda bisa memesan makanan tradisional Makassar di sana.",seminggu lalu,5,4,4,Saoenk Cobek Sudiang,Google Maps,2026-05-14 20:45:09
Ci9DQUlRQUNvZENodHljRjlvT2xsaWIxQmphVk5mTmpOQ1NYbzJhMHd0YlZkNlExRRAB,Ita Yunita,5,"Tempatnya bagus & nyaman
Parkirannya luas
Alamatnya mudah di jangkau

#Danil",seminggu lalu,5,5,5,Saoenk Cobek Sudiang,Google Maps,2026-05-14 20:45:09
Ci9DQUlRQUNvZENodHljRjlvT2xweWVqaFplbWszUTFoWFlsRjFUSE5QYjNOU1NrRRAB,Lizhna Karim,5,Pelayanannya an pak Danil Baik,seminggu lalu,5,4,5,Saoenk Cobek Sudiang,Google Maps,2026-05-14 20:45:09
Ci9DQUlRQUNvZENodHljRjlvT2tadE5Ua3hXbFJ0TkROZmJrTlNUMHhXTVhNMVUzYxAB,Virene Tulak,4,,seminggu lalu,4,4,4,Saoenk Cobek Sudiang,Google Maps,2026-05-14 20:45:09
Ci9DQUlRQUNvZENodHljRjlvT21kRmFHZGpaM2xzVVhkalpUbGtNemRzUXpGa1dHYxAB,Nia Ramadany,1,Pelayanan lama nggk worthit bayar mahal tidak sesuai rasa,seminggu lalu,2,1,5,Saoenk Cobek Sudiang,Google Maps,2026-05-14 20:45:30
Ci9DQUlRQUNvZENodHljRjlvT2sxYU1IaEtZVkZZYUZCVk5pMTFhR2h5UkhCYVpWRRAB,Verial Vee,2,"Klo bandingin dengan saung cobek lainnya, yg ini lama pelayanan nya... Pilihan menu biasa nd lengkap",seminggu lalu,5,2,3,Saoenk Cobek Sudiang,Google Maps,2026-05-14 20:45:30
Ci9DQUlRQUNvZENodHljRjlvT21wVVZ6WXplamhuV0hweGFWWkxWRVpQZUc1b1FrRRAB,TIDAK TAU,5,Makasih kaka daniel ats pelayananya tadi,2 minggu lalu,5,5,5,Saoenk Cobek Sudiang,Google Maps,2026-05-14 20:45:30
Ci9DQUlRQUNvZENodHljRjlvT2poeE5ITmlibVJKY210eVZGUlpPRVpPY3pKbmFVRRAB,andi amril,4,"Makanannya enak dan pelayanan cepat,ramah dan tempatnya bagus.terima kasih pelayanannya daniel",2 minggu lalu,4,4,5,Saoenk Cobek Sudiang,Google Maps,2026-05-14 20:45:30
Ci9DQUlRQUNvZENodHljRjlvT21GelFVTjFUbUpXUW10aFIwUnNka3BSTW5SNk5HYxAB,Freya Jr,5,Bagus dan nyaman,3 minggu lalu,5,5,5,Saoenk Cobek Sudiang,Google Maps,2026-05-14 20:45:30
Ci9DQUlRQUNvZENodHljRjlvT2t4aVFYbEtaUzFJVUZrME4wWnBiblowUlRoUGEyYxAB,yeri birana,5,Semoga pelayanan x semakin baik dan untuk pak Daniel yg ramah terhadap tamu pokoknya jempol buat dia👍,3 minggu lalu,5,5,5,Saoenk Cobek Sudiang,Google Maps,2026-05-14 20:45:30
Ci9DQUlRQUNvZENodHljRjlvT2tGTVMwZFdVMlZ0U0V4Q2NISnZXRlp6ZFMxTU5IYxAB,Muh.irfan Ippang,5,Daniel pelayan nya baik sekali,3 minggu lalu,5,5,5,Saoenk Cobek Sudiang,Google Maps,2026-05-14 20:45:30
Ci9DQUlRQUNvZENodHljRjlvT2pkNWNYcFhWVXRJWWxrM2VrRkpUakIxU0dsWWFrRRAB,Bambang Abdulla,5,Mksih mba ninis,3 minggu lalu,5,5,5,Saoenk Cobek Sudiang,Google Maps,2026-05-14 20:45:30
Ci9DQUlRQUNvZENodHljRjlvT2poS1kwcHVTMnM0WlhOWlYwODFWWE5yUzFGMlRXYxAB,Fathur Rachman,5,"Cukup rekomended untuk keluarga,makan cepat saji,suasana nyaman dan pelayanan baik.Big thank's for Ninis and goodjob🙏👍🤝 pertahankan pelayanannya 👍🤝",3 minggu lalu,4,5,4,Saoenk Cobek Sudiang,Google Maps,2026-05-14 20:45:30
Ci9DQUlRQUNvZENodHljRjlvT205SmREUTFTbEpFTlUxeFJEQlZVVmxuY0dWNlgyYxAB,yudha ramadhani,5,,3 minggu lalu,5,5,5,Saoenk Cobek Sudiang,Google Maps,2026-05-14 20:45:30
Ci9DQUlRQUNvZENodHljRjlvT25GMWFUUm5PRmxJVW5GT2FrcHJUVGQ2VUZGNk9VRRAB,Abrar Zainal,5,"Promo mantap
Thank Ninis",4 minggu lalu,5,5,5,Saoenk Cobek Sudiang,Google Maps,2026-05-14 20:45:50
Ci9DQUlRQUNvZENodHljRjlvT21sdWFHUnFUREJDTFVkc04zaHpjbmhXYzJsU0xYYxAB,Nurfauziah Salsabila,5,Makasih kak daniel,4 minggu lalu,5,5,5,Saoenk Cobek Sudiang,Google Maps,2026-05-14 20:45:50
Ci9DQUlRQUNvZENodHljRjlvT2xoWlpGZ3dRVUZCZFVvMWJrRTRNR1JXVXpoeWVYYxAB,Winda Sari,5,"Banyak promo dan pelayanan ramah, mkanan mantap
Mksih Ninis",sebulan lalu,5,5,5,Saoenk Cobek Sudiang,Google Maps,2026-05-14 20:45:50
Ci9DQUlRQUNvZENodHljRjlvT2xkUWREVXhZME5JUlRSVWRUZGxVRmRTY1dwb1ZrRRAB,andi satria,5,Pelayanan dan mkanan mantap skali thanks Ninis,sebulan lalu,5,5,5,Saoenk Cobek Sudiang,Google Maps,2026-05-14 20:45:50
Ci9DQUlRQUNvZENodHljRjlvT21zdFMwSlpTMGd5WkRSYVUzRXhjbFV3ZDFBNFpVRRAB,Juni Hartono,5,Pelayanan mantap thank kak ninis,sebulan lalu,5,5,5,Saoenk Cobek Sudiang,Google Maps,2026-05-14 20:45:50
Ci9DQUlRQUNvZENodHljRjlvT2s5NFFVUXpNMVJKZVdGNk1rRmtUMGRLUWw5eVFWRRAB,Masdiana,5,Trimakasih pelayanannya kak ninis,sebulan lalu,5,5,5,Saoenk Cobek Sudiang,Google Maps,2026-05-14 20:45:50
Ci9DQUlRQUNvZENodHljRjlvT2xkWUxWVTNSMHhUZW0xSk1VTkNVemRhY2s1elpFRRAB,ANSAR,5,"Makanan yang paling berkesan karena enak, di tambah nuansa yang adem cocok buat acara acara keluarga dan kantor.",sebulan lalu,5,5,5,Saoenk Cobek Sudiang,Google Maps,2026-05-14 20:45:50
Ci9DQUlRQUNvZENodHljRjlvT21OdFVqVmpaUzFCYTBoS1lubEJYME5JT1Vob1VHYxAB,Ronald Halim,3,"Makanannya enak,,,pelayanannya oky hanya kurang bersih mejanya tinggal bau amisnya,,,selebihnya recomendeee",sebulan lalu,5,4,4,Saoenk Cobek Sudiang,Google Maps,2026-05-14 20:45:50
Ci9DQUlRQUNvZENodHljRjlvT2t0dGVWUlNNMHRCUldod2QydGZSVU5QT0VaS2EyYxAB,Suryanty Ahmad,5,Mantap mkanan dan promonya mkasih kak ninis,sebulan lalu,5,5,5,Saoenk Cobek Sudiang,Google Maps,2026-05-14 20:45:50
Ci9DQUlRQUNvZENodHljRjlvT25ScmNHd3hlVnBpU0ZReWNFbEdla1pYZG1oaVRFRRAB,Dewi Mhjir,5,"Makanan enak pelayanan mantap
Thanks Ninis",sebulan lalu,5,5,5,Saoenk Cobek Sudiang,Google Maps,2026-05-14 20:45:50
Ci9DQUlRQUNvZENodHljRjlvT2xOM01qQXdhbGhvY0VJeVNrSTBla0U1VGtOb1dWRRAB,Neneng Surma,5,"Mantap pelayanan ramah , makanan enak poll
Mksih mba Ninis",sebulan lalu,5,5,5,Saoenk Cobek Sudiang,Google Maps,2026-05-14 20:46:11
Ci9DQUlRQUNvZENodHljRjlvT2pCUWNtbFFWMDFOTkdWS2FreEhiRzg1T0dOc1dFRRAB,Dewi Sari,5,makasih atas bantuanx mas daniel,sebulan lalu,5,5,5,Saoenk Cobek Sudiang,Google Maps,2026-05-14 20:46:11
Ci9DQUlRQUNvZENodHljRjlvT20xYVVsRlVXREJDUTBaR2Jra3llV1F5T1VRMFVFRRAB,Wahdi Amir,5,Pelayanannya bagus untuk semua Karyawan terutama Daniel,sebulan lalu,5,5,5,Saoenk Cobek Sudiang,Google Maps,2026-05-14 20:46:11
Ci9DQUlRQUNvZENodHljRjlvT21KSlREWXhUalZ6V0ROWlJFbHNiSGRMVVRnMVprRRAB,Abdul Rahman,5,Pelayanan mamntap dan ramah . Mkdih ninis,sebulan lalu,5,5,5,Saoenk Cobek Sudiang,Google Maps,2026-05-14 20:46:11
Ci9DQUlRQUNvZENodHljRjlvT2xaTlVUVnVOVzkyYjJKWmNFc3plRVkzUTBsd1NFRRAB,Arno Aja,5,Terimkasih playanan mantap mba ninis,sebulan lalu,5,5,5,Saoenk Cobek Sudiang,Google Maps,2026-05-14 20:46:11
Ci9DQUlRQUNvZENodHljRjlvT25oMlUyaHRjbWQyVEdzMU9ESktjMU5HZHpKalJFRRAB,Dalib Sulaiman,5,Thank kak Ninis,sebulan lalu,5,5,5,Saoenk Cobek Sudiang,Google Maps,2026-05-14 20:46:11
Ci9DQUlRQUNvZENodHljRjlvT2tKbVJXOVRiVzV0T0ZWa01TMXhUVlJ2TkZWRmIyYxAB,Arda Nawawi,5,Dilayani dengan baik oleh Mbak Ninis. Terima kasih,sebulan lalu,5,5,5,Saoenk Cobek Sudiang,Google Maps,2026-05-14 20:46:11
Ci9DQUlRQUNvZENodHljRjlvT210ME1GQk9TRGRzYW5RelMxQnVjR0pHT0V4clRVRRAB,Danang Laksono,5,"Enak tempat nya, punya privasi tiap saungnya, makanan juga banyak pilihannya",sebulan lalu,5,5,5,Saoenk Cobek Sudiang,Google Maps,2026-05-14 20:46:11
Ci9DQUlRQUNvZENodHljRjlvT2xwS04zaDNiR1JSVjIxb2RYZERVVzlxTVdoNlIyYxAB,sitti mughniati,5,PELAYANAN OK ATAS NAMA NINIS,sebulan lalu,5,5,5,Saoenk Cobek Sudiang,Google Maps,2026-05-14 20:46:11
Ci9DQUlRQUNvZENodHljRjlvT2tFMldXMWtOMkZ3ZEhKWWFWZERhSEl4WkdoS1gwRRAB,RRR 22,5,Terimkasih pelayanannya kak ninis mantap,sebulan lalu,5,5,5,Saoenk Cobek Sudiang,Google Maps,2026-05-14 20:46:11
Ci9DQUlRQUNvZENodHljRjlvT2pKUmJVMWpYMHRmTkV4bE1EWnFRVWhRTFhkd1UwRRAB,Mutma Inna,5,"Wah enak sekali makanannya,apalagi pelayanannya ramah² dan sopan👍🏻👍🏻",sebulan lalu,5,5,5,Saoenk Cobek Sudiang,Google Maps,2026-05-14 20:46:31
Ci9DQUlRQUNvZENodHljRjlvT2trMVYxVnNPR05oUzJGRmJ6QXpiVlYyWDJZd1JYYxAB,Muh Ikrimah Hidayat (Ikrimah),1,"Reservasi 1 hari sebelumnya, sudah pesan ikan tapi tidak di masukkan dalam menu, pelayan yang di tnya tidak ada solusinyang ditawawrkan malah menghilang mengabaikan kami.",sebulan lalu,,1,,Saoenk Cobek Sudiang,Google Maps,2026-05-14 20:46:31
Ci9DQUlRQUNvZENodHljRjlvT25GSlVVeHRjMDFuWnpReExXUnJVa1J6VG1WUldXYxAB,Muh Hayyun Jaya,5,"Thank Ninis
Pelayanan mantap",2 bulan lalu,5,5,5,Saoenk Cobek Sudiang,Google Maps,2026-05-14 20:46:31
Ci9DQUlRQUNvZENodHljRjlvT2paaFNIa3RjVW8xVXpaaFZHRXROVVJSZWtGTFRuYxAB,Abu Nafisah,5,Direkomendasikan...,2 bulan lalu,5,5,5,Saoenk Cobek Sudiang,Google Maps,2026-05-14 20:46:31
Ci9DQUlRQUNvZENodHljRjlvT2t0bk1HVk9NbU00WTBkb2VFRjBhM0kwTkcxMVluYxAB,Suci Maharani,5,Makananna the best. Soal rasa tidak perlu di ragukan.,2 bulan lalu,5,5,5,Saoenk Cobek Sudiang,Google Maps,2026-05-14 20:46:31
Ci9DQUlRQUNvZENodHljRjlvT2treE5VSlBiV2hRU0V0eGVWb3lVV3QwYTJGSlpsRRAB,Sofi Yuwa,5,MAKANAN MANTAPP SUASANANYA ADEM,2 bulan lalu,5,5,5,Saoenk Cobek Sudiang,Google Maps,2026-05-14 20:46:31
Ci9DQUlRQUNvZENodHljRjlvT21acFIxZDFaWFYyVlZONWFGaEhjWFJrVG1WeWVtYxAB,Nur Alifia,5,Makanannya enak pelayanan ramah2,2 bulan lalu,5,5,5,Saoenk Cobek Sudiang,Google Maps,2026-05-14 20:46:31
Ci9DQUlRQUNvZENodHljRjlvT2xaQ01HcHJSR3Q0WkhGU2QwaHVNV0ZvV1dwNU9WRRAB,Asti Bade,5,"Pelayanan mantap
Mkasih mba ninis",2 bulan lalu,5,5,5,Saoenk Cobek Sudiang,Google Maps,2026-05-14 20:46:31
Ci9DQUlRQUNvZENodHljRjlvT2poZmJGbE5UbEJZYlZkRFEyOVBZWFpQYjBScFJHYxAB,Giska Putry,1,"Malam ini kesana kah pesan take away kepiting nampan paket A saus asam manis sama satu porsi cumi asam manis, tapi pas pulang kah makan, mengecewakan sekali menu utamanya kepiting malah kurus dan bauh, sama cumi nya demi allah tidak ada mau makan keluarga ku bau sekali nyengat di hidung baunya,alhamdulillah nya kepitingnya meskipun kurus sama ada bau2 nya dikit tapi masih tetap ji di makan karena lapar mi keluarga ku, sedangkan cumi gak di habisi, memang bumbunya enak sihh, tapi tolong menu utamanya di perhatikan, sudah beli mahal2 malah kecewa betul, sebenarnya kalau sudah ndak tutup ini malam mau kah kesana langsung kasih ki ini cumi nya nah cobah ki langsung yg masak, tpi sudah tutup,,siapun owner nya tolong perhatikan kesegaran menu utamanya,apalagi karyawan perempuannya pada jutek2😒",2 bulan lalu,1,1,1,Saoenk Cobek Sudiang,Google Maps,2026-05-14 20:46:31
Ci9DQUlRQUNvZENodHljRjlvT2twZk1YcHBla2xDUVZwdU5GaFdNbXg0Ykc1TE5IYxAB,Wulandari Astin,3,"Untuk suasananya Nyaman tapi untuk makanan tidak rekomendasi, ikannya tdk fresh bahkan sdah tercium Bau tdk enak, cah cangkungnya kebanyakan air, sayur asemnya tdk ada rasa Gurihnya dominan rasa asem.. tolong pelayananannya diperbaiki lagi apalagi dibulan puasa seperti ini, kalo kita tdk komplen tdk tau kapan makanan yg qt pesan di antar. Saking lamanya menunggu pesanan akhirnya qt makan sayur,nasi,sdah dingin,ikannya juga tolong Yg fresh.",2 bulan lalu,2,3,4,Saoenk Cobek Sudiang,Google Maps,2026-05-14 20:46:31
Ci9DQUlRQUNvZENodHljRjlvT25aS2IxUTNhV014VnpKRVZuaHlRVWMwWnpGdGVtYxAB,Melinda Sari,1,"Pelayanan sangat sangat mengecewakan, makan datangnya lama padahal sudah pesan 12 jam sebelum datang, kasir kurang informatif memberikan pelayanan.",2 bulan lalu,2,2,2,Saoenk Cobek Sudiang,Google Maps,2026-05-14 20:46:51
Ci9DQUlRQUNvZENodHljRjlvT2xOWllsQlNjVEJRZEZFeGJEWXdkWFo1YVhsYVZtYxAB,Muh Riri,1,"pelayan soffy, sangat sangat lambat pelayannya banyak orang yang komplain karna pesanannya lama datang sudah reservasi sebelum hari H tapi makanan dan minuman lama datang sedangkan kita mau berbuka puasa, makanan dan minuman sebagian datang sudah buka puasa mohon di perbaiki pelayanannya🙏🙏🙏",2 bulan lalu,1,1,1,Saoenk Cobek Sudiang,Google Maps,2026-05-14 20:46:51
Ci9DQUlRQUNvZENodHljRjlvT25aWWVGaGlWRFE1UkV4QlFpMWFNM2t5VFhScFdrRRAB,Wafiqah Ulya,5,Thanks kak Ninis,2 bulan lalu,5,5,5,Saoenk Cobek Sudiang,Google Maps,2026-05-14 20:46:51
Ci9DQUlRQUNvZENodHljRjlvT2s0MlRtMUhOWFEyVkdkUkxVaGtZa0ZtWDBKRWJFRRAB,Marham Rayan,5,"Promo menarik dan pelayanan ramah
Mksih mba Ninis",2 bulan lalu,5,5,5,Saoenk Cobek Sudiang,Google Maps,2026-05-14 20:46:51
Ci9DQUlRQUNvZENodHljRjlvT2xGb1pFTldWVVkwVVdwNFZrSktTMkZQTFdKWU5HYxAB,Irfan Juniar,5,,2 bulan lalu,,,,Saoenk Cobek Sudiang,Google Maps,2026-05-14 20:46:51
Ci9DQUlRQUNvZENodHljRjlvT2xKUGFsUnROa1ZNY21obFV5MUhkWFpEV1dKaGRrRRAB,Miya Mee,5,Makasih mba ninis pelayanannya mantap,2 bulan lalu,5,5,5,Saoenk Cobek Sudiang,Google Maps,2026-05-14 20:46:51
Ci9DQUlRQUNvZENodHljRjlvT201dVpGRjJlRlZoTkROcGMzQjVaRm90U0doRVZsRRAB,Harsyah Rahmat,5,Promo menarik thank Ninis,2 bulan lalu,5,5,5,Saoenk Cobek Sudiang,Google Maps,2026-05-14 20:46:51
Ci9DQUlRQUNvZENodHljRjlvT2xaYVNEWjVka3RLU0hOVlZtSkhkV0ZHVDBoMVRVRRAB,zul daffa,5,,2 bulan lalu,5,5,5,Saoenk Cobek Sudiang,Google Maps,2026-05-14 20:46:51
Ci9DQUlRQUNvZENodHljRjlvT2pabE1HaDJRV2RvWDE5TmJteFViVWRZT0hOVloxRRAB,asriati natsir,5,"Pelayanan mantap dan promo jga bnyk
Mksih mba ninis",2 bulan lalu,5,5,5,Saoenk Cobek Sudiang,Google Maps,2026-05-14 20:46:51
Ci9DQUlRQUNvZENodHljRjlvT21oeVZXWkJka2xNZWt0Q05WYzRZa3h4WjB0MVEwRRAB,Ukki Daeng,5,makanannya enak dan pelayanan ramah dan cepat.sangat recomded.thanks kak ninis,2 bulan lalu,,,,Saoenk Cobek Sudiang,Google Maps,2026-05-14 20:46:51
Ci9DQUlRQUNvZENodHljRjlvT2xGNmFqUTBOM0l3Y2xkNVRYRkpTVmxqZUhoaVlXYxAB,Nasrullah Mo,5,Lokasi nya luas dan parkirannya seafoodnya nge fressh mantap lah the best untuk rekomendasi kak ninis,2 bulan lalu,,5,5,Saoenk Cobek Sudiang,Google Maps,2026-05-14 20:47:12
Ci9DQUlRQUNvZENodHljRjlvT25KTFpsWm9NbUl0VjFwSlNFSnZjMFk0TW5Rd2VtYxAB,Arman Wijayanto,5,Thsnks Ninis pelayanannya,2 bulan lalu,5,5,5,Saoenk Cobek Sudiang,Google Maps,2026-05-14 20:47:12
Ci9DQUlRQUNvZENodHljRjlvT2w5U1FYbHFVQzFCUmpkeU9FZDViMlZFYlROblpIYxAB,Ana Astiani,1,"Mknan enak, tapi karyawannya ribut besar suara marah2 smpe sholat diatas pun kedengaran",2 bulan lalu,,,,Saoenk Cobek Sudiang,Google Maps,2026-05-14 20:47:12
Ci9DQUlRQUNvZENodHljRjlvT21WRFpXbFphbUYwYkU0eWNrUXlSRVY2ZGxCUlFsRRAB,Inaya Paralita,5,Mantap,2 bulan lalu,5,5,5,Saoenk Cobek Sudiang,Google Maps,2026-05-14 20:47:12
Ci9DQUlRQUNvZENodHljRjlvT2xSV2MwNTJWVE14YzJwUFZHOVNZWFpmUVdFd1ZIYxAB,Alisha Nurassyifa,5,"Promo mantap
Mksih mba Ninis",2 bulan lalu,5,5,5,Saoenk Cobek Sudiang,Google Maps,2026-05-14 20:47:12
Ci9DQUlRQUNvZENodHljRjlvT2xBM1ZVNVhORjlmU1ZjMGQxaGFZWFJSVUZWaFZYYxAB,elmosafer,5,"Langganan di sini, dan sejauh ini oke terus. Bahkan coba yg di cabang lainnya juga.",2 bulan lalu,5,5,5,Saoenk Cobek Sudiang,Google Maps,2026-05-14 20:47:12
Ci9DQUlRQUNvZENodHljRjlvT2pSUlEyTTViM0YyUVd4S2JsbHlPVmRFTjNoblpXYxAB,Marjuni Sukmawati,5,"pelayanan ramah
thanks Ninis",3 bulan lalu,5,5,5,Saoenk Cobek Sudiang,Google Maps,2026-05-14 20:47:12
Ci9DQUlRQUNvZENodHljRjlvT2w5aGRYSlRlbFI0U0dkUVExcGlSVFJGY21Zd09XYxAB,Muhammad Fajar Zahwan,5,,3 bulan lalu,5,5,5,Saoenk Cobek Sudiang,Google Maps,2026-05-14 20:47:12
Ci9DQUlRQUNvZENodHljRjlvT25sTVRWSldha1UwZG5BMVVHMXRSbmx3YURCWlRXYxAB,Muh Asri,5,,3 bulan lalu,5,5,5,Saoenk Cobek Sudiang,Google Maps,2026-05-14 20:47:12
Ci9DQUlRQUNvZENodHljRjlvT2xaNVlYQkpVbE50VjBsME5TMVRkRjlNU2tsek5tYxAB,Koperasi Gunung sari,5,"Terimakasih mba ninis ramah
Recomended dan bnyk promo disk",3 bulan lalu,5,5,5,Saoenk Cobek Sudiang,Google Maps,2026-05-14 20:47:12
Ci9DQUlRQUNvZENodHljRjlvT25OTlpYSk9hbkk0YjNWWVpGOTZTMnBsTWtKWWMwRRAB,sulastri monalisa,5,Thanks Ninis,3 bulan lalu,5,5,5,Saoenk Cobek Sudiang,Google Maps,2026-05-14 20:47:32
Ci9DQUlRQUNvZENodHljRjlvT25NMmR6QnVNWFJ4UjJGRU9YRmZkamh3V2tJMVdFRRAB,Ninis Chairunniswatin,5,"Pelayanan ramah dan promo menarik
Mksih mva Ninis",3 bulan lalu,5,5,5,Saoenk Cobek Sudiang,Google Maps,2026-05-14 20:47:32
Ci9DQUlRQUNvZENodHljRjlvT2xOMmNUZEpUbmxzV214d2JsWTVUbFZJUkVwSVFWRRAB,Andi Sunardi,5,"Pelayanan baik dan ramah
Thanks Ninis",3 bulan lalu,5,5,5,Saoenk Cobek Sudiang,Google Maps,2026-05-14 20:47:32
Ci9DQUlRQUNvZENodHljRjlvT2tadk9WSnZia0Z0YVdsVVEySjROR05SYjJsZmFHYxAB,Firdi Athaya,5,"parkirannya luas, bumbu makanan nampol, pelayan servicenya cepat, udah 3x kesini so far so good sih 👍",3 bulan lalu,5,5,4,Saoenk Cobek Sudiang,Google Maps,2026-05-14 20:47:32
ChdDSUhNMG9nS0VJQ0FnSUREdUpHbDlnRRAB,Ibrahim Mks088,2,"Harga mahal menunya biasa2 saja
Kurang bagus",Diedit 3 bulan lalu,5,5,5,Saoenk Cobek Sudiang,Google Maps,2026-05-14 20:47:32
Ci9DQUlRQUNvZENodHljRjlvT2tKS1FVeEVUVUU0WVdWYWNqUTJOVEUyTTFwSVZIYxAB,Rapika Rentung,5,Pelayanan dan makanan mantap . Kapten hall ramah Ninis,3 bulan lalu,5,5,5,Saoenk Cobek Sudiang,Google Maps,2026-05-14 20:47:32
Ci9DQUlRQUNvZENodHljRjlvT2kxZlgzaDJaM0I2UjJ4TlZXNTBkMTlDU0RaVk1IYxAB,Rahman Lola,5,"Makananya enak,pelayan ramah ninis",3 bulan lalu,5,5,5,Saoenk Cobek Sudiang,Google Maps,2026-05-14 20:47:32
Ci9DQUlRQUNvZENodHljRjlvT25CUVlWVndTMlZuTm5SSlVGUkVTRkJpYVRkaU5tYxAB,taufika fika,5,Pelayanan ramah dan mkanan recomended . makasih Ninis,3 bulan lalu,5,5,5,Saoenk Cobek Sudiang,Google Maps,2026-05-14 20:47:32
Ci9DQUlRQUNvZENodHljRjlvT25rMlRtWjRORWN0VFd0V1FteDZjWHBRT0VaSWJuYxAB,Ica Ica,5,pelayanan dan makanan enk . mksih Ninis,3 bulan lalu,5,5,5,Saoenk Cobek Sudiang,Google Maps,2026-05-14 20:47:32
Ci9DQUlRQUNvZENodHljRjlvT25neGRYaEJjREZIUkVkRWNDMXRObW90TVZOSk1IYxAB,NINDI WULANDARI,5,"makanannya enak, pelayannya juga ramah dan cepat. makasihh kak putraa😍 mantapp poll👍🏻",3 bulan lalu,5,5,5,Saoenk Cobek Sudiang,Google Maps,2026-05-14 20:47:32
Ci9DQUlRQUNvZENodHljRjlvT2pCb1gyUnNVVXMwVjBwclRXNDRSWE5HTnpSaWMxRRAB,Dian Milasari,5,"Pelayanan ramah , thank NINIS",3 bulan lalu,5,5,5,Saoenk Cobek Sudiang,Google Maps,2026-05-14 20:47:53
Ci9DQUlRQUNvZENodHljRjlvT2xGMk1tWm1TakV4Wm5WRVFURkViVjg1U0RsUFIxRRAB,Felicia Ivanna,5,"Pelayannya bagusss , dan ramahh  sma anak2
Makasih putra 🥰",3 bulan lalu,5,5,5,Saoenk Cobek Sudiang,Google Maps,2026-05-14 20:47:53
Ci9DQUlRQUNvZENodHljRjlvT20weVZUZEhXbXQyU0V3ek5sTkRiSEpRT1ZoQlZIYxAB,2C_TRKB_22_057_ HikmahCahyani,5,Goid job kak Ninis,3 bulan lalu,5,5,5,Saoenk Cobek Sudiang,Google Maps,2026-05-14 20:47:53
Ci9DQUlRQUNvZENodHljRjlvT2pKVFlVSnFibVpyVjFCTFIyOW5TM0o2V0dZMFdHYxAB,Nur Isma,5,Terimakasih mba Ninis,3 bulan lalu,5,5,5,Saoenk Cobek Sudiang,Google Maps,2026-05-14 20:47:53
Ci9DQUlRQUNvZENodHljRjlvT25wTFYxVmpabEJNYlc4eFkzZENXWFpEV0ZZdFJHYxAB,Novi Darsya,5,Pelayan ninis,3 bulan lalu,5,5,5,Saoenk Cobek Sudiang,Google Maps,2026-05-14 20:47:53
Ci9DQUlRQUNvZENodHljRjlvT2kwelZWbEdTazR3UVhWVVlWaGtNRFZsZVcxSWRFRRAB,Raoda Isthytaa,4,kapten hallnya ramah atas nama Ninis,3 bulan lalu,5,4,5,Saoenk Cobek Sudiang,Google Maps,2026-05-14 20:47:53
Ci9DQUlRQUNvZENodHljRjlvT2tsbk1XZzFXbTlEYnpSSWNqWnNibkl0UWpGc1pFRRAB,Hanisah,5,"Pengalaman pertama masuk makan disini,kasirnya ramah sekali biarpun saya banyak tanya,suasananya nyaman,seafoodnya fresh,
Mantap sekali.",3 bulan lalu,5,5,5,Saoenk Cobek Sudiang,Google Maps,2026-05-14 20:47:53
Ci9DQUlRQUNvZENodHljRjlvT2xKemExa3phekZNWkhONlYxTTVaVGd6TkZkcWFWRRAB,Arifuddin Yunus,5,Cocok untuk semua kelompok,3 bulan lalu,5,5,5,Saoenk Cobek Sudiang,Google Maps,2026-05-14 20:47:53
Ci9DQUlRQUNvZENodHljRjlvT2twWGRTMUxjR0Z3V1V3M1NVZEhSbTQwVUdjMlMwRRAB,Rental Duaputri,5,Makanan enak sekali,3 bulan lalu,5,5,5,Saoenk Cobek Sudiang,Google Maps,2026-05-14 20:47:53
Ci9DQUlRQUNvZENodHljRjlvT21KVU4wdE1ka3h2VnpkbFJqUm1SVFZaVjBJM1ozYxAB,rosmiati yusuf,5,"Makanannya semua enak, dr segi pelayanan karyawan cukup ramah",4 bulan lalu,5,5,5,Saoenk Cobek Sudiang,Google Maps,2026-05-14 20:47:53
Ci9DQUlRQUNvZENodHljRjlvT25kRk5FZGZhREExUVZCcGRGQnFjM2RKVkZrMlYxRRAB,Usya kuro,2,,4 bulan lalu,,,,Saoenk Cobek Sudiang,Google Maps,2026-05-14 20:48:13
Ci9DQUlRQUNvZENodHljRjlvT2taS0xXVldWWHA1UTFoemRWWndORXN4T0VWamEzYxAB,gisel gisel,5,pelayanannya sangat baik terimakasih kak putri,4 bulan lalu,5,5,5,Saoenk Cobek Sudiang,Google Maps,2026-05-14 20:48:13
Ci9DQUlRQUNvZENodHljRjlvT21oTWQxZFlUWFZmU0VkNVptRlBSMEpMZFRjeFQyYxAB,Iswan Setiawan,5,Terimakasih untuk pelayananya waters putri. Pelayanan baik cara menjelaskan menunya juga jelas.,4 bulan lalu,5,5,5,Saoenk Cobek Sudiang,Google Maps,2026-05-14 20:48:13
Ci9DQUlRQUNvZENodHljRjlvT2tWaFdWaGZkaloyTkZCYU1qRlhObEp6TjNwclQxRRAB,Abd Rahman,5,Terimakasih pelayanan kak putri baik pelayanan nya,4 bulan lalu,5,5,5,Saoenk Cobek Sudiang,Google Maps,2026-05-14 20:48:13
Ci9DQUlRQUNvZENodHljRjlvT25rdFRVdGllVGhVVTE5T2FWUnhiVE5CU0VWWFdIYxAB,wali,5,Pelayanan mbak putri baik,4 bulan lalu,5,5,5,Saoenk Cobek Sudiang,Google Maps,2026-05-14 20:48:13
Ci9DQUlRQUNvZENodHljRjlvT21GT01rdEhRVzFvVUVwc04wZGZUbWwyZGtoNFFuYxAB,Murniati Mapnur,5,Putri pelayanan baik,4 bulan lalu,5,5,5,Saoenk Cobek Sudiang,Google Maps,2026-05-14 20:48:13
Ci9DQUlRQUNvZENodHljRjlvT2w5V1pEVjNia3hMTldkUWVYVkZhWE5WUWxod1ZIYxAB,Reno Intan,5,Pelayanannya ok putri,4 bulan lalu,5,5,5,Saoenk Cobek Sudiang,Google Maps,2026-05-14 20:48:13
Ci9DQUlRQUNvZENodHljRjlvT2xWWlpteGliSGhZWnpsRWFuTTFjV2c1UXpsRU9IYxAB,Habiba Nurramadani,5,Pelayan kak putri ok,4 bulan lalu,5,5,5,Saoenk Cobek Sudiang,Google Maps,2026-05-14 20:48:13
Ci9DQUlRQUNvZENodHljRjlvT2tKT1QxVTVWMlZmZURjemNtcG1XRTQ0ZGw5cFMwRRAB,Andi Nur Sakinah,5,Pelayan dari putri baik,4 bulan lalu,5,5,5,Saoenk Cobek Sudiang,Google Maps,2026-05-14 20:48:13
Ci9DQUlRQUNvZENodHljRjlvT25kYVozaDZhMk4zYkdSbWRtOXphMFJxVWtKbVFXYxAB,Fisky Ainunnisa,5,Pelayanan dari waters putri baik,4 bulan lalu,5,5,5,Saoenk Cobek Sudiang,Google Maps,2026-05-14 20:48:13
Ci9DQUlRQUNvZENodHljRjlvT2pobWVHWm9aeko1UTJScWJHTk5SREZZU1hveWNsRRAB,Yenipratiwi Bulo,1,Sangat tidak recommended pelayan nya ..,4 bulan lalu,,,,Saoenk Cobek Sudiang,Google Maps,2026-05-14 20:48:34
Ci9DQUlRQUNvZENodHljRjlvT2poRU1WZElVbkZJV0VRelRHVldTRVYwYVRsa2QxRRAB,nia Ramdhani,5,"Makanannya enak, pelayanan ramah

#WaitersMANDA",4 bulan lalu,5,4,4,Saoenk Cobek Sudiang,Google Maps,2026-05-14 20:48:34
Ci9DQUlRQUNvZENodHljRjlvT2pZMmRFTm1WVXR0VkdGR2VGRTRkbEp0U0RGeFkxRRAB,Hafshah hafizhah,5,"saran yah buku menunya di perbaiki
Wt apri",4 bulan lalu,5,5,4,Saoenk Cobek Sudiang,Google Maps,2026-05-14 20:48:34
Ci9DQUlRQUNvZENodHljRjlvT2xob1dEZDRhR05XV1hsQ1VHazFXRWRtZUd4bldWRRAB,Yeni,5,Putri pelayanan baik,4 bulan lalu,5,5,5,Saoenk Cobek Sudiang,Google Maps,2026-05-14 20:48:34
Ci9DQUlRQUNvZENodHljRjlvT2toVlVFRmhUV2gyVFZSUlJYQkNTMDVEY2tGV1ZXYxAB,hanbin imma,5,"Makanannya enak dan kami mendapatkan pelayanan yang baik dari karyawannya, salah satunya Manda ☺️",4 bulan lalu,5,5,4,Saoenk Cobek Sudiang,Google Maps,2026-05-14 20:48:34
Ci9DQUlRQUNvZENodHljRjlvT21wRGRHZDBSbkk1U25nMmJFdFpRMnhwWDJOVlQyYxAB,Jilan Tsabita,5,"Makanan nya Enak""
Banyak promonya, pelayanan dan kasir nya ramah"" banget.
Mksh u/kak Era dan team",4 bulan lalu,5,5,5,Saoenk Cobek Sudiang,Google Maps,2026-05-14 20:48:34
Ci9DQUlRQUNvZENodHljRjlvT214eVZXNHdabHByUkZWYVMzRmpibmxvYXpWTVpHYxAB,Wulan Melany,5,"Makanan nya Enak""
Banyak promonya, pelayanan dan kasir nya ramah"" banget.
Mksh u/kak Era dan team",4 bulan lalu,5,5,5,Saoenk Cobek Sudiang,Google Maps,2026-05-14 20:48:34
Ci9DQUlRQUNvZENodHljRjlvT205bFVGOWpZa2w2Vms5U1JGWk1iVnBEVEZkMlRuYxAB,Muh. Ilham,5,Good job bnyk promo disknya,4 bulan lalu,4,5,5,Saoenk Cobek Sudiang,Google Maps,2026-05-14 20:48:34
Ci9DQUlRQUNvZENodHljRjlvT2tnd2VYcGpUMDlxUzBGVk5EaDROR3h2WjE5RVUyYxAB,Mineay,5,pelayanan dan mkanan enak,4 bulan lalu,4,4,4,Saoenk Cobek Sudiang,Google Maps,2026-05-14 20:48:34
Ci9DQUlRQUNvZENodHljRjlvT25ST2IyMTZVelI1WDJ4TFoxWjFPSEEwV2psVVlsRRAB,Advan Barsup,5,"Makanan nya Enak"" dan memuaskan
Banyak promonya, pelayanan dan kasir nya ramah"" banget.
Mksh u/kak Era dan team",4 bulan lalu,5,5,5,Saoenk Cobek Sudiang,Google Maps,2026-05-14 20:48:34
Ci9DQUlRQUNvZENodHljRjlvT2s5T09HczJkVEptVWsxeE5EZDJlRjlITldSQldGRRAB,Cika Ramdhani,5,"Enak pallumaranya. Udang telur asinnya juga.
Pelayanan Mba era Baik, ramah & sopan.
Tempt nyaman u/makn brsm kluarga.bgusnya resrvsi sih sblm dtang.",4 bulan lalu,5,5,5,Saoenk Cobek Sudiang,Google Maps,2026-05-14 20:48:54
Ci9DQUlRQUNvZENodHljRjlvT205V2QxWjRZV3RWVVRodU4xZDRkQzFUUm5NMVlXYxAB,Fadhiah Ramadhani,5,"Pelayan putra ,
Pelayanan sangat memuaskan & para pelayan sangat ramah",4 bulan lalu,5,5,5,Saoenk Cobek Sudiang,Google Maps,2026-05-14 20:48:54
Ci9DQUlRQUNvZENodHljRjlvT2kxdlRuVkRaVlJaZG5oVFdVZDFiVlprZWxCWFVIYxAB,Angelica Samara,5,"Palumara dan ikan bakarnya juara, paceku yg pilih2 makanan lahap skli makan sampai habiss🫰🏻",4 bulan lalu,5,5,5,Saoenk Cobek Sudiang,Google Maps,2026-05-14 20:48:54
Ci9DQUlRQUNvZENodHljRjlvT25kU05IUlpWMVZQTjNWQmJsZDJSVzFvWmxvd2FXYxAB,ashara nurlidya putri,4,pertahankan pelayanan dan mkanannya,4 bulan lalu,4,4,4,Saoenk Cobek Sudiang,Google Maps,2026-05-14 20:48:54
Ci9DQUlRQUNvZENodHljRjlvT2t4ek1TMVhVMngwVm10dGEyWlJabFZWYmsxQlpVRRAB,Desry Randa,5,Pelayanan dan makan GOOD,4 bulan lalu,4,4,4,Saoenk Cobek Sudiang,Google Maps,2026-05-14 20:48:54
Ci9DQUlRQUNvZENodHljRjlvT2pFdFJIQTNOVWhUYUZKTU5qWk1OR2xTYTNwakxYYxAB,Dina Dina,5,"MAKANANNYA ENAK,PELAYANANYA MANTAP",4 bulan lalu,5,5,5,Saoenk Cobek Sudiang,Google Maps,2026-05-14 20:48:54
Ci9DQUlRQUNvZENodHljRjlvT2tZNVFXMVllR0ZOWW5reE1WUTNWSFk0VkV0aldVRRAB,uti uti,1,tidak lagi” datang kesini pelayanannya kurang,4 bulan lalu,,1,,Saoenk Cobek Sudiang,Google Maps,2026-05-14 20:48:54
Ci9DQUlRQUNvZENodHljRjlvT2pCd2RYZEdlRXhoVEdKcWJUbFlTbTlUYzFWV1NIYxAB,Ri Ri,1,sangat” kurang pelayanannya,4 bulan lalu,,,,Saoenk Cobek Sudiang,Google Maps,2026-05-14 20:48:54
Ci9DQUlRQUNvZENodHljRjlvT2tkM09HeG9ja3BHWm5CalJHNTBXVmt4WjFNNVNFRRAB,Vioni Oni,4,pelayanannya sangat kurang baik,4 bulan lalu,,1,,Saoenk Cobek Sudiang,Google Maps,2026-05-14 20:48:54
Ci9DQUlRQUNvZENodHljRjlvT2xGeU1qRnVZa1F4UlVGa1EzQkViRTEyZUVaVmJrRRAB,Rangga Dani,1,"pelanyanan nya kurang, pelayannya kurang baik, ga lagi” makan disini👎🏽",4 bulan lalu,,,,Saoenk Cobek Sudiang,Google Maps,2026-05-14 20:48:54
Ci9DQUlRQUNvZENodHljRjlvT2taZmNrUlNhMnBVVGt4cWNqaGZVbTlwTTJJMVJXYxAB,Vionaabr,1,"pelayanan tidak ramah, tidak dilayani karena liat liat orang, judes, tidak bintang satu tapi minesss 10👎🏻👎🏻👎🏻👎🏻👎🏻 …",4 bulan lalu,,,,Saoenk Cobek Sudiang,Google Maps,2026-05-14 20:49:15
Ci9DQUlRQUNvZENodHljRjlvT2xGU2Qzb3lUa1prTUVoemJGUmtaamRTUVdKNVpGRRAB,andiriametasari bone,5,Pelayan apri,4 bulan lalu,5,5,5,Saoenk Cobek Sudiang,Google Maps,2026-05-14 20:49:15
Ci9DQUlRQUNvZENodHljRjlvT2tKUlkwZG9lbmhoTmpONGNHOUljMEZLTTFwNlNGRRAB,asti sugiarti,4,Putri sebagai waiters cukup ramah dan memberi informasi ckp jelas ttg menu dan lainnya,4 bulan lalu,4,5,5,Saoenk Cobek Sudiang,Google Maps,2026-05-14 20:49:15
Ci9DQUlRQUNvZENodHljRjlvT2tkcVZYRmZYM2RRT1ZkdE1Wb3hOa0psUVVzMWRIYxAB,ummu kalsum ahmad said,5,makanannya enak,4 bulan lalu,5,5,4,Saoenk Cobek Sudiang,Google Maps,2026-05-14 20:49:15
Ci9DQUlRQUNvZENodHljRjlvT25wdmFYQmpOR1IzWjBSbUxWRkNWMVpKUVROV2EyYxAB,Syaiful Taba,4,Makanan enak dan karyawan nya ramah (atas nama ninis) Good job 👌👍👏,4 bulan lalu,4,4,4,Saoenk Cobek Sudiang,Google Maps,2026-05-14 20:49:15
Ci9DQUlRQUNvZENodHljRjlvT2xOWlZuWmxkV0ZvYWtWS1VGSnFNblp3YWpSRlRrRRAB,Lexi Hot11s,5,Pelayanan baguussss....👍👍👍👍👍,4 bulan lalu,5,5,5,Saoenk Cobek Sudiang,Google Maps,2026-05-14 20:49:15
Ci9DQUlRQUNvZENodHljRjlvT25wdVVsOXFSMHBJWVV4cVQyZHNSVlZ4VFV3NWRrRRAB,Benazir Wafiek Siddik,5,"Sudah beberapa kali makan disini karena suasananya yang nyaman dan makanannya enak-enak. Pallumara, ikan bakar rica parape dipadukan dengan cah kangkung jadi hidangan favorit, jusnya juga enak-enak. Ikan fillet saus asam manis jadi kesukaan anakku, palekkonya juga juara sih karena pakai minyak kelapa asli, cumi lada hitamnya lembut dan empuk, sayangnya yang terposting disini hanya menu ikan saos asam manis saja. Untuk harga mungkin agak pricey tapi sebandinglah dengan makanan dan pelayanannya. Mau datang lagi? Ya, tentu saja.",Diedit 5 bulan lalu,5,5,5,Saoenk Cobek Sudiang,Google Maps,2026-05-14 20:49:15
Ci9DQUlRQUNvZENodHljRjlvT2sxYU1WSndVVU5UTTJWME1uUlVORGxXV2xreFRGRRAB,Saiful Mukminin,5,Recomended,5 bulan lalu,5,,,Saoenk Cobek Sudiang,Google Maps,2026-05-14 20:49:15
Ci9DQUlRQUNvZENodHljRjlvT2tsQmJISlVhRFkwUWxNd1duVklRWFZhTjAxWU1sRRAB,Agus Purwantara,4,Makanan enak dengan suasana yang nyaman.,5 bulan lalu,4,5,4,Saoenk Cobek Sudiang,Google Maps,2026-05-14 20:49:15
Ci9DQUlRQUNvZENodHljRjlvT201eVJtTjBObWhtYVhSRVZXOWZka04yY0hkNFpsRRAB,wahyuni uni,3,Room meetingnya puanaassss gaesss,5 bulan lalu,5,4,4,Saoenk Cobek Sudiang,Google Maps,2026-05-14 20:49:15
Ci9DQUlRQUNvZENodHljRjlvT21aMGMxSm9aemxOYlVFd1VFRXhkRWg1UVVGS2FuYxAB,Muhammad Akmal,5,,5 bulan lalu,4,4,5,Saoenk Cobek Sudiang,Google Maps,2026-05-14 20:49:35
Ci9DQUlRQUNvZENodHljRjlvT2pkRlVFNVJlVFJ6TWsxemVsaEdXbmd6WDBNNVVHYxAB,Umhy kalsum,5,"Pelayanannya baik, yg layani saya waktu itu namanya putra",5 bulan lalu,5,5,5,Saoenk Cobek Sudiang,Google Maps,2026-05-14 20:49:35
Ci9DQUlRQUNvZENodHljRjlvT25sQlJYZGFhMnQxZFVKM1NYbHJRVmxzWTNkT2JXYxAB,supri adi,5,,5 bulan lalu,5,5,5,Saoenk Cobek Sudiang,Google Maps,2026-05-14 20:49:35
Ci9DQUlRQUNvZENodHljRjlvT2w5RWVFdFpZbEJ6UkZCWFlrbE5WRGxrUkRaME1XYxAB,Merlin Rumagit,5,"Pesanan sudah di konfirmasi,tapi pas nyampe katanya karyawannya sudah pergantian shift jadi tdk tau.
Pelayanan harus lebih di utamakan",6 bulan lalu,4,2,4,Saoenk Cobek Sudiang,Google Maps,2026-05-14 20:49:35
Ci9DQUlRQUNvZENodHljRjlvT21neVNEZHJUMU4xT1ZkM2RIaEJTM0pXUkhWQ1JsRRAB,Musawwir,5,Putra,6 bulan lalu,5,5,5,Saoenk Cobek Sudiang,Google Maps,2026-05-14 20:49:35
Ci9DQUlRQUNvZENodHljRjlvT2kwM1VuUkNUVmhXTmxwNFp6azFkVVYyUTFOTFFuYxAB,Fitrin Kusuma Dewi,5,,6 bulan lalu,5,5,5,Saoenk Cobek Sudiang,Google Maps,2026-05-14 20:49:35
Ci9DQUlRQUNvZENodHljRjlvT2psUmFESkNiMDk2TnpsNllVcFNTVGhKY0VZeFVWRRAB,Nesti Nesti,5,"Putri
Baguss dan sopan",6 bulan lalu,5,5,5,Saoenk Cobek Sudiang,Google Maps,2026-05-14 20:49:35
Ci9DQUlRQUNvZENodHljRjlvT21wUkxVdDRWWGR0VFhSRFUyZDRZemcwZGpoQlQzYxAB,Venansius Alvin,5,Putri pelayanannya baik,6 bulan lalu,5,5,5,Saoenk Cobek Sudiang,Google Maps,2026-05-14 20:49:35
Ci9DQUlRQUNvZENodHljRjlvT2tkb05YTkxlVFZJVWxKZmFtZHVWbWc1TkhKaVdVRRAB,Irmawis channel,5,,6 bulan lalu,,,,Saoenk Cobek Sudiang,Google Maps,2026-05-14 20:49:35
Ci9DQUlRQUNvZENodHljRjlvT2s5eFNFdzJTbGRYVm5wMllYZEhTMnQ2YnpkWlJuYxAB,sutrisno sewang,5,Anak laki-laki pelayan,6 bulan lalu,5,5,5,Saoenk Cobek Sudiang,Google Maps,2026-05-14 20:49:35
Ci9DQUlRQUNvZENodHljRjlvT2xKMldWUkxWblpXY25ObVgwcERVMXBGU1V0Qk9IYxAB,Nurul Ainun,5,,6 bulan lalu,5,5,5,Saoenk Cobek Sudiang,Google Maps,2026-05-14 20:49:56
Ci9DQUlRQUNvZENodHljRjlvT2treE5WWmZUREpmUkVWd1ducHRlRVZUVTFGeFFtYxAB,Suwardah Wardah,5,Pelayanannya bagus. Karyawan putri,6 bulan lalu,5,5,5,Saoenk Cobek Sudiang,Google Maps,2026-05-14 20:49:56
Ci9DQUlRQUNvZENodHljRjlvT25ORmJXUkhlRnB4UTBzeVZVcEphMWd3WTNoWmFIYxAB,Hary Asland,5,"Putri pelayanan baik, ramah, gercep",6 bulan lalu,5,5,5,Saoenk Cobek Sudiang,Google Maps,2026-05-14 20:49:56
Ci9DQUlRQUNvZENodHljRjlvT20wMGRXRlZkbXQwWjJ4T2N6UlZTbFJIZDE5clJrRRAB,Ovfrianty Fery Sampe,5,"Putri
Pelayanan rama dan baik",6 bulan lalu,5,5,5,Saoenk Cobek Sudiang,Google Maps,2026-05-14 20:49:56
Ci9DQUlRQUNvZENodHljRjlvT2tjdE5GaEVlVEZuTFZWNWRYTnVUV1pNZHkxb1JYYxAB,Fedriyanti Gabriella,5,,6 bulan lalu,5,5,5,Saoenk Cobek Sudiang,Google Maps,2026-05-14 20:49:56
Ci9DQUlRQUNvZENodHljRjlvT2psQ1NWQkljMXBGUmtreFpEUk5jRFpuTlVSM2JtYxAB,mu'izz kamal,5,"Waiters atas nama putra dengan Pelayanan ramah dan cepat, makanan enak dan disajikan fresh, suasana tenang, dan sudah jadi langganan",6 bulan lalu,5,5,5,Saoenk Cobek Sudiang,Google Maps,2026-05-14 20:49:56
Ci9DQUlRQUNvZENodHljRjlvT21OdVZubGlVWFJmUm1SQ01WVXhZMGxMU0dFNWRtYxAB,Fahriani Idris,5,Terima kasih atas pelayanan dari mas putra dan mba manda.,6 bulan lalu,5,5,5,Saoenk Cobek Sudiang,Google Maps,2026-05-14 20:49:56
Ci9DQUlRQUNvZENodHljRjlvT25aYU1YUmhaamhIV0Mxc05raHRUSEZpTURSaFFsRRAB,M S,5,pelayanan dari kak putri baik ramah,6 bulan lalu,5,5,5,Saoenk Cobek Sudiang,Google Maps,2026-05-14 20:49:56
Ci9DQUlRQUNvZENodHljRjlvT20xMk5VbEpWVTlvZDNaUU4zZHliME5YT0hCclVWRRAB,wahid KPP215,5,Servis cepat & memuaskan cc Fitra,6 bulan lalu,,,,Saoenk Cobek Sudiang,Google Maps,2026-05-14 20:49:56
Ci9DQUlRQUNvZENodHljRjlvT2tFemVqVlFaRFppVmt0eWEycHBhSGRaUW1STlUyYxAB,Rosmala Dewi,5,Pelayanan baik mbak putri,7 bulan lalu,5,5,5,Saoenk Cobek Sudiang,Google Maps,2026-05-14 20:49:56
Ci9DQUlRQUNvZENodHljRjlvT2t3M09FWmxhbVpCYm5nM2VERkJVM3A1Wm0xSU4xRRAB,Rangga Prawira,5,Pelayanan mantap dari mbak putri terimakasih,7 bulan lalu,5,5,5,Saoenk Cobek Sudiang,Google Maps,2026-05-14 20:50:16
Ci9DQUlRQUNvZENodHljRjlvT2pSZlVqQm5ibXRMVkZkZllqVjVZblp3VEVaSFdFRRAB,Novita Wirawati,5,makanan sangat enak dan pelayanan atas nama mbak putri sangattt ramahh dan bagus gercep,7 bulan lalu,5,5,5,Saoenk Cobek Sudiang,Google Maps,2026-05-14 20:50:16
Ci9DQUlRQUNvZENodHljRjlvT21rMlgwZzJlUzFxUTFsSU1rWktSWGh2YUVkcGJtYxAB,Selfi Aminah,5,Putri pelayanan ya bagus dan gercep dalam melayani cartemers yg berkunjung di saung cobek sudiang,7 bulan lalu,5,5,5,Saoenk Cobek Sudiang,Google Maps,2026-05-14 20:50:16
Ci9DQUlRQUNvZENodHljRjlvT2pWMFdGWnNTRVU0WnpBMlZIVnZNVTV5TW5SbE5FRRAB,endang yanas,5,Pelayanan dari waitres putri baik dan sangat ramah,7 bulan lalu,5,5,5,Saoenk Cobek Sudiang,Google Maps,2026-05-14 20:50:16
Ci9DQUlRQUNvZENodHljRjlvT2t3elpWSmhORGhhVERjeGIySlFZbWhaY25aU05IYxAB,nutrientshark,5,,7 bulan lalu,5,5,5,Saoenk Cobek Sudiang,Google Maps,2026-05-14 20:50:16
Ci9DQUlRQUNvZENodHljRjlvT21WcGQxaEtlRTVuU1UwNGNFdHljMmg1ZHpsQ1gwRRAB,Ahmad Sirat,5,,7 bulan lalu,4,4,4,Saoenk Cobek Sudiang,Google Maps,2026-05-14 20:50:16
Ci9DQUlRQUNvZENodHljRjlvT2twQlJXUnBTVGRCWmpjemJEQkNlbVZMWW05eGVIYxAB,iwan Dannari,5,Pelayanan dari waiters putri baik,7 bulan lalu,5,5,5,Saoenk Cobek Sudiang,Google Maps,2026-05-14 20:50:16
Ci9DQUlRQUNvZENodHljRjlvT2xsTFdHOUVWbTUzU1haUE1XUXRMWE5hV1ZoYVgzYxAB,amel anjani,5,"atas nama kak putri pelayanannya bagus, ramah, gercep dan untuk tempatnya strategis nyaman serta asri",7 bulan lalu,5,5,5,Saoenk Cobek Sudiang,Google Maps,2026-05-14 20:50:16
Ci9DQUlRQUNvZENodHljRjlvT2t4T1pGUlFkazFPUkd4T2IzTnZiM053TVdKSWEwRRAB,nresky pratiwi,5,nikmat tenang ramah,7 bulan lalu,5,5,5,Saoenk Cobek Sudiang,Google Maps,2026-05-14 20:50:16
Ci9DQUlRQUNvZENodHljRjlvT2xoMlZWOUlNMWxpWVdOaWRHNW9WRlJEV1MxRFRGRRAB,Taufik Hidayat,5,pelayanan excellent putra,7 bulan lalu,5,5,5,Saoenk Cobek Sudiang,Google Maps,2026-05-14 20:50:16
Ci9DQUlRQUNvZENodHljRjlvT2xCMGJ6SlpPWFJIYjFWNmNIbFVOVEE1TWtoNWEyYxAB,Amiruddin Rauf,5,"Putri, pelayanan bagus",7 bulan lalu,5,5,5,Saoenk Cobek Sudiang,Google Maps,2026-05-14 20:50:37
Ci9DQUlRQUNvZENodHljRjlvT2xGaFEyaFJVRmhWYTB0d2VsUnhXSE55U3pscWRsRRAB,Qonita ramadhani,5,Pelayan putri baik,7 bulan lalu,5,5,5,Saoenk Cobek Sudiang,Google Maps,2026-05-14 20:50:37
Ci9DQUlRQUNvZENodHljRjlvT2xkRVRXRTRUR014ZUV4QmJtdHhiMjFLUkc1bVozYxAB,Ahmad Romadhon,2,"Gazebonya lesehan tapi pegawainya membersihkan gazebo dengan tetap memakai alas kaki, jadi terasa kurang higienis",7 bulan lalu,4,2,3,Saoenk Cobek Sudiang,Google Maps,2026-05-14 20:50:37
Ci9DQUlRQUNvZENodHljRjlvT205Q1dHY3pURWRzYzNCTlEwOVFSVWRWVDB0Nk1rRRAB,sakti bbksdasulsel,5,"Pelayanannnya Mba Putri bintang lima, top",7 bulan lalu,5,5,5,Saoenk Cobek Sudiang,Google Maps,2026-05-14 20:50:37
Ci9DQUlRQUNvZENodHljRjlvT2t0R1pXeDBiWEprZUhkS2FrWmFZemN4Uld4YVVtYxAB,Muh rezky,5,"Pelayanan dri kak putri sangat baik dan ramah, makanannya enaknya trutama capcay dan sambel ayamnya.",7 bulan lalu,5,5,5,Saoenk Cobek Sudiang,Google Maps,2026-05-14 20:50:37
Ci9DQUlRQUNvZENodHljRjlvT200NFIwVjZkSGh2U25jelFVTlRNVkZ6YkhOWGJsRRAB,Nandar,5,Pelayanan atas nama putri baik,7 bulan lalu,5,5,5,Saoenk Cobek Sudiang,Google Maps,2026-05-14 20:50:37
Ci9DQUlRQUNvZENodHljRjlvT2xGelMxRkpZbm80YzFwMmFrNTFXRGR2T0VSa09HYxAB,Misma Hanifa,5,Pelaya putri ramah,7 bulan lalu,5,5,5,Saoenk Cobek Sudiang,Google Maps,2026-05-14 20:50:37
Ci9DQUlRQUNvZENodHljRjlvT2s5bGVIUm9hVVJ4ZVU1a01rWmhjemhYY25Wc0xYYxAB,Petrus Sk,5,Pelayanan dari waiters putri baik,7 bulan lalu,5,5,5,Saoenk Cobek Sudiang,Google Maps,2026-05-14 20:50:37
Ci9DQUlRQUNvZENodHljRjlvT2pOS2MybHFialJ6Y1hkR1dFbGxZbFJRTm5Ga1JFRRAB,Sultan Alauddin,5,Alhamdulillah pelayanan atas nama putri sangat baik,7 bulan lalu,5,5,5,Saoenk Cobek Sudiang,Google Maps,2026-05-14 20:50:37
Ci9DQUlRQUNvZENodHljRjlvT2s1NWFHcHNhelJLVkVGMFZWazBWMjFwWDNodGRIYxAB,Multi ivon,5,Pelayanan dari putri baik,7 bulan lalu,5,5,5,Saoenk Cobek Sudiang,Google Maps,2026-05-14 20:50:37
Ci9DQUlRQUNvZENodHljRjlvT2s5ZmVtdDZOMnAzWTJSSFgySnNVSFE0WWtjdFgyYxAB,ayuwarasari rusmana,5,Pelayanan mbak putri baik ramah,7 bulan lalu,5,5,5,Saoenk Cobek Sudiang,Google Maps,2026-05-14 20:50:57
Ci9DQUlRQUNvZENodHljRjlvT200NUxVMXRaRnBEUzJzd1NuWlBOa3h3WnpkRGNGRRAB,Gina Fianita,5,Pelayan putri baik,7 bulan lalu,5,5,5,Saoenk Cobek Sudiang,Google Maps,2026-05-14 20:50:57
Ci9DQUlRQUNvZENodHljRjlvT2taRlFsWlZaRzV6TWpCd1MySkhRbEpKTXpaYVdWRRAB,Tsalis Amaliya,5,Pelayanan atas nama waitres putri baik dan ramah dalam menjelaskan menunya. Thank you kaka putri .,7 bulan lalu,5,5,5,Saoenk Cobek Sudiang,Google Maps,2026-05-14 20:50:57
Ci9DQUlRQUNvZENodHljRjlvT2pBMFJtdGxhRGhLZFVaVFNVMUZTVEZIYjFVNFpYYxAB,Kartini Khaidir,5,Pelayanan putri baik,7 bulan lalu,5,5,5,Saoenk Cobek Sudiang,Google Maps,2026-05-14 20:50:57
Ci9DQUlRQUNvZENodHljRjlvT21jeVluWlZObk5SYzFSRmFHWmlVMHc0VkdWd05HYxAB,Irma Zainal,5,Pelayan putra,7 bulan lalu,5,5,4,Saoenk Cobek Sudiang,Google Maps,2026-05-14 20:50:57
Ci9DQUlRQUNvZENodHljRjlvT2xKVWExVXdRWEUzU3psM1YwWTFSbUpvZVVkbmVtYxAB,Kaidar Kaidar,5,Pelayan putri mantap,7 bulan lalu,5,5,5,Saoenk Cobek Sudiang,Google Maps,2026-05-14 20:50:57
Ci9DQUlRQUNvZENodHljRjlvT2xrelFqWnFhR3hqVUdWalpFWkJNRkpMU2xnMGVFRRAB,Rasdianti Anti,5,Pelayanan putri baik dan ramah lincah juga,7 bulan lalu,5,5,5,Saoenk Cobek Sudiang,Google Maps,2026-05-14 20:50:57
Ci9DQUlRQUNvZENodHljRjlvT2s5b2RVTk5NRGcyVkRORmVuTkVSRlJPYTBjM1RWRRAB,Ayana Djufri,5,putri pelayanannya sangan ramah dan lincah,7 bulan lalu,5,5,5,Saoenk Cobek Sudiang,Google Maps,2026-05-14 20:50:57
Ci9DQUlRQUNvZENodHljRjlvT2tOeWVGVlFNa05sU0V0WmVsUTRaa2hCWlU5T1gyYxAB,rahmawati akib,5,Pelayanan atas nama putri baik,7 bulan lalu,5,5,5,Saoenk Cobek Sudiang,Google Maps,2026-05-14 20:50:57
Ci9DQUlRQUNvZENodHljRjlvT2pkcVdVeDBOVGRoUTNvNFdsQlBZME14VjFwclNGRRAB,Ardi Ardi,5,putri pelayanan baik,7 bulan lalu,5,5,5,Saoenk Cobek Sudiang,Google Maps,2026-05-14 20:50:57
Ci9DQUlRQUNvZENodHljRjlvT25sc05uVnRaRm94ZWpWVFIwSjVORkZpZVU0NVFrRRAB,Ratna Wati,5,Pelayanan atas nama.putri baik sangat,7 bulan lalu,5,5,5,Saoenk Cobek Sudiang,Google Maps,2026-05-14 20:51:18
Ci9DQUlRQUNvZENodHljRjlvT2xvMlZXaDRaRFE1VEVwUVFUbFBhamw2Wkd4cGFtYxAB,warnet dhirgham,5,Putri layananx cepat dan ramah,7 bulan lalu,5,5,5,Saoenk Cobek Sudiang,Google Maps,2026-05-14 20:51:18
Ci9DQUlRQUNvZENodHljRjlvT25GR2JVVnNXVGMyT1dGTldXaDBjR00zTTNkeVduYxAB,IQ MAR,5,nama saya putri pelayanannya bagus,7 bulan lalu,5,5,5,Saoenk Cobek Sudiang,Google Maps,2026-05-14 20:51:18
Ci9DQUlRQUNvZENodHljRjlvT2w5Zk0xbzVaakJmU21kbllVUldWVXR2WlhadVgzYxAB,Shinta pratiwi,5,"Pelayanan nya mantap,waiters atas na putri sangat detail menjelaskan tentang promo nya",7 bulan lalu,5,5,5,Saoenk Cobek Sudiang,Google Maps,2026-05-14 20:51:18
Ci9DQUlRQUNvZENodHljRjlvT2pKMVJrSlNaQzF5T0Vkd1RWWlZNVkpaT0cxaFRrRRAB,Annisa Desjklin,5,Mandat pelayan,7 bulan lalu,5,5,5,Saoenk Cobek Sudiang,Google Maps,2026-05-14 20:51:18
Ci9DQUlRQUNvZENodHljRjlvT21GR2VrMWlMVnA2TXpWdVRsSkVjV1JZVG1sd1NWRRAB,Muh AqilrA Adil,5,putra,7 bulan lalu,5,5,5,Saoenk Cobek Sudiang,Google Maps,2026-05-14 20:51:18
Ci9DQUlRQUNvZENodHljRjlvT2xka2MwaHFkMXBaUXpORGJqWTRlSFIwVkdveVJHYxAB,Rendi Jaya,5,Putri pelayanan ok,7 bulan lalu,5,5,5,Saoenk Cobek Sudiang,Google Maps,2026-05-14 20:51:18
Ci9DQUlRQUNvZENodHljRjlvT2tKS1FYWmljbHBQVDBKYU5HWmlVbk5pU1VKblQzYxAB,Muli 18,5,"Makan malam yang menyenangkan suasana nyaman, waiters manda",7 bulan lalu,5,5,5,Saoenk Cobek Sudiang,Google Maps,2026-05-14 20:51:18
Ci9DQUlRQUNvZENodHljRjlvT2t4TmN6QlpZVXQwVjBrMU1HTm5OMDVvTkdwaVdHYxAB,Nur Fadillah,5,"Anak hamba, terima kasih anakku.",7 bulan lalu,5,5,5,Saoenk Cobek Sudiang,Google Maps,2026-05-14 20:51:18
Ci9DQUlRQUNvZENodHljRjlvT2xnMVEwcDFVVmRUZFV0UVRVRTJObWQwYWtwTk1FRRAB,Fahrul Islam,5,Terimakasih pelayanannya kakak putri baik pelayanannya,7 bulan lalu,5,5,5,Saoenk Cobek Sudiang,Google Maps,2026-05-14 20:51:18
Ci9DQUlRQUNvZENodHljRjlvT2xoQ1pYUTNOMlpZTkcxTWFGWjJhbU5yYVd0b2FYYxAB,Elsy Rigel,5,Pelayanan putri mantap,7 bulan lalu,5,5,5,Saoenk Cobek Sudiang,Google Maps,2026-05-14 20:51:38
Ci9DQUlRQUNvZENodHljRjlvT2t0dVpWaFlkSEV5WjA1dmRIcEdjRXN5U214dmVrRRAB,Muhammad Akbar Salcha,5,Puas,7 bulan lalu,5,5,5,Saoenk Cobek Sudiang,Google Maps,2026-05-14 20:51:38
Ci9DQUlRQUNvZENodHljRjlvT21ReVIzaHlaVlZGVDI5NGVUUkVRVGxLWkhwVlVtYxAB,sasi pry,5,"Pengalaman menyenangkan makan disini. Tempatnya  nyaman untuk makan sekeluarga, pelayanan cepat , menu makanan lengkap, rasa enak,harga terjangkau ,ada bell yg memudahkan orderan. Dilayani oleh kak putri dan tim yg ramah,satset, sgt worth it untuk datang nilai plus krna parkir gratis👍🔥🔥🔥👌",7 bulan lalu,5,5,5,Saoenk Cobek Sudiang,Google Maps,2026-05-14 20:51:38
Ci9DQUlRQUNvZENodHljRjlvT2tseFR6TnFZbTVPVTFsd2NUZFBORlE1UmtKbE5sRRAB,Rita Mega,5,Alhamdulillah bagus Putri,7 bulan lalu,5,5,5,Saoenk Cobek Sudiang,Google Maps,2026-05-14 20:51:38
Ci9DQUlRQUNvZENodHljRjlvT2poZk1uaHdMVlpqYW5NMWIxSnljbUZ3VEdONFVVRRAB,astiny husni,5,"Putri, ramah dan makananx fresh",7 bulan lalu,5,5,5,Saoenk Cobek Sudiang,Google Maps,2026-05-14 20:51:38
Ci9DQUlRQUNvZENodHljRjlvT21RNE5uTXRkbmd6T1dOcVQzUXpaamgwTmxwR1MzYxAB,darul septiawan,5,Puti pelayanan baik,7 bulan lalu,5,5,5,Saoenk Cobek Sudiang,Google Maps,2026-05-14 20:51:38
Ci9DQUlRQUNvZENodHljRjlvT2t0eGVGaFFia1ZFZVZjeVUyWXpja3RvTjB0S1MwRRAB,Nurfadhilah Faisal,5,pelayan putra,7 bulan lalu,5,5,5,Saoenk Cobek Sudiang,Google Maps,2026-05-14 20:51:38
Ci9DQUlRQUNvZENodHljRjlvT2tseVYyTlJjM1o0ZVY4M1J6Snljbmd6VjJKNE5uYxAB,Yosinta Buntu,5,"Putri,pelatanan mantap🙏",7 bulan lalu,5,5,5,Saoenk Cobek Sudiang,Google Maps,2026-05-14 20:51:38
Ci9DQUlRQUNvZENodHljRjlvT2t0UVlUbFplVWhOU21OeE5qbGFMWFJLU1dNdFFYYxAB,Midra Patila,5,Putri pelayanan bagus,7 bulan lalu,5,5,5,Saoenk Cobek Sudiang,Google Maps,2026-05-14 20:51:38
Ci9DQUlRQUNvZENodHljRjlvT2xoS2NrVmhhbFp4TW5WSk9VUmtUVkZNU0hkNU4yYxAB,Delinar,5,,7 bulan lalu,5,,5,Saoenk Cobek Sudiang,Google Maps,2026-05-14 20:51:38
Ci9DQUlRQUNvZENodHljRjlvT2xGdVYzaGZjV1Z4YVhjeE1sQTNURGc1TnpsVFlXYxAB,Indah Widi,5,Makanan dan minuman enak semua sih,7 bulan lalu,5,5,5,Saoenk Cobek Sudiang,Google Maps,2026-05-14 20:51:59
Ci9DQUlRQUNvZENodHljRjlvT2tsTWNUVjFNSFpQWHpneVNXVTVhRnBTY1U1MVNtYxAB,adhi taufiq,5,"Serve by putri : servenya baik, orgnya ramah and sopan dlm melayani costumer terutama keluarga sy",7 bulan lalu,5,5,5,Saoenk Cobek Sudiang,Google Maps,2026-05-14 20:51:59
Ci9DQUlRQUNvZENodHljRjlvT2xWcFQzZHJNRVZXZDI1bWFHOUxVVXd5U25WUVJrRRAB,Mutmainnah Arfah,5,Pelayan putra  makasih putra,7 bulan lalu,4,5,4,Saoenk Cobek Sudiang,Google Maps,2026-05-14 20:51:59
Ci9DQUlRQUNvZENodHljRjlvT2kxRlVqQlNTRjl6YkZGcWR6WkpaM1pUWW0xcGQwRRAB,Pika Pebriani,5,Putri pelayanan ramah,7 bulan lalu,5,5,5,Saoenk Cobek Sudiang,Google Maps,2026-05-14 20:51:59
Ci9DQUlRQUNvZENodHljRjlvT21aWGRuRTJZbGt5ZUdoRlFWaDBNbmMzYTFSNFFWRRAB,MuhTaufik _MB-48-11,5,pelayanannya bagus dan ramah putri,7 bulan lalu,5,5,5,Saoenk Cobek Sudiang,Google Maps,2026-05-14 20:51:59
Ci9DQUlRQUNvZENodHljRjlvT2xWeE5sTkJZMUpaVlRKUWRtUjFjemRvU2t0dVZsRRAB,Riska Novia Ramadhana,5,putri pelayanan memuaskan,8 bulan lalu,5,5,5,Saoenk Cobek Sudiang,Google Maps,2026-05-14 20:51:59
Ci9DQUlRQUNvZENodHljRjlvT21KT1VUaDFkVXhRWVdNMk1qVTJXWEE1YzFKUlMwRRAB,inencia erica,5,Pelayanannya bagus dan makanannya enak. Kami mendapatkan good service dari waiter atas nama Putra. Terima kasih,8 bulan lalu,,,,Saoenk Cobek Sudiang,Google Maps,2026-05-14 20:51:59
Ci9DQUlRQUNvZENodHljRjlvT2w5dFRHaE9VakZJYUV3NGMydE5Sa0ZvVlVJeWVuYxAB,Wahyuni Yhuyu,5,"Pelayanan putra , thankss",8 bulan lalu,5,5,5,Saoenk Cobek Sudiang,Google Maps,2026-05-14 20:51:59
Ci9DQUlRQUNvZENodHljRjlvT25sNFVFOU5ibGRZVDJScU4zTTNUbUZuTjE4eE1VRRAB,Jasma Wati,5,Pelayan putra . Pelayan bagussss makasihhh. Ramah pelayannya,8 bulan lalu,4,5,5,Saoenk Cobek Sudiang,Google Maps,2026-05-14 20:51:59
Ci9DQUlRQUNvZENodHljRjlvT25CVGRVMDBhVWRLT0d4QmNWTjZTMXBWWkV0T1UyYxAB,Nayy Ramandha,5,Pelayanan atas nama kakak putri sangat ramah baik,8 bulan lalu,5,5,5,Saoenk Cobek Sudiang,Google Maps,2026-05-14 20:51:59
Ci9DQUlRQUNvZENodHljRjlvT21WbFUzQmliSGt0VW5OTFQzQnJkMWhuVWpWclNrRRAB,Nazwa kyla,5,terimakasih pelayanannya kak putri,8 bulan lalu,5,5,5,Saoenk Cobek Sudiang,Google Maps,2026-05-14 20:52:20
Ci9DQUlRQUNvZENodHljRjlvT21FMldGWmthbU0zVUVSbFdsbFpjbkl3VjJOclRGRRAB,Musdalifah syarifuddin,2,"Makanan enak tp banyak lalat, saung berdebu, air buat cuci tangan dimatikan padahal masih ada Kami yg sedang makan belum cuci tangan.",8 bulan lalu,5,3,2,Saoenk Cobek Sudiang,Google Maps,2026-05-14 20:52:20
Ci9DQUlRQUNvZENodHljRjlvT2s5NU0wVjVWMDl1VTFGUVVWZEdiR3cwYTJVMU5VRRAB,Yulia Tirta,5,"Putri
Pelayanan Baik",8 bulan lalu,5,5,5,Saoenk Cobek Sudiang,Google Maps,2026-05-14 20:52:20
Ci9DQUlRQUNvZENodHljRjlvT2poWmEwbGtOMEZ4U21wVldWbGtSRTVOUXpkcVowRRAB,Ade Arlan,5,Putri pelayanan bagus,8 bulan lalu,5,5,5,Saoenk Cobek Sudiang,Google Maps,2026-05-14 20:52:20
Ci9DQUlRQUNvZENodHljRjlvT25nNFpWaFFhVEkwVEU1NFdHWlNhRmxXYnpoWGNsRRAB,San Rego,5,Putri pelayanannya mantap,8 bulan lalu,5,5,5,Saoenk Cobek Sudiang,Google Maps,2026-05-14 20:52:20
Ci9DQUlRQUNvZENodHljRjlvT2psbGJ6a3hOVVZZYlVkbWJERXRhWGRaYlZJMVZrRRAB,Mutmainnah Muslimin,5,"Putri, mantap",8 bulan lalu,5,5,5,Saoenk Cobek Sudiang,Google Maps,2026-05-14 20:52:20
Ci9DQUlRQUNvZENodHljRjlvT2paYVpuSTBMVGxUY2toRVZFd3hTekJyY0VOSU1GRRAB,Chandra Nugraha,5,Putri pelayananya bagus,8 bulan lalu,5,5,5,Saoenk Cobek Sudiang,Google Maps,2026-05-14 20:52:20
Ci9DQUlRQUNvZENodHljRjlvT2xsNVdFMVZRMWhYVFZGTVQycEVUWEpFVWxSZlVFRRAB,Fardian Muis,5,Pelayanannya ramah putri,8 bulan lalu,5,5,5,Saoenk Cobek Sudiang,Google Maps,2026-05-14 20:52:20
Ci9DQUlRQUNvZENodHljRjlvT2pSSGJFbzRjbGxWTUhOVFlrVXdaamt5UjI5QlUxRRAB,Orleen Luvena,5,"Anak pelayan, terima kasih nak.",8 bulan lalu,5,5,5,Saoenk Cobek Sudiang,Google Maps,2026-05-14 20:52:20
Ci9DQUlRQUNvZENodHljRjlvT2xSNlVFMXdNMlowVFRKbWJETlVZM1pWUTBkcFZuYxAB,Muh faqih Husnur,5,Ainun pelayan yg paling ramah murah senyum pokoknya rekomended skli makanan dan pelayanannya,8 bulan lalu,5,5,5,Saoenk Cobek Sudiang,Google Maps,2026-05-14 20:52:20
Ci9DQUlRQUNvZENodHljRjlvT2tablpuZGpZWGRVVW1zMVNXaFJTV2hOWnpaQmJFRRAB,Laely Resky,5,pelayan ats nama ainun pelayanannya sangat ramah baik dan murah senyum,8 bulan lalu,5,5,5,Saoenk Cobek Sudiang,Google Maps,2026-05-14 20:52:40
Ci9DQUlRQUNvZENodHljRjlvT2sxYVYwRnRjVTFVVlcwM2FEVkNObmhsYlhOQ2VsRRAB,ISTIINCEZZ INCEZZ,5,Pelayanannya sangat ramah baik cara menjelaskannya kak putri,8 bulan lalu,5,5,5,Saoenk Cobek Sudiang,Google Maps,2026-05-14 20:52:40
Ci9DQUlRQUNvZENodHljRjlvT2xaaFdIbFlUVkZ1ZW1KdlFtZDJPV1J1Y0ZSNVdsRRAB,abdillah ulla,4,"Pembantu anakku, terima kasih.",8 bulan lalu,5,5,4,Saoenk Cobek Sudiang,Google Maps,2026-05-14 20:52:40
Ci9DQUlRQUNvZENodHljRjlvT2tsbldXcHdOR0ZMVEVObFR6VmxablJrV2pOMExWRRAB,valdi randa,5,Terimakasih pelayanannya kak putri,8 bulan lalu,5,5,5,Saoenk Cobek Sudiang,Google Maps,2026-05-14 20:52:40
Ci9DQUlRQUNvZENodHljRjlvT2pkV1ZtWlJhMmxPWW1WcVkyTlRYMGRNYjNvMFluYxAB,Meri Anti,5,Mbak putri pelayanan baik sekali ramah murah senyum sukses untuk mbak putrinya,8 bulan lalu,5,5,5,Saoenk Cobek Sudiang,Google Maps,2026-05-14 20:52:40
Ci9DQUlRQUNvZENodHljRjlvT214cVpHWnRkVXRZUTFaUFpYbG1SbE5RT1c5RlkzYxAB,N Indah rahmadani,5,Mba putri pelayanannya bagus dan ramah,8 bulan lalu,5,5,5,Saoenk Cobek Sudiang,Google Maps,2026-05-14 20:52:40
Ci9DQUlRQUNvZENodHljRjlvT2xCeU5uYzJSR1JKUVRadGJubzVWMDlOYWs0eGEyYxAB,Sulaiman Dwitanto,5,Putri pelayanan mantap,8 bulan lalu,5,5,5,Saoenk Cobek Sudiang,Google Maps,2026-05-14 20:52:40
Ci9DQUlRQUNvZENodHljRjlvT25aSFJTMXNZVXRNUmpaQlVqbHdkVmcyVW1STlNFRRAB,Abdullah Qossam,5,Kakak putriiii terimakasih layanannya baik sangat murah senyum juga,8 bulan lalu,5,5,5,Saoenk Cobek Sudiang,Google Maps,2026-05-14 20:52:40
Ci9DQUlRQUNvZENodHljRjlvT2xaa1N6UlhkMGxaUVU0eGRqYzJkbmR5Tm5CdGVuYxAB,Andi Haryani,5,Sangat ramah pelayan atas nama putri,8 bulan lalu,5,5,5,Saoenk Cobek Sudiang,Google Maps,2026-05-14 20:52:40
Ci9DQUlRQUNvZENodHljRjlvT2s5clZtTmZhM0ZEY1c1cmRFaHpaMUZoVW5CR1ZHYxAB,Soray Wayya,5,"Pelayan putra, makasih putra",8 bulan lalu,5,5,5,Saoenk Cobek Sudiang,Google Maps,2026-05-14 20:52:40
Ci9DQUlRQUNvZENodHljRjlvT2pGcFVrRlZjRlJ6WVc5aFVXNTZZWHB5Y0UxSVVtYxAB,Ilham Saputra,5,Putrriii terimakasih pelayanannya,8 bulan lalu,5,5,5,Saoenk Cobek Sudiang,Google Maps,2026-05-14 20:53:01
Ci9DQUlRQUNvZENodHljRjlvT25SMFJqUmZTMmg1YkdWaGFXVnZWVWhGZVdFNGVVRRAB,one piece,5,,8 bulan lalu,5,5,5,Saoenk Cobek Sudiang,Google Maps,2026-05-14 20:53:01
Ci9DQUlRQUNvZENodHljRjlvT2xsV2QybG5Ua0ZHTFVJM2MzZzVTRU5xZHpReloyYxAB,Sulastri tiya Masari,5,Kak putri terimakasih atas pelayanannya pelayanannya baik,8 bulan lalu,5,5,5,Saoenk Cobek Sudiang,Google Maps,2026-05-14 20:53:01
Ci9DQUlRQUNvZENodHljRjlvT25aUVdEaE9MV3RyWDA5aU9FUnJlV0U0YmxwaGIyYxAB,Fathiyah Jinan Adyta,5,Putri pelayanannya ramah dan cepat,8 bulan lalu,5,5,5,Saoenk Cobek Sudiang,Google Maps,2026-05-14 20:53:01
Ci9DQUlRQUNvZENodHljRjlvT25WdWRXUkhNV0ZsYjBaWU5tTm1MV0Z2Tkc4eldXYxAB,Hasriani Azis,5,Pelayanan nya baik,8 bulan lalu,5,5,5,Saoenk Cobek Sudiang,Google Maps,2026-05-14 20:53:01
Ci9DQUlRQUNvZENodHljRjlvT2tNNVVtaFdkVGh3YUdKT1VGWXhObHB4Wm0xRWFFRRAB,ihwan ilham37,5,Kak putri pelayanannya sangat memuaskan,8 bulan lalu,5,5,5,Saoenk Cobek Sudiang,Google Maps,2026-05-14 20:53:01
Ci9DQUlRQUNvZENodHljRjlvT2t0Zk1VSktSMFl6ZFV0UVdIVkRYMjQyYlc5dllXYxAB,Pahri Jafar,5,Putri melayani dgn tulus dan ramah,8 bulan lalu,5,5,5,Saoenk Cobek Sudiang,Google Maps,2026-05-14 20:53:01
Ci9DQUlRQUNvZENodHljRjlvT2xwRVpXYzBlRTFNU2pOSmRWUlRZVGRxWVZCa05GRRAB,fahri ammar,5,putri pelayanannya baik,8 bulan lalu,5,5,5,Saoenk Cobek Sudiang,Google Maps,2026-05-14 20:53:01
Ci9DQUlRQUNvZENodHljRjlvT2t4bFMxQXlZV0pHTTIxRE5XWmpUSHBIZHpGd1gzYxAB,Andi Maharif01,5,"kakak putriiiii pelayanannya baik sekali, dan ramah. terimakasih kakak manisss",8 bulan lalu,5,5,5,Saoenk Cobek Sudiang,Google Maps,2026-05-14 20:53:01
Ci9DQUlRQUNvZENodHljRjlvT2xwVVZXbGFSVFZxWmxsR1QzaFZSbHBLVkVWVFQzYxAB,Tsel Orbit01,5,𝘗𝘶𝘵𝘦𝘳𝘪 𝘱𝘦𝘭𝘢𝘺𝘢𝘯𝘢𝘯𝘺𝘢 𝘮𝘢𝘯𝘵𝘢𝘱 𝘴𝘦𝘳𝘵𝘢 𝘣𝘢𝘪𝘬 𝘳𝘢𝘮𝘢𝘩 𝘥𝘢𝘯 𝘮𝘢𝘯𝘪𝘴,8 bulan lalu,5,5,5,Saoenk Cobek Sudiang,Google Maps,2026-05-14 20:53:01
Ci9DQUlRQUNvZENodHljRjlvT210MVlqRmFiSEIzZGtkSk9UQkRWa2x3VEhoSGNrRRAB,Rahmat Hidayat,5,Putri Sangat ramah dan baik. Makasih 🙏,8 bulan lalu,5,5,5,Saoenk Cobek Sudiang,Google Maps,2026-05-14 20:53:21
Ci9DQUlRQUNvZENodHljRjlvT2t0bFdEWnVRV1p0WlRaNk1rbG1ZbUZGUVUxSlZsRRAB,Andi Reza,5,"Nur Ainun Pelayanan nya bagus ramah orangnya dan murah senyum,pelayanannya cepat juga 🫶🏻",8 bulan lalu,5,5,5,Saoenk Cobek Sudiang,Google Maps,2026-05-14 20:53:21
Ci9DQUlRQUNvZENodHljRjlvT2xoMlRrdGFObFZsTFhoTFpHOXFUR3RIVHpodmRtYxAB,Arnat Tangkedatu,5,"Pelayanan:Ainun
A.Pelayanannya bagus
B.makanannya enak bangat
C.suasananya sejuk dan bagus",8 bulan lalu,5,5,5,Saoenk Cobek Sudiang,Google Maps,2026-05-14 20:53:21
Ci9DQUlRQUNvZENodHljRjlvT2tOeU1HRlRWMjFGYnkxeVNVUXRjM2hETjBkcVJGRRAB,Rista Tangkedatu,5,"Pelayanan atas nama Ainun
Makanan nya enak, dan suasana juga nyaman",8 bulan lalu,4,5,4,Saoenk Cobek Sudiang,Google Maps,2026-05-14 20:53:21
Ci9DQUlRQUNvZENodHljRjlvT2sxQlQzRjFVbWRUVG1OeVNtbElWM0JyTTBFeGRIYxAB,Gihon Rante lambung,5,,8 bulan lalu,5,5,5,Saoenk Cobek Sudiang,Google Maps,2026-05-14 20:53:21
Ci9DQUlRQUNvZENodHljRjlvT2xRMlRsVjFhMTlFVUhkYVIwbEtSREpNVVhSSlVuYxAB,Mala Gitong,5,Pelayan putra,8 bulan lalu,5,5,5,Saoenk Cobek Sudiang,Google Maps,2026-05-14 20:53:21
Ci9DQUlRQUNvZENodHljRjlvT2tsc01GSm1SV1J3VUZWSk1HWjNPVFl3VTI5cmMyYxAB,Nooby,5,"Pelayanan bagus, tempatnya bagus",8 bulan lalu,5,5,5,Saoenk Cobek Sudiang,Google Maps,2026-05-14 20:53:21
Ci9DQUlRQUNvZENodHljRjlvT21ZM1pVVlNaRmg2ZUZWaGNra3RkSEZIV1c1c2IyYxAB,Ukly Arifin,5,"Putri pelayanannya baik , ramah dan murah senyum",8 bulan lalu,5,5,5,Saoenk Cobek Sudiang,Google Maps,2026-05-14 20:53:21
Ci9DQUlRQUNvZENodHljRjlvT25BMk4xTnRhMWwyTFhCNFRuWkhlSEo0VFc5WlRrRRAB,Arief Wahab,5,Putri sangat ramah dan cepat d layani,8 bulan lalu,5,5,5,Saoenk Cobek Sudiang,Google Maps,2026-05-14 20:53:21
Ci9DQUlRQUNvZENodHljRjlvT2xJM1pWUmtVa05NWm5WWFJtcFpVRUpYVVMxQlZsRRAB,Azzahrah Syafana,5,"ainun
pelayanan sangat baik, makanan enak dan cepat disajikan",8 bulan lalu,5,5,5,Saoenk Cobek Sudiang,Google Maps,2026-05-14 20:53:21
Ci9DQUlRQUNvZENodHljRjlvT210U1IxVkZSVWhJTFRBMmJXZGtkVjkzYWpOS1JWRRAB,yuliana boenawan,5,Enak loh makanannya,8 bulan lalu,5,5,5,Saoenk Cobek Sudiang,Google Maps,2026-05-14 20:53:42
Ci9DQUlRQUNvZENodHljRjlvT2tGWVdtUnZTVWhWVVhJdE9YUnZhelZEZVc0d2RuYxAB,Zahraazzahrah29,5,pelayan putra,8 bulan lalu,5,5,5,Saoenk Cobek Sudiang,Google Maps,2026-05-14 20:53:42
Ci9DQUlRQUNvZENodHljRjlvT2pjMVptNW9TbWhxWDNocWJYbHlZbkpFZGxsMlgyYxAB,Muhhadi Setiadi170300,5,Putri pelayanan baik,8 bulan lalu,5,5,5,Saoenk Cobek Sudiang,Google Maps,2026-05-14 20:53:42
Ci9DQUlRQUNvZENodHljRjlvT2xaRWEyRnBXVzFwYWpsVVlscDJkemMyVW1sMmRuYxAB,fira salsabila,5,"Pelayanannya baik, yang namanya putra juga termasuk yang melayani dgn sepenuh hati",8 bulan lalu,5,5,5,Saoenk Cobek Sudiang,Google Maps,2026-05-14 20:53:42
Ci9DQUlRQUNvZENodHljRjlvT21ST1JEVjJWRXhzTVZOdFdESkZjV3RhV1cwMVJtYxAB,Asyah Sahira,5,putri pelayanannya bagus dan ramah,8 bulan lalu,5,5,5,Saoenk Cobek Sudiang,Google Maps,2026-05-14 20:53:42
Ci9DQUlRQUNvZENodHljRjlvT2pSRmFuTXdOa1ptZVVKeFNTMVdkekZKYTJST05HYxAB,subhan kepsek18mks,5,Putri pelayanannya sangat memuaskan,8 bulan lalu,5,5,5,Saoenk Cobek Sudiang,Google Maps,2026-05-14 20:53:42
Ci9DQUlRQUNvZENodHljRjlvT2xkdFRrcFBja2xFUzBsWmRVTkNZbU5pVXpoUU1IYxAB,Jonathan Kharisma,5,Putri sangat baik dan ramah,8 bulan lalu,5,5,5,Saoenk Cobek Sudiang,Google Maps,2026-05-14 20:53:42
Ci9DQUlRQUNvZENodHljRjlvT2kxS1VYbzBPRlJXVDFrNU0zQmZRa015WldKTmVrRRAB,Agus Raba,5,"Kakak putri pelayanannya sangat baik, sempurna, ramah, dan melayani kami dengan hati serta murah senyum manis",8 bulan lalu,5,5,5,Saoenk Cobek Sudiang,Google Maps,2026-05-14 20:53:42
Ci9DQUlRQUNvZENodHljRjlvT2xWVlR6SmxWSFJpVVZWYWN6QXRiR3A1TVZsSmMxRRAB,Mulia Anggraeni,1,"NOT RECOMENDED, orang order jam 1 sampai jam 2 ndk keluar👊🏻👎🏻",8 bulan lalu,1,1,1,Saoenk Cobek Sudiang,Google Maps,2026-05-14 20:53:42
Ci9DQUlRQUNvZENodHljRjlvT2taNlIwVXpRWFZ6VlZCQkxXMDJaV3AxTjNKeVJYYxAB,Alvin Saputra,1,SGT TIDAK REKOMENDASI !!!!!! Saya sudah info utk keluar jam 1 tp hampir jm 2 blm keluar makananx,8 bulan lalu,1,1,1,Saoenk Cobek Sudiang,Google Maps,2026-05-14 20:53:42
Ci9DQUlRQUNvZENodHljRjlvT2paMk1rMDVhVEJGTjNnM1IwdFJhR1JIYjJKVFpHYxAB,Cakra Buana,5,Putri pelayanannya memuaskan,8 bulan lalu,5,5,5,Saoenk Cobek Sudiang,Google Maps,2026-05-14 20:54:03
Ci9DQUlRQUNvZENodHljRjlvT2w4MU5sVTBUbVJoZGxKNGVqZzVOVzVtUkUxNE5uYxAB,Hasmiati Hamzah,5,Putri pelayanannya baik dan ramah,8 bulan lalu,5,5,5,Saoenk Cobek Sudiang,Google Maps,2026-05-14 20:54:03
Ci9DQUlRQUNvZENodHljRjlvT2tKamVtbDRiMUZUTFZaMFVtTklSMnBKWWtKWFVVRRAB,nur annisa nisa,5,"Putri ramah, sopan dan santun, pelayanan sangat memuaskan
Melayani dengan hati tidak terkesan di buat2",8 bulan lalu,5,5,5,Saoenk Cobek Sudiang,Google Maps,2026-05-14 20:54:03
Ci9DQUlRQUNvZENodHljRjlvT2psWlZtVXdNRkpKVmtwS2MwY3Raa2h3WVVzMFozYxAB,arfina muftiha,5,"ainun, terima kasih sudah dibantu selesaikan orderan semua tepat waktu🤩",8 bulan lalu,5,5,4,Saoenk Cobek Sudiang,Google Maps,2026-05-14 20:54:03
Ci9DQUlRQUNvZENodHljRjlvT2xsdGRrZFJZa0YyWVd0U05GSnhTMnR2Ym5aTU4zYxAB,Dea Rezky Ananda Damayanti,5,Pelayan atas nama ainun,8 bulan lalu,5,5,5,Saoenk Cobek Sudiang,Google Maps,2026-05-14 20:54:03
Ci9DQUlRQUNvZENodHljRjlvT25SRU5FTlBRbTUxYW5kWVdXUTFjV2xLVmtOaFpXYxAB,Cicagoo01,4,"Enak, bersih dan nyaman
#apri",8 bulan lalu,5,5,5,Saoenk Cobek Sudiang,Google Maps,2026-05-14 20:54:03
Ci9DQUlRQUNvZENodHljRjlvT21WSVZsaHhaSFZ4U0ZsMVIxTk5SV3BYUTNvd2MyYxAB,Defflevar,5,"Pelayan putra , maksih putra gantengggg makannannyaa enakkk",8 bulan lalu,4,5,5,Saoenk Cobek Sudiang,Google Maps,2026-05-14 20:54:03
Ci9DQUlRQUNvZENodHljRjlvT21aeExWbE5ORk5sVVZGT1NqbG5PVXQ1VGtwbFQyYxAB,Astuty azis,5,"Putri pelayanannya sangat baik,, orangnya ramah,,, cantik lagi,,,, ☺",8 bulan lalu,5,5,5,Saoenk Cobek Sudiang,Google Maps,2026-05-14 20:54:03
Ci9DQUlRQUNvZENodHljRjlvT25GdVkxVjJOMVJJTWpKQ2MyVldXazU0V21OWmFsRRAB,Putri Regina,5,Putri pelayanan sangat baik,8 bulan lalu,5,5,5,Saoenk Cobek Sudiang,Google Maps,2026-05-14 20:54:03
Ci9DQUlRQUNvZENodHljRjlvT205WlRISXdkbmh2V0RkbVFUVk5WelpvZEZock4zYxAB,Cakdi 96,5,Makanan enak pelayanan ramah menunya varian #waiters manda,8 bulan lalu,5,5,5,Saoenk Cobek Sudiang,Google Maps,2026-05-14 20:54:03
Ci9DQUlRQUNvZENodHljRjlvT25wRVgyRTFTMU5FZHpoNGJWZ3dhMDFKYm1VNGJIYxAB,Salahuddin Bahsyam,5,"Putra, pelayanan baik",8 bulan lalu,5,5,4,Saoenk Cobek Sudiang,Google Maps,2026-05-14 20:54:23
Ci9DQUlRQUNvZENodHljRjlvT21oM05EZHZNbUZFU3padFkyTXlaMVZXVmpsdVdVRRAB,Suriyanti Zakaria,5,Putri orangnya supel dan ramah melayani pengunjung,8 bulan lalu,5,5,5,Saoenk Cobek Sudiang,Google Maps,2026-05-14 20:54:23
Ci9DQUlRQUNvZENodHljRjlvT25KNlpGUnNPRFZrVmxGYVF6bFBTRk5KWVRWWFRYYxAB,Velicia Dhea,5,"putri : ramah, baik, sopan dan cepatt",8 bulan lalu,5,5,5,Saoenk Cobek Sudiang,Google Maps,2026-05-14 20:54:23
Ci9DQUlRQUNvZENodHljRjlvT2sxT00wWkVSbVoxTjNSTWJsQjViM0JuWTFSVFVtYxAB,Arfandi Achmad,5,Putri alhamdulillah baik,8 bulan lalu,5,5,5,Saoenk Cobek Sudiang,Google Maps,2026-05-14 20:54:23
Ci9DQUlRQUNvZENodHljRjlvT25NM1QwTXlkbEpYWTJ0V1RGQjBjbTV2U2pCb09YYxAB,Cahaya Lintas Sulawesi,5,Putri pelayanannya luar biasa,8 bulan lalu,5,5,5,Saoenk Cobek Sudiang,Google Maps,2026-05-14 20:54:23
Ci9DQUlRQUNvZENodHljRjlvT2sxc2IyNURiV2RMYjNOWVoxZFhMVmd6WVdoSGFXYxAB,Ahmad Yudi,5,"Suasana ademm , pelayan baikk , makasihh putraaa",8 bulan lalu,5,5,5,Saoenk Cobek Sudiang,Google Maps,2026-05-14 20:54:23
Ci9DQUlRQUNvZENodHljRjlvT21SNlpEWlNlREZsWW1SWVdUSkNUblJ2TUUxdFEzYxAB,Dela Adheliana,5,"Pelayanannya bagus, ramah dan helpful. Top lah pokoknya 👍🏼",8 bulan lalu,5,5,5,Saoenk Cobek Sudiang,Google Maps,2026-05-14 20:54:23
Ci9DQUlRQUNvZENodHljRjlvT25wbWF6bGpaMHBtUWpSak4weFdiMFE1WnpZMGFGRRAB,Suspa Sahar,5,Makanan enak...,8 bulan lalu,5,5,3,Saoenk Cobek Sudiang,Google Maps,2026-05-14 20:54:23
Ci9DQUlRQUNvZENodHljRjlvT2t0eVNIQk5ZbnAwWWxod2NGOVRVRXhZTjJaaFZYYxAB,Sabrawi 7521,5,Pelayanan dari Putri mantap dan cepat,8 bulan lalu,5,5,5,Saoenk Cobek Sudiang,Google Maps,2026-05-14 20:54:23
Ci9DQUlRQUNvZENodHljRjlvT21kdFRUYzVaVmw2UkROM2Ftb3dabU55YlZGaVZVRRAB,NURINAYAH SEWANG,5,putri pelayanannya sangat memuaskan,8 bulan lalu,5,5,5,Saoenk Cobek Sudiang,Google Maps,2026-05-14 20:54:23
Ci9DQUlRQUNvZENodHljRjlvT2toM1VqSkhTVTF6ZDNoSGNFRlBhV1JRYUhSSVZsRRAB,Ruwaidah,5,Mba putri terima kasih dengan pelayanannya  yang sangat cekatan dan makanannya enak sekali,8 bulan lalu,5,5,5,Saoenk Cobek Sudiang,Google Maps,2026-05-14 20:54:44
Ci9DQUlRQUNvZENodHljRjlvT21GT04xWnVja1ZCYVdSSE0xQXpTbEpqZWsxSk1GRRAB,Efril M.S,3,"Udah beberapa kali datang kesini, makanannya enak, tempatnya bersih dan nyaman. Tapi pelayanannya lelet. Di panggil tapi liat liat doang sesama karyawan. Pokoknya harus di bell 5x sambil di panggil lagi biar nyamperin untuk tambah pesanan.  Mau nambah mesen jadi males soalnya lelet banget.lagi makan tapi kita mau nambah minum ampe nasi udah mau habis pelayanannya baru nyamper itupun kita nahan pegawai yang lagi anterin makanan di meja lain, buat ambil list menu kita. Intinya kesel bangett  lagi makan tapi serett, soalnya lelet banget. Lelet nya bukan apanya yah tapi kita ngeliat karyawan nya suka oper operan. Kalau gak niat kerja mending gak usah. Tolong di perbaiki lagi, soalnya sering kesini bareng keluarga.",8 bulan lalu,5,1,5,Saoenk Cobek Sudiang,Google Maps,2026-05-14 20:54:44
Ci9DQUlRQUNvZENodHljRjlvT25wRkxXdDBMVVkyWTE5U2MwZFlSMGhwVjJnd2EwRRAB,Andrew Tapangan,4,Makanannya enak dan lezat,8 bulan lalu,4,,,Saoenk Cobek Sudiang,Google Maps,2026-05-14 20:54:44
Ci9DQUlRQUNvZENodHljRjlvT2tKM01IcHdNSFZMVVZNelNtWnRNRTVuUnpoeE9VRRAB,SRI WAHYUNI,5,"Makannya mntp, enak, pelayanannya bagus👍@apri",8 bulan lalu,5,5,5,Saoenk Cobek Sudiang,Google Maps,2026-05-14 20:54:44
Ci9DQUlRQUNvZENodHljRjlvT2tJd2NqQXdOQzAxV21zMGJuWm1PVTFtTUZaRlZGRRAB,Rahmatika,5,#membuka,8 bulan lalu,5,5,5,Saoenk Cobek Sudiang,Google Maps,2026-05-14 20:54:44
Ci9DQUlRQUNvZENodHljRjlvT21scFMxcFJXbEJXUjJ4Q1prc3hTM2xtUm5WdE5XYxAB,Muhammad Rezki Zahrain Ramlan,5,"Tempatnya bagus dan cocok buat keluarga, menu nya juga enak
#Apri",8 bulan lalu,4,4,4,Saoenk Cobek Sudiang,Google Maps,2026-05-14 20:54:44
Ci9DQUlRQUNvZENodHljRjlvT2xwMGJ6VjRNbWRwUjNBeVkxVjFaMDVUUzNNelFXYxAB,Kristiani Widyaningtyas,5,Pelayan putra . Makanan enak makasih putra,8 bulan lalu,5,5,5,Saoenk Cobek Sudiang,Google Maps,2026-05-14 20:54:44
Ci9DQUlRQUNvZENodHljRjlvT205eGJtSk9kVlJTV0ZwM1J6bGFTREpRU0UxbVdsRRAB,Ika Kartika Endang Ariana,5,"Tempat nya nyaman,,,sejuk,,,pelayanannya jg baik,,,kak putri pelayan nya ramah….terima kasih kak",8 bulan lalu,5,,,Saoenk Cobek Sudiang,Google Maps,2026-05-14 20:54:44
Ci9DQUlRQUNvZENodHljRjlvT2pSMmVsazFlRXMxV1VWdlJVRjJRbk41UTJaTGNGRRAB,Mery Rantepadang,5,Mbak putri pelayanannya baik Ramah dan murah senyum,8 bulan lalu,5,5,5,Saoenk Cobek Sudiang,Google Maps,2026-05-14 20:54:44
Ci9DQUlRQUNvZENodHljRjlvT2xWdWQyRnZNbVpYV1dGaGRGRXdhRlJmYW5KT1RrRRAB,Nosiani Palinggi,5,"Tempatnya bagus rekomen untuk family dan kids ada tempat cuci tangan masing2 saung
Pelayanan ramah khusus mba Ainun permintaan semua di terima.
Untuk ikan nya enak, perkedel nya mungkin bisa lebih garing lagi",Diedit 8 bulan lalu,4,5,5,Saoenk Cobek Sudiang,Google Maps,2026-05-14 20:54:44
Ci9DQUlRQUNvZENodHljRjlvT2kxaVl6QkpRbkZqYm1GVE9XSTNNbVZVVVhnMFJrRRAB,Mik ka,5,"Pelayan putra, makasih putra",8 bulan lalu,5,5,5,Saoenk Cobek Sudiang,Google Maps,2026-05-14 20:55:04
Ci9DQUlRQUNvZENodHljRjlvT21wdmRrdDVWVWxZTW5NeVVUVk1ZbEZGY0hKMk9VRRAB,Usman L. Ose,5,Putri: pelayanannya baik,8 bulan lalu,5,5,5,Saoenk Cobek Sudiang,Google Maps,2026-05-14 20:55:04
Ci9DQUlRQUNvZENodHljRjlvT2tOd00ySldaMFkzUTFsQk5WaEpXSGxvU2s5Wk9IYxAB,Girls Shop,5,putri pelayanan nya bagus dan ramah,8 bulan lalu,5,5,5,Saoenk Cobek Sudiang,Google Maps,2026-05-14 20:55:04
Ci9DQUlRQUNvZENodHljRjlvT2tScVZrdFJURlZwVkRVNVMwdzNiSEkxVW5KS1EyYxAB,Fadil Doyo,5,"Putri, pelayanannya ramah dan murah senyum
.",8 bulan lalu,5,5,5,Saoenk Cobek Sudiang,Google Maps,2026-05-14 20:55:04
Ci9DQUlRQUNvZENodHljRjlvT2kxUVNVRlhRWEU1VFdzNGVFbHRkQzFDZURSRWNFRRAB,hans dudus,5,Putri good service,8 bulan lalu,5,5,5,Saoenk Cobek Sudiang,Google Maps,2026-05-14 20:55:04
Ci9DQUlRQUNvZENodHljRjlvT21nM1dGOWZPVzQxU210bE9HRk5iQzAwUWtSdllsRRAB,Yanti Yanti,5,Pelayan putra,8 bulan lalu,5,5,5,Saoenk Cobek Sudiang,Google Maps,2026-05-14 20:55:04
Ci9DQUlRQUNvZENodHljRjlvT21SWVJUbFlVSGgxWjNWMFZXTjJXVXhoYld0UFVtYxAB,yenny Jayanty,5,"Putri pelayanannya sangat baik , ramah",8 bulan lalu,5,5,5,Saoenk Cobek Sudiang,Google Maps,2026-05-14 20:55:04
Ci9DQUlRQUNvZENodHljRjlvT2xkQmJETXRUelUzUzNaclRIVldhbkZDVDJ4WmNHYxAB,Fitri Yani,5,"Pelayan putra ,makasih putra",8 bulan lalu,5,5,5,Saoenk Cobek Sudiang,Google Maps,2026-05-14 20:55:04
Ci9DQUlRQUNvZENodHljRjlvT21ReU5WZEZjbnBLZEMxR2QyNXZRMEk0VlZwNWJFRRAB,DV3 A. Canggau,5,PELAYANANNYA MANTAP. THANKYUUU MBAK PUTRIII,8 bulan lalu,5,5,5,Saoenk Cobek Sudiang,Google Maps,2026-05-14 20:55:04
Ci9DQUlRQUNvZENodHljRjlvT2s1TFduRmtSbEpaUVZZM01XdzRNM1p0WkRGRmQyYxAB,Sukardi Sikanuddin,4,👍👍👍👍,8 bulan lalu,4,4,4,Saoenk Cobek Sudiang,Google Maps,2026-05-14 20:55:04
Ci9DQUlRQUNvZENodHljRjlvT201TFZFUlNWSGh5ZWxVemJrWnlUVVpqTkRkbFpXYxAB,Yudi Arianto,5,,8 bulan lalu,4,5,5,Saoenk Cobek Sudiang,Google Maps,2026-05-14 20:55:25
Ci9DQUlRQUNvZENodHljRjlvT2xweU0wRmhTVmhpYVZsRlN6ZHRVams1WXpCNVVGRRAB,Rini Alim Alim,5,"Putri pelayanannya baik,ramah,cepat.suka!!",8 bulan lalu,5,5,5,Saoenk Cobek Sudiang,Google Maps,2026-05-14 20:55:25
Ci9DQUlRQUNvZENodHljRjlvT21Jd1UwWkZVMFU0V0RCbGRFWnJTamRIWlZGbGVYYxAB,Syamsinar Sunusi,5,"pelayan putra , makanan enakkkk .pelayanannnn baikkk",8 bulan lalu,5,5,5,Saoenk Cobek Sudiang,Google Maps,2026-05-14 20:55:25
Ci9DQUlRQUNvZENodHljRjlvT25sSFlXOXNaRXhYUkhoNVUwbzRMVEZSUWtSV2VYYxAB,Risna Elmo,5,Putri baik,8 bulan lalu,4,4,5,Saoenk Cobek Sudiang,Google Maps,2026-05-14 20:55:25
Ci9DQUlRQUNvZENodHljRjlvT2tZM00weHdNRXBxV1ZaVGVISjVhRmxUT0VsbUxXYxAB,Imel Imeeel,5,Putri pelayananya. Oke sangat bagus👍,8 bulan lalu,5,5,5,Saoenk Cobek Sudiang,Google Maps,2026-05-14 20:55:25
Ci9DQUlRQUNvZENodHljRjlvT21oV1dHWnJMVk5rVGpCdWIxUnJkbU5oTWpkb2FWRRAB,Musnia dewi,5,Putri pelayanannya BAIK,8 bulan lalu,5,5,5,Saoenk Cobek Sudiang,Google Maps,2026-05-14 20:55:25
Ci9DQUlRQUNvZENodHljRjlvT21Wb2QySnNUVzlDZDNKZmRXNUJZbDlzZVdWSFpGRRAB,Devil Alyah98,5,Waiters Ainun,8 bulan lalu,4,4,4,Saoenk Cobek Sudiang,Google Maps,2026-05-14 20:55:25
Ci9DQUlRQUNvZENodHljRjlvT25GeE1WRmxXa3RvY0dwZmNUaHRhMTlOT0dwSVRtYxAB,ARCTIC 26,5,Makan malam yg menyenangkan suasana adem makanannya enak enak dan pelayanan yg baik dan sangat ramah  (waiters manda),8 bulan lalu,5,5,5,Saoenk Cobek Sudiang,Google Maps,2026-05-14 20:55:25
Ci9DQUlRQUNvZENodHljRjlvT2twclpWWkNTVVJVVEdGVGMxVTVZbFV0ZWpCTFZYYxAB,Amaliah Amaliah,4,Ainun,8 bulan lalu,4,4,4,Saoenk Cobek Sudiang,Google Maps,2026-05-14 20:55:25
Ci9DQUlRQUNvZENodHljRjlvT21OVVJsVnllakUxZFdoUGFFUnZZMUY0ZEROZmVYYxAB,Mega Utami,5,"pelayan : ainun
makanan enak cuman terlalu lama menunggu 🙏",8 bulan lalu,5,5,5,Saoenk Cobek Sudiang,Google Maps,2026-05-14 20:55:25
Ci9DQUlRQUNvZENodHljRjlvT2swMUxXdHJhM1JUVVRoNFpteGxOSFl0ZDAxalNXYxAB,wasriany srie,5,Mantap 👍,8 bulan lalu,5,4,4,Saoenk Cobek Sudiang,Google Maps,2026-05-14 20:55:46
Ci9DQUlRQUNvZENodHljRjlvT213MmFtSjNZVzA1ZUV0V1lXVmZjak5aYVd4VldGRRAB,aloha bilo,5,"Makanannya enak ,pelayan putra",8 bulan lalu,5,5,5,Saoenk Cobek Sudiang,Google Maps,2026-05-14 20:55:46
Ci9DQUlRQUNvZENodHljRjlvT21abVNITXpaWEZzWTJKU2RVOVhOSEZrZDJnM09VRRAB,Eva Agustina,4,"Makannya enak tempatnya nyaman

#apri",8 bulan lalu,,,,Saoenk Cobek Sudiang,Google Maps,2026-05-14 20:55:46
Ci9DQUlRQUNvZENodHljRjlvT2xwamIwaDZkVEZzUW1sRWRrMTNhR1kyV1cxWGRHYxAB,Muhammad huzaefi m,4,"Enak
#apri",8 bulan lalu,4,4,4,Saoenk Cobek Sudiang,Google Maps,2026-05-14 20:55:46
Ci9DQUlRQUNvZENodHljRjlvT25VM1dWOW1PV2xqTm10RFMxWlBSMWhmVUY5cVozYxAB,Yusran M,5,"Makanannya dan suasananya enak dan nyaman
#apri",8 bulan lalu,5,5,5,Saoenk Cobek Sudiang,Google Maps,2026-05-14 20:55:46
Ci9DQUlRQUNvZENodHljRjlvT20xMlZIbzRhalZKVFRJd1VVZEljRUZtUzNGbFNFRRAB,Andi Sudirman,5,pelayan putra . sangat ramah dan bagus pelayanannya,8 bulan lalu,5,5,5,Saoenk Cobek Sudiang,Google Maps,2026-05-14 20:55:46
Ci9DQUlRQUNvZENodHljRjlvT2xOb1dqWXpaRGxTTW5GNWIzUk1TRmt4VWxFNGFYYxAB,Andika Anugrah,5,Putri : sangat baik,8 bulan lalu,5,5,5,Saoenk Cobek Sudiang,Google Maps,2026-05-14 20:55:46
Ci9DQUlRQUNvZENodHljRjlvT2pJMVJsbGtaVUpmV2s5bFlYRkZUR2xKVkdwcVMxRRAB,Ahmad Juanda,5,"Putri pelayanan luar biasa, tutur kata santun dan penuh senyum dlm melayani kami.",8 bulan lalu,5,5,5,Saoenk Cobek Sudiang,Google Maps,2026-05-14 20:55:46
Ci9DQUlRQUNvZENodHljRjlvT21WVlZYWk1RblJCYjBZMUxVRmthR2RUZG5seWQxRRAB,Virda Yanti,5,Putri  ( pelayanan nyaaa bagus ),8 bulan lalu,5,5,5,Saoenk Cobek Sudiang,Google Maps,2026-05-14 20:55:46
Ci9DQUlRQUNvZENodHljRjlvT2psR1ZrVlRiV1JZYzFKM1JDMUxabFo2VW5ScExXYxAB,lia rachman,5,"Pelayan atas nama ainun, mantap taawwaa!",8 bulan lalu,5,5,5,Saoenk Cobek Sudiang,Google Maps,2026-05-14 20:55:46
Ci9DQUlRQUNvZENodHljRjlvT213MmJWRlpNVFZIZGxCb1UxQkhjVXgzZVdRMWJIYxAB,Suwardi Muhammad,5,Apri,8 bulan lalu,5,5,5,Saoenk Cobek Sudiang,Google Maps,2026-05-14 20:56:06
Ci9DQUlRQUNvZENodHljRjlvT25jdFpqZG1NV0l0TVRsSmJIVmpVbloyZUVSZmJVRRAB,Mariyahulfah Ulfah,5,"Makanya enak sekali
Dan pelayanannya sangat ramah by putra",8 bulan lalu,5,5,5,Saoenk Cobek Sudiang,Google Maps,2026-05-14 20:56:06
Ci9DQUlRQUNvZENodHljRjlvT2xBemNWWlNXbE5oUlVkU1pFMUtiMnBwVlVFeU5HYxAB,Muammar Amin,5,Pelayan putra . Makanan enakkkkk,8 bulan lalu,5,5,5,Saoenk Cobek Sudiang,Google Maps,2026-05-14 20:56:06
Ci9DQUlRQUNvZENodHljRjlvT2tsUE1YUTNNWEJoVUhaT1oyNUlRM2xvUXpreFNIYxAB,Anti Anti,5,Pelayan putra,8 bulan lalu,5,5,5,Saoenk Cobek Sudiang,Google Maps,2026-05-14 20:56:06
Ci9DQUlRQUNvZENodHljRjlvT2kxNmVqUk1jVEkxTUVsbU9EaEpPRTVvYjFsMmVVRRAB,Kurnia Wati,5,Ainun,8 bulan lalu,5,5,5,Saoenk Cobek Sudiang,Google Maps,2026-05-14 20:56:06
Ci9DQUlRQUNvZENodHljRjlvT2tsbGJEVkRSWFpJY1RNNExXdHFUSHBaY2pOc2FXYxAB,asti wulandari,5,"Pelayan putra , Alhamdulillah pada ramah² banget. Makasih ya",8 bulan lalu,4,4,4,Saoenk Cobek Sudiang,Google Maps,2026-05-14 20:56:06
Ci9DQUlRQUNvZENodHljRjlvT20xSFUwRXhhbXhOVVdsRGJucHRRalo1VEVsalRIYxAB,anni,5,"Pertama kali kesini sore jam 4 lumayan sepi cuma 2 saung yang terisi. Namun menunggu makanan datang lumayan lama <30menit tapi karena sambil ngeliatin ikan jadi tidak terasa. Makanannya enak dan beraneka macam ada, sayang lupa ngefotonya.",8 bulan lalu,5,5,5,Saoenk Cobek Sudiang,Google Maps,2026-05-14 20:56:06
Ci9DQUlRQUNvZENodHljRjlvT25kV2JVOUhUbTlqVDFWTGRuWnhNVnAwT1RRM1JsRRAB,Black cat,5,"pelayan putra , suasananya nyaman, makanannya enak, kalo buat tempat makan sama temen dan keluarga kumpul"" top banget dah, pelayannya juga ramah dan sangat membantu",8 bulan lalu,5,5,5,Saoenk Cobek Sudiang,Google Maps,2026-05-14 20:56:06
Ci9DQUlRQUNvZENodHljRjlvT2w5b1MxWlhORVJ4U1VsclozbDFWVkpJVTFKSGIzYxAB,Asri Alimin,5,"Tempat cukup nyaman, layanan ramah,  kami cukup terkesan dengan pelayanan yang sangat ramah mbak Putri. Mantap 👍",8 bulan lalu,5,5,5,Saoenk Cobek Sudiang,Google Maps,2026-05-14 20:56:06
Ci9DQUlRQUNvZENodHljRjlvT2tkVWNtRTRjMWd6TkhkblZFUnZlR1JpU1ZabVVrRRAB,MUH HAIKAL RIZKULLA,5,Putri pelayanan cukup baik dan ramah,8 bulan lalu,5,5,5,Saoenk Cobek Sudiang,Google Maps,2026-05-14 20:56:06
Ci9DQUlRQUNvZENodHljRjlvT210dk56TlRjMEZOV2tSRGJVcGllakZWY0hoU09FRRAB,asma yanti,5,Putri: ramah,8 bulan lalu,5,5,5,Saoenk Cobek Sudiang,Google Maps,2026-05-14 20:56:27
Ci9DQUlRQUNvZENodHljRjlvT2xkbkxXZzNTRk5PZVhWZmJ5MDFRbEE0Y0c1T2FVRRAB,Muh Hilmy,5,mantapp...putra,8 bulan lalu,5,5,5,Saoenk Cobek Sudiang,Google Maps,2026-05-14 20:56:27
Ci9DQUlRQUNvZENodHljRjlvT25kbE5UaHhjbWwyTVZWcFVURkhVMk5mTXpnNVdrRRAB,iful madinah,5,"Pelayaan putra,",8 bulan lalu,5,5,5,Saoenk Cobek Sudiang,Google Maps,2026-05-14 20:56:27
Ci9DQUlRQUNvZENodHljRjlvT25KeVV6WjRUSFowWmkwNFQxcGtabkJJZUZWZk0wRRAB,Raodha. April94,5,,8 bulan lalu,5,5,5,Saoenk Cobek Sudiang,Google Maps,2026-05-14 20:56:27
Ci9DQUlRQUNvZENodHljRjlvT2swNWIwcG5ZWFJzVkZWcE5HWmtSM1V3VmxGRVVtYxAB,abdullah grab,5,,8 bulan lalu,5,5,5,Saoenk Cobek Sudiang,Google Maps,2026-05-14 20:56:27
Ci9DQUlRQUNvZENodHljRjlvT25wMVJWZFJYMHRyVTFCdllrMDFTRUYxTWt4SWIwRRAB,Yiyin Klistafani,5,Ainun hebat,9 bulan lalu,4,4,5,Saoenk Cobek Sudiang,Google Maps,2026-05-14 20:56:27
Ci9DQUlRQUNvZENodHljRjlvT21KcmNqVkhkM0l4VjBoaFkxTk1aMmxSZWtGTVpuYxAB,Vidi Prayogi,5,Pelayanan nya sangat memuaskan dan ramah serta cepat atas nama Putra,9 bulan lalu,5,5,5,Saoenk Cobek Sudiang,Google Maps,2026-05-14 20:56:27
Ci9DQUlRQUNvZENodHljRjlvT2tGR1kyOUVVM2xCUnpkTVFqRndWRE5HVEc1M1pIYxAB,netaa,5,"Putri ,pelayanan nya ramah,cepat",9 bulan lalu,5,5,5,Saoenk Cobek Sudiang,Google Maps,2026-05-14 20:56:27
Ci9DQUlRQUNvZENodHljRjlvT25aRlVGTkNOR2czZFdObk5VZFVkbTlPUzJSZlJYYxAB,leo arbi,5,"dilayani oleh kak putri dengan sangat baik, makanan enak, pesan ayam bawang bone less enak sekali",9 bulan lalu,5,5,5,Saoenk Cobek Sudiang,Google Maps,2026-05-14 20:56:27
Ci9DQUlRQUNvZENodHljRjlvT25aSWFqTnBkMHRyV1d3MVNEQmtZMHg0V25WWmNXYxAB,Iin,5,okey sihhh pelayan putra,9 bulan lalu,5,5,3,Saoenk Cobek Sudiang,Google Maps,2026-05-14 20:56:27
Ci9DQUlRQUNvZENodHljRjlvT21wdFpWZERhVkJsWjNwMlJHOXhVVFJLVUZsWGRHYxAB,neny irnita,5,"Waiters Manda. Sudah kesekian kali makan di sini. Suasananya nyaman, tempatnya jg bagus. Makanan enak, favorit kepiting nampan, udang saos telur asin, lokasi strategis.",9 bulan lalu,5,5,5,Saoenk Cobek Sudiang,Google Maps,2026-05-14 20:56:47
Ci9DQUlRQUNvZENodHljRjlvT21SeVNrTkxObkJTZURaV1FrZE5jWEJ4Vm10WlpIYxAB,Azka Alfatih,5,Mantap #apri,9 bulan lalu,5,5,5,Saoenk Cobek Sudiang,Google Maps,2026-05-14 20:56:47
Ci9DQUlRQUNvZENodHljRjlvT2twU2FsaFBkbGhyYXpST1pUUjVTMDl0UjNWNVUzYxAB,Nur Hidayah,5,pelayanan ramah dan cepat waiter putra,9 bulan lalu,5,5,5,Saoenk Cobek Sudiang,Google Maps,2026-05-14 20:56:47
Ci9DQUlRQUNvZENodHljRjlvT2xVeU1VZE1kRlJhVVhWSWJtbEZhVTF3WldSVlJtYxAB,Farras Hamidah,5,"Makanannya enak-enak, recommended! #apri",9 bulan lalu,5,5,5,Saoenk Cobek Sudiang,Google Maps,2026-05-14 20:56:47
Ci9DQUlRQUNvZENodHljRjlvT2pFM2JuUkVaRFJ5VFdnNWJXZG1iSHBFYlRJME9GRRAB,Nurina Apriyanti,5,"Enak sekali makanannya
#APRI",9 bulan lalu,5,5,5,Saoenk Cobek Sudiang,Google Maps,2026-05-14 20:56:47
Ci9DQUlRQUNvZENodHljRjlvT21sb2VsVmlMWFZ5ZDJKWWNYZDNWRlZqYld4VGNHYxAB,azwan 26,5,Tempatnya adem untuk kumpul dengan keluarga atau teman kerja,9 bulan lalu,4,5,4,Saoenk Cobek Sudiang,Google Maps,2026-05-14 20:56:47
Ci9DQUlRQUNvZENodHljRjlvT2sxc1ltZzJNMVZzUjBkNllYQkJRa051U3psSE9WRRAB,Muhammad Rachmat,5,Dilayani secara ramah oleh Putra.,9 bulan lalu,4,5,5,Saoenk Cobek Sudiang,Google Maps,2026-05-14 20:56:47
Ci9DQUlRQUNvZENodHljRjlvT2pGNWRsOXFka2hrTFRGNllYVjRSek51UzFJMGFWRRAB,Irha Ramdhany,5,Putri pelayanan baik,9 bulan lalu,5,5,5,Saoenk Cobek Sudiang,Google Maps,2026-05-14 20:56:47
Ci9DQUlRQUNvZENodHljRjlvT205alFqZDNRVXh5UkVWWU5GcDVMVEE0Y0RCRGJVRRAB,Fifinella Claire,5,,9 bulan lalu,,,,Saoenk Cobek Sudiang,Google Maps,2026-05-14 20:56:47
Ci9DQUlRQUNvZENodHljRjlvT2xwYVlXSTROQzAyU0VweVZqTnpkRGQwYjIxM1JtYxAB,BRILink Idha,5,Alhamdulillah (Apri),9 bulan lalu,5,5,5,Saoenk Cobek Sudiang,Google Maps,2026-05-14 20:56:47
Ci9DQUlRQUNvZENodHljRjlvT2pkMVMxZ3lSa2xGVTNJeVltRkNhVTlDTFZsb1RYYxAB,Syalom Pangaroan,5,"Pelayanan baik, suasana ademm , pelayan putra",9 bulan lalu,5,5,5,Saoenk Cobek Sudiang,Google Maps,2026-05-14 20:57:08
Ci9DQUlRQUNvZENodHljRjlvT21aSk0zSnRaa2xzWVdaVFJtVjJRWGRzZGkwNFkwRRAB,slly dwilstri,5,"mantap tawwa makanannya dan affordable

#apri",9 bulan lalu,5,5,5,Saoenk Cobek Sudiang,Google Maps,2026-05-14 20:57:08
Ci9DQUlRQUNvZENodHljRjlvT25SRWVFVk5UbW93T1daalNIaFNOM2RzZUdsQ1YyYxAB,Michael Galla,5,"Makanan nya enak dan pelayanan nya baik
#apri",9 bulan lalu,5,5,5,Saoenk Cobek Sudiang,Google Maps,2026-05-14 20:57:08
Ci9DQUlRQUNvZENodHljRjlvT21jdGNUVm1iM0J5VlVwRGJITkZRMDFLY3pGemQyYxAB,Munasri Stewar,5,,9 bulan lalu,5,5,5,Saoenk Cobek Sudiang,Google Maps,2026-05-14 20:57:08
Ci9DQUlRQUNvZENodHljRjlvT25veFZsODBWVVZ1VVdsU1lUWXpNMkZvU1RFMVpuYxAB,Nindar Ndah,5,Pelayanan mba putri okee,9 bulan lalu,5,5,5,Saoenk Cobek Sudiang,Google Maps,2026-05-14 20:57:08
Ci9DQUlRQUNvZENodHljRjlvT25ab1JtdEVlWEJqVkY5R2VXVTNSVWRPYWxSdFJVRRAB,Rama Wijaya,5,"Makanannya lumayan enak  dan suasananya ademm , pelayannya ramah , makasih putra",9 bulan lalu,5,5,5,Saoenk Cobek Sudiang,Google Maps,2026-05-14 20:57:08
Ci9DQUlRQUNvZENodHljRjlvT25vdGNtZDBZbTlRUWtoVGFXZGZSMHRtY2t3dFgwRRAB,Ivha Apriliea,5,"Ramah, nyaman tempat nya dan bersih, enak juga masakan nya
Witers apri",9 bulan lalu,5,5,5,Saoenk Cobek Sudiang,Google Maps,2026-05-14 20:57:08
Ci9DQUlRQUNvZENodHljRjlvT20xTVl5MTNObXR6UTFKNVVsVjZWVVYzUTFGZmVWRRAB,Marsya Zefanya,5,Makanan nya enak #april,9 bulan lalu,5,5,5,Saoenk Cobek Sudiang,Google Maps,2026-05-14 20:57:08
Ci9DQUlRQUNvZENodHljRjlvT2kxd1NUaDVVM3BKYVdacGNFaDJaVWxhVkZFNFoyYxAB,Andi Awalia Sucitra,5,"sangat baik ,
makanan enak
waitersnya ramah , pak apri",9 bulan lalu,5,5,5,Saoenk Cobek Sudiang,Google Maps,2026-05-14 20:57:08
Ci9DQUlRQUNvZENodHljRjlvT2xSc01URTVVME4xTmw5eldUbGZiVWx6WlVKSU4zYxAB,Dytha Dzalzabila,5,"makanan enak dan lumayan cepat pelayanan atas nama putra ramah, tanggap dan baik",9 bulan lalu,4,4,4,Saoenk Cobek Sudiang,Google Maps,2026-05-14 20:57:08
Ci9DQUlRQUNvZENodHljRjlvT25JMVMwTnRRM293VFVaeU9VWlJPVFJMZVhkcWIyYxAB,Jamira Mira,5,Tempat ini sejuk.tenang.suka lama lama berada di tempat ini.pelayanan putra,9 bulan lalu,5,5,5,Saoenk Cobek Sudiang,Google Maps,2026-05-14 20:57:29
Ci9DQUlRQUNvZENodHljRjlvT21aaFptbGliSGREVjJkSmRUZHpjMk0wY0dWYWNtYxAB,Febelisa Antuanette,4,"Ainun
Ramah,cekatan
Makanannya Enak",9 bulan lalu,4,4,4,Saoenk Cobek Sudiang,Google Maps,2026-05-14 20:57:29
Ci9DQUlRQUNvZENodHljRjlvT2xWSFUxQXpTR3Q2UW1GbWMxUkVlbDkwZW5oeVpHYxAB,Kornelius Palinggi,5,Waiter Ainun Melayani Ramah,9 bulan lalu,5,5,5,Saoenk Cobek Sudiang,Google Maps,2026-05-14 20:57:29
Ci9DQUlRQUNvZENodHljRjlvT2tVeFVIZEtRM0pJTW1kdVZYQnpVeTFXU0d0d1kwRRAB,Agnes Elyakin Chandra,5,"Dilayani sm mba Putri, pelayanan nya baik dan ramah👍🏻",9 bulan lalu,5,5,5,Saoenk Cobek Sudiang,Google Maps,2026-05-14 20:57:29
Ci9DQUlRQUNvZENodHljRjlvT2xJMFRteHVkVzFGZFY5NFpEQlZiamxEWkVaUlEyYxAB,Sheza Ariana,5,"Pengalaman pertama makan di saung cobek sudiang. Tempatnya enak, menunya lumayan, gak perlu nunggu terlalu lama juga dan makanannya datang berbarengan. Pelayanannya lebih bagus lagi. Kami dilayani pegawai atas nama ainun yang gercep dan full senyum. Keep up the good work 👍🏻",9 bulan lalu,4,5,5,Saoenk Cobek Sudiang,Google Maps,2026-05-14 20:57:29
Ci9DQUlRQUNvZENodHljRjlvT2pGVWJsSklNMkpKT1dGc1ZtcGFRbFpwUjBoQ01HYxAB,Suhartono Pranoto,5,Makanan enak mantap,9 bulan lalu,5,5,5,Saoenk Cobek Sudiang,Google Maps,2026-05-14 20:57:29
Ci9DQUlRQUNvZENodHljRjlvT2tKQlZuZ3RhMnA1Yldjek5WTk1kV0owZG01WlIzYxAB,Yumi Gracia rayo,5,ainun,9 bulan lalu,5,5,5,Saoenk Cobek Sudiang,Google Maps,2026-05-14 20:57:29
Ci9DQUlRQUNvZENodHljRjlvT200NWFtTkdRaTFmWldkQ1NYTkZlRko1ZUdGdWNsRRAB,Febyy,5,"Susana tenang,saung"" diatas kolam ikan,cocok untuk makan bersama keluarga👍🏻
Dipastikan akn dtg kembalii🫰🏻",9 bulan lalu,5,5,5,Saoenk Cobek Sudiang,Google Maps,2026-05-14 20:57:29
Ci9DQUlRQUNvZENodHljRjlvT25WNE5VOHlVSEV6U0U1clRIQTVkemhFTUdKbVdXYxAB,Ainun Mutma,5,"Senang berkunjung disini , makanan mantap, suasana nyaman, pelayan putra gercep humble abis, next mau dilayani lagi tingkatkan terimakasi",9 bulan lalu,5,5,5,Saoenk Cobek Sudiang,Google Maps,2026-05-14 20:57:29
Ci9DQUlRQUNvZENodHljRjlvT2twNldYSmxUR1YxU0ZCbVVteGFTRzgwZVdWM1JIYxAB,yunika Alla,5,"Makanan nya enak , pelanannya baik ,makasih putra",9 bulan lalu,5,5,5,Saoenk Cobek Sudiang,Google Maps,2026-05-14 20:57:29
Ci9DQUlRQUNvZENodHljRjlvT2tkaWQyVlNUbFY0ZDBWbmFXeHdXVU5PUTBwMlFWRRAB,sriwidya waty,5,"Alhamdulillah..selalu k saung cobek..g prnh kecewa..mkn enak..bersih..pelayanan sopan ats nm mas putra ....hrga terjangkau pula..,🥰🥰..makin sukses",9 bulan lalu,5,5,5,Saoenk Cobek Sudiang,Google Maps,2026-05-14 20:57:49
Ci9DQUlRQUNvZENodHljRjlvT2s4M2J6a3RURTlmV2paMFJtWm5UemN6TVVjeFNrRRAB,Rizky Nur Fatimah,5,"Waiters Ainun
Pelayanannya baik, waitersnya ramah. Makanannya enak.",9 bulan lalu,5,5,5,Saoenk Cobek Sudiang,Google Maps,2026-05-14 20:57:49
Ci9DQUlRQUNvZENodHljRjlvT2pRMWEydEJYMmM1UjJSVFJqRXdla293UjNCVFpWRRAB,Alfaruq Muhammad,5,"Menu cocok di lidah, harga rasional, tempatnya asyik, ramah anak, makasih mas Wahyu Saputra sudah ramah melayani",9 bulan lalu,5,5,5,Saoenk Cobek Sudiang,Google Maps,2026-05-14 20:57:49
Ci9DQUlRQUNvZENodHljRjlvT205WVNrWmpUbWR2U2tkblZWY3hTVEp6U0cxTVIzYxAB,wahyuni ikra,5,Bagus pelayanannya putra tawwa,9 bulan lalu,5,5,5,Saoenk Cobek Sudiang,Google Maps,2026-05-14 20:57:49
Ci9DQUlRQUNvZENodHljRjlvT2pSall6SnlYM0ZFT0VKM05VTjFhVTFITVVSWlNuYxAB,Nurmi Tristaningsih,5,Pelayanan dari putra memuaskan👍👍,9 bulan lalu,5,5,5,Saoenk Cobek Sudiang,Google Maps,2026-05-14 20:57:49
Ci9DQUlRQUNvZENodHljRjlvT2xSeGRFeEdMV0pSVlVaQmNuZDJPV3RFZDBWbVVrRRAB,mikiyal maulidan,5,"sangat nyaman ,, makanan enak .. pelayanan pak putra ramah , sopan , baik .. pokok a the best .. makasih saoenk cobek .. 🙏🤗",9 bulan lalu,5,5,5,Saoenk Cobek Sudiang,Google Maps,2026-05-14 20:57:49
Ci9DQUlRQUNvZENodHljRjlvT25reU16WkpNQzF3Y3pCMVZXODBOVVpGUVZOTFMxRRAB,Kinan Amir,5,"Makanannya enak dan bumbunya lezat
Pelayanannya jyga oke, cepat dan ramah
Sya dilayani dgn mbak Apri
Keren",9 bulan lalu,5,5,5,Saoenk Cobek Sudiang,Google Maps,2026-05-14 20:57:49
Ci9DQUlRQUNvZENodHljRjlvT2t4MmRWcHVWMWMwWDBRelkyOXZjbXhUYjFCcGVYYxAB,Patrick Kun,5,"Di layani dengan pelayan nur ainun,ramah,baik dan murah senyum",9 bulan lalu,5,5,5,Saoenk Cobek Sudiang,Google Maps,2026-05-14 20:57:49
Ci9DQUlRQUNvZENodHljRjlvT25GalUwSktjR2hxVFd0eFduaG1ZblZaVlRWTk4xRRAB,Archin Davinia,5,"Pelayannya ramah(putra)
Makanan enak",9 bulan lalu,5,5,5,Saoenk Cobek Sudiang,Google Maps,2026-05-14 20:57:49
Ci9DQUlRQUNvZENodHljRjlvT2xKdWRpMUlOamRVTm1oVmNrOWlXWGRmV0Mxb1gzYxAB,mila karmilasari,5,putra,9 bulan lalu,5,5,5,Saoenk Cobek Sudiang,Google Maps,2026-05-14 20:57:49
Ci9DQUlRQUNvZENodHljRjlvT205WlJVaDFNVjh5Tld4U1ZWUnJjRFZhWVdOeFowRRAB,maisrah sabry,5,"Makananx enak2 👍

#apri",9 bulan lalu,5,5,5,Saoenk Cobek Sudiang,Google Maps,2026-05-14 20:58:10
Ci9DQUlRQUNvZENodHljRjlvT21oSFYwdHdOemhvZDFSTk16bEtjMDFZZGs4MlFuYxAB,Irfan Alifiandra,5,,9 bulan lalu,5,5,5,Saoenk Cobek Sudiang,Google Maps,2026-05-14 20:58:10
Ci9DQUlRQUNvZENodHljRjlvT2xWaU9WUkpMWG8xYUZFeVYwMXdUbTgwVldsMVQyYxAB,shury pinky,5,,9 bulan lalu,5,5,5,Saoenk Cobek Sudiang,Google Maps,2026-05-14 20:58:10
Ci9DQUlRQUNvZENodHljRjlvT2w5RWN6SlRkMVV6Y25rME9FRnlOMlpuVFhkR01FRRAB,Risky Yuniarti,5,Sdri. Putri pelayanan sangat baik dan ramah,9 bulan lalu,5,5,5,Saoenk Cobek Sudiang,Google Maps,2026-05-14 20:58:10
Ci9DQUlRQUNvZENodHljRjlvT21jNGRHZFJSbTlDUzJOVFZVcENMVGxMZWs5YWNVRRAB,Lita Sadega,5,"Dilayani sama waiters Ainun
Pelayanannya bagus sekali. Makanannya enak-enak mantap. Selalu bawa makan keluarga kesini 👍🏼",9 bulan lalu,5,5,5,Saoenk Cobek Sudiang,Google Maps,2026-05-14 20:58:10
Ci9DQUlRQUNvZENodHljRjlvT25WMlQzUlNjM1pVZUZwR2VtWXpSbWxNVkhaclFsRRAB,Aulia,4,"Suasananya sangat menyenangkan, makanannya lumayan, dan pelayanannya kelas atas (terima kasih kepada Kak Ainun yang sangat baik).",9 bulan lalu,4,5,5,Saoenk Cobek Sudiang,Google Maps,2026-05-14 20:58:10
Ci9DQUlRQUNvZENodHljRjlvT25wcVkxUmxia3B2YW5kUGMydENjakJ0V0hsYVRYYxAB,Hamzah Hadi,5,putri,9 bulan lalu,5,5,4,Saoenk Cobek Sudiang,Google Maps,2026-05-14 20:58:10
Ci9DQUlRQUNvZENodHljRjlvT2t4VlRuaEdkWGM0VkVSeFoxVkxUa3hYY20xaE5HYxAB,Nhava Nhavriani,5,"waiters ainun pelayanan nya baik, ramah, cepat dan cekatan",9 bulan lalu,5,4,4,Saoenk Cobek Sudiang,Google Maps,2026-05-14 20:58:10
Ci9DQUlRQUNvZENodHljRjlvT2taNkxUVndVV0pxV2xCcFJHVTNjbEpIUlRoYVJtYxAB,Juharmin 96,5,,9 bulan lalu,5,5,5,Saoenk Cobek Sudiang,Google Maps,2026-05-14 20:58:10
Ci9DQUlRQUNvZENodHljRjlvT2tsbWRucFZORnAxWjFCSk9FMDJhME50UjFkTmVrRRAB,Venerini Gaudia,5,Cepat dan tepat. Pelayanannya jg ok bgt,9 bulan lalu,5,5,5,Saoenk Cobek Sudiang,Google Maps,2026-05-14 20:58:10
Ci9DQUlRQUNvZENodHljRjlvT2xscFNXUm9abkJRY1RCc1kyOUJjRVZJUkhOVFdYYxAB,Muthmainnah MT,5,Makanannya enak. Pelayanannya ramah dilayani dgn waiters ainun,9 bulan lalu,5,5,5,Saoenk Cobek Sudiang,Google Maps,2026-05-14 20:58:31
Ci9DQUlRQUNvZENodHljRjlvT21ReFVtSlJjbXBvZVRGcVVFMUpjRUZpUVRCa1dFRRAB,Fitrianti Fitrianti,5,"Pelayanan nya ramah, tempat nya bagus luas",9 bulan lalu,5,5,5,Saoenk Cobek Sudiang,Google Maps,2026-05-14 20:58:31
Ci9DQUlRQUNvZENodHljRjlvT2s5Nk0wZHdWbFl5YlVKUk0wNVZiMWgxU1doWmRuYxAB,Widya Adriani,5,"Ainub pelayanannya baik, makanan enak, susana bersih",9 bulan lalu,5,5,5,Saoenk Cobek Sudiang,Google Maps,2026-05-14 20:58:31
Ci9DQUlRQUNvZENodHljRjlvT2tZMU5EVTJjRzVPTUVkellWRXRSVWcxWWpBM1JHYxAB,Intan Ayu Putri Handarbeny,5,Putri. Pelayanan yang sangat baik dan memuaskan,9 bulan lalu,5,5,5,Saoenk Cobek Sudiang,Google Maps,2026-05-14 20:58:31
Ci9DQUlRQUNvZENodHljRjlvT2pKcmVsRklUVTFwVEZoV1QyOVFhRmd5T0U4M1QzYxAB,Hardi,5,"Enak.....
Terima kasih layanannya @putra",9 bulan lalu,5,5,5,Saoenk Cobek Sudiang,Google Maps,2026-05-14 20:58:31
Ci9DQUlRQUNvZENodHljRjlvT2paWFUwNTNkalpSWTBwbFZXMVhYMDltY1ZGa1JGRRAB,maumauta baraccung,5,"pelayanan bagus,makasih apri",9 bulan lalu,5,5,5,Saoenk Cobek Sudiang,Google Maps,2026-05-14 20:58:31
Ci9DQUlRQUNvZENodHljRjlvT2xGRGRtNTVMVXhpYkUxQ2RWQXhWRE01VmpKV1lVRRAB,Ramadhan Febrianto,4,,9 bulan lalu,4,4,4,Saoenk Cobek Sudiang,Google Maps,2026-05-14 20:58:31
Ci9DQUlRQUNvZENodHljRjlvT25WeE1GUTNORXc1WjBWTE16aDBVMlJQZGxneVRYYxAB,dwi tiara sukma rivai,5,,9 bulan lalu,5,5,5,Saoenk Cobek Sudiang,Google Maps,2026-05-14 20:58:31
Ci9DQUlRQUNvZENodHljRjlvT2xaa01GSTBSbU4yV1ZSdlZqTk1UbWt3ZFhweVJrRRAB,Prascilya Safira Qolbi,5,tempat dan makanannya sangat enak,9 bulan lalu,5,5,5,Saoenk Cobek Sudiang,Google Maps,2026-05-14 20:58:31
Ci9DQUlRQUNvZENodHljRjlvT2pneGJuRk5ibGwwVUhSSGJFUkJRMmxQVkRCaVRWRRAB,Imran sadarma,5,Menu makanannya cukup lengkap dan rasa makanannya enak. Tersedia banyak paket untuk pilihan rombongan.,9 bulan lalu,5,5,5,Saoenk Cobek Sudiang,Google Maps,2026-05-14 20:58:31
Ci9DQUlRQUNvZENodHljRjlvT2xjMlEwSmhRMU5HYWpkVVZtRnNZME5pYUhSdllYYxAB,Marianus Riwanto,5,Menu ikan enak.  Ainun,9 bulan lalu,5,5,5,Saoenk Cobek Sudiang,Google Maps,2026-05-14 20:58:51
Ci9DQUlRQUNvZENodHljRjlvT25oSFEyVkdRMHRxUkMxdWVIQTNaa0ZhTkRSSE5IYxAB,Desa Temmabarang,5,Bagus,9 bulan lalu,5,5,5,Saoenk Cobek Sudiang,Google Maps,2026-05-14 20:58:51
Ci9DQUlRQUNvZENodHljRjlvT21oYVVUbExWR2hYVjNSWVgyeGZNRGQ2Y3pGaE5HYxAB,Muhajir Suyuti,5,"Salah satu Tempat makan terbaik di Makassar. Dekat lampu merah POLDA Sulsel. Makanannya enak, menu andalan klo makan disini Ikan Baronang Bakar Parape + Ricarica dan Cah Paria. Otak-otak Bakarnya juga enak. Tempatnya nyaman dan ada kolam ikannya.",9 bulan lalu,5,5,5,Saoenk Cobek Sudiang,Google Maps,2026-05-14 20:58:51
Ci9DQUlRQUNvZENodHljRjlvT2toZldXbDRNVGhEUkRKVGVYUjRWemxuYzFkeVJHYxAB,Hartini Samioen,5,Pelayanan atas nama putri baik dan cepat tingkatkan terus pelayanannya,9 bulan lalu,5,5,5,Saoenk Cobek Sudiang,Google Maps,2026-05-14 20:58:51
Ci9DQUlRQUNvZENodHljRjlvT25GT1NtVXRiVWgyYWkxTlQxSjZVRlJMU21OTmFrRRAB,Muhammad Rezki,5,"Mantap waitersnya, Ainun is the best servicer",9 bulan lalu,5,5,5,Saoenk Cobek Sudiang,Google Maps,2026-05-14 20:58:51
Ci9DQUlRQUNvZENodHljRjlvT2pkbll6RjJTM3BSZW14UFZqVjVjM2d3ZEhSaE1WRRAB,Muliati Rahman,5,Waiters ainun,9 bulan lalu,5,5,5,Saoenk Cobek Sudiang,Google Maps,2026-05-14 20:58:51
Ci9DQUlRQUNvZENodHljRjlvT25kUGVVdHhlVXBqYkhkaVYxTlBPVTF6Wkc1V2NIYxAB,wahyuni wayudi,5,"Enak, hanya kuah sayur asamx kurang segar, pelayananx ok
Apri",9 bulan lalu,5,5,5,Saoenk Cobek Sudiang,Google Maps,2026-05-14 20:58:51
Ci9DQUlRQUNvZENodHljRjlvT2paSGVHNDBha0V5ZVRCS1RGRklNVGR1UldSdFltYxAB,sudarmi darma,5,Pelayanan mba Putri yang sangat Ramah dan baik,9 bulan lalu,5,5,5,Saoenk Cobek Sudiang,Google Maps,2026-05-14 20:58:51
Ci9DQUlRQUNvZENodHljRjlvT21zMlNHeEZTa1p1YWxOelMxOVZabE5sTTJsMk0yYxAB,erva cella,5,"Putri, pelayanan mantap",9 bulan lalu,5,5,5,Saoenk Cobek Sudiang,Google Maps,2026-05-14 20:58:51
Ci9DQUlRQUNvZENodHljRjlvT2xkT016bEdjM2MwYUhaUU4waFlOalpTYkV0VE9XYxAB,nico tolaba,5,Putri pelayanannya mantap.... terima kasih,9 bulan lalu,5,5,5,Saoenk Cobek Sudiang,Google Maps,2026-05-14 20:58:51
Ci9DQUlRQUNvZENodHljRjlvT2xsUVJUSmhVM0Z3U0hvNGVVdEZTV0ZtV0VKUlMwRRAB,Puji Sabriani Putri,5,Sangat baik pelayanan dari putri,9 bulan lalu,5,5,5,Saoenk Cobek Sudiang,Google Maps,2026-05-14 20:59:12
Ci9DQUlRQUNvZENodHljRjlvT2t0MVQwRXpjRzVFTUc5V1JGWkVOalZvTnpsRlMyYxAB,Muhammad hadi assegaf Egha,5,Putri...sangat baik..sajian cepat ..thanks,9 bulan lalu,5,5,5,Saoenk Cobek Sudiang,Google Maps,2026-05-14 20:59:12
Ci9DQUlRQUNvZENodHljRjlvT2pSVFdYbE5lVEp3U1U5eVFteG1WSEl5UmxCUWFFRRAB,Kiki Rzky Saputri,4,"Makanan dan tempatnya sangat enak dan nyaman.
Pelayanan karyawan Ats nama putra sangat baik.",9 bulan lalu,5,5,5,Saoenk Cobek Sudiang,Google Maps,2026-05-14 20:59:12
Ci9DQUlRQUNvZENodHljRjlvT2taNE9EaFZXWE42YVdaVmNqbFhTVGM0YUhOa1YzYxAB,Mariani Ani,5,"Waiter Ainun, mantap.",9 bulan lalu,5,5,5,Saoenk Cobek Sudiang,Google Maps,2026-05-14 20:59:12
Ci9DQUlRQUNvZENodHljRjlvT2tOTlpWaERUVTB0VW1wQ1FuaDZTbFJrYVZGbVpIYxAB,fitriyani siahaan,5,"Mba Ainun, Ramah sekali, The bestlah pelayanannya",9 bulan lalu,5,5,5,Saoenk Cobek Sudiang,Google Maps,2026-05-14 20:59:12
Ci9DQUlRQUNvZENodHljRjlvT2xaaU16QlpNa0p0TjFweVNqQkNhWE5OTWxCU2MzYxAB,Nur Lathifah,5,"Putra pelayanannya bagus, cepat responnya",9 bulan lalu,5,5,5,Saoenk Cobek Sudiang,Google Maps,2026-05-14 20:59:12
Ci9DQUlRQUNvZENodHljRjlvT2tVNVZXa3RaMUYzVTBNMlN6WkVlVEZ2YjFCMWNuYxAB,Fahmi Fahmi,5,"KAK PUTRI PELAYANAN NYA SANGAT BAIK DAN RAMAH
MAKASIH KAK PUTRI",9 bulan lalu,5,5,5,Saoenk Cobek Sudiang,Google Maps,2026-05-14 20:59:12
Ci9DQUlRQUNvZENodHljRjlvT25GUlYzUXlhV016TUhKaWR6Vm1jVTFaYzBkbGQyYxAB,Mauliddah Ekasari,5,Pelayanannya memuaskan. Waiter nya Apri sopan,9 bulan lalu,4,5,5,Saoenk Cobek Sudiang,Google Maps,2026-05-14 20:59:12
Ci9DQUlRQUNvZENodHljRjlvT2xKaWF6RkxlbEZoYlY5MVQzaFdUMHRzYVdWcWIzYxAB,Utami Putri,5,"Suasana yg menyenangkan
Pelayanan baik.
Waiters manda",9 bulan lalu,5,5,5,Saoenk Cobek Sudiang,Google Maps,2026-05-14 20:59:12
Ci9DQUlRQUNvZENodHljRjlvT2pWWkxVOW1iVU5XVUZOd2NUWTBVbGQ2ZWxsbVgwRRAB,Anindya Qurratu Aini Amin,5,"Suasananya bagus, makanannya enak, pelayanannya luar biasa, terima kasih Kak April atas pelayanannya.",9 bulan lalu,5,5,5,Saoenk Cobek Sudiang,Google Maps,2026-05-14 20:59:12
Ci9DQUlRQUNvZENodHljRjlvT2taalZIZzNhMUYxV201a05EUndXRkJJWkY4eFJIYxAB,muh.fahmi rezkiawan,5,"Putri, pelayanan baik",9 bulan lalu,5,5,5,Saoenk Cobek Sudiang,Google Maps,2026-05-14 20:59:33
Ci9DQUlRQUNvZENodHljRjlvT2kxdVNFNTRjME5EYlZaeWJtdHlMVlJUZWtOVGFIYxAB,Ummu Aisyah,5,Putri pelayanannya cepat,9 bulan lalu,5,5,5,Saoenk Cobek Sudiang,Google Maps,2026-05-14 20:59:33
Ci9DQUlRQUNvZENodHljRjlvT21Wc1gxZHNhM2xsZW0xc01uaG5ZbUoxWkc1RE1sRRAB,Chandra Halim,5,,9 bulan lalu,5,5,5,Saoenk Cobek Sudiang,Google Maps,2026-05-14 20:59:33
Ci9DQUlRQUNvZENodHljRjlvT2tWNFVUbHFSMk5DVkV0TFkwWkZWamgyVTNoWGRFRRAB,Sefnice Rantelembang,4,Waiter ainun kerennn gerceppp,9 bulan lalu,4,4,4,Saoenk Cobek Sudiang,Google Maps,2026-05-14 20:59:33
Ci9DQUlRQUNvZENodHljRjlvT201bGIwMUVTbUYxZWtKZk1GSXRUbFZoUmxRdFdXYxAB,Emmha rahmawaty,5,Ainun  yg melayani,9 bulan lalu,5,4,5,Saoenk Cobek Sudiang,Google Maps,2026-05-14 20:59:33
Ci9DQUlRQUNvZENodHljRjlvT2s1eGVtRnRia3hGZEUxRFpUQnVZMVZUV0c1YVgzYxAB,Hilda Yani,5,"Baik,memuaskan putri",9 bulan lalu,5,5,5,Saoenk Cobek Sudiang,Google Maps,2026-05-14 20:59:33
Ci9DQUlRQUNvZENodHljRjlvT2tWWlZXVllkSEV0WldOWGFrRkZXVFZRVTFoSlpHYxAB,IRMA SURYANI Nanie,5,"Terima kasih kak Putri, sudah melayani dengan baik dan ramah. Makanannya enak, suasananya cozy dan nyaman buat anak-anak.",9 bulan lalu,5,5,5,Saoenk Cobek Sudiang,Google Maps,2026-05-14 20:59:33
Ci9DQUlRQUNvZENodHljRjlvT2xjMU1YRnNNbmR5V0Y5MU9IaHROell5UlZGc05VRRAB,Syarifa Tenriola,5,waiters ainun the bestttt bintang 5,9 bulan lalu,5,5,5,Saoenk Cobek Sudiang,Google Maps,2026-05-14 20:59:33
Ci9DQUlRQUNvZENodHljRjlvT25OelpFZE5ibFp1UzFadGFURkdPV05KZGpkU09FRRAB,Siti Mulyani,5,,9 bulan lalu,5,5,5,Saoenk Cobek Sudiang,Google Maps,2026-05-14 20:59:33
Ci9DQUlRQUNvZENodHljRjlvT2pBNGNETnNSRUZKZWxaMk5FUlRVbVp2YmpGalgyYxAB,C1 muhammad zidane azziro,5,ainun,9 bulan lalu,5,5,5,Saoenk Cobek Sudiang,Google Maps,2026-05-14 20:59:33
Ci9DQUlRQUNvZENodHljRjlvT2xBeVdIZE1OMTg0TURRMFYxSTVTMEo2YlZRMFYyYxAB,Sri Muliani,4,"Rasa makanannya enak dan pelayanannya juga baik. Hanya saja, banyak kerang yang tidak ada isinya(cangkang kosong), ditambah cukup banyak pecahan kulit kerang dan ada dua potongan lengkuas berukuran besar. Semoga ke depannya bisa lebih diperhatikan agar kualitas makanan semakin baik. Paling penting Parkirnya gratis",9 bulan lalu,4,4,4,Saoenk Cobek Sudiang,Google Maps,2026-05-14 20:59:54
Ci9DQUlRQUNvZENodHljRjlvT25SM2EwZE5hRmR2ZUdrMWJWSlhabk14Y1hRNU9FRRAB,Mutya Rahmadani,5,"Makanannya enak enak
Waiters manda ramah, pelayanan top, dan sopan",9 bulan lalu,5,5,5,Saoenk Cobek Sudiang,Google Maps,2026-05-14 20:59:54
Ci9DQUlRQUNvZENodHljRjlvT2tweWRuRTNlbGx1VW1KVVJHZHdPV1JNYjBwUmMxRRAB,Reski Ikki,5,Lebih lanjut: manda,Diedit 9 bulan lalu,5,5,5,Saoenk Cobek Sudiang,Google Maps,2026-05-14 20:59:54
Ci9DQUlRQUNvZENodHljRjlvT25OR1EyMVBXbVZIUVZCWGFsTjJYM0ZCVWpGb1NHYxAB,sulfahmi uul,5,Manda Penulis,9 bulan lalu,5,5,5,Saoenk Cobek Sudiang,Google Maps,2026-05-14 20:59:54
Ci9DQUlRQUNvZENodHljRjlvT201S1MzVnJaa2hoYVhaUlUxSmpWRXR0VGpCSWNsRRAB,IW yunie85,5,"Makanan enak, pelayanan juga bagus, waiters atas nama putri sangat Ramah",10 bulan lalu,5,5,5,Saoenk Cobek Sudiang,Google Maps,2026-05-14 20:59:54
Ci9DQUlRQUNvZENodHljRjlvT2pkYVpUWjFaMjlFYjBGaWVtRlNkMDlGYUhVM2VrRRAB,Sulaeha Amin,5,Putri,10 bulan lalu,5,5,4,Saoenk Cobek Sudiang,Google Maps,2026-05-14 20:59:54
Ci9DQUlRQUNvZENodHljRjlvT2tWQ2ExUk1jM1JOUWtacWRDMW1XVGx5YzB0QmRXYxAB,Nilayani Abbas,5,Putri,10 bulan lalu,5,5,5,Saoenk Cobek Sudiang,Google Maps,2026-05-14 20:59:54
Ci9DQUlRQUNvZENodHljRjlvT21KSlMzQmxiRGxMVkhwb1YxYzRaM290Vmt4c2VrRRAB,Fajrina Asyifa,5,"Putri , untuk pelayanan lumayan luas, dan baik
Makanannya juga enak,",10 bulan lalu,5,5,5,Saoenk Cobek Sudiang,Google Maps,2026-05-14 20:59:54
Ci9DQUlRQUNvZENodHljRjlvT25GaVExRXRkVmhWV0ROaFZFUnBUbkE1Tm5rNWFFRRAB,Putri mahardika,5,Pelayan: Manda,10 bulan lalu,5,5,5,Saoenk Cobek Sudiang,Google Maps,2026-05-14 20:59:54
Ci9DQUlRQUNvZENodHljRjlvT2poZlFXaGtPRWRIV1cxNVNuUXhVa1ZxYW5weU5rRRAB,Aditha Fauzyah,5,Makanan Enak @apri,10 bulan lalu,5,5,5,Saoenk Cobek Sudiang,Google Maps,2026-05-14 20:59:54
Ci9DQUlRQUNvZENodHljRjlvT21wVlJFNWthMHRGY0ZOSlpWZFlWVmhaWmxOWk1XYxAB,Muh Ichak,5,Alhamdulillah baik dan memuaskan,10 bulan lalu,4,5,5,Saoenk Cobek Sudiang,Google Maps,2026-05-14 21:00:15
Ci9DQUlRQUNvZENodHljRjlvT25JNVZ6VnhaVTFPYmtZMVFtUnpWa293YVhkclJIYxAB,Apriuni Rahim,5,Putri pelayanannya Alhamdulillah baik dan memuaskan,10 bulan lalu,5,5,5,Saoenk Cobek Sudiang,Google Maps,2026-05-14 21:00:15
Ci9DQUlRQUNvZENodHljRjlvT21Oc2VtY3RVR2RMYlhCaWFrdEhZakJ0TlRaWFJrRRAB,Muhammad Fajrin,5,"Suasana enak dan nyaman, ikannya segar2.. Selama makan dilayani dengan baik oleh mas putra",10 bulan lalu,5,5,5,Saoenk Cobek Sudiang,Google Maps,2026-05-14 21:00:15
Ci9DQUlRQUNvZENodHljRjlvT20xcFIwaFpRVWhpTUU5Rk4xQktNMFpTWTJwWVFtYxAB,Fafi Laya,5,"Makasihh kak putrii, pelayanannnya ramah cepat dan sabar. Mantap👍👍",10 bulan lalu,5,5,5,Saoenk Cobek Sudiang,Google Maps,2026-05-14 21:00:15
Ci9DQUlRQUNvZENodHljRjlvT2tac09GaG1hbk10V1hkNU9GUTNYMlJ4VnpSdE4zYxAB,jiyeon sehun,5,terima kasih kak putri layanannya,10 bulan lalu,5,5,5,Saoenk Cobek Sudiang,Google Maps,2026-05-14 21:00:15
Ci9DQUlRQUNvZENodHljRjlvT2s0M1VXOTNabDl4YWtjMGFXWnlWMVJtWVZocFlrRRAB,Andi Putri Najwah,5,,10 bulan lalu,5,5,5,Saoenk Cobek Sudiang,Google Maps,2026-05-14 21:00:15
Ci9DQUlRQUNvZENodHljRjlvT2taVVVWSkhMVTVMYWt0R1FqQlBaR1YxWVhwbVRYYxAB,andi hamriani,5,"Sangat bagus dan memuaskan makanannya

#apri",10 bulan lalu,5,5,5,Saoenk Cobek Sudiang,Google Maps,2026-05-14 21:00:15
Ci9DQUlRQUNvZENodHljRjlvT2tkUFIzbERVakJuWWs1bVdHZDVhbTVNTlhaV05FRRAB,Kaelan abiwara Al isra,5,Enak & nyaman.. dilayani dengan mbak apri yg ramah & murah senyum.. thankyuu mbak ? :),10 bulan lalu,5,5,5,Saoenk Cobek Sudiang,Google Maps,2026-05-14 21:00:15
Ci9DQUlRQUNvZENodHljRjlvT2s1c1RGVndVRXhIYUhKdFdIWm5lSE14Ym1vM1lXYxAB,ocang efootball,5,Putri pelayanannya baik,10 bulan lalu,5,5,5,Saoenk Cobek Sudiang,Google Maps,2026-05-14 21:00:15
Ci9DQUlRQUNvZENodHljRjlvT2xwZlZHNVRXazF5YUZOU2VIVTJWRlJ6WlY5NVlsRRAB,Farah Fathiah,5,"Langganan keluargaa, makanan juaraaak, pelayanan cepat dan superrr ramah. Fasilitas lengkap ada musholanya jugaa. Buncis saos telur asinnya beuh🤩🤍
- waiters ainun",10 bulan lalu,5,5,5,Saoenk Cobek Sudiang,Google Maps,2026-05-14 21:00:15
Ci9DQUlRQUNvZENodHljRjlvT2tWMVNrOURZbUZ0UkZvMFNYSXdPRlpRWDJKUlNVRRAB,muh hasbir,5,"Pelayanan nya cepatt banget
Enak semua
Pelayanan Putri sangat cepatt",10 bulan lalu,5,5,5,Saoenk Cobek Sudiang,Google Maps,2026-05-14 21:00:35
Ci9DQUlRQUNvZENodHljRjlvT2poWlQydzBSeTB6TWpGdE5uSm5hVlY2U1c5M2JtYxAB,SURYA DHARMAWATY,5,"Makanan enak, harga kompetitif
Pelayanan mb Apri dan Tim mantabs
Sudah sering kesini",10 bulan lalu,5,5,5,Saoenk Cobek Sudiang,Google Maps,2026-05-14 21:00:35
Ci9DQUlRQUNvZENodHljRjlvT205VWJXcG5kMlIwUVV0cGJVcHRSa0k1T1hGWWFsRRAB,Amirullah,5,Pelayanan super sekali.. terutama yang bernama Apri..,10 bulan lalu,5,5,5,Saoenk Cobek Sudiang,Google Maps,2026-05-14 21:00:35
Ci9DQUlRQUNvZENodHljRjlvT2s1SmR6TmZSSFpoTmxKcGVqbE1iVkJTWVdNeWVsRRAB,Nur Aeni Fadillah,5,Waitwrs ainun yang melayani,10 bulan lalu,5,5,5,Saoenk Cobek Sudiang,Google Maps,2026-05-14 21:00:35
Ci9DQUlRQUNvZENodHljRjlvT2xGVlNYSmlSR3RIVWtGalVqaHpaaTFEWkVoNGEzYxAB,Sri Wahyuningsih,4,,10 bulan lalu,4,5,5,Saoenk Cobek Sudiang,Google Maps,2026-05-14 21:00:35
Ci9DQUlRQUNvZENodHljRjlvT25sSU1GWjBiWE50WjJKTmNrNTFMVzVrVGpNMFNVRRAB,"Andi Rizal Mandala Putra, S.Pd.",5,,10 bulan lalu,,,,Saoenk Cobek Sudiang,Google Maps,2026-05-14 21:00:35
Ci9DQUlRQUNvZENodHljRjlvT25GdWRVNWFkMUJ6ZWpZeE5tcHNlbmRtYWt3NFUyYxAB,erdi purwanto,5,"cocok untuk jamuan keluarga, di saung-saung yg dikelilingi kolam ikan.

ikannya enak, sambalnya mantap.",10 bulan lalu,5,5,5,Saoenk Cobek Sudiang,Google Maps,2026-05-14 21:00:35
Ci9DQUlRQUNvZENodHljRjlvT2paNVJXOXRkMEZEY1Y5dmEyNHhkVXBOVFdOb2FVRRAB,Muhammad Firdaus,5,"Recomended banget...
Mulai dri ikan, sampe sayurnya itu enak banget...
Sampe sy bungkus buat suami untuk makan malam n sahur nantinya 🥰 …",10 bulan lalu,,,,Saoenk Cobek Sudiang,Google Maps,2026-05-14 21:00:35
Ci9DQUlRQUNvZENodHljRjlvT21WSFVFbHNiRmg2UkdvM1RFOWFkQzFvVUhoTVluYxAB,Mak Bul,5,"Enak hijenis
Pelayan manda",10 bulan lalu,5,5,5,Saoenk Cobek Sudiang,Google Maps,2026-05-14 21:00:35
Ci9DQUlRQUNvZENodHljRjlvT21zeE1Fb3lURFZ1Tm13NU5YUk5ZVVJ5WldRNVYxRRAB,Nabyan Muh,5,Seafood tumpah andalan ank2,10 bulan lalu,5,5,5,Saoenk Cobek Sudiang,Google Maps,2026-05-14 21:00:35
Ci9DQUlRQUNvZENodHljRjlvT21OWE1YSkxUWE5EYjFkaGRWVktNR0ZXTWtkVlVVRRAB,Anugrahwati,5,"Putri : baik ,rakah,sopan",10 bulan lalu,5,5,5,Saoenk Cobek Sudiang,Google Maps,2026-05-14 21:00:56
Ci9DQUlRQUNvZENodHljRjlvT2tweVZqVnBiWGxOVWtOdVRIQm5jMFJ2TkdaMWMzYxAB,Ardhy Anzah,5,"Putri = pelanyangnya bagus, ramah dan sopan...",10 bulan lalu,5,5,5,Saoenk Cobek Sudiang,Google Maps,2026-05-14 21:00:56
Ci9DQUlRQUNvZENodHljRjlvT2s4MmJsbFpRemhmUkVWd05VcENYMU52Y3poRlFsRRAB,Andi Rahman,5,,10 bulan lalu,5,5,5,Saoenk Cobek Sudiang,Google Maps,2026-05-14 21:00:56
Ci9DQUlRQUNvZENodHljRjlvT2xOcGN6bEtXR2RxTXpCcFdYQXlaV1pvV1d0RFZIYxAB,Gadis Tiansyah,5,Enak semua makanannyaaaa,10 bulan lalu,5,5,5,Saoenk Cobek Sudiang,Google Maps,2026-05-14 21:00:56
Ci9DQUlRQUNvZENodHljRjlvT2poVWMzZE5TVWRtTFVFMGJUQm5ZMHR4WW5CdlJWRRAB,Nengsih Nengsih,5,Sangat memuaskan putra,10 bulan lalu,,,,Saoenk Cobek Sudiang,Google Maps,2026-05-14 21:00:56
Ci9DQUlRQUNvZENodHljRjlvT2w5T05rZDZhbGxqVFROcFQyeFdRVGQxWkdadU1WRRAB,dian effendi,5,"Pelayanan putri cepat,ramah dan makanan yang di sajikan enak",10 bulan lalu,5,5,5,Saoenk Cobek Sudiang,Google Maps,2026-05-14 21:00:56
Ci9DQUlRQUNvZENodHljRjlvT2xSWlFscHpWekYwZG1KcWFWaFdhbnBETTA1RWJFRRAB,Agus Suwadi,5,,10 bulan lalu,,,,Saoenk Cobek Sudiang,Google Maps,2026-05-14 21:00:56
Ci9DQUlRQUNvZENodHljRjlvT20xcmMxRkZSRk5TUkVabkxYQlJRMnhEYVhKT2NYYxAB,Muh Fahrul,5,bagus dan enak,10 bulan lalu,5,5,5,Saoenk Cobek Sudiang,Google Maps,2026-05-14 21:00:56
Ci9DQUlRQUNvZENodHljRjlvT2pSWFdYaFpOVUpuVVUwM2RtZFVTRzVWWDJKa1MwRRAB,Hasriani Harun,5,Pelayan manda,10 bulan lalu,5,5,5,Saoenk Cobek Sudiang,Google Maps,2026-05-14 21:00:56
Ci9DQUlRQUNvZENodHljRjlvT21Wd1lWWnNVRk54V1c4MWRrOUVOREpEV1dsbVpsRRAB,nasrina nawir,5,"Makanannya enak
#Apri",10 bulan lalu,5,5,5,Saoenk Cobek Sudiang,Google Maps,2026-05-14 21:00:56
Ci9DQUlRQUNvZENodHljRjlvT2tWM05FTnZheTFKWjFKblRIQlZNM0kzUzJweFlsRRAB,Ardis Sua,5,Nikmat rasanya,10 bulan lalu,5,5,5,Saoenk Cobek Sudiang,Google Maps,2026-05-14 21:01:17
Ci9DQUlRQUNvZENodHljRjlvT201VWJHdHJiRTQxUW0xeFZVcHBiSEJZVTBwQmRIYxAB,ayunurul huda,5,"Terimakasih buat pelayanan mas putra..
Sangat memuaskan, makanannya enak, tempatnya bersih..",10 bulan lalu,5,5,5,Saoenk Cobek Sudiang,Google Maps,2026-05-14 21:01:17
Ci9DQUlRQUNvZENodHljRjlvT25KeGIwNTVYMk0zVW1semNqZFlOVW8xTUZOelZIYxAB,fitri Eka,5,"Pelayanan sangat ramah,karyawan2nya pada gesit2 dan satset",10 bulan lalu,5,5,5,Saoenk Cobek Sudiang,Google Maps,2026-05-14 21:01:17
Ci9DQUlRQUNvZENodHljRjlvT20wdFFrNWhRbVJyYzNOWk9VVkhaelIxVFRac2RrRRAB,liya liya,5,mbak ainun cantik dan cekatan melayani,10 bulan lalu,5,5,5,Saoenk Cobek Sudiang,Google Maps,2026-05-14 21:01:17
Ci9DQUlRQUNvZENodHljRjlvT25CSGVtZHlaMWh1UmpoUmRIRkdNRUZVVFZWT1MwRRAB,Andi Sutri,4,"Ainun
Makanannya enak2, apalagi pelayan dri mbak ainun sangat ramah 👍",10 bulan lalu,4,5,,Saoenk Cobek Sudiang,Google Maps,2026-05-14 21:01:17
Ci9DQUlRQUNvZENodHljRjlvT2taaVJVOURWWFJzWjNGQldYaExMVzlHU25kblkzYxAB,Abou Bakr,1,Bagus tawwa pelayanannya,10 bulan lalu,5,5,5,Saoenk Cobek Sudiang,Google Maps,2026-05-14 21:01:17
Ci9DQUlRQUNvZENodHljRjlvT21WV1pYcEJWVmhCVGt0SGNGOXdhbDlaUkhONGFrRRAB,Alesha Zahra,5,"Makanan enak2, pelayanan baik, suasana bagus",10 bulan lalu,,,,Saoenk Cobek Sudiang,Google Maps,2026-05-14 21:01:17
Ci9DQUlRQUNvZENodHljRjlvT2s1NlVXb3liakZPYlhNMWJsaDRRMHBJWjJOU05HYxAB,Lukman Sulaiman,5,"Atas nama Ainun yang melayani, ikannya kurang berasa",10 bulan lalu,5,5,5,Saoenk Cobek Sudiang,Google Maps,2026-05-14 21:01:17
Ci9DQUlRQUNvZENodHljRjlvT2xCdlNtSmhhbEo0T0U4NE0xOTJja3QwVEdGVWJsRRAB,JUSNIATY SM,5,"Makanannya enak semuaaa
#APRI",10 bulan lalu,5,5,5,Saoenk Cobek Sudiang,Google Maps,2026-05-14 21:01:17
Ci9DQUlRQUNvZENodHljRjlvT25ORlFXeE9ObVV6UkdSb05raElNMUF5TFRscmMxRRAB,St Nahriah,5,"Waiters manda pelayanannya ramah poll,",10 bulan lalu,5,5,5,Saoenk Cobek Sudiang,Google Maps,2026-05-14 21:01:17
Ci9DQUlRQUNvZENodHljRjlvT20xbVIyMUxaa1o0YldJd1NqSlFkblJLY2pOaFluYxAB,Nayla Nonci,5,"waiters manda, pelayan nya sangat bagus dan hidangan nya sangat enak",10 bulan lalu,5,5,5,Saoenk Cobek Sudiang,Google Maps,2026-05-14 21:01:37
Ci9DQUlRQUNvZENodHljRjlvT2sxcFRVVkRiRE5pYm5KNFZrVnBUR05ZTWtaMFRsRRAB,Mawar Nurjannah,5,"pelayanan waiters manda mantapppppp, semangat terus yaa",10 bulan lalu,5,5,5,Saoenk Cobek Sudiang,Google Maps,2026-05-14 21:01:37
Ci9DQUlRQUNvZENodHljRjlvT25SblJVcElZVk5wWmpack1tbFBaemxXVDFKMWJFRRAB,Abrar Abe,5,Anak perempuan pelayan,10 bulan lalu,5,5,5,Saoenk Cobek Sudiang,Google Maps,2026-05-14 21:01:37
Ci9DQUlRQUNvZENodHljRjlvT25ZMGVrVkpUbGN5YlZsMVlXUkRjWGRxVUZkMVpYYxAB,Mabar Alai,5,"Putri waiters: ramah, baik, dan murah senyum",10 bulan lalu,5,5,4,Saoenk Cobek Sudiang,Google Maps,2026-05-14 21:01:37
Ci9DQUlRQUNvZENodHljRjlvT2twZlNrRnpNRXM0Wkd3emJrbERhRlJPYlZSNE1tYxAB,Masita Kalla,5,"Putri waiters ,ramah, lincah",10 bulan lalu,5,5,5,Saoenk Cobek Sudiang,Google Maps,2026-05-14 21:01:37
Ci9DQUlRQUNvZENodHljRjlvT25SdVJsWTRhREJvVTNaWkxXRmZVVzltUzJaMVkyYxAB,Dion 1976,5,"Putri waiters
Pelayanannya baik..",10 bulan lalu,5,5,5,Saoenk Cobek Sudiang,Google Maps,2026-05-14 21:01:37
Ci9DQUlRQUNvZENodHljRjlvT2xsdWRtdFlPV2d3TXpCRFMyeGxlbFJXZFhaVE9HYxAB,Suardi Ardi,5,Cobek nya sedap,10 bulan lalu,5,5,4,Saoenk Cobek Sudiang,Google Maps,2026-05-14 21:01:37
Ci9DQUlRQUNvZENodHljRjlvT2xOUVVqRTVhUzAzTVdWa2F6UmpZbUl4VWpkdFFYYxAB,Andi Masni,5,Terima kasih waiters manda atas pelayanannya,10 bulan lalu,5,5,5,Saoenk Cobek Sudiang,Google Maps,2026-05-14 21:01:37
Ci9DQUlRQUNvZENodHljRjlvT201cll6TTFNbGROTVZkeVlrbzNUWGcyTmsxQ2JWRRAB,Fauziah Fajar,5,Waiters putri the bestt pelayanannya,10 bulan lalu,5,5,5,Saoenk Cobek Sudiang,Google Maps,2026-05-14 21:01:37
Ci9DQUlRQUNvZENodHljRjlvT25NeFMxUTVTWGhQU25oWGJWQnRURkU0YW5FMFZIYxAB,Elviyanti Rissing,5,"Waiters putri, pelayanannya sangat baik dan ramah",10 bulan lalu,5,5,5,Saoenk Cobek Sudiang,Google Maps,2026-05-14 21:01:37
Ci9DQUlRQUNvZENodHljRjlvT25VNVQzVjVhbE5LWjBwVk5EWTBWRlZRYldOMVFWRRAB,USMAN usrha,5,Yang melayani ainun,10 bulan lalu,5,5,5,Saoenk Cobek Sudiang,Google Maps,2026-05-14 21:01:58
Ci9DQUlRQUNvZENodHljRjlvT2xSdk5uSndlWFpxZVVocE5rWkVkMGRvYVRkdGFXYxAB,Rd Ankho,5,"Waiters putri pelayanannya baik, ramah makanannya enak",10 bulan lalu,5,5,5,Saoenk Cobek Sudiang,Google Maps,2026-05-14 21:01:58
Ci9DQUlRQUNvZENodHljRjlvT21ZM2FUQnlRMHhFTTFNd1pGRmpVbGh0ZWxCV2FWRRAB,musdalifah fitriani,5,"Apri
Pelayanan bagus,Makanan enak,suasana nyaman",10 bulan lalu,5,5,5,Saoenk Cobek Sudiang,Google Maps,2026-05-14 21:01:58
Ci9DQUlRQUNvZENodHljRjlvT214RlVIaE9aMWxzZGpkMFluaFNaRTl5YlRWZllWRRAB,sepsriyanti kannapadang,4,"Manda
Makanan nya enak",10 bulan lalu,4,5,5,Saoenk Cobek Sudiang,Google Maps,2026-05-14 21:01:58
Ci9DQUlRQUNvZENodHljRjlvT2tSMFpYWnRkMHhvVEVKV1FtbzVNME5IYjNaaUxVRRAB,Asniati Asny,5,Wt: manda,10 bulan lalu,5,5,5,Saoenk Cobek Sudiang,Google Maps,2026-05-14 21:01:58
Ci9DQUlRQUNvZENodHljRjlvT21kc1ZFY3RjVjl5UkZCRFoxVmpia05aU2xKWk0zYxAB,Maira,5,,10 bulan lalu,5,5,5,Saoenk Cobek Sudiang,Google Maps,2026-05-14 21:01:58
Ci9DQUlRQUNvZENodHljRjlvT2xob1YyUmFWVGx4Vm14UGQxWTNMVUZPZG1sMFRIYxAB,Anindira Septiani,5,Dia mengirim,10 bulan lalu,5,5,5,Saoenk Cobek Sudiang,Google Maps,2026-05-14 21:01:58
Ci9DQUlRQUNvZENodHljRjlvT2xwMGJucGZNV0ZIUzBkalpuZG9jbUpQZDFoaVpsRRAB,Rusdi Syam,5,Tempat ini nyaman untuk menjamu tamu ditambah pelayan ramah #apri,10 bulan lalu,5,5,5,Saoenk Cobek Sudiang,Google Maps,2026-05-14 21:01:58
Ci9DQUlRQUNvZENodHljRjlvT21kUlJXaDJWMGQzUVdKWU1tNUxjakZNUjJOQ1NVRRAB,Anjani Bacca,5,,10 bulan lalu,5,5,5,Saoenk Cobek Sudiang,Google Maps,2026-05-14 21:01:58
Ci9DQUlRQUNvZENodHljRjlvT2s1S00yTkZTRk0yWlRoRGRqTk9XV0prT0ZOUGJIYxAB,Fitriani Amran,5,Ramah skali apri,10 bulan lalu,5,5,5,Saoenk Cobek Sudiang,Google Maps,2026-05-14 21:01:58
Ci9DQUlRQUNvZENodHljRjlvT2xWbFlXcHNZVWc0TUVKMmIxOUhVbVJwT0hOdlIzYxAB,Dea putri,5,Waiters putri pelayanannya cukup baik dan ramah,10 bulan lalu,5,5,5,Saoenk Cobek Sudiang,Google Maps,2026-05-14 21:02:19
Ci9DQUlRQUNvZENodHljRjlvT2pVNVYzbFNSbU5vYkU5NVdFc3RTbWhTVXpSMVVIYxAB,Anny Yuliana,5,"Makananx enak dan lengkap, pelayanan juga oke",10 bulan lalu,5,5,5,Saoenk Cobek Sudiang,Google Maps,2026-05-14 21:02:19
Ci9DQUlRQUNvZENodHljRjlvT21Jd09UaDZaREZtTTB0VmJqTkdSemR0VW01SFkzYxAB,Qadi Abdul,5,"Makanan dan pelayanan mantap.
Waitress PUTRI paling ramah,gercep. Jadinya puas kita.",10 bulan lalu,5,5,5,Saoenk Cobek Sudiang,Google Maps,2026-05-14 21:02:19
Ci9DQUlRQUNvZENodHljRjlvT21wT2JYVTRUekJIU0VoMVkxWmZTV2xxYkRZNVdVRRAB,Ria Irawati,5,,10 bulan lalu,5,5,5,Saoenk Cobek Sudiang,Google Maps,2026-05-14 21:02:19
Ci9DQUlRQUNvZENodHljRjlvT25sMFpsQTNPRWh3WW5Cd1pHMXhSamxRU0RBM2JVRRAB,Ninda Fauziah,5,Waiters Ainun yang melayani enak rasanya lokasi covok buat keluarga,10 bulan lalu,5,5,5,Saoenk Cobek Sudiang,Google Maps,2026-05-14 21:02:19
Ci9DQUlRQUNvZENodHljRjlvT21GclFsRklUazF0VVcxclQyVXdRMGxmVDIxV1JtYxAB,CHANDRA MOERDIONO KANDAR,5,"Menu mantap. Rasa mantap. Pelayanan ramah dan suasana asri khas pedesaan.
#Apri",10 bulan lalu,5,5,5,Saoenk Cobek Sudiang,Google Maps,2026-05-14 21:02:19
Ci9DQUlRQUNvZENodHljRjlvT25ocGJUQTJURk0wVWtWUU1ERXliVlZZUldsc2QwRRAB,wulan Sri,3,"Makanan sya kasik bintang 3 kalo pelayanan saya kasik 5,sya kasik bintang 3 makanan nya krn lama keluar ayam goreng ku padahal ayam goreng bawang sudah keluar dluan padahal cuma ayam goreng biasa loh kok lama kluar sedangkan ayam goreng bawang cepat keluar 😡",10 bulan lalu,3,5,5,Saoenk Cobek Sudiang,Google Maps,2026-05-14 21:02:19
Ci9DQUlRQUNvZENodHljRjlvT25sRFJrdFBVakZtU21WRlFtUkZhakZ5Y0ZSZllWRRAB,Jasmi Alwi,5,,10 bulan lalu,5,5,5,Saoenk Cobek Sudiang,Google Maps,2026-05-14 21:02:19
Ci9DQUlRQUNvZENodHljRjlvT2pJNFJWbHVUVzlpT0d4bU16RllUV2RmVlRsT1gwRRAB,Muchlasoemar 2,5,"Makanan enak tempat bagus

Apri",10 bulan lalu,5,5,5,Saoenk Cobek Sudiang,Google Maps,2026-05-14 21:02:19
Ci9DQUlRQUNvZENodHljRjlvT25OdUxXeE5hbUkwTVVGRE5GQjBSV2xPVTJsc1ZsRRAB,Rizaldi Sriwardana,5,"Waiters putri pelayanan mantap bagus, dan sopan serta ramah",10 bulan lalu,5,5,5,Saoenk Cobek Sudiang,Google Maps,2026-05-14 21:02:19
Ci9DQUlRQUNvZENodHljRjlvT25FeGFWaENSM2Q1TkRoRFJVTXlRaTFKWjBjNGFrRRAB,Siti Musdalifah,5,Putra,10 bulan lalu,5,5,5,Saoenk Cobek Sudiang,Google Maps,2026-05-14 21:02:39
Ci9DQUlRQUNvZENodHljRjlvT2pGelQzWkNNbDltWlVKTFowNVVOM1puUXpsTFYzYxAB,Iwan Setiawan,5,Ainunbyang melayani,10 bulan lalu,5,5,5,Saoenk Cobek Sudiang,Google Maps,2026-05-14 21:02:39
Ci9DQUlRQUNvZENodHljRjlvT21kUlMwcDNjUzFuWlVScGFHTnNUVmN6TUdZemFWRRAB,Audrey Alysa (Audrey),5,"Waiters putri baik dan ramah, membantu rekomendasikan menu",10 bulan lalu,5,5,5,Saoenk Cobek Sudiang,Google Maps,2026-05-14 21:02:39
Ci9DQUlRQUNvZENodHljRjlvT21OWFdFWlFWVkZhU0dkUWJscENUbTlWWDNkamQzYxAB,Nur Khalviati,5,"waiters putri baik, cara menyampaikannya bagus dan ramah juga",10 bulan lalu,5,5,5,Saoenk Cobek Sudiang,Google Maps,2026-05-14 21:02:39
Ci9DQUlRQUNvZENodHljRjlvT2tKNE5HOVdWRXRuUm1GZmNrZEhOa0pDTTIxSWEyYxAB,Nur Inggit,5,Pelayanan Nur  Ainun Sangat Ramah dan cepat,10 bulan lalu,5,5,5,Saoenk Cobek Sudiang,Google Maps,2026-05-14 21:02:39
Ci9DQUlRQUNvZENodHljRjlvT2xGSk1VSnhiMm95V2tWd2VUaHZPVVJNTmkxbFJWRRAB,Sukmawati M,4,Pelayannya a.n Ainun sgt ramah melayani,10 bulan lalu,4,5,4,Saoenk Cobek Sudiang,Google Maps,2026-05-14 21:02:39
Ci9DQUlRQUNvZENodHljRjlvT2xJd2VYWmhUblV0ZWtoWlVXRjVUM0owWkdZMU5HYxAB,V & V,5,"Pelayanannya bagus dan sopan 👍🏻
#apri",10 bulan lalu,5,5,5,Saoenk Cobek Sudiang,Google Maps,2026-05-14 21:02:39
Ci9DQUlRQUNvZENodHljRjlvT2xNNFVUVkZXR2xpTm5WdE5reDNjMnMzYnpaclZuYxAB,ribka tomaripi,4,"Apri
Seafood platternya lengkap udang mayonaise top...
Capcay enak...seger...
Tempat nyaman ... Buat dinner bersama keluarga sangat baik
Harganya ramah di kantong",10 bulan lalu,4,5,5,Saoenk Cobek Sudiang,Google Maps,2026-05-14 21:02:39
Ci9DQUlRQUNvZENodHljRjlvT2poRFZWRkRRVWRhVDI1T2FVOVlOakV5YmxCUGFYYxAB,Fera Yuliana,5,"Kepiting nampan, cumi dan buncis telur asin andalan bgt, seafood nya segar, rasanya oke",10 bulan lalu,5,5,5,Saoenk Cobek Sudiang,Google Maps,2026-05-14 21:02:39
Ci9DQUlRQUNvZENodHljRjlvT25kcE1rSTNSRGhqUVdwTE1rRnBRVmhCVkV0SGJGRRAB,Noviana try mulan,5,"waiters putri pelayanan baik + ramah, tempat dan lingkungan bagus.",10 bulan lalu,4,5,5,Saoenk Cobek Sudiang,Google Maps,2026-05-14 21:02:39
Ci9DQUlRQUNvZENodHljRjlvT2pZeVYyODVabHBNYm1GMFVuZHlOaTFaYkRCdFQwRRAB,Hamida Ardin,5,Waiters putri baik ramah pokoknya Baik👍,10 bulan lalu,5,5,5,Saoenk Cobek Sudiang,Google Maps,2026-05-14 21:03:00
Ci9DQUlRQUNvZENodHljRjlvT2tkMlp6ZG9abmgzYjBSS1NIZDFTblJRU0RjdGJtYxAB,indah mika lestari,5,Para pelayan Ainun melakukan pekerjaan yang bagus.,10 bulan lalu,5,5,5,Saoenk Cobek Sudiang,Google Maps,2026-05-14 21:03:00
Ci9DQUlRQUNvZENodHljRjlvT2kxSGQzWmlTbkowWDBvNVoyeHpaVFZuVTBsSU1sRRAB,Wirda Albaar,5,"Menyenangkan dan makanannya enak , dilayani dg baik dan ramah oleh mba arna",10 bulan lalu,5,5,5,Saoenk Cobek Sudiang,Google Maps,2026-05-14 21:03:00
Ci9DQUlRQUNvZENodHljRjlvT21Vd2RXWmZWRGRoU20xWlRFZFdWVWhHYjNGbVZtYxAB,Ande Mahadir,5,"Waiters putri : pelayanannya ramah, murah senyum",10 bulan lalu,5,5,5,Saoenk Cobek Sudiang,Google Maps,2026-05-14 21:03:00
Ci9DQUlRQUNvZENodHljRjlvT21WQlJ6VjRhbVJMUkVsM1EyTk5Wbmg0TmpOdlUzYxAB,Abdul gafur Gafur,5,Waiters putri pelayanannya mantap,10 bulan lalu,5,5,5,Saoenk Cobek Sudiang,Google Maps,2026-05-14 21:03:00
Ci9DQUlRQUNvZENodHljRjlvT25KQ05sUlJWVFExWmxWV2VYYzVOMGg2ZGpkWGNrRRAB,ARYANDI Ipa 6,5,Waiters putri pelayana luar biasa,10 bulan lalu,5,5,5,Saoenk Cobek Sudiang,Google Maps,2026-05-14 21:03:00
Ci9DQUlRQUNvZENodHljRjlvT2pZelFWaDBVMGxOVTJkMlN6ZHhMUzFQYm1ocWJYYxAB,adi supriadi,5,Waiters putri bagus dan cepat tersaji,10 bulan lalu,5,5,5,Saoenk Cobek Sudiang,Google Maps,2026-05-14 21:03:00
Ci9DQUlRQUNvZENodHljRjlvT2s5aGJqWlplR0pNTWpsWlowVjNlbUptWDNkdVNHYxAB,Astrid Chayuni Halim,5,Waiters putri baik ramah,10 bulan lalu,5,5,5,Saoenk Cobek Sudiang,Google Maps,2026-05-14 21:03:00
Ci9DQUlRQUNvZENodHljRjlvT20xcVZFbGxlQzFYYzNNNUxVTTFXVkpMU1hWNWNIYxAB,ari lavita,4,Sedikit masukan saja karyawan yg flu tolong pake masker. Krn anda berkontak langsung dng makanan. Terima kasih,10 bulan lalu,5,2,4,Saoenk Cobek Sudiang,Google Maps,2026-05-14 21:03:00
Ci9DQUlRQUNvZENodHljRjlvT25Nd056WnVlUzFNZEZOZk1FcDJaRTU2YXpkb1ZYYxAB,Andi nur fadhila shalihati,5,"pelayan : manda
rekomen sekalii
enakk tawwaa menu"" nya, ramah juga pelayan nyaa",10 bulan lalu,5,5,5,Saoenk Cobek Sudiang,Google Maps,2026-05-14 21:03:00
Ci9DQUlRQUNvZENodHljRjlvT25sa1dFcFlTMEZ5TFZkV1F6TlViV281ZEZCUU9FRRAB,Im Dedsec,5,pelayan : manda,10 bulan lalu,5,5,5,Saoenk Cobek Sudiang,Google Maps,2026-05-14 21:03:21
Ci9DQUlRQUNvZENodHljRjlvT21NM0xVeHBhWGhrTW5FelJXUkpOWEp6VWxoa1duYxAB,Muh Ismail,5,Waiters putri ayu wahdania m.adam pelayanannya ok dan baik,10 bulan lalu,5,5,5,Saoenk Cobek Sudiang,Google Maps,2026-05-14 21:03:21
Ci9DQUlRQUNvZENodHljRjlvT25OaWIxTjRaR2xzVEZWd1ZVbzFhMGxSVm5FdGRYYxAB,RESSS,5,"Waiters putri ayu wahdania m. Adam pelayanannya baik, sopan, ramah dan tingkatkan pelayanananya lagi saoenk cobek sudiang mantap makanannya",10 bulan lalu,5,5,5,Saoenk Cobek Sudiang,Google Maps,2026-05-14 21:03:21
Ci9DQUlRQUNvZENodHljRjlvT25CeGJFOTZRVVJQVjJ0QmIwbERORVpzY1UxUVpsRRAB,caca mirai,5,Waiters putri ayu wahdania m.adam sopan ramah dan baik sekali,10 bulan lalu,5,5,5,Saoenk Cobek Sudiang,Google Maps,2026-05-14 21:03:21
Ci9DQUlRQUNvZENodHljRjlvT25SUWQxRkRMV010VXpneU1tdHhUVFF0TWtnMFVVRRAB,Ayu Wahyuni,5,Waiters putri ayu wahdania m adam,10 bulan lalu,5,5,5,Saoenk Cobek Sudiang,Google Maps,2026-05-14 21:03:21
Ci9DQUlRQUNvZENodHljRjlvT25GdGJVeHFaVmh0ZVZwck4zQlVWakpJZDFad2NsRRAB,Nia Zahara (Nin),5,,10 bulan lalu,,,,Saoenk Cobek Sudiang,Google Maps,2026-05-14 21:03:21
Ci9DQUlRQUNvZENodHljRjlvT2psMWJHOUhURFZsYkVwTE0yWkRaRVpvYkhSeVVtYxAB,Gheysar Fadhil,5,waiters putri ayu wahdania m.adam bagus,10 bulan lalu,5,5,5,Saoenk Cobek Sudiang,Google Maps,2026-05-14 21:03:21
Ci9DQUlRQUNvZENodHljRjlvT2tkRWVUTk1jWGhDUWtwUVUwaE9PRkp1YkRGc2NYYxAB,Erniaty Rahman,5,"Pelayanan ramah,makanan enak
#ARNA",10 bulan lalu,5,5,5,Saoenk Cobek Sudiang,Google Maps,2026-05-14 21:03:21
Ci9DQUlRQUNvZENodHljRjlvT21GZmNHSldWblJDY1hFMGJXSlVRVWxQWlRJdFZrRRAB,andis nebo,5,"Tempatnya adem, layanan baik, makanan enak",10 bulan lalu,5,5,5,Saoenk Cobek Sudiang,Google Maps,2026-05-14 21:03:21
Ci9DQUlRQUNvZENodHljRjlvT2xaNVdrbDZlbDltTm5kYWJFWjBORFl0ZEd4R0xWRRAB,Hardy Satriawan,5,Yang melayani waiters Ainun pelayanan sangat baik,10 bulan lalu,5,5,5,Saoenk Cobek Sudiang,Google Maps,2026-05-14 21:03:21
Ci9DQUlRQUNvZENodHljRjlvT2pKc1owWkZlRGR3TUROZk5HMTJhWFJyZWpOaVIwRRAB,Mutiara Nur Azizah,5,"waitres putri ayu wahdania m.adam pela
pelayannya bagus",10 bulan lalu,5,5,5,Saoenk Cobek Sudiang,Google Maps,2026-05-14 21:03:42
Ci9DQUlRQUNvZENodHljRjlvT25jMU5YRmFlSE5uZEVGa1oxQlZUVEphTFd0Wk9WRRAB,Abdi Putra Soppeng,5,"Waiters Putri Ayu Wahdaniah M Adam
Pelayanan Ramah dan Bagus👍👍👍",10 bulan lalu,5,5,5,Saoenk Cobek Sudiang,Google Maps,2026-05-14 21:03:42
Ci9DQUlRQUNvZENodHljRjlvT20xQmFUUnlkSEp2YWtGUVZXOTFXbDlKVW1GdVZXYxAB,Erni Asni,5,Waiters putri ayu wahdania m.adam pelayananx sangat bagus dan memuaskan.,10 bulan lalu,5,5,5,Saoenk Cobek Sudiang,Google Maps,2026-05-14 21:03:42
Ci9DQUlRQUNvZENodHljRjlvT2pGNmJXTkJkREJUT1RRdFUycGFUM3AzWTB0ZlltYxAB,Harmawati Harma,5,Waiters putri ayu wahdania m.adam,10 bulan lalu,5,5,5,Saoenk Cobek Sudiang,Google Maps,2026-05-14 21:03:42
Ci9DQUlRQUNvZENodHljRjlvT2xsblVEQjZielJwWTJ3d2VISnliMXBWYkZVd2NtYxAB,Achwani Wani,5,Pelayan putra,10 bulan lalu,5,5,5,Saoenk Cobek Sudiang,Google Maps,2026-05-14 21:03:42
Ci9DQUlRQUNvZENodHljRjlvT21wRk1ITk5TbUpIZWtRelNrWXpjMGhHVTFOV1RsRRAB,Alya Fadilla,5,Putri ayu wahdaniyah (waiters) alhamdulillah pelayanannya baik,10 bulan lalu,5,5,5,Saoenk Cobek Sudiang,Google Maps,2026-05-14 21:03:42
Ci9DQUlRQUNvZENodHljRjlvT2tJM05tdzBhemhPY0hsNU5YUnVYMVZKYlROaGVtYxAB,Indra Dwi Cahyo,5,"waiters putri ayu, pelayan bagus",10 bulan lalu,5,5,5,Saoenk Cobek Sudiang,Google Maps,2026-05-14 21:03:42
Ci9DQUlRQUNvZENodHljRjlvT2sxVFkxcENlRTVRTm5KS1dscFpURWhrWlV0S1RXYxAB,Elsa Dian Febriyanti,5,"Waiters Putri Ayu Wahdania M. Adam,, pelayanannya bagus, ramah dan baik..",10 bulan lalu,5,5,5,Saoenk Cobek Sudiang,Google Maps,2026-05-14 21:03:42
Ci9DQUlRQUNvZENodHljRjlvT21WVlUwOVdabVJCUVVzNVpHRmZZak5KYzJKVVQwRRAB,Namirah Zainal,5,"Waiters putri ayu wahdania m adam. Pelayanannya baik, ramah dan sangat membantu. Terimakasih banyk 🙏🏻",10 bulan lalu,5,5,5,Saoenk Cobek Sudiang,Google Maps,2026-05-14 21:03:42
Ci9DQUlRQUNvZENodHljRjlvT2kwMFF6TktWbnA1YjNSc1ZERlVUWGd3VGpWdlNWRRAB,Nur Hidaya,5,"Wow makanannya enak , pelayanannya mantap 🥰👍👍👍👍
Waiters nur amanda putri mantap mbak 🫶🏻👍 …",10 bulan lalu,,,,Saoenk Cobek Sudiang,Google Maps,2026-05-14 21:03:42
Ci9DQUlRQUNvZENodHljRjlvT21KUlJtOUhlbFpWVVZCbUxUVlJjM1pUY2xKcVNGRRAB,Nur Astevi,5,"makanannya enak, pelayanan cepat dan ramah

weiters: Nur Amanda Putri",10 bulan lalu,5,5,5,Saoenk Cobek Sudiang,Google Maps,2026-05-14 21:04:03
Ci9DQUlRQUNvZENodHljRjlvT21Kb1JXZEJiRUpRV0VsTE9VSk9hRVYxTWpkS1ptYxAB,Jusnanda,5,Waiters: nur amanda putri,10 bulan lalu,5,5,5,Saoenk Cobek Sudiang,Google Maps,2026-05-14 21:04:03
Ci9DQUlRQUNvZENodHljRjlvT2t0WlpqbEhSbFJ4TjFKR1JqRkJkbWRTZG1WSmFuYxAB,Suhar Daniati,5,"Untuk pelayananx bagus, pegawaix ramah & makananx enak2",10 bulan lalu,5,5,5,Saoenk Cobek Sudiang,Google Maps,2026-05-14 21:04:03
Ci9DQUlRQUNvZENodHljRjlvT25KWVoxWTVlSFprY1RodlgzY3pZMjFVTTJ0amNsRRAB,Nur Hidayati,5,"Waiters: Putri Ayu Wahdania M.Adam
Pelayanannya bagus dan ramah",10 bulan lalu,5,5,5,Saoenk Cobek Sudiang,Google Maps,2026-05-14 21:04:03
Ci9DQUlRQUNvZENodHljRjlvT21GRVYzWTBSM1pKWldSSWNrTkVlSGgzZEhrMVExRRAB,Syamsul Rijal Abukhaer,5,waitress Putri ayu wahdania pelayanan nya bagus,10 bulan lalu,5,5,5,Saoenk Cobek Sudiang,Google Maps,2026-05-14 21:04:03
Ci9DQUlRQUNvZENodHljRjlvT21sbFoyUTFhbTl2WlRWdmNIbGpZMHRMUkRjNFMzYxAB,sri andilolo,5,"Waiters : putri ayu wahdaniya
Pelayanan oke dan cepat. Terus tingkatkan pelayanan. Ayam bakarnya kurang berasa bumbunya. Masih bisa di tambahkan bumbu biar lebih strong. Makasih",10 bulan lalu,5,5,5,Saoenk Cobek Sudiang,Google Maps,2026-05-14 21:04:03
Ci9DQUlRQUNvZENodHljRjlvT25abGQyWnpjbGx0U25sYVEycG9MVzlFUVd0U2QzYxAB,bau mila tunnizha,5,"Buncis telur asinn 10000/100🌟🌟🌟
@aulia @yusril @titi 🫶🏻",10 bulan lalu,5,5,5,Saoenk Cobek Sudiang,Google Maps,2026-05-14 21:04:03
Ci9DQUlRQUNvZENodHljRjlvT210NlV5MWlWV04xV1hOQlpXWXhUVUpQTldSTVUwRRAB,Sakinah Azzahra,5,Waters putri ayu wahdania : pelayananya bagus. Makanan mantap,10 bulan lalu,5,5,5,Saoenk Cobek Sudiang,Google Maps,2026-05-14 21:04:03
Ci9DQUlRQUNvZENodHljRjlvT2tSU2RrSndXSGhCZUdoNE9FOVhOa2RvTW1wU2FGRRAB,andri putra,5,"Waitress putri ayu wahdania m adam
Pelayanan nya cepat",10 bulan lalu,5,5,5,Saoenk Cobek Sudiang,Google Maps,2026-05-14 21:04:03
Ci9DQUlRQUNvZENodHljRjlvT2pWelpIUnhUR3hqWVdKVWJIVkhiRE5mTVRaaWRWRRAB,Thariq Lamappatunru,5,"Restoran enak, pelayananx baik, namax ainun, acara ultah paling cocok disini",10 bulan lalu,5,5,5,Saoenk Cobek Sudiang,Google Maps,2026-05-14 21:04:03
Ci9DQUlRQUNvZENodHljRjlvT25wUGVESmtVVTFzVW1KNWIyZzVNV1ZhTVhadmJHYxAB,ayuu rosary,5,"Makanannya enakkk,, pelayanannya ramah an. Arna",10 bulan lalu,5,5,5,Saoenk Cobek Sudiang,Google Maps,2026-05-14 21:04:23
Ci9DQUlRQUNvZENodHljRjlvT2xSb2NIbEJTRTEzYWtOSVdFTnlMWFJQVUVsUVNtYxAB,Mitha Dewi,5,Bagus ..rasa lumayan enak..kebersihan baik.pelayanan cukup memuaskan,10 bulan lalu,4,4,4,Saoenk Cobek Sudiang,Google Maps,2026-05-14 21:04:23
Ci9DQUlRQUNvZENodHljRjlvT214TVYwOW9XRTFqUVVOVVVubDZRVGh2V0RsRk9YYxAB,Risna Azhary,5,"Oke banged
Pelayan aulia ❤",10 bulan lalu,5,5,5,Saoenk Cobek Sudiang,Google Maps,2026-05-14 21:04:23
Ci9DQUlRQUNvZENodHljRjlvT2pVNFFuVmxiM0pJYlZkVlJIQXlkREZsUjNKdmJVRRAB,Mirtha Beauty Kosmetik,5,"Waiters putri ayu wahdania m.adam pelayanannya sangat baik, dan ramah.",10 bulan lalu,5,5,5,Saoenk Cobek Sudiang,Google Maps,2026-05-14 21:04:23
Ci9DQUlRQUNvZENodHljRjlvT2pOamNGZHdObmxYU1ZOUlN6VlFNM056Wm5JMlltYxAB,agus hendrianto,5,Pelayan tinggi berwarna putry,10 bulan lalu,5,5,5,Saoenk Cobek Sudiang,Google Maps,2026-05-14 21:04:23
Ci9DQUlRQUNvZENodHljRjlvT2xkRFRIUnJUalJ3V21SMmRIQmhNM0kwV0VkUWRrRRAB,Imelda Budiono,5,"Pelayanan Mba Apri bagus, Mbanya ramah, murah senyum",10 bulan lalu,5,5,5,Saoenk Cobek Sudiang,Google Maps,2026-05-14 21:04:23
Ci9DQUlRQUNvZENodHljRjlvT2tGbVdsaEdRM05TTFZwNlNXTnJiM2d6UzFJNFZXYxAB,ocha paray,5,"Whoters putri ayu wahdania m adam
Pelayana  baik
Citarasa enak",10 bulan lalu,5,5,5,Saoenk Cobek Sudiang,Google Maps,2026-05-14 21:04:23
Ci9DQUlRQUNvZENodHljRjlvT2t4cmJVMW9TbUoyUXkxVlN6RjJVRTlZV21SVFYwRRAB,Jane Moka-Riupassa,5,Putri Ayu waiters pelayanannya sangat baik dan ramah,10 bulan lalu,5,5,5,Saoenk Cobek Sudiang,Google Maps,2026-05-14 21:04:23
Ci9DQUlRQUNvZENodHljRjlvT213dGJFTlphazA0UnpWVWRVNDRUME5EYUUxTU1YYxAB,indah yusuf,5,"Sejuk & makanan enak semua ,rekomeeeennn",10 bulan lalu,5,5,5,Saoenk Cobek Sudiang,Google Maps,2026-05-14 21:04:23
ChZDSUhNMG9nS0VKNll6TFBrOTdqOVFREAE,Andi Edli,5,Pelayanan baik dan ramah. Waiters ainun,10 bulan lalu,5,5,5,Saoenk Cobek Sudiang,Google Maps,2026-05-14 21:04:23
Ci9DQUlRQUNvZENodHljRjlvT2xkMFlVZGFhMkoxVEhCM2FXTkVUVEI2WmxsalMzYxAB,Nurul ismi,5,Pelayanan baik dan ramah. Waiters ainun,10 bulan lalu,5,5,5,Saoenk Cobek Sudiang,Google Maps,2026-05-14 21:04:44
Ci9DQUlRQUNvZENodHljRjlvT210blJtSnRSWFpMVEhGc2NXTnVWelExTlVkSExXYxAB,UMAR,5,Pelayanan ramah hrg murah n rasanya mantap,10 bulan lalu,5,5,5,Saoenk Cobek Sudiang,Google Maps,2026-05-14 21:04:44
Ci9DQUlRQUNvZENodHljRjlvT2kxNU1VcFhZWE4xZEhCV09HNHhhekV4TVhkbWJrRRAB,Delfiani Barapadang,5,"Weaters Putri Ayu..Pelayanannya baik dan ramah, Humble",10 bulan lalu,5,5,5,Saoenk Cobek Sudiang,Google Maps,2026-05-14 21:04:44
Ci9DQUlRQUNvZENodHljRjlvT204MWJYRTRVbTVZYWxKM1dVMXJaVmhtYUU1TVVrRRAB,Faza Ulya,5,Pelayanannya ramah dan atas nama Putra memberi pelayanan terbaik,10 bulan lalu,4,5,5,Saoenk Cobek Sudiang,Google Maps,2026-05-14 21:04:44
Ci9DQUlRQUNvZENodHljRjlvT2xwcWQzZGFSV295VVZWMlZGbHhjMEZHWmkxYVoxRRAB,sorahtriwulandari mei,5,"Putri Ayu wahdania M. Adam

pelayanan kak putri ayu sangat memuaskan. ramah dan cekatan. Sudah baik dan semoga bisa di pertahankan dan menjadi lebih baik lagi",10 bulan lalu,5,5,5,Saoenk Cobek Sudiang,Google Maps,2026-05-14 21:04:44
ChdDSUhNMG9nS0VQR3VoTzZwc09lb3dRRRAB,riska awalia,5,"Waiters Putri Ayu Wahdania M. Adami
Pelayanannya baik, kakaknya ramah",10 bulan lalu,5,5,5,Saoenk Cobek Sudiang,Google Maps,2026-05-14 21:04:44
Ci9DQUlRQUNvZENodHljRjlvT2xGNk5XZENNRGR4TjFRMU9VVmxabGN4Y2t4d1ZGRRAB,citra djuhari,5,"Waiters Putri Ayu pelayanannya baik, ramah",10 bulan lalu,5,5,5,Saoenk Cobek Sudiang,Google Maps,2026-05-14 21:04:44
ChZDSUhNMG9nS0VPYVJtTVNMeXFQZEVnEAE,Nurfita Dewi,5,Waiter putri ayu,10 bulan lalu,5,5,5,Saoenk Cobek Sudiang,Google Maps,2026-05-14 21:04:44
ChZDSUhNMG9nS0VPWHFpNXFVeVlheVFnEAE,Nur qalbi,5,"Waitters Putri Ayu
Pelayanan bagus, tempatmenyenangkan, bersih, makanan enak..recomended....",11 bulan lalu,5,5,5,Saoenk Cobek Sudiang,Google Maps,2026-05-14 21:04:44
ChdDSUhNMG9nS0VQbnQwTUhTcVp2b25RRRAB,Muhammad Dwi Syahrul,5,Pelayanan atas nama Ainun,11 bulan lalu,5,5,5,Saoenk Cobek Sudiang,Google Maps,2026-05-14 21:04:44
ChZDSUhNMG9nS0VLdk5yYVctdUp2dEVnEAE,Nur Wahyuni Ningsih,5,"Makanan enak, cocok jadi tempat family time. Di order sama mas fery",11 bulan lalu,5,5,5,Saoenk Cobek Sudiang,Google Maps,2026-05-14 21:05:05
Ci9DQUlRQUNvZENodHljRjlvT21GcmNFSlVORTVYUnpaRE5tbExiREppZWxReUxWRRAB,Putri AnNahl,5,"Makanannya enak, pelayanannya cepat.
Di order sm mas fery",11 bulan lalu,5,5,5,Saoenk Cobek Sudiang,Google Maps,2026-05-14 21:05:05
Ci9DQUlRQUNvZENodHljRjlvT25aVFExbG1PV2hPZDJwTmVqSnVkVEZaZEhwNGNHYxAB,Suci Aryisnawati,5,"Sangat recomended untuk makan bareng keluarga atau kolega.

Pelayanan by Arna",11 bulan lalu,4,5,5,Saoenk Cobek Sudiang,Google Maps,2026-05-14 21:05:05
Ci9DQUlRQUNvZENodHljRjlvT25oU1JFSlpiR05VVWprM2RqSmtSRmxMUlhGdlZWRRAB,Mohammad Zamrud Official,5,"Pelayanannya bagus, makanannya enak, suasananya mantap. Pelayan atas nama putra cukup baik menjamu tamu.",11 bulan lalu,5,5,5,Saoenk Cobek Sudiang,Google Maps,2026-05-14 21:05:05
ChZDSUhNMG9nS0VOZlRyWUttM01xYmF3EAE,muhammad ilham,4,Pelayan kak ferry mantap,11 bulan lalu,,,,Saoenk Cobek Sudiang,Google Maps,2026-05-14 21:05:05
ChZDSUhNMG9nS0VPbmZpWS0zMzV1Rkt3EAE,Nurul Reski Susanti,5,,11 bulan lalu,5,5,5,Saoenk Cobek Sudiang,Google Maps,2026-05-14 21:05:05
ChZDSUhNMG9nS0VNWDFuNjZXeHFLVVB3EAE,LOGIC ByeBye,5,Pelayan a.n Aulia luar biasaaaa !!!! 🔥🔥,11 bulan lalu,5,5,5,Saoenk Cobek Sudiang,Google Maps,2026-05-14 21:05:05
ChZDSUhNMG9nS0VQU3lfZlN1cjg3WkNBEAE,juwita baadilla,5,"Makanannya enak top deh ,ikan bakar rica dan parape udang saos telur asin enak, makan diatas kolam ikan koi,nyaman suasana asri,mushola full AC nyaman banget dan Layanan terbaik oleh kak Putra,,makasih banyak yaaaa",11 bulan lalu,5,5,5,Saoenk Cobek Sudiang,Google Maps,2026-05-14 21:05:05
Ci9DQUlRQUNvZENodHljRjlvT25Bd1NWbEhTSFpmY3pGWlRHbFZPV3BETkVvMVVVRRAB,Irma akbar,4,"Makanan enak, pelayanan baik dan ramah, hanya saat siang atau sore agak panas krn kipas anginx ada yg rusak, tp rasa dan pelayanan 👌👌
Pelayan Putra 👍",11 bulan lalu,5,5,4,Saoenk Cobek Sudiang,Google Maps,2026-05-14 21:05:05
Ci9DQUlRQUNvZENodHljRjlvT25CNFltcGZkVjlXVUhZM1p6QjFNQzFvYkVrM1dYYxAB,Qurrota Ayunin,5,"Makanannya enak,suasananya dan pelayannya ramah2 cocok untuk makan dengan keluarga atau teman kantor",11 bulan lalu,5,5,5,Saoenk Cobek Sudiang,Google Maps,2026-05-14 21:05:05
ChdDSUhNMG9nS0VLZTlrcGJIai1lQ29nRRAB,Lyra Roel,5,Pelayanannya bagus dan ramah waiters Ferry .dan makanannya enak,11 bulan lalu,,,,Saoenk Cobek Sudiang,Google Maps,2026-05-14 21:05:29
ChdDSUhNMG9nS0VNclV5Sld0cDhEeXdBRRAB,Muh Zulqifli Rahman,5,okee waiters ainun,11 bulan lalu,5,5,5,Saoenk Cobek Sudiang,Google Maps,2026-05-14 21:05:29
ChZDSUhNMG9nS0VMVE1ncENqdTRIMlpnEAE,St Nurhaliza,5,"Kak kiki sm fery
Bagus bngettt , cocok untukk makan breng keluarga, teman",11 bulan lalu,5,5,5,Saoenk Cobek Sudiang,Google Maps,2026-05-14 21:05:29
ChZDSUhNMG9nS0VOT0toN2I5N3ZLd0ZnEAE,dwi meytiana,4,"Dilayani waiters Ainun

Pelayanan bagus dan suasana enak",11 bulan lalu,4,4,5,Saoenk Cobek Sudiang,Google Maps,2026-05-14 21:05:29
ChdDSUhNMG9nS0VQYlQ4ZktDN182UTBRRRAB,Pak Syarul,5,RM ini bagus dan nyaman sejuk tenpat bagus pelayan ramah dan sopan apalagi parkir luas harga juga murah,11 bulan lalu,5,5,5,Saoenk Cobek Sudiang,Google Maps,2026-05-14 21:05:29
ChdDSUhNMG9nS0VPMnU2WUQzdW9UYjNRRRAB,Ristiani Ayuni,5,"Pelayanan nya baik ramah , untuk makanan nya lumayan
#putra",11 bulan lalu,4,5,5,Saoenk Cobek Sudiang,Google Maps,2026-05-14 21:05:29
ChZDSUhNMG9nS0VLLTcxSnEzbGU3NkhBEAE,Muhammad Aslam Ahmad Patawari,5,"putra
pelayanan dan suasana nya bagus",11 bulan lalu,5,5,5,Saoenk Cobek Sudiang,Google Maps,2026-05-14 21:05:29
ChZDSUhNMG9nS0VPdmExTS1fdWRiZU93EAE,033_ Kadek Aris Wahyu Jundika,5,Baikk memuaskan gurih waiters auliaa,11 bulan lalu,5,5,5,Saoenk Cobek Sudiang,Google Maps,2026-05-14 21:05:29
ChdDSUhNMG9nS0VJU05fTVNZa2FDZXZnRRAB,Ayu laksmi,5,"Makanannya enak"" gurih  waiters aulia",11 bulan lalu,5,5,5,Saoenk Cobek Sudiang,Google Maps,2026-05-14 21:05:29
ChZDSUhNMG9nS0VPTGtvdUhPaHBEWFR3EAE,Aca Riskiyani,5,Waiters aulia,11 bulan lalu,5,5,5,Saoenk Cobek Sudiang,Google Maps,2026-05-14 21:05:29
ChZDSUhNMG9nS0VQTHA5NUsxZ0tfNll3EAE,A. A SAYU MELIA ANANTA MAHESUARI,4,Makanan nya enak enak,11 bulan lalu,,,,Saoenk Cobek Sudiang,Google Maps,2026-05-14 21:05:50
ChdDSUhNMG9nS0VPdXloNUswc0tyQy1nRRAB,Juan Massora,5,Waiters aulia pelayananya baik Dan ramah,11 bulan lalu,5,5,5,Saoenk Cobek Sudiang,Google Maps,2026-05-14 21:05:50
ChZDSUhNMG9nS0VLSHkzdkRvbTZUUGNnEAE,ilzy jum ahmad,5,"Makanannya enakk,, pelayan nya kak apri ramah,,, bakalan dtg lagi keknya",11 bulan lalu,5,5,5,Saoenk Cobek Sudiang,Google Maps,2026-05-14 21:05:50
ChZDSUhNMG9nS0VNV0YxZkRHenJUVUJ3EAE,Evi,5,"Terima kasih mba apri, makanan disini enak dan pelayanan ramah",11 bulan lalu,,,,Saoenk Cobek Sudiang,Google Maps,2026-05-14 21:05:50
ChdDSUhNMG9nS0VNaVA3NXFobDhHXzVRRRAB,Anto Anto,4,,11 bulan lalu,,,,Saoenk Cobek Sudiang,Google Maps,2026-05-14 21:05:50
ChdDSUhNMG9nS0VLamhqcV92NmRqZXh3RRAB,Victor Tri Kurnia Jaya,5,Makanan Mantap dan pelayanan #apri,11 bulan lalu,5,5,5,Saoenk Cobek Sudiang,Google Maps,2026-05-14 21:05:50
ChZDSUhNMG9nS0VJYTU0OWkwemV1SER3EAE,rara Maharani putri,5,putri waitres pelanan bagus rama dan sopan,11 bulan lalu,5,5,4,Saoenk Cobek Sudiang,Google Maps,2026-05-14 21:05:50
ChZDSUhNMG9nS0VPNkw4ZXpzbjlLTlh3EAE,Kiandra Eka Prahasta,5,baik.. pelayanan nya putri ramah,setahun lalu,5,5,5,Saoenk Cobek Sudiang,Google Maps,2026-05-14 21:05:50
ChZDSUhNMG9nS0VMakQ2dkNDN3VUd0RBEAE,Dota Traveler,5,Mantap cuy,setahun lalu,5,5,4,Saoenk Cobek Sudiang,Google Maps,2026-05-14 21:05:50
ChdDSUhNMG9nS0VJQzdoYVNOcUwza3pRRRAB,Pak Haji,2,,setahun lalu,1,1,1,Saoenk Cobek Sudiang,Google Maps,2026-05-14 21:05:50
ChZDSUhNMG9nS0VJQ0FnTUNZN3REV2JREAE,wahyu fiqhi,1,Ngambil orderan di resto ini 40 menit makanan belum ready padahal cuma dua item... Walhasil orderan sy cancel karena terlalu lama... Kapok ambil orderan ojol di resto ini,setahun lalu,,1,,Saoenk Cobek Sudiang,Google Maps,2026-05-14 21:06:17
ChdDSUhNMG9nS0VJQ0FnTUNZcktiR3dnRRAB,Fyrz Mthr_,5,putri,setahun lalu,5,5,5,Saoenk Cobek Sudiang,Google Maps,2026-05-14 21:06:17
ChZDSUhNMG9nS0VJQ0FnTUNZck1iNURREAE,aminatomo tomo,5,"Putri,  pelayanan sangat bagus da ramah",setahun lalu,5,5,5,Saoenk Cobek Sudiang,Google Maps,2026-05-14 21:06:17
ChdDSUhNMG9nS0VJQ0FnTUNZckxDS3dnRRAB,Habibi 2789,4,"Suasananya nyaman dan tenang, d hibur kolam dgn ikan koi d dalamnya, tp sayang airnya keruh tp sdh cukup lumayan kok",setahun lalu,4,4,5,Saoenk Cobek Sudiang,Google Maps,2026-05-14 21:06:17
ChZDSUhNMG9nS0VJQ0FnTUNZek1fZ0RREAE,Syarifah Alzitidi,5,"Rasanya enak, disajikan oleh Putri dan pelayanannya sangat baik.",setahun lalu,5,5,5,Saoenk Cobek Sudiang,Google Maps,2026-05-14 21:06:17
ChdDSUhNMG9nS0VJQ0FnTUNZc0oyUXlBRRAB,Ajiria Ajiria,5,Waiters aulia pelayanan baik dan ramah,setahun lalu,5,5,5,Saoenk Cobek Sudiang,Google Maps,2026-05-14 21:06:17
ChZDSUhNMG9nS0VJQ0FnTUNZb0s2WVJ3EAE,Nindysa Sri Salfira Lumbaa (Nindy),5,"Waiters putri pelayananx bagus,tepat,cepat dan sopan.",setahun lalu,5,5,5,Saoenk Cobek Sudiang,Google Maps,2026-05-14 21:06:17
ChZDSUhNMG9nS0VJQ0FnTURvay1iUVJREAE,Fhahri Mubarak,5,"Makanan enak, pelayanan baik. Suasana agak gelap",setahun lalu,5,5,4,Saoenk Cobek Sudiang,Google Maps,2026-05-14 21:06:17
ChZDSUhNMG9nS0VJQ0FnTURvazZUelF3EAE,Dewi Christina,5,"Makanan dan minumannya enak, suasananya juga enak, pelayannya juga ramah2, kebetulan yg layani kami@aulia",setahun lalu,5,5,5,Saoenk Cobek Sudiang,Google Maps,2026-05-14 21:06:17
ChdDSUhNMG9nS0VJQ0FnTURvNDgtWjRRRRAB,Wahyuddin27,4,"Tempat yang rekomended.... pelayanan prima... makanannya sudah sesuai dengan yang diharapkan...

#APRI",setahun lalu,,,,Saoenk Cobek Sudiang,Google Maps,2026-05-14 21:06:17
ChdDSUhNMG9nS0VJQ0FnTURvNDVuWDNRRRAB,Arsyad Mappa,5,Romantis segar pemandangan nya dan bagus pelayanan nya #feri,setahun lalu,5,5,5,Saoenk Cobek Sudiang,Google Maps,2026-05-14 21:06:38
ChdDSUhNMG9nS0VJQ0FnTURvZzV2MXNRRRAB,NurulAlisa,5,Pelayanan sangat baik mbak putri👍🏻,setahun lalu,5,5,5,Saoenk Cobek Sudiang,Google Maps,2026-05-14 21:06:38
ChZDSUhNMG9nS0VJQ0FnTUNJMlpLV09BEAE,Dewee,5,,setahun lalu,,,,Saoenk Cobek Sudiang,Google Maps,2026-05-14 21:06:38
ChdDSUhNMG9nS0VJQ0FnSUNSLXZLOXhRRRAB,Yuhardin SSI,5,Mantap dan Keren,Diedit setahun lalu,5,5,5,Saoenk Cobek Sudiang,Google Maps,2026-05-14 21:06:38
ChdDSUhNMG9nS0VJQ0FnTUNJaVpEZjZRRRAB,Umar Arabah,5,,setahun lalu,,,,Saoenk Cobek Sudiang,Google Maps,2026-05-14 21:06:38
ChZDSUhNMG9nS0VJQ0FnTUR3MGN2YmN3EAE,Robin Beadle,5,"Menurut saya, makanan saya di sini benar-benar luar biasa. Saya memesan Ikan Nampan / Piring Ikan. Jus jeruk nipis segarnya juga sangat enak. Stafnya sangat ramah dan suasananya menyenangkan. Saya datang sendirian, tetapi akan lebih menyenangkan jika datang bersama rombongan dan menyewa sauna / gazebo / pondok.",setahun lalu,5,5,5,Saoenk Cobek Sudiang,Google Maps,2026-05-14 21:06:38
ChZDSUhNMG9nS0VJQ0FnTUR3LVBub0dREAE,Edhy Limpo,5,Mantap pooollll,setahun lalu,5,5,5,Saoenk Cobek Sudiang,Google Maps,2026-05-14 21:06:38
ChZDSUhNMG9nS0VJQ0FnTUN3OWV6Y1lBEAE,Hikma Aulia,1,"Kurang memuaskan, pernah kesana dengan rombongan pas lagi rame-ramenya. Kami ingin duduk tapi meja dan kursi nya basah banget krn hujan. Kami 2 kali menyampaikan kepada pelayanan tapi tidak ada tindakan dari pelayanan nya, kami sudah menunggu sekitar 15 - 20 menit, pada akhirnya kami tidak jadi makan dan meninggalkan tempat dengan kecewa",setahun lalu,,1,,Saoenk Cobek Sudiang,Google Maps,2026-05-14 21:06:38
ChZDSUhNMG9nS0VJQ0FnTURRamNQclRBEAE,AyuRizki Utami,5,,setahun lalu,5,4,5,Saoenk Cobek Sudiang,Google Maps,2026-05-14 21:06:38
ChdDSUhNMG9nS0VJQ0FnTUNRamNxaTh3RRAB,Yuyun Karlina,5,"Recomended banget...
Mulai dri ikan, sampe sayurnya itu enak banget...
Sampe sy bungkus buat suami untuk makan malam n sahur nantinya 🥰",setahun lalu,5,5,5,Saoenk Cobek Sudiang,Google Maps,2026-05-14 21:06:38
ChdDSUhNMG9nS0VJQ0FnTUNnaWZlb3JBRRAB,Sofyan Koramil,5,"Waiters aulia,pelayananya sangat memuaskan dan penyajiannya cepat menu makanannya enak",setahun lalu,5,5,5,Saoenk Cobek Sudiang,Google Maps,2026-05-14 21:07:01
ChZDSUhNMG9nS0VJQ0FnTUNnaWJMNkV3EAE,Ris Fadly,5,Waiters Putri Ayu pelayanan baik dan ramah,setahun lalu,5,5,4,Saoenk Cobek Sudiang,Google Maps,2026-05-14 21:07:01
ChdDSUhNMG9nS0VJQ0FnTUNnMGNiYXJ3RRAB,Rimahyanti Muti,5,Makannya enk tempatnya enk pelayannya bagus rama dan lincah atas nama ( rian ),setahun lalu,5,5,5,Saoenk Cobek Sudiang,Google Maps,2026-05-14 21:07:01
ChZDSUhNMG9nS0VJQ0FnTUNnNGJIZlJREAE,ismail 88,4,"Feri
Suasana tempanya nyaman dan makanannya cukup enak dan mengenyangkan",setahun lalu,3,5,5,Saoenk Cobek Sudiang,Google Maps,2026-05-14 21:07:01
ChdDSUhNMG9nS0VJQ0FnTUNnNnB1eG9BRRAB,Ainun Zoraya,5,"makanan mantap enak apalagi sambalnya,
pelayanan an. ainun sangat ramah murah senyum
kebetulan namanya sama 😅😅",setahun lalu,5,5,5,Saoenk Cobek Sudiang,Google Maps,2026-05-14 21:07:01
ChZDSUhNMG9nS0VJQ0FnTUNnNnZIY1dnEAE,Nur Faizah Husain,5,"pelayanan kak ferri sangat baik, makanannya enak semua, nasi gorengnya sangat banyak, pokoknya memuaskan",setahun lalu,5,5,5,Saoenk Cobek Sudiang,Google Maps,2026-05-14 21:07:01
ChdDSUhNMG9nS0VJQ0FnTUNnNnRIbzNRRRAB,Nur Faadiyah Husain,5,,setahun lalu,5,5,5,Saoenk Cobek Sudiang,Google Maps,2026-05-14 21:07:01
ChZDSUhNMG9nS0VJQ0FnTUNnMUtQd1hREAE,Nahdira Al aqila,5,Alhamdulillah pelayanannya bagus,setahun lalu,5,5,5,Saoenk Cobek Sudiang,Google Maps,2026-05-14 21:07:01
ChZDSUhNMG9nS0VJQ0FnTUNnMUlPV1l3EAE,Agustina .17,5,,setahun lalu,5,5,5,Saoenk Cobek Sudiang,Google Maps,2026-05-14 21:07:01
ChZDSUhNMG9nS0VJQ0FnTUNnMUlPa0xREAE,Kurniati Btpns,5,Weathers putri,setahun lalu,5,5,5,Saoenk Cobek Sudiang,Google Maps,2026-05-14 21:07:01
ChZDSUhNMG9nS0VJQ0FnTURBcklhSWVREAE,Queta ari,5,Putri ayu wahdania....pelayanan bagus dan cepat,setahun lalu,5,5,5,Saoenk Cobek Sudiang,Google Maps,2026-05-14 21:07:25
ChZDSUhNMG9nS0VJQ0FnTURBaU9XS1B3EAE,Ennob Epen Cupen,5,Terimakasih kepada Mas Ferry karena pelayanan sudah baik... Mulai dari penjelasan dan pelayanan yang baik..... Semoga kedepan semakin sukses.....,setahun lalu,4,4,4,Saoenk Cobek Sudiang,Google Maps,2026-05-14 21:07:25
ChZDSUhNMG9nS0VJQ0FnTURBaUxuZ01nEAE,Marchelo Paembonan,5,Pelayanan nya baik tempat nyaman (Rian),setahun lalu,5,5,5,Saoenk Cobek Sudiang,Google Maps,2026-05-14 21:07:25
ChZDSUhNMG9nS0VJQ0FnTUNBX0x1VU9REAE,ayeesha,5,,setahun lalu,5,4,5,Saoenk Cobek Sudiang,Google Maps,2026-05-14 21:07:25
ChZDSUhNMG9nS0VJQ0FnSURfM19tNVdnEAE,Dr Husain As MPd,3,Makanannya terbatas,setahun lalu,3,4,4,Saoenk Cobek Sudiang,Google Maps,2026-05-14 21:07:25
ChZDSUhNMG9nS0VJQ0FnSURfeWFuYUlBEAE,Sri Megawati,5,"Feri (suasananya nyaman , mknannya enak)",setahun lalu,5,5,5,Saoenk Cobek Sudiang,Google Maps,2026-05-14 21:07:25
ChZDSUhNMG9nS0VJQ0FnSURfN3NMcFp3EAE,erny surya,5,"Feri pelayanan bagus,makanannya enak semua, tempat nya Bagus dan bersih ,nyaman tempatnya",setahun lalu,5,5,5,Saoenk Cobek Sudiang,Google Maps,2026-05-14 21:07:25
ChZDSUhNMG9nS0VJQ0FnSURfN3J6UFZBEAE,NOMAS,5,"Feri suasananya asri nyaman , pelayanan prima",setahun lalu,5,5,5,Saoenk Cobek Sudiang,Google Maps,2026-05-14 21:07:25
ChZDSUhNMG9nS0VJQ0FnSUNwLUpIVkV3EAE,Diospyros Celebica,5,,Diedit setahun lalu,,,,Saoenk Cobek Sudiang,Google Maps,2026-05-14 21:07:25
ChZDSUhNMG9nS0VJQ0FnSUNfcjlQa1F3EAE,Rasni Datnur,5,"Nur ainun yang melayani, sangat puas dengan pelayanannya",setahun lalu,5,5,5,Saoenk Cobek Sudiang,Google Maps,2026-05-14 21:07:25
ChZDSUhNMG9nS0VJQ0FnSUNfbTQ3V0FnEAE,hasma Cemma,5,Fery mantapppp 👍,setahun lalu,5,5,4,Saoenk Cobek Sudiang,Google Maps,2026-05-14 21:07:49
ChZDSUhNMG9nS0VJQ0FnSUNfbWRyY1J3EAE,Syamsiah Daming,5,Pelayanan bagus dan makanannya cepat keluar mantap feri,setahun lalu,5,5,5,Saoenk Cobek Sudiang,Google Maps,2026-05-14 21:07:49
ChZDSUhNMG9nS0VJQ0FnSUNfa29hc0x3EAE,Marwan Syah,5,"Tempatnya bagus pelayanannya juga bagus, terutama mas veri humble dan ramah",setahun lalu,5,5,5,Saoenk Cobek Sudiang,Google Maps,2026-05-14 21:07:49
ChZDSUhNMG9nS0VJQ0FnSUNfa3FLZ1JREAE,Berkah Batik,5,Feri,setahun lalu,5,5,5,Saoenk Cobek Sudiang,Google Maps,2026-05-14 21:07:49
ChdDSUhNMG9nS0VJQ0FnSUNfb3JlVmtBRRAB,Miftah Aulia Jannah,5,"Suasananya bagus, pelayanannya (feri ramah,baik) makanannya pun enak-enak, dann cepat disajikann",setahun lalu,5,5,5,Saoenk Cobek Sudiang,Google Maps,2026-05-14 21:07:49
ChdDSUhNMG9nS0VJQ0FnSUNfb3RlbzZRRRAB,Dewi Saja,5,Suasana dan pelayanan nya sangat baik @very,setahun lalu,5,5,5,Saoenk Cobek Sudiang,Google Maps,2026-05-14 21:07:49
ChZDSUhNMG9nS0VJQ0FnSUNfNk1YTEhBEAE,Andi Chyme,5,"makanan enak..pelayanan bagus
yg melayani an Apri",setahun lalu,5,5,5,Saoenk Cobek Sudiang,Google Maps,2026-05-14 21:07:49
ChZDSUhNMG9nS0VJQ0FnSUNfNlBtdVlnEAE,Nirmala Sari,5,"Aulia
Pelayanan nya baik",setahun lalu,4,5,5,Saoenk Cobek Sudiang,Google Maps,2026-05-14 21:07:49
ChdDSUhNMG9nS0VJQ0FnSUNfNkt5OGdnRRAB,Biah,5,"Makanan enak, pelayanan ramah",setahun lalu,5,5,5,Saoenk Cobek Sudiang,Google Maps,2026-05-14 21:07:49
ChdDSUhNMG9nS0VJQ0FnSURmMy1fVXpnRRAB,Halwiyah Siwu,5,"Waiters NurAinun Pelayananx the best👍👍👍 orangx ramah bangettt, makananx recomanded bngettt, tempatx keren,🩷 …",setahun lalu,,,,Saoenk Cobek Sudiang,Google Maps,2026-05-14 21:07:49
ChdDSUhNMG9nS0VJQ0FnSURmbi1IM293RRAB,Sapulidi Lidi,5,Pelayanan cepat mantap dan gercep #feri,setahun lalu,5,5,5,Saoenk Cobek Sudiang,Google Maps,2026-05-14 21:08:13
ChZDSUhNMG9nS0VJQ0FnSURmci1mUUJ3EAE,Firdaus 0309,5,Mantapp tauww makananx,setahun lalu,5,5,5,Saoenk Cobek Sudiang,Google Maps,2026-05-14 21:08:13
ChdDSUhNMG9nS0VJQ0FnSURmMjQzSzRnRRAB,Muliana Muslimin,5,"Makasih pelayanannya nyaman, makasih yah mba ainun kasir",setahun lalu,5,5,5,Saoenk Cobek Sudiang,Google Maps,2026-05-14 21:08:13
ChZDSUhNMG9nS0VJQ0FnSURmMjRXYkp3EAE,Kurnia Ramadani,5,Fery,setahun lalu,5,5,5,Saoenk Cobek Sudiang,Google Maps,2026-05-14 21:08:13
ChdDSUhNMG9nS0VJQ0FnSURmczdtNmt3RRAB,Elyn 1990,5,"Ok
Pelayanan apri",setahun lalu,,,,Saoenk Cobek Sudiang,Google Maps,2026-05-14 21:08:13
ChZDSUhNMG9nS0VJQ0FnSURmczhDb1JREAE,Nur Fitri Amin,5,Witers aulia sangat puas dengan pelayanannya.,setahun lalu,5,5,5,Saoenk Cobek Sudiang,Google Maps,2026-05-14 21:08:13
ChdDSUhNMG9nS0VJQ0FnSURmbzZXQTFBRRAB,Mr Asriadi,3,,setahun lalu,3,3,3,Saoenk Cobek Sudiang,Google Maps,2026-05-14 21:08:13
ChZDSUhNMG9nS0VJQ0FnSURmcmZiNVJnEAE,Lilis Suryanti,5,"Masya Allah nikmat luar biasa
Makasih Feri atas layanan untk keluarga kami",setahun lalu,5,5,5,Saoenk Cobek Sudiang,Google Maps,2026-05-14 21:08:13
ChZDSUhNMG9nS0VJQ0FnSURmamJDWmN3EAE,Herna Erna,5,Mantap pelayanan feri,setahun lalu,5,5,5,Saoenk Cobek Sudiang,Google Maps,2026-05-14 21:08:13
ChZDSUhNMG9nS0VJQ0FnSURmbVllYmRnEAE,Joko Setiono,2,,setahun lalu,2,3,2,Saoenk Cobek Sudiang,Google Maps,2026-05-14 21:08:13
ChZDSUhNMG9nS0VJQ0FnSURmMGJpMlNBEAE,Nana Sudiana,5,Mantaf Feri,setahun lalu,5,5,5,Saoenk Cobek Sudiang,Google Maps,2026-05-14 21:08:40
ChZDSUhNMG9nS0VJQ0FnSURmdHBXNUp3EAE,monika palobo,5,Sangat memuaskan apalagi dilayani serly,setahun lalu,5,5,5,Saoenk Cobek Sudiang,Google Maps,2026-05-14 21:08:40
ChdDSUhNMG9nS0VJQ0FnSURmMHVPX3lnRRAB,Hjanugrah Wati,5,Pelanyanan mantap dan cepat,setahun lalu,5,5,5,Saoenk Cobek Sudiang,Google Maps,2026-05-14 21:08:40
ChZDSUhNMG9nS0VJQ0FnSURmMHVPZVFREAE,Hj Jun62,5,The best feri,setahun lalu,5,5,5,Saoenk Cobek Sudiang,Google Maps,2026-05-14 21:08:40
ChdDSUhNMG9nS0VJQ0FnSURmMHFPbnNnRRAB,Halmiah Mamamia,5,Feri mantap,setahun lalu,5,5,5,Saoenk Cobek Sudiang,Google Maps,2026-05-14 21:08:40
ChZDSUhNMG9nS0VJQ0FnSURmdE9xd2JREAE,Liza Pabuntang,5,Makanan dan pelayanan nya baik dan  an. Aulia,setahun lalu,5,5,5,Saoenk Cobek Sudiang,Google Maps,2026-05-14 21:08:40
ChdDSUhNMG9nS0VJQ0FnSURmMU1mdXNRRRAB,Seni Nimot,5,"Pelayananx mantap
Makanan enak sekali
Masukan sja, mungkin bs di pasangkan alat perangkap lalat, spy makan lebih nyaman.
Feri",setahun lalu,5,5,5,Saoenk Cobek Sudiang,Google Maps,2026-05-14 21:08:40
ChdDSUhNMG9nS0VJQ0FnSUNmdDgzcmp3RRAB,Wahyuni,5,"Waiters aulia, pelayanan ok, cepat, ramah, makanan enak, recomended",setahun lalu,5,5,5,Saoenk Cobek Sudiang,Google Maps,2026-05-14 21:08:40
ChdDSUhNMG9nS0VJQ0FnSUNmeF91X193RRAB,Husna 877,5,"Tempatnya bagus, nyaman, makanannya enak, pelayanannya sangat bagus. Terimakasih kak Ferry atas pelayanan lnya 👌👌",setahun lalu,5,5,5,Saoenk Cobek Sudiang,Google Maps,2026-05-14 21:08:40
ChZDSUhNMG9nS0VJQ0FnSUNmaC1HRmZREAE,Veany Ilyas,5,"Putri ayu wahdania
Pelayanan.y sangat memuaskan",setahun lalu,5,5,5,Saoenk Cobek Sudiang,Google Maps,2026-05-14 21:08:40
ChZDSUhNMG9nS0VJQ0FnSUNmaDZHcEhnEAE,fadillaardinarianti,5,alhamdulillah baguss twwa pelayanannya,setahun lalu,5,5,5,Saoenk Cobek Sudiang,Google Maps,2026-05-14 21:09:07
ChdDSUhNMG9nS0VJQ0FnSUNmaDRLRnRRRRAB,ramlah 123,5,"Alhamdulillah Sangat Memuaskan, krn pelayannya sangat baik dan ramah #ferry",setahun lalu,5,5,5,Saoenk Cobek Sudiang,Google Maps,2026-05-14 21:09:07
ChdDSUhNMG9nS0VJQ0FnSUNmODhYaXF3RRAB,Nur Khairiyah,5,Waiters aulia pelayanan ramah dan cepat suasana adem,setahun lalu,5,5,5,Saoenk Cobek Sudiang,Google Maps,2026-05-14 21:09:07
ChZDSUhNMG9nS0VJQ0FnSUNmczV1X2ZnEAE,mediana desria,5,"Sering makan di sini karena ikannya segar2, lengkap mushalla

Ikan : di hitung size biasanya dari L sampai XL
Khusus ikan sunu di hitung per ons

Suasana : Santai nyaman

Waitress : Aulia",setahun lalu,5,5,5,Saoenk Cobek Sudiang,Google Maps,2026-05-14 21:09:07
ChZDSUhNMG9nS0VJQ0FnSUNmczkybUtREAE,Riscal Pratama,5,Tmpt nya bgus pelayanan nya bgus yg d. Layani oleh fery bagus mntap,setahun lalu,5,5,5,Saoenk Cobek Sudiang,Google Maps,2026-05-14 21:09:07
ChZDSUhNMG9nS0VJQ0FnSUNmczQ2RWN3EAE,Arni asnita Puteri,5,Pelayannya ramah makannya enak pokoknya andalan disini . Super excelent buat pramu kak fery naikin gajinya 🙌🏻,setahun lalu,5,5,5,Saoenk Cobek Sudiang,Google Maps,2026-05-14 21:09:07
ChdDSUhNMG9nS0VJQ0FnSUNmMDR2TXZRRRAB,Hanna Ria hutabarat,5,"Pelayananny mantapp dan bagus, apalgi saat dilayani sma sodara Fery, orgnya ramah dan baik walaupun pesanan sering kurang2 jd bolak balik datag utk dibawakn pesanan tmabahan. Trimaksih.",setahun lalu,4,5,5,Saoenk Cobek Sudiang,Google Maps,2026-05-14 21:09:07
ChZDSUhNMG9nS0VJQ0FnSUNmamQ2Q1VREAE,Akbar Mico,5,Putri ayu wahdania,setahun lalu,5,5,5,Saoenk Cobek Sudiang,Google Maps,2026-05-14 21:09:07
ChdDSUhNMG9nS0VJQ0FnSUNmamREcmtnRRAB,Ni Nyoman Anna Marthanti,5,"Terima kasih layanannya mbak Putri Ayu Wahdania.. Parkiran bagus, menunya enak dan cepat respon stafnya.",setahun lalu,4,5,4,Saoenk Cobek Sudiang,Google Maps,2026-05-14 21:09:07
ChZDSUhNMG9nS0VJQ0FnSUNmOWZXZ0FREAE,Kartini Arsyad,5,"Pelayanan dari mba Putri ayu wahdania baik, ramah, dan gercep",setahun lalu,5,5,5,Saoenk Cobek Sudiang,Google Maps,2026-05-14 21:09:07
ChdDSUhNMG9nS0VJQ0FnSUNmOWFEVnR3RRAB,Nur Alisah,5,"Enk suasananya nyaman pelayanan rama""",setahun lalu,5,5,5,Saoenk Cobek Sudiang,Google Maps,2026-05-14 21:09:35
ChdDSUhNMG9nS0VJQ0FnSUNmeVl6MGt3RRAB,its me putri,5,Mantap....,setahun lalu,5,5,5,Saoenk Cobek Sudiang,Google Maps,2026-05-14 21:09:35
ChdDSUhNMG9nS0VJQ0FnSUNmdnZ1Mm1nRRAB,Agung De,5,@ferry Terbaik mantap pelayanannya,setahun lalu,5,5,5,Saoenk Cobek Sudiang,Google Maps,2026-05-14 21:09:35
ChdDSUhNMG9nS0VJQ0FnSUNmenBlN193RRAB,ianie marjani,5,"Waiters aulia, cukup bagus ramah dan cepat",setahun lalu,5,5,5,Saoenk Cobek Sudiang,Google Maps,2026-05-14 21:09:35
ChZDSUhNMG9nS0VJQ0FnSUNmenZ1aU13EAE,Enjelita H,5,Pelayanan ramah Waiters aulia,setahun lalu,5,5,5,Saoenk Cobek Sudiang,Google Maps,2026-05-14 21:09:35
ChZDSUhNMG9nS0VJQ0FnSUNmem9YN1BREAE,Arminal Rubba,5,"Putri ayu wahdania pelayanan baik, ramah , dan cukup cepat melayani ,,",setahun lalu,5,5,4,Saoenk Cobek Sudiang,Google Maps,2026-05-14 21:09:35
ChZDSUhNMG9nS0VJQ0FnSUNmenFtUFdBEAE,Herwin Setiawan Nasit,5,"Waitress Nur Ainun yg melayani,
Dari segi makanan sangat gurih dan sambelnya enak
Dari segi pelayanan, sangat ramah.
Saran tingkat kan dan berikan trus yg terbaik buat pelanggan.",setahun lalu,5,5,5,Saoenk Cobek Sudiang,Google Maps,2026-05-14 21:09:35
ChZDSUhNMG9nS0VJQ0FnSUNmenN6MWJnEAE,Hardiansyah Hardiansyah,5,"Putri ayu wahdania
Pelayanan ok",setahun lalu,5,5,5,Saoenk Cobek Sudiang,Google Maps,2026-05-14 21:09:35
ChZDSUhNMG9nS0VJQ0FnSUNmanZ1YkxBEAE,Margayanti Pasiangan,5,"Putri Ayu wahdania pelayanannya bagus,sopan",setahun lalu,5,5,5,Saoenk Cobek Sudiang,Google Maps,2026-05-14 21:09:35
ChdDSUhNMG9nS0VJQ0FnSUNmaHZ5dzRBRRAB,balassuka teknik,5,"OK
Putri Ayu Wahdania",setahun lalu,5,4,5,Saoenk Cobek Sudiang,Google Maps,2026-05-14 21:09:35
ChdDSUhNMG9nS0VJQ0FnSUNmLXBYUjN3RRAB,zaid mazkur,5,Pelayanan bagus makan enak dan waiters nya lincah ( Rian),setahun lalu,5,5,5,Saoenk Cobek Sudiang,Google Maps,2026-05-14 21:10:02
ChZDSUhNMG9nS0VJQ0FnSUNmLXFYRGJnEAE,Maya Mayana,5,"Pelayanan bagus full senyum makanan enk "" ( rian 😍)",setahun lalu,5,5,5,Saoenk Cobek Sudiang,Google Maps,2026-05-14 21:10:02
ChZDSUhNMG9nS0VJQ0FnSUNmMnJXZEpnEAE,Camelia Sadir,5,Makanannya enak pelayanan ramah #apri,setahun lalu,5,5,5,Saoenk Cobek Sudiang,Google Maps,2026-05-14 21:10:02
ChdDSUhNMG9nS0VJQ0FnSUNmMnZxNjFBRRAB,Nanna Asis,5,"tempat adem dan makannya enak
pelantaran nya juga cepat dan ramah

apri",setahun lalu,5,5,5,Saoenk Cobek Sudiang,Google Maps,2026-05-14 21:10:02
ChdDSUhNMG9nS0VJQ0FnSUNmMm9xTjlRRRAB,Fitriani Alwi,5,"Enak&nyaman
Fery",setahun lalu,5,5,5,Saoenk Cobek Sudiang,Google Maps,2026-05-14 21:10:02
ChdDSUhNMG9nS0VJQ0FnSUNmMnBLSDRBRRAB,Indryani Irvan,5,Special thanks to Rhey..Atas service excellent nya..selalu terbaik..,setahun lalu,5,5,5,Saoenk Cobek Sudiang,Google Maps,2026-05-14 21:10:02
ChdDSUhNMG9nS0VJQ0FnSUNmbW83dDhnRRAB,azriana azis,5,Makanannya enak. Pelayanannya juga ramah. Pas berkunjung di layani sma kk Ferry. Makanannya di antarkan cepat.,setahun lalu,5,5,5,Saoenk Cobek Sudiang,Google Maps,2026-05-14 21:10:02
ChdDSUhNMG9nS0VJQ0FnSUNmbXJ5RnF3RRAB,aliyyah muslimah,5,"Pelayanan bagus dan suasana yang menyenangkan.
@feri",setahun lalu,4,4,5,Saoenk Cobek Sudiang,Google Maps,2026-05-14 21:10:02
ChdDSUhNMG9nS0VJQ0FnSUNmbXN5QnNRRRAB,Ery,5,"Makanannya pas semua dilidah, sambelnya jg bisa untuk anak"", harganya jg lumayan ramah dikantong. Pelayannya jg sangat ramah dan cekatan. pokoknya is the best lah..#Apri",setahun lalu,5,5,5,Saoenk Cobek Sudiang,Google Maps,2026-05-14 21:10:02
ChdDSUhNMG9nS0VJQ0FnSUNmNHRlbnNnRRAB,Dewi Ayu,5,Makanan nya enak dan pelayanan nya ramah (bolong),setahun lalu,5,5,5,Saoenk Cobek Sudiang,Google Maps,2026-05-14 21:10:02
ChdDSUhNMG9nS0VJQ0FnSUNmNHN2OGdBRRAB,may Meera,5,Mba ainun pelayanannya mantapp 🫶🏻🫶🏻,setahun lalu,5,5,5,Saoenk Cobek Sudiang,Google Maps,2026-05-14 21:10:26
ChZDSUhNMG9nS0VJQ0FnSUNmNHJXRFF3EAE,Deice Christi Natalia Rumondor,5,"Waiters Nurainun
Makanan enak, pelayanan baik..",setahun lalu,5,5,5,Saoenk Cobek Sudiang,Google Maps,2026-05-14 21:10:26
ChdDSUhNMG9nS0VJQ0FnSUNmNHJuQjRBRRAB,Moehammad As'ad,5,"Waiters aulia, pelayanan bgus, ramah, dan cepat, makanan rekomended",setahun lalu,5,5,5,Saoenk Cobek Sudiang,Google Maps,2026-05-14 21:10:26
ChdDSUhNMG9nS0VJQ0FnSUNmNHVtRWhnRRAB,ridha smk,5,,setahun lalu,5,5,5,Saoenk Cobek Sudiang,Google Maps,2026-05-14 21:10:26
ChZDSUhNMG9nS0VJQ0FnSUNmNHJHcVF3EAE,Ariyana Herawati Bakri,5,Makanya enk pelayanan baik dan rama ( Rian),setahun lalu,5,5,5,Saoenk Cobek Sudiang,Google Maps,2026-05-14 21:10:26
ChZDSUhNMG9nS0VJQ0FnSUNmX0xMYkZnEAE,darwis gassing,5,"Makanan nya enak tempatnya nyaman, terima kasih april 🥰 …",setahun lalu,,,,Saoenk Cobek Sudiang,Google Maps,2026-05-14 21:10:26
ChdDSUhNMG9nS0VJQ0FnSUNmX0xDSHJnRRAB,Salman Farisi,4,Aprianti,setahun lalu,,,,Saoenk Cobek Sudiang,Google Maps,2026-05-14 21:10:26
ChZDSUhNMG9nS0VJQ0FnSUNmX09ERlN3EAE,Takada Bear,5,ramah dan reccomended #feri,setahun lalu,5,5,5,Saoenk Cobek Sudiang,Google Maps,2026-05-14 21:10:26
ChdDSUhNMG9nS0VJQ0FnSUNmdkttMF9nRRAB,muhammad bagong,1,"waktu ke sini tujuan nya mau makan,hee baru sampai di parkiran ada mulut salah satu karyawan perempuan kurang ajar tdk ada etika, jadi nya pulang deh tdk nafsu makan, rumah nya pas berhadapan sama soun cobek, lain kali tolong di ajarkan mulut nya",setahun lalu,,,,Saoenk Cobek Sudiang,Google Maps,2026-05-14 21:10:26
ChZDSUhNMG9nS0VJQ0FnSUNmdEp2MEdREAE,Zulkifli AT,5,Terima kasih layananya mas Feri. Makanannya nikmat bersama keluarga,setahun lalu,5,5,5,Saoenk Cobek Sudiang,Google Maps,2026-05-14 21:10:26
ChZDSUhNMG9nS0VJQ0FnSUNmdEk3aWFBEAE,Alifka Annisa Ramadhani,5,"tempat nya nyaman, pelayanan oke . apri",setahun lalu,5,5,5,Saoenk Cobek Sudiang,Google Maps,2026-05-14 21:10:50
ChZDSUhNMG9nS0VJQ0FnSUNmdE15YmZ3EAE,Tams Alvin,2,Kk veri best lah....,setahun lalu,5,5,5,Saoenk Cobek Sudiang,Google Maps,2026-05-14 21:10:50
ChdDSUhNMG9nS0VJQ0FnSUNmbElMVXVRRRAB,Muchamad Sholehuddin,5,Makanan maknyussss dan layanan agak lambat dikit.. Pesanan perlu diulang ulang... Suasana nyaman,setahun lalu,5,4,5,Saoenk Cobek Sudiang,Google Maps,2026-05-14 21:10:50
ChdDSUhNMG9nS0VJQ0FnSUNmbEt6SV9BRRAB,Muh Alfian,5,Mantap pelayanannya mas ferry,setahun lalu,5,5,5,Saoenk Cobek Sudiang,Google Maps,2026-05-14 21:10:50
ChZDSUhNMG9nS0VJQ0FnSUNmbE15U0VREAE,Sitti Rasida,5,MAs feri pelayanan nya top,setahun lalu,5,5,5,Saoenk Cobek Sudiang,Google Maps,2026-05-14 21:10:50
ChZDSUhNMG9nS0VJQ0FnSUNmbElUcVlBEAE,Isnan Azis,5,"makanan enak. pelayanan mas ferry sopan baik ramah.

* masukan = air kolam ikan mulai keliatan kotor. kalau bisa di bersihakan",setahun lalu,5,5,5,Saoenk Cobek Sudiang,Google Maps,2026-05-14 21:10:50
ChdDSUhNMG9nS0VJQ0FnSUNmNU9XMHdnRRAB,Siti Halimah,5,"Waiters yg melayani Ainun. Makanannya lumayan enak, smga sukses selalu.",setahun lalu,4,4,4,Saoenk Cobek Sudiang,Google Maps,2026-05-14 21:10:50
ChZDSUhNMG9nS0VJQ0FnSUNmcE1TTEN3EAE,Andi Yurisah Prastika Wulandari,5,"Pelayanan mba Putri MasyaAllah baik,
Tempatnya mungkin perlu di tambahkan pengamanan untuk balita dan anak2",setahun lalu,5,5,4,Saoenk Cobek Sudiang,Google Maps,2026-05-14 21:10:50
ChdDSUhNMG9nS0VJQ0FnSUR2NzluZWxnRRAB,Fachmy Ramadhan,5,"Bagus enak dan mantap
#feryy",setahun lalu,5,5,5,Saoenk Cobek Sudiang,Google Maps,2026-05-14 21:10:50
ChdDSUhNMG9nS0VJQ0FnSUR2NzVubHJRRRAB,Rekha Masita,5,makanan dan pelayanannya bagus,setahun lalu,5,5,5,Saoenk Cobek Sudiang,Google Maps,2026-05-14 21:10:50
ChZDSUhNMG9nS0VJQ0FnSUR2NzVIRWN3EAE,Nurul Pratiwi,5,Pelayanan bagus dan makanan lezat saat Anda kelaparan,setahun lalu,5,5,5,Saoenk Cobek Sudiang,Google Maps,2026-05-14 21:11:17
ChdDSUhNMG9nS0VJQ0FnSUR2NzY2ZDZnRRAB,appank arfandi,5,"Lokasinya dekat, makanannya mantap, pelayanannya baik (Apri)",setahun lalu,5,5,5,Saoenk Cobek Sudiang,Google Maps,2026-05-14 21:11:17
ChZDSUhNMG9nS0VJQ0FnSUR2NzlibUh3EAE,Rundeee Gahool,5,Makanan enak. Cocok untuk kumpul keluarga saat weekend/hari libur. Kak Feri makasih pelayanannya.👍👍,setahun lalu,5,5,5,Saoenk Cobek Sudiang,Google Maps,2026-05-14 21:11:17
ChZDSUhNMG9nS0VJQ0FnSUR2MjQtNkJREAE,al gaffar,5,Putri ayu wahdaniyah,setahun lalu,5,5,5,Saoenk Cobek Sudiang,Google Maps,2026-05-14 21:11:17
ChZDSUhNMG9nS0VJQ0FnSUR2bThEMU1nEAE,Andidewi Astuti,5,Parkiran dan tempat nya luas dan nyaman. Pelayanan nya juga bagus oleh kak Apriyanti pokoknya rekomendasi bgt yang cari tempat makan untuk keluarga di sudiang,setahun lalu,5,5,5,Saoenk Cobek Sudiang,Google Maps,2026-05-14 21:11:17
ChdDSUhNMG9nS0VJQ0FnSUR2NjZlWGdnRRAB,Sakera Kaconk,5,"Waiters NurAinun, makanan andalan kerang original , pelayanan nya ramah , itu yg paling penting dari pelayanan tempat makan",setahun lalu,5,5,5,Saoenk Cobek Sudiang,Google Maps,2026-05-14 21:11:17
ChZDSUhNMG9nS0VJQ0FnSUR2Ni12T0VREAE,Faiqa Sari dewi,5,,setahun lalu,5,5,5,Saoenk Cobek Sudiang,Google Maps,2026-05-14 21:11:17
ChZDSUhNMG9nS0VJQ0FnSUR2ZzUzRVdBEAE,Ibu Guru Aznie,5,Mantapp wters AULIA,setahun lalu,5,5,5,Saoenk Cobek Sudiang,Google Maps,2026-05-14 21:11:17
ChZDSUhNMG9nS0VJQ0FnSUR2X2RLU2V3EAE,Iffah Hanreng,5,"Makanannya semua enak2
Pelayanan baik, baik banget ( dilayani sama mbak Putri )
Tempatnya bikin betah nongkrong, tenang & nyaman...
Rekomen banget..
Bakal kesini lagi...",setahun lalu,5,5,5,Saoenk Cobek Sudiang,Google Maps,2026-05-14 21:11:17
ChdDSUhNMG9nS0VJQ0FnSUR2dmNPVm93RRAB,Asma Wati,5,"Makanan lumayan ,hanya yang ikan fillet belum garing dan berasa gurih , layanan mantap mba Putri  ,suasana tenang 🙏",setahun lalu,4,4,4,Saoenk Cobek Sudiang,Google Maps,2026-05-14 21:11:17
ChdDSUhNMG9nS0VJQ0FnSUR2dlpDTzBnRRAB,Andi Verawati,5,Ainun kasir pelayanan masaallah baik sekali terimakasi,setahun lalu,5,5,5,Saoenk Cobek Sudiang,Google Maps,2026-05-14 21:11:44
ChZDSUhNMG9nS0VJQ0FnSUR2M2R2Y09REAE,Muliana Yulhy,5,Makanan enak suasana yg bagus pelayan fery yang rama baik,setahun lalu,5,5,5,Saoenk Cobek Sudiang,Google Maps,2026-05-14 21:11:44
ChZDSUhNMG9nS0VJQ0FnSUR2M2IyNWVREAE,Mutiara Aulia,5,"Makanannya enak terus tempatnya jga nyaman
-ferry",setahun lalu,5,5,5,Saoenk Cobek Sudiang,Google Maps,2026-05-14 21:11:44
ChZDSUhNMG9nS0VJQ0FnSUR2M2VtVWFnEAE,lxxnna p,5,"makananya enak, tempatnya comfy dan juga makannya cepat
pelayanannya bagus kak feri 😻",setahun lalu,5,5,5,Saoenk Cobek Sudiang,Google Maps,2026-05-14 21:11:44
ChdDSUhNMG9nS0VJQ0FnSUR2M2JHd3pBRRAB,acel mwoyaa,5,"kak fery sangat sangat ramah, pelayanannya good, makanan enak porsi banyak",setahun lalu,5,5,5,Saoenk Cobek Sudiang,Google Maps,2026-05-14 21:11:44
ChdDSUhNMG9nS0VJQ0FnSUR2bmFUcnNRRRAB,rafis ganteng,5,"Makanan enak, pelayanan nya baik ramah, penyajiannya juga cepan harga okee
@veri",setahun lalu,5,5,5,Saoenk Cobek Sudiang,Google Maps,2026-05-14 21:11:44
ChdDSUhNMG9nS0VJQ0FnSUR2bGQyOG53RRAB,DAENG SQUAD,5,Waiters aulia mantap pelayanannya,setahun lalu,5,5,5,Saoenk Cobek Sudiang,Google Maps,2026-05-14 21:11:44
ChdDSUhNMG9nS0VJQ0FnSUR2bFpHSW5RRRAB,dhiza nurul pratiwi,5,"Pelayanan baik. Makanan enak:)
Aulia",setahun lalu,5,5,5,Saoenk Cobek Sudiang,Google Maps,2026-05-14 21:11:44
ChZDSUhNMG9nS0VJQ0FnSUR2bGNIUFF3EAE,Co Mel,5,"Kami dilayani oleh mbak Ainun. Pelayanannya ramah, cepat, dan cekatan. Bisa menjelaskan menu dengan baik.",setahun lalu,5,5,5,Saoenk Cobek Sudiang,Google Maps,2026-05-14 21:11:44
ChZDSUhNMG9nS0VJQ0FnSUR2bGQ2OVp3EAE,Susanna Bara,5,"Makanan enak, tempatnya juga luas dan nyaman",setahun lalu,5,5,5,Saoenk Cobek Sudiang,Google Maps,2026-05-14 21:11:44
ChdDSUhNMG9nS0VJQ0FnSUR2bFlxZ21BRRAB,Rudi Talebong,5,mantap terbaik nyaman # Ferry,setahun lalu,5,5,5,Saoenk Cobek Sudiang,Google Maps,2026-05-14 21:12:08
ChZDSUhNMG9nS0VJQ0FnSUR2NWYtdkR3EAE,Yuliana Widiayanti,5,Makanannya sangat enk dan pelayanannya sangat memuaskan aulia,setahun lalu,4,5,5,Saoenk Cobek Sudiang,Google Maps,2026-05-14 21:12:08
ChZDSUhNMG9nS0VJQ0FnSUR2NWRQN0dBEAE,Aditya Ramadhan,5,,setahun lalu,5,5,5,Saoenk Cobek Sudiang,Google Maps,2026-05-14 21:12:08
ChdDSUhNMG9nS0VJQ0FnSUR2NWF5VF9nRRAB,HASNIDAR DARWIS,5,"Ramah anak, cocok untuk makan sekeluarga.
Pelayanan ramah (waiters Aulia)
Makan lumayanlah.",setahun lalu,4,5,5,Saoenk Cobek Sudiang,Google Maps,2026-05-14 21:12:08
ChdDSUhNMG9nS0VJQ0FnSUR2NWVqZTh3RRAB,Nur A,5,Makanan enak dan pelayanan ramah dari kak Ainun. Recommended for family gatherings!,setahun lalu,5,5,5,Saoenk Cobek Sudiang,Google Maps,2026-05-14 21:12:08
ChZDSUhNMG9nS0VJQ0FnSUR2eGZIRmZ3EAE,Rahmawati srimulyani,5,,setahun lalu,5,5,5,Saoenk Cobek Sudiang,Google Maps,2026-05-14 21:12:08
ChdDSUhNMG9nS0VJQ0FnSUR2OFp1X3VRRRAB,Ansar Ansar,5,,setahun lalu,5,5,5,Saoenk Cobek Sudiang,Google Maps,2026-05-14 21:12:08
ChdDSUhNMG9nS0VJQ0FnSUR2MFphNjdRRRAB,Ika Arwiny Pusvita Muttong,5,"makananx enak dan pelayananx ramah , mbak ainunnya sgt ramah, cekatan dlm melayani",setahun lalu,5,5,5,Saoenk Cobek Sudiang,Google Maps,2026-05-14 21:12:08
ChdDSUhNMG9nS0VJQ0FnSUR2NFpuemlRRRAB,Elida Novitasari,5,"Pelayanannya ramah dan cepat
Sukses selalu ainunnn",setahun lalu,5,5,5,Saoenk Cobek Sudiang,Google Maps,2026-05-14 21:12:08
ChdDSUhNMG9nS0VJQ0FnSUR2NGFtUTVBRRAB,Frits Agriatny Putri,5,Ainun,setahun lalu,5,5,5,Saoenk Cobek Sudiang,Google Maps,2026-05-14 21:12:08
ChZDSUhNMG9nS0VJQ0FnSUR2dHAyNmV3EAE,atza bunda,5,"Mantul banget tempatnya, pelayannya jg ramah n gercep a.n Fery topmarkotop",setahun lalu,5,5,5,Saoenk Cobek Sudiang,Google Maps,2026-05-14 21:12:33
ChdDSUhNMG9nS0VJQ0FnSUR2dHUzcGh3RRAB,Sri Rahayu,5,"Pelayanan oke, suasana romantis, makanan oke an. Feri",setahun lalu,4,5,5,Saoenk Cobek Sudiang,Google Maps,2026-05-14 21:12:33
ChZDSUhNMG9nS0VJQ0FnSUR2NnVxLWRBEAE,Herianto Marwan,5,Makanya enk tempat nya nyman waiters baik ats nama rian manis,setahun lalu,5,5,5,Saoenk Cobek Sudiang,Google Maps,2026-05-14 21:12:33
ChdDSUhNMG9nS0VJQ0FnSUR2cXNfLTZBRRAB,Pipin Lahope,5,Makanan nya enk tempat bagus nya waiters nya baik dan sopan rian sudiang,setahun lalu,5,5,5,Saoenk Cobek Sudiang,Google Maps,2026-05-14 21:12:33
ChZDSUhNMG9nS0VJQ0FnSUR2cXNPV1FREAE,Asyhar Palopo,5,"Bebekx mantap cuma sambelx masih mau pedas....pelayananx oke, cepat dan ramah oleh feri",setahun lalu,,,,Saoenk Cobek Sudiang,Google Maps,2026-05-14 21:12:33
ChdDSUhNMG9nS0VJQ0FnSUR2cXYzSXdRRRAB,Sulfarmisakinah Deni,5,"Baguss👍
Fery",setahun lalu,5,5,5,Saoenk Cobek Sudiang,Google Maps,2026-05-14 21:12:33
ChZDSUhNMG9nS0VJQ0FnSUR2cXQzU1V3EAE,Isaac Noel,4,,setahun lalu,,,,Saoenk Cobek Sudiang,Google Maps,2026-05-14 21:12:33
ChZDSUhNMG9nS0VJQ0FnSUR2cXEyaFZ3EAE,Andi Athifah,5,"Kak Ainun , pelayanan sangat membantu dan ramah.
Makanan yang enak dan murah meriah",setahun lalu,5,5,5,Saoenk Cobek Sudiang,Google Maps,2026-05-14 21:12:33
ChdDSUhNMG9nS0VJQ0FnSUR2cXRHeWxBRRAB,Sri Ulfa,5,"Makanannya enak suaranya nyaman pelayanan nya rama dan full senyum ( rian, bolong)",setahun lalu,5,5,5,Saoenk Cobek Sudiang,Google Maps,2026-05-14 21:12:33
ChdDSUhNMG9nS0VJQ0FnSUR2cXFpUTRBRRAB,Apriliya A,5,Enak dan makanannya cepat datang,setahun lalu,,,,Saoenk Cobek Sudiang,Google Maps,2026-05-14 21:12:33
ChdDSUhNMG9nS0VJQ0FnSUR2OHZuX2dnRRAB,Alimin Alim,5,,setahun lalu,5,5,5,Saoenk Cobek Sudiang,Google Maps,2026-05-14 21:12:57
ChZDSUhNMG9nS0VJQ0FnSUN2cllEb0xnEAE,Abd Hamid,5,,setahun lalu,,,,Saoenk Cobek Sudiang,Google Maps,2026-05-14 21:12:57
ChdDSUhNMG9nS0VJQ0FnSUN2NHB5NjNRRRAB,lilis widiastuty,5,"Parkiran luas, tempatnya nyaman dan bersih, pelayanan nya cepat dan ramah, recomended",setahun lalu,5,5,5,Saoenk Cobek Sudiang,Google Maps,2026-05-14 21:12:57
ChZDSUhNMG9nS0VJQ0FnSURQb3VxY0x3EAE,dhanny rid,5,"Makanan enak2 walau bagi sebagian kalangan agak pricey. Suasana saung lumayan nyaman dengan kolam ikan di bawahnya, parkir juga tersedia.",setahun lalu,5,5,5,Saoenk Cobek Sudiang,Google Maps,2026-05-14 21:12:57
ChdDSUhNMG9nS0VJQ0FnSUMzejZTdHdRRRAB,Rifki Muhammad Iqbal,5,,setahun lalu,5,5,5,Saoenk Cobek Sudiang,Google Maps,2026-05-14 21:12:57
ChdDSUhNMG9nS0VJQ0FnSUMzMEp5UndRRRAB,Rizqo Nur Riska,5,,setahun lalu,,,,Saoenk Cobek Sudiang,Google Maps,2026-05-14 21:12:57
ChZDSUhNMG9nS0VJQ0FnSURYdl9Pa1hBEAE,Herman Fatimah,5,,setahun lalu,5,5,5,Saoenk Cobek Sudiang,Google Maps,2026-05-14 21:12:57
ChZDSUhNMG9nS0VJQ0FnSUNOc05hUEZ3EAE,imrawati haruna,5,Favorit keluarga 🤩🤩🤩,Diedit setahun lalu,5,,5,Saoenk Cobek Sudiang,Google Maps,2026-05-14 21:12:57
ChdDSUhNMG9nS0VJQ0FnSURYM0pTbWlnRRAB,Rusdi Husen,4,Menengah ke atas..,setahun lalu,4,3,5,Saoenk Cobek Sudiang,Google Maps,2026-05-14 21:12:57
ChdDSUhNMG9nS0VJQ0FnSURYaExpdWpBRRAB,daLLaS pRz,1,"Tadi singgah mau makan... sudah 10 menit lebih menunggu tapi di cueki sama pelayannya... lebih bae pulang cari t4 makan lain.

Saya datang tadi siang sktr jam 1. Anak saya sudah pergi info pelayan kami mau pesan. Jangankan di layani. di bawakan menu saja tidak... 10 menit berlalu tidak ada tanda2 mau di layani. jadinya pulang...",setahun lalu,,1,,Saoenk Cobek Sudiang,Google Maps,2026-05-14 21:12:57
ChdDSUhNMG9nS0VJQ0FnSUNYNFptMndBRRAB,Fatimah Herman,5,,setahun lalu,5,5,5,Saoenk Cobek Sudiang,Google Maps,2026-05-14 21:13:24
ChZDSUhNMG9nS0VJQ0FnSUNYOEtmZ05BEAE,Adhy Musliadi,5,"MasyaAllah,sangat terjangkau untuk paketannya, makan 13 orang, puas, cukup.. hanya dengan paket 2., cuma 500 ribuan",setahun lalu,5,5,5,Saoenk Cobek Sudiang,Google Maps,2026-05-14 21:13:24
ChdDSUhNMG9nS0VJQ0FnSUNucjlDdjR3RRAB,Restananse “Reztan”,4,,setahun lalu,4,4,4,Saoenk Cobek Sudiang,Google Maps,2026-05-14 21:13:24
ChZDSUhNMG9nS0VJQ0FnSUNuLTl1bGRBEAE,Agustina Kristinatasari,5,"Parkir motor dan mobil luas, dekat dg jalan perintis. Lokasi sejuk dan bersih. Pelayannya ramah dan satset. Cuma untuk waktu tunggu makanan lumayan agak lama ya. Saya pesan ikan kakap yg sebelah tidak pedas dan sebelah pedas. Ikannya enak, bumbunya terasa masuk untuk lidah kami orang jawa. Pesen juga udang saos padang. Udangnya gede gede per porsi isinya kurleb 6-7 udang yg gede. Bukan yg kecil kecil. Rasanya tidak terlalu pedas. Kalo yg pecinta pedas minta cabe yg banyak. Pesen minum es teh es jeruk sama air mineral itu habis 250an. Lumayanlah ya sebanding 👍🏻",setahun lalu,4,5,5,Saoenk Cobek Sudiang,Google Maps,2026-05-14 21:13:24
ChZDSUhNMG9nS0VJQ0FnSUNucWVDMlB3EAE,Msumardi Atmadja,5,,setahun lalu,5,5,5,Saoenk Cobek Sudiang,Google Maps,2026-05-14 21:13:24
ChdDSUhNMG9nS0VJQ0FnSUNueHF1anB3RRAB,Dahzan 89,4,,setahun lalu,,,,Saoenk Cobek Sudiang,Google Maps,2026-05-14 21:13:24
ChdDSUhNMG9nS0VJQ0FnSUNuMU5mazZ3RRAB,st rahmah,5,Rekomendasi tempat makan bersama keluarga,setahun lalu,5,5,5,Saoenk Cobek Sudiang,Google Maps,2026-05-14 21:13:24
ChZDSUhNMG9nS0VJQ0FnSUNIcFltYWRREAE,Freddy Yanto,4,"Oke lah untuk suasananya. Cuma kesemutan kaki kalau tidak terbiasa lesehan. Waktu itu coba ayam bakar madu, tapi rasa ayamnya di dalam lumayan polos (coba ayamnya diungkep dulu baru dibakar mungkin lebih maknyus).",setahun lalu,,,,Saoenk Cobek Sudiang,Google Maps,2026-05-14 21:13:24
ChZDSUhNMG9nS0VJQ0FnSUQ3M2JYWU13EAE,Bayu Broto,5,Tempat makan yang tepat bersama keluarga atau teman teman. Menu beragam dengan rasa yang enak. Harga relatif terjangkau. Suasana nyaman dengan tempat parkir yang luas,setahun lalu,5,4,5,Saoenk Cobek Sudiang,Google Maps,2026-05-14 21:13:24
ChdDSUhNMG9nS0VJQ0FnSUM3Z3V5Q3JBRRAB,irma wati,5,,setahun lalu,5,5,5,Saoenk Cobek Sudiang,Google Maps,2026-05-14 21:13:24
ChdDSUhNMG9nS0VJQ0FnSUM3MlBTN3hRRRAB,Real Assagaf,4,,setahun lalu,4,3,4,Saoenk Cobek Sudiang,Google Maps,2026-05-14 21:13:51
ChdDSUhNMG9nS0VJQ0FnSURiMlpES2pBRRAB,PernahDolan,5,,setahun lalu,5,5,5,Saoenk Cobek Sudiang,Google Maps,2026-05-14 21:13:51
ChZDSUhNMG9nS0VJQ0FnSURieVpTWWNBEAE,King Backsound,4,,setahun lalu,,,,Saoenk Cobek Sudiang,Google Maps,2026-05-14 21:13:51
ChdDSUhNMG9nS0VJQ0FnSURiMUtqb3F3RRAB,hermin emi,1,"Harga tdk sesuai dengan porsi
Rasa makan biasa aja
Mana mahal lg",setahun lalu,1,3,3,Saoenk Cobek Sudiang,Google Maps,2026-05-14 21:13:51
ChdDSUhNMG9nS0VJQ0FnSUNibk1LUzRBRRAB,Danial Hamzah,5,Yg mantap kepiting hamburnya 🤤🤤🤤,setahun lalu,5,5,5,Saoenk Cobek Sudiang,Google Maps,2026-05-14 21:13:51
ChdDSUhNMG9nS0VJQ0FnSUNydl9MejJ3RRAB,fransiska sinar,4,,setahun lalu,4,4,5,Saoenk Cobek Sudiang,Google Maps,2026-05-14 21:13:51
ChZDSUhNMG9nS0VJQ0FnSUNyd0pUbE9BEAE,Shaka jho,3,,setahun lalu,,,,Saoenk Cobek Sudiang,Google Maps,2026-05-14 21:13:51
ChZDSUhNMG9nS0VJQ0FnSURMN2N5eUtBEAE,AKBAR Fernandez,5,,setahun lalu,5,5,5,Saoenk Cobek Sudiang,Google Maps,2026-05-14 21:13:51
ChZDSUhNMG9nS0VJQ0FnSUNMOE96NFV3EAE,Ronald Patrick Adipratama,5,,setahun lalu,5,5,4,Saoenk Cobek Sudiang,Google Maps,2026-05-14 21:13:51
ChdDSUhNMG9nS0VJQ0FnSUN6cDQyRHJRRRAB,Ardhy Putra,5,,setahun lalu,5,5,5,Saoenk Cobek Sudiang,Google Maps,2026-05-14 21:13:51
ChdDSUhNMG9nS0VJQ0FnSUN6dy16UThnRRAB,nurhaeni amir,5,"Suka, tempatnya luas.. vip nya luas bisa buat meeting & acara lainnya",setahun lalu,5,5,5,Saoenk Cobek Sudiang,Google Maps,2026-05-14 21:14:18
ChdDSUhNMG9nS0VJQ0FnSUN6cHZpQnh3RRAB,Anadiana Buchary,4,,setahun lalu,,,,Saoenk Cobek Sudiang,Google Maps,2026-05-14 21:14:18
ChdDSUhNMG9nS0VJQ0FnSURUeXZpbDVRRRAB,Sherief Maronie (smaronie),5,👍🏻,setahun lalu,5,5,5,Saoenk Cobek Sudiang,Google Maps,2026-05-14 21:14:18
ChdDSUhNMG9nS0VJQ0FnSURUekxEMDlRRRAB,Taufan Yudhistira,5,"Mantap! Tempatnya luas, tempat parkirnya pun luas. Letaknya strategis. Makanan enak. Pelayanannya bagus.",setahun lalu,,,,Saoenk Cobek Sudiang,Google Maps,2026-05-14 21:14:18
ChdDSUhNMG9nS0VJQ0FnSUNUb183NzhnRRAB,Nurul Afni Eka Putri,5,,setahun lalu,,,,Saoenk Cobek Sudiang,Google Maps,2026-05-14 21:14:18
ChdDSUhNMG9nS0VJQ0FnSUNUb3Z6MC1nRRAB,Irmaserin Pongbura,1,"Pesan kerang Soenkcobek kebanyakan ga ada isinya, terus bebek palekko nya sedikit sekalii beda dengan kemarin2 pas makan disana. Pas bayar dikasir bayarnya ga sesuai dengan bilnya. Dibil 213rb tapi disuruh bayar248rb🥲",2 tahun lalu,5,1,5,Saoenk Cobek Sudiang,Google Maps,2026-05-14 21:14:18
ChZDSUhNMG9nS0VJQ0FnSURqaThhTkNREAE,Muhammad Isnain,4,,2 tahun lalu,,,,Saoenk Cobek Sudiang,Google Maps,2026-05-14 21:14:18
ChZDSUhNMG9nS0VJQ0FnSURqOXFLWWJBEAE,Nuraeni Ristanti Darman,5,,2 tahun lalu,5,5,5,Saoenk Cobek Sudiang,Google Maps,2026-05-14 21:14:18
ChZDSUhNMG9nS0VJQ0FnSURqaHBTY1RnEAE,suci rahayu,5,,2 tahun lalu,,,,Saoenk Cobek Sudiang,Google Maps,2026-05-14 21:14:18
ChdDSUhNMG9nS0VJQ0FnSUNqMmJTUC1RRRAB,Ahmad Zaki,5,,Diedit 2 tahun lalu,5,5,5,Saoenk Cobek Sudiang,Google Maps,2026-05-14 21:14:18
ChZDSUhNMG9nS0VJQ0FnSUNqbU1UZkl3EAE,Rais Thahir,4,Tempatnya bersih,2 tahun lalu,4,4,4,Saoenk Cobek Sudiang,Google Maps,2026-05-14 21:14:44
ChZDSUhNMG9nS0VJQ0FnSUNqaU0zcUxREAE,Ulwa Family,5,,2 tahun lalu,,,,Saoenk Cobek Sudiang,Google Maps,2026-05-14 21:14:44
ChZDSUhNMG9nS0VJQ0FnSUNqb1AzcUx3EAE,Gilang Med.,5,,2 tahun lalu,,,,Saoenk Cobek Sudiang,Google Maps,2026-05-14 21:14:44
ChZDSUhNMG9nS0VJQ0FnSUNqd0pTT0dREAE,selfi haris,4,"Makanannya enak, tempatnya nyaman. Hanya masih perlu memperbaiki kualitas pelayanan, misalnya dalam hal keramahan staff dan kemudahan dalam melakukan pemesanan atau panggilan pelanggan kepada staf. Mungkin kedepan dapat memasang bel atau hal yg menjadi penanda jika ada panggilan customer kepada staff yg sifatnya mendesak agar customer tidak perlu berjalan jauh lagi menuju meja utama. Sukses selalu Saoeng Cobek.",2 tahun lalu,,,,Saoenk Cobek Sudiang,Google Maps,2026-05-14 21:14:44
ChdDSUhNMG9nS0VJQ0FnSUNqZ0pfNG9RRRAB,A. Asyhary,5,"Makanannya enak, dan lokasinya Aistetic",2 tahun lalu,,,,Saoenk Cobek Sudiang,Google Maps,2026-05-14 21:14:44
ChZDSUhNMG9nS0VJQ0FnSUREek9LV0J3EAE,Anton Tao,5,tempatnya aman dan asik,2 tahun lalu,,,,Saoenk Cobek Sudiang,Google Maps,2026-05-14 21:14:44
ChZDSUhNMG9nS0VJQ0FnSUNEbTdXbkVREAE,Asyer Ammay,4,Nyaman. Makanan enak,2 tahun lalu,5,4,4,Saoenk Cobek Sudiang,Google Maps,2026-05-14 21:14:44
ChdDSUhNMG9nS0VJQ0FnSUNEbmVXWGhBRRAB,Ahdiyah Wulandari,3,"Agak mahal krn Makanan rasanya biasa sj. Pelayannya agak jutek2 dan kurang bagus sikapnya ke customer. Underated mnrtku yah. Tidak Rekomended untuk harga, krn rasa dan pelayanan seperti itu. Suasana biasa2 sj. Diperbaiki lg kualitasnya ya. Oiya kalo ditanya mau balik ke resto itu lg atau tdk, sepertinya tidak yah. Terimakasih",2 tahun lalu,3,3,4,Saoenk Cobek Sudiang,Google Maps,2026-05-14 21:14:44
ChdDSUhNMG9nS0VJQ0FnSUNEbXF5ZS1RRRAB,Agus Salim,5,,2 tahun lalu,,,,Saoenk Cobek Sudiang,Google Maps,2026-05-14 21:14:44
ChdDSUhNMG9nS0VJQ0FnSUNEb3JlUnlBRRAB,Ridwan Wawan,4,,2 tahun lalu,,,,Saoenk Cobek Sudiang,Google Maps,2026-05-14 21:14:44
ChdDSUhNMG9nS0VJQ0FnSUNEc1BMUzVnRRAB,Asnida Azis,5,,2 tahun lalu,,,,Saoenk Cobek Sudiang,Google Maps,2026-05-14 21:15:11
ChZDSUhNMG9nS0VJQ0FnSUQ5OHJ2V2VREAE,Ulfa Zain,5,,2 tahun lalu,5,5,5,Saoenk Cobek Sudiang,Google Maps,2026-05-14 21:15:11
ChdDSUhNMG9nS0VJQ0FnSUM5aGNiT2tRRRAB,Ririn Oktaviasari,4,Enak sih.. ikan bakar ricanya.. manteep pooll.. klo cari tempat daerah sini ala2 saunk..bisalah direkomenadsikan,2 tahun lalu,4,4,4,Saoenk Cobek Sudiang,Google Maps,2026-05-14 21:15:11
ChdDSUhNMG9nS0VJQ0FnSUM5OXJtOTNRRRAB,Fajril Nur,3,,2 tahun lalu,,,,Saoenk Cobek Sudiang,Google Maps,2026-05-14 21:15:11
ChdDSUhNMG9nS0VJQ0FnSURkcFlpbGtRRRAB,Kezia Tonengan,5,,2 tahun lalu,4,5,4,Saoenk Cobek Sudiang,Google Maps,2026-05-14 21:15:11
ChZDSUhNMG9nS0VJQ0FnSURkMXBqLUlnEAE,Riandi Gusni,4,,2 tahun lalu,,,,Saoenk Cobek Sudiang,Google Maps,2026-05-14 21:15:11
ChZDSUhNMG9nS0VJQ0FnSURkOE1HTVBREAE,Farid Andika,5,"Suasananya luar biasa, dengan suasana saung dan ikan di bawah kami. Saya mencoba cumi saos asam manis dan cumi goreng tepung, keduanya enak dan segar. Namun, saya kurang suka ayam bakar madunya; baunya agak aneh.",2 tahun lalu,5,5,5,Saoenk Cobek Sudiang,Google Maps,2026-05-14 21:15:11
ChdDSUhNMG9nS0VJQ0FnSURkd0lpZC1RRRAB,Andi Muhammad Irfan,5,,2 tahun lalu,,,,Saoenk Cobek Sudiang,Google Maps,2026-05-14 21:15:11
ChdDSUhNMG9nS0VJQ0FnSUR0aDdueW5nRRAB,stanly dj,5,,2 tahun lalu,,,,Saoenk Cobek Sudiang,Google Maps,2026-05-14 21:15:11
ChZDSUhNMG9nS0VJQ0FnSUR0cHBEeFZBEAE,Nikotiyanto Dwi Cahyono,5,,2 tahun lalu,5,5,5,Saoenk Cobek Sudiang,Google Maps,2026-05-14 21:15:11
ChZDSUhNMG9nS0VJQ0FnSUR0a0xtUmFnEAE,Iskandar Karang,5,,2 tahun lalu,,,,Saoenk Cobek Sudiang,Google Maps,2026-05-14 21:15:44
ChZDSUhNMG9nS0VJQ0FnSUROMzgzVVZBEAE,Basir Nusu,5,,2 tahun lalu,5,5,5,Saoenk Cobek Sudiang,Google Maps,2026-05-14 21:15:44
ChZDSUhNMG9nS0VJQ0FnSURObThmWGVBEAE,Nandho Baus,4,,2 tahun lalu,,,,Saoenk Cobek Sudiang,Google Maps,2026-05-14 21:15:44
ChZDSUhNMG9nS0VJQ0FnSURObUtQR0x3EAE,Indra jaya,5,,2 tahun lalu,5,5,5,Saoenk Cobek Sudiang,Google Maps,2026-05-14 21:15:44
ChRDSUhNMG9nS0VJQ0FnSUROeU1FaRAB,novianty yasin,5,Suasana bagus. Makanan enak.,2 tahun lalu,,,,Saoenk Cobek Sudiang,Google Maps,2026-05-14 21:15:44
ChZDSUhNMG9nS0VJQ0FnSUNKNnJ2ZUF3EAE,By Afif,5,"Rasa makanannya enak. Mantulll. Fasilitas pelengkap (Mushalla, parkir) okee...
Puas pokoknya.",Diedit 2 tahun lalu,5,5,5,Saoenk Cobek Sudiang,Google Maps,2026-05-14 21:15:44
ChZDSUhNMG9nS0VJQ0FnSUNOejhlMGN3EAE,H.Bornew,4,,2 tahun lalu,,,,Saoenk Cobek Sudiang,Google Maps,2026-05-14 21:15:44
ChZDSUhNMG9nS0VJQ0FnSUQxa1lpTE13EAE,MARLINAH ARHAM ALAM,5,,2 tahun lalu,,,,Saoenk Cobek Sudiang,Google Maps,2026-05-14 21:15:44
ChZDSUhNMG9nS0VJQ0FnSUQxcXVES1VBEAE,Idin Arifin,5,,2 tahun lalu,,,,Saoenk Cobek Sudiang,Google Maps,2026-05-14 21:15:44
ChdDSUhNMG9nS0VJQ0FnSUQxMHNtTGxnRRAB,Syafril Mile,5,,2 tahun lalu,5,5,5,Saoenk Cobek Sudiang,Google Maps,2026-05-14 21:15:44
ChZDSUhNMG9nS0VJQ0FnSUMxLWNqQUtBEAE,Arif Kusharyadi,5,,2 tahun lalu,5,4,5,Saoenk Cobek Sudiang,Google Maps,2026-05-14 21:16:11
ChdDSUhNMG9nS0VJQ0FnSUMxNGVQQ293RRAB,Alfian Massagony,5,"Jika Anda mencari pengalaman bersantap yang unik di Makassar, restoran ini layak dipertimbangkan, terutama jika Anda berencana berkunjung bersama rombongan atau keluarga. Meskipun harganya mungkin tergolong agak mahal, rasa makanannya tidak diragukan lagi sangat lezat. Namun, respons tim reservasi kurang memuaskan. Meskipun bisa melakukan reservasi melalui WhatsApp, kami harus mengunjungi restoran secara langsung karena tidak mendapat respons di aplikasi tersebut. Terlebih lagi, bahkan setelah memberi tahu tim tentang preferensi menu kami dan membayar uang muka, tim administrasi masih membutuhkan waktu untuk merespons. Terlepas dari masalah kecil ini, saya tetap merekomendasikan restoran ini karena pengalaman bersantapnya yang unik dan makanannya yang fantastis.",2 tahun lalu,4,3,5,Saoenk Cobek Sudiang,Google Maps,2026-05-14 21:16:11
ChZDSUhNMG9nS0VJQ0FnSUMxcnJPZkVREAE,Faris Farrish,4,"Senang kami bisa di jamu dengan cukup baik.
Beberapa waiters mungkin bisa lebih baik. Sebaiknya kalau mau mengambil sesuatu yang sudah ada di atas meja, memberi informasi yang baik kepada custumer.
Soal makanan mungkin chef nya sedikit kelelahan. Jangan sampai ekspektasi konsumen tengtang makanan yang terlihat enak tapi tidak memiliki rasa.",2 tahun lalu,4,4,3,Saoenk Cobek Sudiang,Google Maps,2026-05-14 21:16:11
ChRDSUhNMG9nS0VJQ0FnSUMxdXZwZxAB,Faizal,5,,2 tahun lalu,5,5,5,Saoenk Cobek Sudiang,Google Maps,2026-05-14 21:16:11
ChZDSUhNMG9nS0VJQ0FnSUMxb3ZPeVlREAE,Nasrullah,1,"Harga mahal, lalat banyak, ikannya tidak segar, pelayanannya tidak rama",2 tahun lalu,1,1,5,Saoenk Cobek Sudiang,Google Maps,2026-05-14 21:16:11
ChdDSUhNMG9nS0VJQ0FnSUMxd3NtenlRRRAB,Indah Chairunisa,4,Suasananya bagus,2 tahun lalu,3,4,5,Saoenk Cobek Sudiang,Google Maps,2026-05-14 21:16:11
ChZDSUhNMG9nS0VJQ0FnSURWajg3WE5nEAE,Airlangga Arung Budita,4,Mantap 👍,2 tahun lalu,4,4,,Saoenk Cobek Sudiang,Google Maps,2026-05-14 21:16:11
ChdDSUhNMG9nS0VJQ0FnSURWX1pMdzFnRRAB,Arief,5,,2 tahun lalu,5,5,5,Saoenk Cobek Sudiang,Google Maps,2026-05-14 21:16:11
ChdDSUhNMG9nS0VJQ0FnSURWOXU3eXh3RRAB,SaifuL AE,5,"Tempat bersih, pelayanan cepat dan baik, suasana nyaman. Recomended",2 tahun lalu,5,5,5,Saoenk Cobek Sudiang,Google Maps,2026-05-14 21:16:11
ChdDSUhNMG9nS0VJQ0FnSURWcXAtNjF3RRAB,Ramsiah Rachmat,4,Suasana bagus.. rasa makanan lumayan.. agak mahal sih menurutku..,2 tahun lalu,4,4,5,Saoenk Cobek Sudiang,Google Maps,2026-05-14 21:16:11
ChZDSUhNMG9nS0VJQ0FnSUNWbHRyak9nEAE,Irvan Nawir,5,Harga mahal,2 tahun lalu,5,5,5,Saoenk Cobek Sudiang,Google Maps,2026-05-14 21:16:38
ChdDSUhNMG9nS0VJQ0FnSUNWeEliWHB3RRAB,Achmad Jaya,5,,2 tahun lalu,,,,Saoenk Cobek Sudiang,Google Maps,2026-05-14 21:16:38
ChZDSUhNMG9nS0VJQ0FnSURsMnN6TUZnEAE,Chihaya,4,"Tempat yang luas untuk dikunjungi makan bersama dengan banyak orang. Makanannya enak dan pas dengan lidah anak-anak dan orang dewasa.

Untuk tempat, gazebonya kurang dan terkadang harus reservasi dulu jika ingin mendapatkan tempat. Kurang sejuk walaupun sudah ditambah dengan kipas. Kurang spot foto jika ingin mengabadikan momen bersama.

Mudah dalam memesan dan pelayanannya ramah.",2 tahun lalu,5,4,3,Saoenk Cobek Sudiang,Google Maps,2026-05-14 21:16:38
ChdDSUhNMG9nS0VJQ0FnSURsMHFyMjN3RRAB,M. Taufan B,4,,2 tahun lalu,,,,Saoenk Cobek Sudiang,Google Maps,2026-05-14 21:16:38
ChZDSUhNMG9nS0VJQ0FnSUNsallpMlVBEAE,Hasan Soleh,4,Gasibu-gasibu di atas kolam ikan,2 tahun lalu,4,4,4,Saoenk Cobek Sudiang,Google Maps,2026-05-14 21:16:38
ChdDSUhNMG9nS0VJQ0FnSUNsbVpXWHVBRRAB,Renbooo,4,"Selalu jadi tempat makan keluarga, hanya saja saat terakhir kali makan kepiting nampannya kerangnya gak dikit bgt. Dan kolam ikannya pada kosong, hanya 1 yg ada air dan ikannya 😅",2 tahun lalu,4,5,4,Saoenk Cobek Sudiang,Google Maps,2026-05-14 21:16:38
ChdDSUhNMG9nS0VJQ0FnSUNsanNmX3hRRRAB,Andi Muhammad Randy Aman,4,,2 tahun lalu,4,3,4,Saoenk Cobek Sudiang,Google Maps,2026-05-14 21:16:38
ChZDSUhNMG9nS0VJQ0FnSUNsLXRmSlRBEAE,Diman CH,5,,2 tahun lalu,,,,Saoenk Cobek Sudiang,Google Maps,2026-05-14 21:16:38
ChdDSUhNMG9nS0VJQ0FnSUNsNUp6aG1BRRAB,Hasrul Harun,5,,2 tahun lalu,3,3,3,Saoenk Cobek Sudiang,Google Maps,2026-05-14 21:16:38
ChdDSUhNMG9nS0VJQ0FnSURGbThmeV9BRRAB,Suryo,4,,2 tahun lalu,4,4,4,Saoenk Cobek Sudiang,Google Maps,2026-05-14 21:16:38
ChZDSUhNMG9nS0VJQ0FnSURGNXNiNFlREAE,TONI KALA,5,,2 tahun lalu,,,,Saoenk Cobek Sudiang,Google Maps,2026-05-14 21:17:05
ChZDSUhNMG9nS0VJQ0FnSURGMnBqRmZnEAE,adit MAWP,5,,2 tahun lalu,5,5,5,Saoenk Cobek Sudiang,Google Maps,2026-05-14 21:17:05
ChdDSUhNMG9nS0VJQ0FnSURGcVAyTHlnRRAB,Raodah Naim,5,Direkomendasikan,2 tahun lalu,,,,Saoenk Cobek Sudiang,Google Maps,2026-05-14 21:17:05
ChZDSUhNMG9nS0VJQ0FnSUNGblpINmRREAE,Mabrur Resky,1,Pelayannya Jutek.... Attitude Buruk,2 tahun lalu,2,1,3,Saoenk Cobek Sudiang,Google Maps,2026-05-14 21:17:05
ChdDSUhNMG9nS0VJQ0FnSUNGemFTempnRRAB,akhnan rizaldy,4,,2 tahun lalu,5,4,4,Saoenk Cobek Sudiang,Google Maps,2026-05-14 21:17:05
ChZDSUhNMG9nS0VJQ0FnSUNGNE5PX1V3EAE,Jum Raini,5,,2 tahun lalu,,,,Saoenk Cobek Sudiang,Google Maps,2026-05-14 21:17:05
ChdDSUhNMG9nS0VJQ0FnSUNwb0pEVWhRRRAB,al jupe,4,,Diedit 2 tahun lalu,4,4,4,Saoenk Cobek Sudiang,Google Maps,2026-05-14 21:17:05
ChdDSUhNMG9nS0VJQ0FnSUQ1Z1ltazRRRRAB,R Dee,5,,2 tahun lalu,,,,Saoenk Cobek Sudiang,Google Maps,2026-05-14 21:17:05
ChZDSUhNMG9nS0VJQ0FnSUQ1MnZMdUhnEAE,Nurtahny Tahnyy,5,,2 tahun lalu,5,5,4,Saoenk Cobek Sudiang,Google Maps,2026-05-14 21:17:05
ChZDSUhNMG9nS0VJQ0FnSUM1LTdTWlVREAE,Roslan Takeshi,5,Recomended lah!!!!!!,2 tahun lalu,5,5,5,Saoenk Cobek Sudiang,Google Maps,2026-05-14 21:17:05
ChdDSUhNMG9nS0VJQ0FnSURaX1k2MWtBRRAB,Slamet Widodo,5,,2 tahun lalu,5,5,5,Saoenk Cobek Sudiang,Google Maps,2026-05-14 21:17:38
ChdDSUhNMG9nS0VJQ0FnSURaemZ5MnhRRRAB,Fatma Fate',5,,2 tahun lalu,,,,Saoenk Cobek Sudiang,Google Maps,2026-05-14 21:17:38
ChdDSUhNMG9nS0VJQ0FnSURabGZPS3VnRRAB,IFHN KHLF,5,,2 tahun lalu,,,,Saoenk Cobek Sudiang,Google Maps,2026-05-14 21:17:38
ChZDSUhNMG9nS0VJQ0FnSURabkpISFF3EAE,Bro M,3,,2 tahun lalu,,3,5,Saoenk Cobek Sudiang,Google Maps,2026-05-14 21:17:38
ChZDSUhNMG9nS0VJQ0FnSUNabjZpWlVREAE,Deisy Thursiana,4,Tempat dan makanannya cukup bagus harga juga membumi,2 tahun lalu,4,4,4,Saoenk Cobek Sudiang,Google Maps,2026-05-14 21:17:38
ChZDSUhNMG9nS0VJQ0FnSUNadDZXa0R3EAE,Tomi Santoso,5,,2 tahun lalu,5,4,5,Saoenk Cobek Sudiang,Google Maps,2026-05-14 21:17:38
ChZDSUhNMG9nS0VJQ0FnSUNabE5XcmJBEAE,Fitriani Haris,5,enakkk,2 tahun lalu,,,,Saoenk Cobek Sudiang,Google Maps,2026-05-14 21:17:38
ChZDSUhNMG9nS0VJQ0FnSUNaLU15OGVnEAE,Isma Purnama sari,5,,2 tahun lalu,5,4,5,Saoenk Cobek Sudiang,Google Maps,2026-05-14 21:17:38
ChZDSUhNMG9nS0VJQ0FnSUNadU5MOE5REAE,Mozdeo Kepanjen,5,Sungguh mantabs,2 tahun lalu,5,5,5,Saoenk Cobek Sudiang,Google Maps,2026-05-14 21:17:38
ChdDSUhNMG9nS0VJQ0FnSUNaNEk2dnVBRRAB,ranni resnia,4,,2 tahun lalu,4,3,3,Saoenk Cobek Sudiang,Google Maps,2026-05-14 21:17:38
ChZDSUhNMG9nS0VJQ0FnSURwOThQcUZREAE,Mohammad Ali Jinnah,5,Mantap rasanya,2 tahun lalu,5,5,5,Saoenk Cobek Sudiang,Google Maps,2026-05-14 21:18:05
ChdDSUhNMG9nS0VJQ0FnSURwazVpNHhBRRAB,MUHAMMAD TAYYIB,3,"Rasa lumayan (perlu sedikit garam) , sambel cabe ijo enak, pelayanan baik",2 tahun lalu,3,5,4,Saoenk Cobek Sudiang,Google Maps,2026-05-14 21:18:05
ChZDSUhNMG9nS0VJQ0FnSURwcWZ2R0pBEAE,Saifullah Yusuf,4,,2 tahun lalu,4,4,3,Saoenk Cobek Sudiang,Google Maps,2026-05-14 21:18:05
ChZDSUhNMG9nS0VJQ0FnSURwbUx1M05nEAE,Ahmad Sidiq Yusuf,5,,2 tahun lalu,5,5,5,Saoenk Cobek Sudiang,Google Maps,2026-05-14 21:18:05
ChdDSUhNMG9nS0VJQ0FnSUNwdDVtd2hBRRAB,Harun Hakim,5,Tempat makan area dekat kantor Polda Sulsel,2 tahun lalu,,,,Saoenk Cobek Sudiang,Google Maps,2026-05-14 21:18:05
ChZDSUhNMG9nS0VJQ0FnSUNwaWVtZ1JREAE,sukri uki,3,"Makanan agak mahal dan gorengan nya masih berminyak sekali disajikan seharusnya ditiris baik2 dl., tp suasana lumayan baik",2 tahun lalu,3,3,4,Saoenk Cobek Sudiang,Google Maps,2026-05-14 21:18:05
ChZDSUhNMG9nS0VJQ0FnSUNwbnNieWF3EAE,Roshdiana Roshdiana,5,,2 tahun lalu,,,,Saoenk Cobek Sudiang,Google Maps,2026-05-14 21:18:05
ChdDSUhNMG9nS0VJQ0FnSUNwN3VlajBnRRAB,Herlina Elhyad,1,,2 tahun lalu,,,,Saoenk Cobek Sudiang,Google Maps,2026-05-14 21:18:05
ChZDSUhNMG9nS0VJQ0FnSUNwekp2Nkl3EAE,Andi Marwati,4,,2 tahun lalu,,,,Saoenk Cobek Sudiang,Google Maps,2026-05-14 21:18:05
ChZDSUhNMG9nS0VJQ0FnSURKbGZxUEFnEAE,Joko Suhardiman,4,,2 tahun lalu,5,3,4,Saoenk Cobek Sudiang,Google Maps,2026-05-14 21:18:05
ChdDSUhNMG9nS0VJQ0FnSURKaGJIUjdBRRAB,Akka -,3,,2 tahun lalu,3,4,3,Saoenk Cobek Sudiang,Google Maps,2026-05-14 21:18:32
ChZDSUhNMG9nS0VJQ0FnSURKc2NiZVVBEAE,Hikmat Faisal Azhar,4,,2 tahun lalu,4,4,5,Saoenk Cobek Sudiang,Google Maps,2026-05-14 21:18:32
ChdDSUhNMG9nS0VJQ0FnSURKc3FyRjVnRRAB,Pik_topik,4,"Tempat luas, masakan juga enak",2 tahun lalu,4,4,4,Saoenk Cobek Sudiang,Google Maps,2026-05-14 21:18:32
ChZDSUhNMG9nS0VJQ0FnSURKNU5QOURREAE,Fadhilah Azis,5,,2 tahun lalu,,,,Saoenk Cobek Sudiang,Google Maps,2026-05-14 21:18:32
ChZDSUhNMG9nS0VJQ0FnSUNKOTZtamJREAE,Kharuniantha,5,,2 tahun lalu,,,,Saoenk Cobek Sudiang,Google Maps,2026-05-14 21:18:32
ChdDSUhNMG9nS0VJQ0FnSUNKeS1XOWh3RRAB,Lizha Aulya,5,,2 tahun lalu,,,,Saoenk Cobek Sudiang,Google Maps,2026-05-14 21:18:32
ChdDSUhNMG9nS0VJQ0FnSUNKdGJyU3ZBRRAB,bangun dwi prasetyo,5,"Tempat makan yg cukup strategis di daeng Ramang, Makassar. Tempat bersih, parkir cukup luas. Silahkan mencoba sendiri y gaes menu makanannya",2 tahun lalu,4,5,5,Saoenk Cobek Sudiang,Google Maps,2026-05-14 21:18:32
ChZDSUhNMG9nS0VJQ0FnSUNKLWFfYktBEAE,Alya Fadhilah,5,,2 tahun lalu,,,,Saoenk Cobek Sudiang,Google Maps,2026-05-14 21:18:32
ChdDSUhNMG9nS0VJQ0FnSUNKNFlYdTFRRRAB,Aisyah Amin,4,Bersih...makanan enak toilet bersih..,2 tahun lalu,,,,Saoenk Cobek Sudiang,Google Maps,2026-05-14 21:18:32
ChZDSUhNMG9nS0VJQ0FnSUNKd3VPMlZBEAE,Etik Setyawati,5,"lezzaatooo.....
ramah , cepat, nyaman dan nikmaaattt",2 tahun lalu,,,,Saoenk Cobek Sudiang,Google Maps,2026-05-14 21:18:32
ChZDSUhNMG9nS0VJQ0FnSUNKNkphdmFnEAE,Lola Adriana N.,4,,2 tahun lalu,,,,Saoenk Cobek Sudiang,Google Maps,2026-05-14 21:18:59
ChZDSUhNMG9nS0VJQ0FnSUR4My12dk13EAE,Trijaka Perkasa,5,,2 tahun lalu,,,,Saoenk Cobek Sudiang,Google Maps,2026-05-14 21:18:59
ChdDSUhNMG9nS0VJQ0FnSUR4ZzZLQnpnRRAB,NHP,4,"Tempat ini sangat dekat dengan Hotel Harper, dan nyaman untuk keluarga. Gazebo (saung) bukan satu-satunya pilihan, mereka juga memiliki lantai dua dan ruang VIP untuk tempat yang lebih luas.

Parkirnya bagus dan terasa aman, karyawannya cepat tanggap, dan pesanan minuman datang lebih dulu, sambil menunggu makanan. Bagus.

Tentang makanan, rasanya enak, hanya sedikit manis, yang mungkin tidak sesuai selera semua orang.

Tentang pelayanan pelayan, saya mungkin mengatakan responsnya cepat, tetapi perlu beberapa peningkatan dalam penyajian makanan ke meja.

Kesimpulannya, tempat ini bagus, nyaman, dan ramah keluarga, dekat dengan jalan umum dan jalan utama... Dan makanannya enak dan memiliki banyak pilihan.
Yang terakhir, yang mungkin menjadi pertimbangan utama, harganya wajar.

Seperti ini.",2 tahun lalu,4,3,4,Saoenk Cobek Sudiang,Google Maps,2026-05-14 21:18:59
ChZDSUhNMG9nS0VJQ0FnSUR4NFpHdFFnEAE,AGUSTINUS SIMBACHS,4,Gak terlalu cocok buat lidah aqyu,2 tahun lalu,4,4,5,Saoenk Cobek Sudiang,Google Maps,2026-05-14 21:18:59
ChdDSUhNMG9nS0VJQ0FnSUR4LU5LUGlRRRAB,rara ananda,5,"Selalu langganan di resto ini, bawa keluarga dn kerabat soalnya tdk trll jauh dr rumah. Rasa masakan semua menu enakkk, pelayanan ok, nggak perlu menunggu waktu lama semua makanan siap dibawa ke gazebo. Tingkatkan yah 👍👍👍",2 tahun lalu,5,5,5,Saoenk Cobek Sudiang,Google Maps,2026-05-14 21:18:59
ChdDSUhNMG9nS0VJQ0FnSUR4bUpfX19nRRAB,Anthyque Bachtiar,5,,2 tahun lalu,,,,Saoenk Cobek Sudiang,Google Maps,2026-05-14 21:18:59
ChdDSUhNMG9nS0VJQ0FnSUN4OTZTYW13RRAB,Asni Rasyid,5,,2 tahun lalu,5,5,5,Saoenk Cobek Sudiang,Google Maps,2026-05-14 21:18:59
ChZDSUhNMG9nS0VJQ0FnSUN4MS1TRmZBEAE,ali parman,5,Mantapplah 😍🥳,2 tahun lalu,5,5,5,Saoenk Cobek Sudiang,Google Maps,2026-05-14 21:18:59
ChdDSUhNMG9nS0VJQ0FnSUN4Mjd2SGp3RRAB,Sumayyah Ahmas,2,"Kemahalan, makan berdua pesan kakap bakar dan es campur + air mineral 300.000 lebih",2 tahun lalu,3,3,3,Saoenk Cobek Sudiang,Google Maps,2026-05-14 21:18:59
ChdDSUhNMG9nS0VJQ0FnSUN4eVo2ZTJ3RRAB,Jihan Gouw,4,"Suasananya enak, cmn untuk makananya nunggu cukup lama dan kadang rasanya agak hambar menurut ku dan agak pricey",2 tahun lalu,4,4,5,Saoenk Cobek Sudiang,Google Maps,2026-05-14 21:18:59
ChZDSUhNMG9nS0VJQ0FnSUN4b3NEdFBnEAE,Fredyan Cahyokusumo,5,"Nyaman, makanan juga enak walaupun harga sedikit agak lebih mahal..",Diedit 2 tahun lalu,5,5,5,Saoenk Cobek Sudiang,Google Maps,2026-05-14 21:19:26
ChdDSUhNMG9nS0VJQ0FnSUN4anByUnRnRRAB,Ruth Mamahit,4,"Suasana menyenangkan.
Makanannya enaaak².
layanannya bagus..ramah²👌",2 tahun lalu,4,5,4,Saoenk Cobek Sudiang,Google Maps,2026-05-14 21:19:26
ChZDSUhNMG9nS0VJQ0FnSUN4MXB5ekxBEAE,Rendra Tristar,5,Tempatnya cozy,2 tahun lalu,,,,Saoenk Cobek Sudiang,Google Maps,2026-05-14 21:19:26
ChZDSUhNMG9nS0VJQ0FnSUN4LXNmYkdREAE,Koko Pras,3,"Tempat Makanan olahan seafood, dari rasa agak kurang, bersih tempatnya, untuk harga masih standard sesuai, ada nuansa saung Untuk tempat makanya dan kolam.
Parkir luas dan pelayanan cepat",2 tahun lalu,3,5,4,Saoenk Cobek Sudiang,Google Maps,2026-05-14 21:19:26
ChZDSUhNMG9nS0VJQ0FnSUN4MHR1WkVnEAE,Junior Thenring,3,,3 tahun lalu,3,2,3,Saoenk Cobek Sudiang,Google Maps,2026-05-14 21:19:26
ChdDSUhNMG9nS0VJQ0FnSUN4a28tbmhRRRAB,Reza Pares,5,Pelayananx cepat dan rama. Cocok temapat makan sekeluarga dan rombongan,3 tahun lalu,5,5,5,Saoenk Cobek Sudiang,Google Maps,2026-05-14 21:19:26
ChdDSUhNMG9nS0VJQ0FnSUN4Z3FLcnNRRRAB,erwanti abdullah,5,"Tersedia Gazebo dgn view kolam ikan,area indoor, ikan bakar star from 90k (medium) 110k (L) ada udang,cumi dan seafood lainnya, tersedia menu ayam kampung, nyaman buat anak bermain",3 tahun lalu,,,,Saoenk Cobek Sudiang,Google Maps,2026-05-14 21:19:26
ChdDSUhNMG9nS0VJQ0FnSUN4X05ieG53RRAB,Marini Arisandy,5,,3 tahun lalu,4,4,4,Saoenk Cobek Sudiang,Google Maps,2026-05-14 21:19:26
ChdDSUhNMG9nS0VJQ0FnSUN4NU9hd2lnRRAB,Afryan Afandi,5,Enak n mantul,3 tahun lalu,5,5,5,Saoenk Cobek Sudiang,Google Maps,2026-05-14 21:19:26
ChZDSUhNMG9nS0VJQ0FnSUN4cE5YMFRREAE,ICHAL REZALDI,3,,3 tahun lalu,3,5,5,Saoenk Cobek Sudiang,Google Maps,2026-05-14 21:19:26
ChZDSUhNMG9nS0VJQ0FnSUN4aU9lX0xBEAE,yoseph danyel,5,,3 tahun lalu,,,,Saoenk Cobek Sudiang,Google Maps,2026-05-14 21:19:52
ChZDSUhNMG9nS0VJQ0FnSURSOTQ3RlZBEAE,ajies tuasikal,5,,3 tahun lalu,,,,Saoenk Cobek Sudiang,Google Maps,2026-05-14 21:19:52
ChdDSUhNMG9nS0VJQ0FnSURSbThudW13RRAB,astri febriyanti,5,,3 tahun lalu,5,5,5,Saoenk Cobek Sudiang,Google Maps,2026-05-14 21:19:52
ChdDSUhNMG9nS0VJQ0FnSURSdnVmVGd3RRAB,Arista Urina,4,,Diedit 3 tahun lalu,4,3,4,Saoenk Cobek Sudiang,Google Maps,2026-05-14 21:19:52
ChdDSUhNMG9nS0VJQ0FnSURSd2V1Q3ZRRRAB,Hardiyanti Anti,5,"Lokasi dekat rumah. Cocok untuk berkumpul bersama keluarga , reunian bersama teman2 dan sahabat.",Diedit 3 tahun lalu,4,4,4,Saoenk Cobek Sudiang,Google Maps,2026-05-14 21:19:52
ChZDSUhNMG9nS0VJQ0FnSURSdWFMV0Z3EAE,Rio Ramadhany,4,"Alhamdulillah, terimakasih saoenk cobek :)",3 tahun lalu,4,3,4,Saoenk Cobek Sudiang,Google Maps,2026-05-14 21:19:52
ChdDSUhNMG9nS0VJQ0FnSURSanR1NXl3RRAB,Besse fitriani,5,,3 tahun lalu,,,,Saoenk Cobek Sudiang,Google Maps,2026-05-14 21:19:52
ChdDSUhNMG9nS0VJQ0FnSUR1OWQ3QzNBRRAB,Anto Kota Daeng,3,Tempatx sangat bagus dgn gasebox yg cantik dan tidak panas,Diedit 3 tahun lalu,3,1,4,Saoenk Cobek Sudiang,Google Maps,2026-05-14 21:19:52
ChdDSUhNMG9nS0VJQ0FnSURScHZLMzF3RRAB,Rahmad Tarigan,5,Makannya enak2.....,3 tahun lalu,,,,Saoenk Cobek Sudiang,Google Maps,2026-05-14 21:19:52
ChdDSUhNMG9nS0VJQ0FnSURSaFBLRmhRRRAB,Syah Munawar Kariopo,5,,3 tahun lalu,,,,Saoenk Cobek Sudiang,Google Maps,2026-05-14 21:19:52
ChZDSUhNMG9nS0VJQ0FnSURSeUxiSVZnEAE,Muh. Jamal Family,5,Setuju,3 tahun lalu,,,,Saoenk Cobek Sudiang,Google Maps,2026-05-14 21:20:20
ChZDSUhNMG9nS0VJQ0FnSURSaU4tbWVnEAE,Sukma Abadi,5,Pokoknya Mantap,3 tahun lalu,5,5,5,Saoenk Cobek Sudiang,Google Maps,2026-05-14 21:20:20
ChZDSUhNMG9nS0VJQ0FnSURSb01iMU9nEAE,Patawari A Rahim,5,,3 tahun lalu,,,,Saoenk Cobek Sudiang,Google Maps,2026-05-14 21:20:20
ChZDSUhNMG9nS0VJQ0FnSUNSel9qcWVnEAE,vava fatchurochman,5,,3 tahun lalu,5,5,5,Saoenk Cobek Sudiang,Google Maps,2026-05-14 21:20:20
ChZDSUhNMG9nS0VJQ0FnSUNSeDVfdkd3EAE,Najamuddin Uddin,1,,3 tahun lalu,2,4,4,Saoenk Cobek Sudiang,Google Maps,2026-05-14 21:20:20
ChdDSUhNMG9nS0VJQ0FnSUNSbTRmRzdBRRAB,Isra Wati,5,Bukber kemarin enak disini.,3 tahun lalu,4,4,5,Saoenk Cobek Sudiang,Google Maps,2026-05-14 21:20:20
ChdDSUhNMG9nS0VJQ0FnSUNSNjY2bS1nRRAB,Muhammad Abrar,4,"Tempat makan bersamamu keluarga dan teman teman yang nyaman.

Makanan yang dihidangkan sangat variatif dan lumayan dalam penyajiannya.

Layanan pun cepat dengan reservasi tempat dengan macam pilihan gazebo outdoor di atas kolam ikan dan area tertutup dengan fasilitas ruang AC yangblumayan besar muat sampai 20-30 orang.

Suasana nyaman lengkap dengan fasilitas musholla yang muat sampai 10 orang.

Tempat parkir juga lumayan luas mampu memuat 20an mobil dan motor yang lebih banyak lagi.

Recommended untuk Arisan dan Rapat",3 tahun lalu,4,4,5,Saoenk Cobek Sudiang,Google Maps,2026-05-14 21:20:20
ChZDSUhNMG9nS0VJQ0FnSUNSbzlhUlVnEAE,Rudie Murdiyanto,4,,3 tahun lalu,4,4,4,Saoenk Cobek Sudiang,Google Maps,2026-05-14 21:20:20
ChdDSUhNMG9nS0VJQ0FnSUNSdzlyQXNnRRAB,Irma Amelya,5,,3 tahun lalu,5,5,5,Saoenk Cobek Sudiang,Google Maps,2026-05-14 21:20:20
ChZDSUhNMG9nS0VJQ0FnSUNSX1ppX0hBEAE,amma Nadsir,5,,3 tahun lalu,5,5,5,Saoenk Cobek Sudiang,Google Maps,2026-05-14 21:20:20
ChdDSUhNMG9nS0VJQ0FnSUNSM2ItSTdBRRAB,Sangkala' Bekerja Indonesia,5,Mantappp,3 tahun lalu,,,,Saoenk Cobek Sudiang,Google Maps,2026-05-14 21:20:50
ChdDSUhNMG9nS0VJQ0FnSUNSdXJiM25nRRAB,Hasan Apandi,4,,3 tahun lalu,4,4,4,Saoenk Cobek Sudiang,Google Maps,2026-05-14 21:20:50
ChdDSUhNMG9nS0VJQ0FnSUNSOHJpMmtBRRAB,Eka Hardian SBA,4,,3 tahun lalu,,,,Saoenk Cobek Sudiang,Google Maps,2026-05-14 21:20:50
ChdDSUhNMG9nS0VJQ0FnSUNSM0wtbjJBRRAB,Irsyadi Siradjuddin,5,,3 tahun lalu,,,,Saoenk Cobek Sudiang,Google Maps,2026-05-14 21:20:50
ChZDSUhNMG9nS0VJQ0FnSUNSZ01uemFnEAE,Sri Wahyuningsi-Aluna,5,,3 tahun lalu,,,,Saoenk Cobek Sudiang,Google Maps,2026-05-14 21:20:50
ChdDSUhNMG9nS0VJQ0FnSURobjZlTzRBRRAB,A. Mohamad Boynawan,5,,3 tahun lalu,4,5,5,Saoenk Cobek Sudiang,Google Maps,2026-05-14 21:20:50
ChdDSUhNMG9nS0VJQ0FnSURodC1PSjd3RRAB,Andha Alwy,5,"Perfect, pokoknya.",3 tahun lalu,5,5,5,Saoenk Cobek Sudiang,Google Maps,2026-05-14 21:20:50
ChZDSUhNMG9nS0VJQ0FnSURoczYyN1NBEAE,Giofani Nur Putri Argenza,5,,3 tahun lalu,,,,Saoenk Cobek Sudiang,Google Maps,2026-05-14 21:20:50
ChdDSUhNMG9nS0VJQ0FnSURoNlkyUWxnRRAB,Budiyono,5,Mantap,3 tahun lalu,5,5,5,Saoenk Cobek Sudiang,Google Maps,2026-05-14 21:20:50
ChZDSUhNMG9nS0VJQ0FnSURoeWVuMEl3EAE,Ahmad lala,5,,3 tahun lalu,5,5,5,Saoenk Cobek Sudiang,Google Maps,2026-05-14 21:20:50
ChdDSUhNMG9nS0VJQ0FnSURoNFllaG1RRRAB,Muhammad Shena,5,"Seafoodnya enak.
Ikan bakarnya enak.
Otak otaknya padat dan enak",3 tahun lalu,5,5,5,Saoenk Cobek Sudiang,Google Maps,2026-05-14 21:21:20
ChdDSUhNMG9nS0VJQ0FnSURocnBqZTdBRRAB,Nur Eni,1,,3 tahun lalu,,,,Saoenk Cobek Sudiang,Google Maps,2026-05-14 21:21:20
ChZDSUhNMG9nS0VJQ0FnSURoMW9uaEJREAE,Puthut,5,,3 tahun lalu,,,,Saoenk Cobek Sudiang,Google Maps,2026-05-14 21:21:20
ChdDSUhNMG9nS0VJQ0FnSURoeHN5dmxnRRAB,Trijantov Agus,5,Makanan enak...... 👍👍👍,3 tahun lalu,5,4,4,Saoenk Cobek Sudiang,Google Maps,2026-05-14 21:21:20
ChZDSUhNMG9nS0VJQ0FnSURoc295Mk5BEAE,Arifah Azis,5,,3 tahun lalu,5,5,5,Saoenk Cobek Sudiang,Google Maps,2026-05-14 21:21:20
ChZDSUhNMG9nS0VJQ0FnSURoX05lUUJ3EAE,jaju 0108,5,makanannya enak dan tempatx strategis,3 tahun lalu,5,5,5,Saoenk Cobek Sudiang,Google Maps,2026-05-14 21:21:20
ChdDSUhNMG9nS0VJQ0FnSUNoa2JmbmdnRRAB,Shabbir Goawala,3,Terlalu mahal,3 tahun lalu,3,3,3,Saoenk Cobek Sudiang,Google Maps,2026-05-14 21:21:20
ChdDSUhNMG9nS0VJQ0FnSUNoNnYyX2hBRRAB,David Sudirman,5,,3 tahun lalu,5,5,5,Saoenk Cobek Sudiang,Google Maps,2026-05-14 21:21:20
ChZDSUhNMG9nS0VJQ0FnSUNoa3QyREhREAE,rizal yahya,5,,3 tahun lalu,,,,Saoenk Cobek Sudiang,Google Maps,2026-05-14 21:21:20
ChdDSUhNMG9nS0VJQ0FnSUNocUxiV2l3RRAB,Shabbir,3,,3 tahun lalu,3,3,2,Saoenk Cobek Sudiang,Google Maps,2026-05-14 21:21:20
ChdDSUhNMG9nS0VJQ0FnSURCbTZlWjdRRRAB,anwar wahab,3,Lumayan bagus hanaya pelayanannya lambat,3 tahun lalu,4,1,3,Saoenk Cobek Sudiang,Google Maps,2026-05-14 21:21:50
ChZDSUhNMG9nS0VJQ0FnSURCLWMyYUFREAE,Idha Pnd,3,,3 tahun lalu,4,3,3,Saoenk Cobek Sudiang,Google Maps,2026-05-14 21:21:50
ChZDSUhNMG9nS0VJQ0FnSURCOGNuMVZREAE,iwank padi,1,,3 tahun lalu,,,,Saoenk Cobek Sudiang,Google Maps,2026-05-14 21:21:50
ChZDSUhNMG9nS0VJQ0FnSURCOGZ6clNBEAE,fandy nari,5,"Recommend untuk makan bersama keluarga , makanan enak dan  gazebo mntap",3 tahun lalu,,,,Saoenk Cobek Sudiang,Google Maps,2026-05-14 21:21:50
ChdDSUhNMG9nS0VJQ0FnSURCc2FxXzNBRRAB,Yogie Pratiknyo,5,"1. Lokasi strategis.
2. Tempat makan yg cocok untuk keluarga.
3. Menu paketnya porsi banyak dan enak.
4. Terong baladonya istimewa.
5. Affordable price.
6. Parkir luas.",3 tahun lalu,5,5,5,Saoenk Cobek Sudiang,Google Maps,2026-05-14 21:21:50
ChdDSUhNMG9nS0VJQ0FnSURCaHRQRzhnRRAB,Rahmat Pannyiwi,4,,3 tahun lalu,4,4,5,Saoenk Cobek Sudiang,Google Maps,2026-05-14 21:21:50
ChZDSUhNMG9nS0VJQ0FnSURCaUwySEJBEAE,KSN NUSANTARA,5,,3 tahun lalu,5,5,5,Saoenk Cobek Sudiang,Google Maps,2026-05-14 21:21:50
ChdDSUhNMG9nS0VJQ0FnSUNCdzVxWmlRRRAB,Lara Sendiri,4,Suasananya  di gazebo nyaman pengen betah lama lama sambil tiduran ma makan makan tapi malu 😂,3 tahun lalu,4,4,4,Saoenk Cobek Sudiang,Google Maps,2026-05-14 21:21:50
ChZDSUhNMG9nS0VJQ0FnSUNCcmVtNlF3EAE,Fadly Arirja Gani,5,,3 tahun lalu,5,5,5,Saoenk Cobek Sudiang,Google Maps,2026-05-14 21:21:50
ChdDSUhNMG9nS0VJQ0FnSUNCemRiVGh3RRAB,ayuk erli,5,,3 tahun lalu,,,,Saoenk Cobek Sudiang,Google Maps,2026-05-14 21:21:50
ChdDSUhNMG9nS0VJQ0FnSUNCOVppVzRBRRAB,BAHRAENI Masmuddin,5,,3 tahun lalu,,,,Saoenk Cobek Sudiang,Google Maps,2026-05-14 21:22:20
ChdDSUhNMG9nS0VJQ0FnSUNCNWFLMjZ3RRAB,Darwis Muin,5,,3 tahun lalu,5,5,5,Saoenk Cobek Sudiang,Google Maps,2026-05-14 21:22:20
ChZDSUhNMG9nS0VJQ0FnSUNCbnZpN0tREAE,Junaedi Sam,5,,3 tahun lalu,,,,Saoenk Cobek Sudiang,Google Maps,2026-05-14 21:22:20
ChZDSUhNMG9nS0VJQ0FnSUNCcHEzcWR3EAE,Fitri Amien,5,,3 tahun lalu,5,5,5,Saoenk Cobek Sudiang,Google Maps,2026-05-14 21:22:20
ChZDSUhNMG9nS0VJQ0FnSUNCaHBDNlV3EAE,SKY Watcher,2,Pesan teh tawar panas yg datang teh manis dan pada saat bayar tetap ditagihkan walaupun kesalahan bukan di customer kami konfirmasi kekasir dan harus tetap dibayar even minumannya tidak diminum,3 tahun lalu,4,1,2,Saoenk Cobek Sudiang,Google Maps,2026-05-14 21:22:20
ChZDSUhNMG9nS0VJQ0FnSUNCeW9XakxnEAE,Jemmy Patrick,5,,3 tahun lalu,5,5,5,Saoenk Cobek Sudiang,Google Maps,2026-05-14 21:22:20
ChZDSUhNMG9nS0VJQ0FnSUNCMHUtc1FnEAE,Andi Ilham,5,"Lumayan enak, yg bawa anak kecil di jaga takut kecebur anaknya, mesti di jaga",3 tahun lalu,5,5,5,Saoenk Cobek Sudiang,Google Maps,2026-05-14 21:22:20
ChZDSUhNMG9nS0VJQ0FnSUNCcUxPa2ZBEAE,riris bagus,5,,3 tahun lalu,5,5,5,Saoenk Cobek Sudiang,Google Maps,2026-05-14 21:22:20
ChZDSUhNMG9nS0VJQ0FnSUNCd0pqWFVnEAE,Rifki Rahim,5,"Makanan nya enak enak apalagi sambal nya, suasanya nyaman tapi saya rekomendasiin datang nya malem aja karena kalau siang mungkin agak panas, karyawan karyawan nya juga asik bisa di ajak bercanda.",3 tahun lalu,5,4,5,Saoenk Cobek Sudiang,Google Maps,2026-05-14 21:22:20
ChdDSUhNMG9nS0VJQ0FnSUQtdDg2Zl9RRRAB,Jingga Acc,2,"Pelayanannya harus di perbaiki, sy pergi bersama anak dengan pakaian biasa2 saja terabaikan oleh pelayannya. Lebih penting yg baju Dinas padahal sy yg tiba duluan.",3 tahun lalu,,2,,Saoenk Cobek Sudiang,Google Maps,2026-05-14 21:22:20
ChdDSUhNMG9nS0VJQ0FnSUQtNVpQMnFBRRAB,Andi Yusri,4,,3 tahun lalu,4,4,4,Saoenk Cobek Sudiang,Google Maps,2026-05-14 21:22:50
ChdDSUhNMG9nS0VJQ0FnSUQtd1ltUXFBRRAB,Nasar Driver,5,,3 tahun lalu,5,5,5,Saoenk Cobek Sudiang,Google Maps,2026-05-14 21:22:50
ChZDSUhNMG9nS0VJQ0FnSUQtMnNYNVpnEAE,Awan Pranawa,5,,3 tahun lalu,,,,Saoenk Cobek Sudiang,Google Maps,2026-05-14 21:22:50
ChZDSUhNMG9nS0VJQ0FnSUQtaXFuSFJREAE,Yunus Susan,5,Makan malam,3 tahun lalu,4,4,4,Saoenk Cobek Sudiang,Google Maps,2026-05-14 21:22:50
ChZDSUhNMG9nS0VJQ0FnSUQtb3BDd09BEAE,putra Wajo,3,"Palekkonya tidak pedis ji. Palekko biasaji. Suasana yang bagus. Tapi itu mi musik na besar skali orang mau ngobrol terganggu skali sm musik.
Lumayan lah pelayanan nya. Cuman itu ji musik na deh mengganggu skali",3 tahun lalu,3,5,4,Saoenk Cobek Sudiang,Google Maps,2026-05-14 21:22:50
ChZDSUhNMG9nS0VJQ0FnSUQtdEtIa0dREAE,Nicky 67,5,Siip klau buat reuni,3 tahun lalu,,,,Saoenk Cobek Sudiang,Google Maps,2026-05-14 21:22:50
ChZDSUhNMG9nS0VJQ0FnSUMtdDVXeUJnEAE,Zainal Anang,4,"Bersih, makanan enak, suasana nyaman",3 tahun lalu,4,4,4,Saoenk Cobek Sudiang,Google Maps,2026-05-14 21:22:50
ChdDSUhNMG9nS0VJQ0FnSUMtaTlmUGhnRRAB,Lina Taruna,4,,3 tahun lalu,,,,Saoenk Cobek Sudiang,Google Maps,2026-05-14 21:22:50
ChZDSUhNMG9nS0VJQ0FnSUMtcmZDZEJREAE,Muh. Fatwa,5,,3 tahun lalu,5,5,5,Saoenk Cobek Sudiang,Google Maps,2026-05-14 21:22:50
ChZDSUhNMG9nS0VJQ0FnSUMta2NXOGVnEAE,Arnhi Juliani,5,Mantap rekomendasi sekali buat orang sudiang,3 tahun lalu,5,5,5,Saoenk Cobek Sudiang,Google Maps,2026-05-14 21:22:50
ChZDSUhNMG9nS0VJQ0FnSUMtNGY2QWNREAE,Zid Irsyadin Sartono Wijaogy,5,,3 tahun lalu,,,,Saoenk Cobek Sudiang,Google Maps,2026-05-14 21:23:19
ChdDSUhNMG9nS0VJQ0FnSUMtX283MHJ3RRAB,Muhammad Natsir,4,,3 tahun lalu,,,,Saoenk Cobek Sudiang,Google Maps,2026-05-14 21:23:19
ChdDSUhNMG9nS0VJQ0FnSUMtN3JyMC1nRRAB,MasCan QD,5,,3 tahun lalu,4,5,5,Saoenk Cobek Sudiang,Google Maps,2026-05-14 21:23:19
ChdDSUhNMG9nS0VJQ0FnSUMtanIzTHN3RRAB,amien husain,4,Lumayan,3 tahun lalu,,,,Saoenk Cobek Sudiang,Google Maps,2026-05-14 21:23:19
ChdDSUhNMG9nS0VJQ0FnSUMtbHA3THdnRRAB,Andrie Andi,4,Mantap... lokasinya Adem mudah dijangkau pelayanan ramah. Sukses yaa,3 tahun lalu,4,5,5,Saoenk Cobek Sudiang,Google Maps,2026-05-14 21:23:19
ChZDSUhNMG9nS0VJQ0FnSUMteXJ6RVV3EAE,Rezky Amaliah Ramadhani,5,"Sebenarnya hampir kasi bintang 5 semua, cm kecewa saja pas ada makanan sy yg dibungkus cara pelayanannya tdk sopan dan kurang bersih. Tanpa pake capit lsg saja makanan dikasi masuk ke kantongan pake tangan kosong pula tdk pake sarung tangan, padahal tempat dan makanannya sdh oke. Semoga diperbaiki lg pelayanannya",3 tahun lalu,5,2,5,Saoenk Cobek Sudiang,Google Maps,2026-05-14 21:23:19
ChdDSUhNMG9nS0VJQ0FnSUMtOHVUX19BRRAB,Wahyuni Hadrawi,5,Senang bisa berkunjung kesini,3 tahun lalu,,,,Saoenk Cobek Sudiang,Google Maps,2026-05-14 21:23:19
ChdDSUhNMG9nS0VJQ0FnSUMtaFBmWW13RRAB,Hendra Supriadi,4,"Pelayannya ramah, tempatnya juga bersih,",3 tahun lalu,3,5,5,Saoenk Cobek Sudiang,Google Maps,2026-05-14 21:23:19
ChZDSUhNMG9nS0VJQ0FnSUMtLU9td0RnEAE,basoamiruddin amir,4,"Tempatnya bagus,,  dan gercep menerima masukan pelanggan",3 tahun lalu,4,4,4,Saoenk Cobek Sudiang,Google Maps,2026-05-14 21:23:19
ChdDSUhNMG9nS0VJQ0FnSUMtMk5Ed3hnRRAB,Nurul Ilmah,5,Enak.. tapi harga agak pricy dibanding saung2 lainnya,3 tahun lalu,,,,Saoenk Cobek Sudiang,Google Maps,2026-05-14 21:23:19
ChZDSUhNMG9nS0VJQ0FnSUMtcUkta2JnEAE,Ari Cakep,5,,3 tahun lalu,5,5,5,Saoenk Cobek Sudiang,Google Maps,2026-05-14 21:23:49
ChZDSUhNMG9nS0VJQ0FnSURlNTVxUWF3EAE,Ummi Kalsum,5,,Diedit 3 tahun lalu,5,5,5,Saoenk Cobek Sudiang,Google Maps,2026-05-14 21:23:49
ChdDSUhNMG9nS0VJQ0FnSURldFlmLWhRRRAB,Haris Rahman,5,,3 tahun lalu,,,,Saoenk Cobek Sudiang,Google Maps,2026-05-14 21:23:49
ChZDSUhNMG9nS0VJQ0FnSURlMmJmR0pnEAE,Yanah Setianah,4,,3 tahun lalu,,,,Saoenk Cobek Sudiang,Google Maps,2026-05-14 21:23:49
ChdDSUhNMG9nS0VJQ0FnSURlbnZ1enpRRRAB,inspirasi noto,5,Makanannya enak banget,3 tahun lalu,,,,Saoenk Cobek Sudiang,Google Maps,2026-05-14 21:23:49
ChdDSUhNMG9nS0VJQ0FnSURlenUyVWxRRRAB,A. Maulana,4,,3 tahun lalu,,,,Saoenk Cobek Sudiang,Google Maps,2026-05-14 21:23:49
ChZDSUhNMG9nS0VJQ0FnSURldHM3MVRREAE,Acd Vv,5,,3 tahun lalu,,,,Saoenk Cobek Sudiang,Google Maps,2026-05-14 21:23:49
ChZDSUhNMG9nS0VJQ0FnSURlbHJLUlFBEAE,Helana Lana,5,"Tempatnya nyaman, bersih dan makanannya enak",3 tahun lalu,5,5,5,Saoenk Cobek Sudiang,Google Maps,2026-05-14 21:23:49
ChdDSUhNMG9nS0VJQ0FnSURlNXEzdzZ3RRAB,Hamzah la ode,5,"Tempat makan baru di area penggiran kota makassar. Mungkin masih baru ya jadi masakan nya masih enak, kalau sudah lama mungkin chef nya sudah dibajak sama rumah makan yang lain.. Hihihi",3 tahun lalu,,,,Saoenk Cobek Sudiang,Google Maps,2026-05-14 21:23:49
ChdDSUhNMG9nS0VJQ0FnSURlaXNQX19nRRAB,SUL ZEN,5,,3 tahun lalu,,,,Saoenk Cobek Sudiang,Google Maps,2026-05-14 21:23:49
ChdDSUhNMG9nS0VJQ0FnSURlNHFINm1RRRAB,Irma Dewi Adriati,3,,3 tahun lalu,,,,Saoenk Cobek Sudiang,Google Maps,2026-05-14 21:24:19
ChdDSUhNMG9nS0VJQ0FnSURldEtfRG5BRRAB,Helmi Sep88,3,,3 tahun lalu,,,,Saoenk Cobek Sudiang,Google Maps,2026-05-14 21:24:19
ChZDSUhNMG9nS0VJQ0FnSURlaE1tU2ZnEAE,GH4-NY jaya,4,Recommended Rumah makan yang menyajikan suasana buat keluarga dan pelayanan yang ramah hanya agak lambat dalam merespond permintaan,3 tahun lalu,,,,Saoenk Cobek Sudiang,Google Maps,2026-05-14 21:24:19
ChZDSUhNMG9nS0VJQ0FnSURlMkxtbUt3EAE,Iwan Kustya,5,"Bagus, coba aja",3 tahun lalu,,,,Saoenk Cobek Sudiang,Google Maps,2026-05-14 21:24:19
ChZDSUhNMG9nS0VJQ0FnSURlbU1yc053EAE,kama khair,5,,3 tahun lalu,,,,Saoenk Cobek Sudiang,Google Maps,2026-05-14 21:24:19
ChdDSUhNMG9nS0VJQ0FnSUNlNjRyRTNnRRAB,Kaharuddin Kammani,5,Masakan enak dan suasana yang nyaman,Diedit 3 tahun lalu,,,,Saoenk Cobek Sudiang,Google Maps,2026-05-14 21:24:19
ChZDSUhNMG9nS0VJQ0FnSUNleF95c0NnEAE,mr mhangun,1,Pelayanan utk reservasix 👎👎👎fasilitas wastafel di ruang VIP  minim & air wastafel tdk ngalir👎👎👎 musholla 👍 …,3 tahun lalu,,,,Saoenk Cobek Sudiang,Google Maps,2026-05-14 21:24:19
ChZDSUhNMG9nS0VJQ0FnSUNldzV5Tk9nEAE,The Duchess of Culinary,4,"Sesuai dengan namanya ""Saoenk Cobek"", kita bisa menikmati santap di dalam ""saung"" dengan kolam di sampingnya. Cuaca di Makassar biasanya cerah, tetapi kita tidak akan merasa panas lagi di dalam saung. Setiap saung dilengkapi dengan wastafel, sehingga kita bisa mencuci tangan.

Mereka menyediakan menu ala carte dan paket makanan laut serta hidangan Indonesia lainnya. Paket menu untuk 5 orang. Saat itu kami datang untuk makan siang dalam kelompok empat orang. Mereka juga bisa menyesuaikan paket berdasarkan jumlah orang.

Kami mencoba Paket 1 yang terdiri dari nasi putih, Ikan Bakar, Udang Goreng Tepung, Cumi Goreng Tepung, Ayam Asam Manis, Lawara, Cah Kangkung, Capcay, dan air mineral. Secara keseluruhan, makanannya enak dan kedua jenis sambal yang mereka sajikan juga pedas. Favorit saya adalah Ikan Bakar dan Capcay.",3 tahun lalu,,,,Saoenk Cobek Sudiang,Google Maps,2026-05-14 21:24:19
ChdDSUhNMG9nS0VJQ0FnSUNlN1pPZ2xnRRAB,Zulfadhly Fadhly,5,"Bagus tempatnya, suasananya santai...pilihan menunya banyak dan sesuai dengan selera kita dan juga keluarga. Taste recomended untuk menu Nampah nya 👍 …",3 tahun lalu,,,,Saoenk Cobek Sudiang,Google Maps,2026-05-14 21:24:19
ChdDSUhNMG9nS0VJQ0FnSUNlOWNUTm5BRRAB,Caesar Andy Pratama,4,"Pelayanan baik, harga sedang , rasa makanan enak",3 tahun lalu,,,,Saoenk Cobek Sudiang,Google Maps,2026-05-14 21:24:19
ChdDSUhNMG9nS0VJQ0FnSUNldGN6VV9RRRAB,Gabriel Hotmian,5,Puas bangetz...,3 tahun lalu,,,,Saoenk Cobek Sudiang,Google Maps,2026-05-14 21:24:50
ChdDSUhNMG9nS0VJQ0FnSUNlMWVya2tBRRAB,Putri Jayanti,5,"Pelayanan bagus, tempat bersih, kualitas makanan segar dan enak. Harga relatif terjangkau dg porsi yg lebih banyak dr yg lain. Porsi nasi banyak 1 bakul penuh. Selain makanan berat ada jg menu snack. Klo mau pesan tinggal pencet tombol yg ditiang aja, tempat colokan jg tersedia 2 jd yg pny hp lowbat bisa numpang² dikit. Tiap gazebo jg ada wastafel utk cuci tangan jd tidak perlu jauh jalan lg. selangkah lebih maju dr yg lain. Awesome.",3 tahun lalu,,,,Saoenk Cobek Sudiang,Google Maps,2026-05-14 21:24:50
ChdDSUhNMG9nS0VJQ0FnSUNlenVtTTBRRRAB,Wildha Nurazfani Azis,5,Tempat yang bagus untuk makan malam keluarga atau berkumpul,3 tahun lalu,,,,Saoenk Cobek Sudiang,Google Maps,2026-05-14 21:24:50
ChdDSUhNMG9nS0VJQ0FnSUNlMW9QMjJ3RRAB,Khailan Syamsumar,4,"Menunya lumayan enak khusus seafood, pelanan ramah okelah...",3 tahun lalu,,,,Saoenk Cobek Sudiang,Google Maps,2026-05-14 21:24:50
ChdDSUhNMG9nS0VJQ0FnSUNlNXBPMnBRRRAB,mima mico,5,"1. Parkiran cukup luas
2. Kesan pertama itu penting, pas masuk sudah disambut sama pelayannya dengan ramah
2. Tempat bersih, fasilitas lengkap, mulai dari wastafel yang disediakan setiap gazebo, ada colokan juga yg aman untuk anak karena ada penutupnya
3. Makanan, kalau lihat dari harga standarlah untuk makanan laut, untuk cita rasa okelah 🥰👍  saya suka palekkonya 🥰👌.
Ohiya menurutku, makanannya datang agak lama 😅 tp selebihnya memuaskan kok ❤️❤️",3 tahun lalu,,,,Saoenk Cobek Sudiang,Google Maps,2026-05-14 21:24:50
ChZDSUhNMG9nS0VJQ0FnSUNlMnJhZGF3EAE,ainun aprilia,5,,3 tahun lalu,,,,Saoenk Cobek Sudiang,Google Maps,2026-05-14 21:24:50
ChdDSUhNMG9nS0VJQ0FnSUNlNnZuT3h3RRAB,Asri,5,"Di setiap gazebonya ada tempat cuci tangan, colokan dan bell utk panggil waiters.
Mejanya bersih, gak bau amis dan gak lengket-lengket, nyaman pokoknya.
Saat meja dibersihkan, yg datang ngebersihin itu 3 orang jadinya cepet banget utk ngebersihinnyaa, gak pake lama sat set sat set.
Rasa makanannya enak, porsinya juga lumayan.

Saran:
1. Tempelin kalimat ""Batas Suci, Harap Buka Alas Kaki"" atau kalimat sejenis seperti itu di toilet & tempat air wudhu dekat musholla karena ada yg masih pakai alas kaki pas ambil air wudhu dan airnya kan keinjek sama kita² yg gak pake alas kaki pas wudhu itu.
2. Di pintu mushollanya di tempelin juga kalimat ""tutup pintu kembali setelah masuk/keluar dari musholla"", di musholla kan pake AC, sayang banget pintunya kebuka terus jadinya udara dingin dari AC gak tinggal di dalam ruangan dan lagi, kalau gitu terus ACnya bakal cepat rusak.

Overall memuaskan makan di sini👍🏻",3 tahun lalu,,,,Saoenk Cobek Sudiang,Google Maps,2026-05-14 21:24:50
ChZDSUhNMG9nS0VJQ0FnSUNlcXRHQWVREAE,Lana 05.2,4,"T4 makan lesehan
Sambil liat ikan
Bisa juga kasi makan ikan
Makanan ikan beli di kasir",3 tahun lalu,,,,Saoenk Cobek Sudiang,Google Maps,2026-05-14 21:24:50
ChZDSUhNMG9nS0VJQ0FnSUNleXRXc0lREAE,Sudaryanto Fisio,5,Enak makanannya,3 tahun lalu,,,,Saoenk Cobek Sudiang,Google Maps,2026-05-14 21:24:50
ChZDSUhNMG9nS0VJQ0FnSUNlX1AzdWVREAE,Nurul Faisah,5,,3 tahun lalu,,,,Saoenk Cobek Sudiang,Google Maps,2026-05-14 21:24:50
ChdDSUhNMG9nS0VJQ0FnSUNlbkpEeHN3RRAB,Fahmiyah Gaffar,5,,3 tahun lalu,,,,Saoenk Cobek Sudiang,Google Maps,2026-05-14 21:25:20
ChdDSUhNMG9nS0VJQ0FnSUNlOUluRzJBRRAB,Anto Taurus,5,Enak makanannya,3 tahun lalu,,,,Saoenk Cobek Sudiang,Google Maps,2026-05-14 21:25:20
ChdDSUhNMG9nS0VJQ0FnSUNlOE96RTBBRRAB,Rina Erawati,3,"Waktu menunggu untuk memesan cukup lama. Beberapa kali bel baru datang daftar menu. Pesanan otak2 bakar terlambat datangnya, berharap duluan datang sebelum menu utama, akhirnya jadi  hidangan penutup.
Sebenarnya ini kali kedua datang makan siang di sini. Mengapa tetap memilih ke sini? Pertama; Tanpa reservasi bisa langsung datang dan tetap dapat tempat, tersedia tempat cuci tangan dan sabun disetiap gazebo. Lantai dan meja gazebo bersih. Sambil menunggu bisa menikmati angin yang berhembus. Semoga pohon2 sekitarnya cepat subur dan ikan2 nya bertambah, biar ada yang ditengok2 sambil menunggu pesanan datang. Sekian.",Diedit 3 tahun lalu,,,,Saoenk Cobek Sudiang,Google Maps,2026-05-14 21:25:20
ChZDSUhNMG9nS0VJQ0FnSUNlbExYTk5BEAE,Pendekar™Jose,4,"Untuk ukuran tempat makan lesehan apung baru sangat bagus. Harga standard tidak terlalu mahal kecuali untuk menu ikan.
Pelayanan ramah, untuk waktu penyajian tergantung jam makan. Kalau pas jam makan siang 12 - 2 siang atau makan malam jam 6 - 8 malam rame dan harus bersabar karena agak lama.",3 tahun lalu,,,,Saoenk Cobek Sudiang,Google Maps,2026-05-14 21:25:20
ChZDSUhNMG9nS0VJQ0FnSUR1bjl2clNnEAE,F Falah,4,"Tempat makan keluarga, terdapat gazebo, makanan enak, harga bersahabat, ada kolam ikan, kesan tempat masih kurang adem tanaman nya baru di tanam, kolam nya rajin di bersihkan",3 tahun lalu,,,,Saoenk Cobek Sudiang,Google Maps,2026-05-14 21:25:20
ChZDSUhNMG9nS0VJQ0FnSUR1bjZpRldBEAE,ahmad setiawan,5,"Suasananya asri,  makanannya pas dengan selera sy, harga terjangkau.. Cocok banget buat keluarga dan meeting",3 tahun lalu,,,,Saoenk Cobek Sudiang,Google Maps,2026-05-14 21:25:20
ChdDSUhNMG9nS0VJQ0FnSUR1eTU2QXJBRRAB,Abd Rahim,4,"Menu yg bervariasi,rasanya enakk,tempat asik...",3 tahun lalu,,,,Saoenk Cobek Sudiang,Google Maps,2026-05-14 21:25:20
ChZDSUhNMG9nS0VJQ0FnSUR1aTZMY1pnEAE,dicky,5,"Makanya enak, tempat bersih, pelayanan ramah dan ada jalur kursi roda. Sangat direkomendasikan",3 tahun lalu,,,,Saoenk Cobek Sudiang,Google Maps,2026-05-14 21:25:20
ChZDSUhNMG9nS0VJQ0FnSUR1M2N5MFR3EAE,7310 Barru sulsel,5,,3 tahun lalu,,,,Saoenk Cobek Sudiang,Google Maps,2026-05-14 21:25:20
ChZDSUhNMG9nS0VJQ0FnSUR1amZldUFREAE,mujhar idris,5,"Suasana Alam di atas Gazebo dgn Kolam ikan dibawahnya dgn Menu yg bagus, bersih, layanan cepat, ramah, harga terjangkau dan bersaing. Anda wajib mencobanya.",3 tahun lalu,,,,Saoenk Cobek Sudiang,Google Maps,2026-05-14 21:25:20
ChdDSUhNMG9nS0VJQ0FnSUR1aGRDZDZBRRAB,Noer Zet,5,"Suasananya asik, menunya banyak dan enak, harga juga wajarlah. Sangat cocok untuk makan bareng keluarga, kawan, kolega dll. Parkirannya juga luas.",3 tahun lalu,,,,Saoenk Cobek Sudiang,Google Maps,2026-05-14 21:25:50
ChZDSUhNMG9nS0VJQ0FnSUR1MllUMUZnEAE,wahida ida,5,Makanannya recomended👍🥰 …,3 tahun lalu,,,,Saoenk Cobek Sudiang,Google Maps,2026-05-14 21:25:50
ChdDSUhNMG9nS0VJQ0FnSUR1a2FtSnRnRRAB,Zaenab Dwi Ujiani,5,"Alhamdulillah dekat dari rumah
Tempatnya keren
Makanan enak2
Harga lumayan sih",3 tahun lalu,,,,Saoenk Cobek Sudiang,Google Maps,2026-05-14 21:25:50
ChZDSUhNMG9nS0VJQ0FnSUR1cnB5NWFBEAE,Ester Wulan,5,Tempatnya nyaman...bersih.makanannya juga enak....untuk harga standar lah.,3 tahun lalu,,,,Saoenk Cobek Sudiang,Google Maps,2026-05-14 21:25:50
ChdDSUhNMG9nS0VJQ0FnSUR1dHVTemxBRRAB,A. Arhy,3,,3 tahun lalu,,,,Saoenk Cobek Sudiang,Google Maps,2026-05-14 21:25:50
ChdDSUhNMG9nS0VJQ0FnSUR1a3ZheXJRRRAB,Hesti,5,,3 tahun lalu,,,,Saoenk Cobek Sudiang,Google Maps,2026-05-14 21:25:50
ChdDSUhNMG9nS0VJQ0FnSUR1ek5DT2tRRRAB,Hasina Fajrin R.,5,Makanannya enak,3 tahun lalu,,,,Saoenk Cobek Sudiang,Google Maps,2026-05-14 21:25:50
ChdDSUhNMG9nS0VJQ0FnSUN1djRxbndBRRAB,Asniar Azis,5,"T4 yg nyaman tuk kumpul2, makananx enak...",3 tahun lalu,,,,Saoenk Cobek Sudiang,Google Maps,2026-05-14 21:25:50
ChZDSUhNMG9nS0VJQ0FnSUN1djhMV1NREAE,Tri Aminah,5,"tempat makan seafood baru di area sudiang
suasana nyaman, pelayanannya ramah, makanannya lumayan enak..",3 tahun lalu,,,,Saoenk Cobek Sudiang,Google Maps,2026-05-14 21:25:50
ChdDSUhNMG9nS0VJQ0FnSUN1djRMUG5nRRAB,Fakhruddin Basir,5,"tempatnya nyaman dan bersih, pelayananannya mantap, makanannya enak",3 tahun lalu,,,,Saoenk Cobek Sudiang,Google Maps,2026-05-14 21:25:50
ChZDSUhNMG9nS0VJQ0FnSUN1ajQzRVlREAE,Dian Evacantika,5,"Tempatnya bersih dan nyaman, pelayannya juga ramah. Makanannya enak, favorit udang telur asin. Apalagi rica parapenya beh JUARA",3 tahun lalu,,,,Saoenk Cobek Sudiang,Google Maps,2026-05-14 21:26:20
ChdDSUhNMG9nS0VJQ0FnSUN1bC0tMG1nRRAB,Nurlindah Malik,5,,3 tahun lalu,,,,Saoenk Cobek Sudiang,Google Maps,2026-05-14 21:26:20
ChZDSUhNMG9nS0VJQ0FnSUN1cF9TWER3EAE,Anca,5,Makanan nya mantap tempat nya nyaman,3 tahun lalu,,,,Saoenk Cobek Sudiang,Google Maps,2026-05-14 21:26:20
ChdDSUhNMG9nS0VJQ0FnSUN1LTlQN29BRRAB,Panji Kusuma,5,"Plus :
1. Tempatnya nyaman. Tersedia pilihan Gazebo & Meja. Gazebonya berada di atas kolam.
2. Parkiran Luas
3. Harga relatif terjangkau
4. Tersedia wastafel di setiap gazebo

Minis :
1. Harus reservasi dahulu jika tidak ingin kehabisan tempat.
2. Harap bersabar saat memesan makanan atau minuman karena selalu antri panjang",3 tahun lalu,,,,Saoenk Cobek Sudiang,Google Maps,2026-05-14 21:26:20
ChZDSUhNMG9nS0VJQ0FnSUN1a19TamV3EAE,Uswatun Hasanah,4,"Makanan enak, tempat yang bagus.",3 tahun lalu,,,,Saoenk Cobek Sudiang,Google Maps,2026-05-14 21:26:20
ChdDSUhNMG9nS0VJQ0FnSUN1OGNhR3BRRRAB,ARIF HANIF AYYASY,1,"Makanan enak, pelayanan lambat👎 …",3 tahun lalu,,,,Saoenk Cobek Sudiang,Google Maps,2026-05-14 21:26:20
ChZDSUhNMG9nS0VJQ0FnSUN1b2RESGRBEAE,A M S Pamulu,5,,3 tahun lalu,,,,Saoenk Cobek Sudiang,Google Maps,2026-05-14 21:26:20
ChZDSUhNMG9nS0VJQ0FnSUN1aG9POFBBEAE,nur aulina,5,,3 tahun lalu,,,,Saoenk Cobek Sudiang,Google Maps,2026-05-14 21:26:20
ChdDSUhNMG9nS0VJQ0FnSUN1aHVISzRRRRAB,aldisyam 02,5,Semua Cabang Nya Pasty Terbaik Dan Ter'Enak 😇,3 tahun lalu,,,,Saoenk Cobek Sudiang,Google Maps,2026-05-14 21:26:20
ChdDSUhNMG9nS0VJQ0FnSUN1bXBhQWd3RRAB,Muhyardan Muhtadi,5,"Suasana yang outdoor, dan estetik💫 …",3 tahun lalu,,,,Saoenk Cobek Sudiang,Google Maps,2026-05-14 21:26:20
ChdDSUhNMG9nS0VJQ0FnSUN1NnBUX29BRRAB,Usman Tahang,5,"Tempatnya bagus dan luas, bagus untuk foto. Banyak tempat yang bisa dijadikan spot foto.
Makanannya enak dan beragam. Untuk pecinta palekko dan seafood sangat dorekkomendasikan untuk mencoba makanannya. Dan juga harus coba Jus alpukatnya.
Tentunya harga yang tidak menguras dompet",3 tahun lalu,,,,Saoenk Cobek Sudiang,Google Maps,2026-05-14 21:26:53
ChdDSUhNMG9nS0VJQ0FnSUN1c3R1UmtnRRAB,Fauziyah Anisah M,5,,3 tahun lalu,,,,Saoenk Cobek Sudiang,Google Maps,2026-05-14 21:26:53
ChdDSUhNMG9nS0VJQ0FnSURPNTVXTmx3RRAB,Fitri Adriyanti,5,,3 tahun lalu,,,,Saoenk Cobek Sudiang,Google Maps,2026-05-14 21:26:53
ChdDSUhNMG9nS0VJQ0FnSURPNS1IWXN3RRAB,Nurcaya Amir,5,,3 tahun lalu,,,,Saoenk Cobek Sudiang,Google Maps,2026-05-14 21:26:53
ChdDSUhNMG9nS0VJQ0FnSURPNV9iOWlRRRAB,Irma Rafida,5,,3 tahun lalu,,,,Saoenk Cobek Sudiang,Google Maps,2026-05-14 21:26:53
Ci9DQUlRQUNvZENodHljRjlvT2kxYVdFRkpTbEZmV1hWSk1XSjFZa2RYYmpoV1ZXYxAB,Fitri Hendra,4,,2 minggu lalu,4,5,4,Saoenk Cobek Bone,Google Maps,2026-05-14 21:30:36
Ci9DQUlRQUNvZENodHljRjlvT2xacVEyZDJURGMwWmxGVk5rSlNSeTEzY1ZGNFdIYxAB,Nur Yetti,5,,2 minggu lalu,,,,Saoenk Cobek Bone,Google Maps,2026-05-14 21:30:36
Ci9DQUlRQUNvZENodHljRjlvT210bGRVaHNZVFpWZFdKd1ZVeEVUVEZQU2xkS1IxRRAB,Adeng,5,Tempatnya sangat nyaman dan makanannya enak 'Fadia,sebulan lalu,,5,5,Saoenk Cobek Bone,Google Maps,2026-05-14 21:30:36
Ci9DQUlRQUNvZENodHljRjlvT21VeVoxbGpRelZMVDI1dWFVRnBabGR0YkRseFkyYxAB,Nur Alam,2,,Diedit sebulan lalu,1,1,1,Saoenk Cobek Bone,Google Maps,2026-05-14 21:30:36
Ci9DQUlRQUNvZENodHljRjlvT25KblMzaEhRVkZxTUhZeFJqTmhNMjVEVlRCM2IxRRAB,"MUH. ANSHARI, S.Pd.",1,"Pelayanan zonk... Pesan 3 porsi yang keluar hanya 1 porsi... Sangat tidak rekomendasi... Maaf untuk bintang 1 nya, semoga ke depan bisa lebih baik lagi...
Saya tunggu dari magrib sampai hampir masuk waktu isya",sebulan lalu,3,1,5,Saoenk Cobek Bone,Google Maps,2026-05-14 21:30:36
Ci9DQUlRQUNvZENodHljRjlvT2w5dk16Wm9RWHBVZVdObWFGQXhXbWwzT1drM1FYYxAB,Nur Amaliah,5,Bagus,sebulan lalu,4,5,5,Saoenk Cobek Bone,Google Maps,2026-05-14 21:30:36
Ci9DQUlRQUNvZENodHljRjlvT2xkRVdWRkZVWFp4VmxWdWIxODFUbkJyTTJsc1FrRRAB,Risky Aditiya,5,Tempat nya nyaman suasana adem dan nyaman pelayanan nya sopan dan santun Andi whyne,sebulan lalu,5,5,5,Saoenk Cobek Bone,Google Maps,2026-05-14 21:30:36
Ci9DQUlRQUNvZENodHljRjlvT25oeVdpMURXVWgwU0RkaU1uVnhWMUJoY1ZkMFFtYxAB,Syakti Basri,5,keren banget pelayanannya andiwhyne ramah dan sopan,sebulan lalu,5,5,5,Saoenk Cobek Bone,Google Maps,2026-05-14 21:30:36
Ci9DQUlRQUNvZENodHljRjlvT204MWJXNVRSSFpOVlUxYVRXMWZUWFJNV0ZsS2EyYxAB,01. A. Rosmawati,5,Pelayanannya baik (fajrin) dan makanannya enak,sebulan lalu,5,5,5,Saoenk Cobek Bone,Google Maps,2026-05-14 21:30:36
Ci9DQUlRQUNvZENodHljRjlvT2toWlQxVjBPVzlrWldGbVNUaHNRM0UyWjFKdWVWRRAB,Beet fi Sangar,5,"Pelayanan ramah,makanannya recomendid(Thanks kak tyara)",sebulan lalu,5,5,5,Saoenk Cobek Bone,Google Maps,2026-05-14 21:30:36
Ci9DQUlRQUNvZENodHljRjlvT25wWk1WWnlOak0yWDE5cGQxRk1ibEEwWVc1MGEwRRAB,nuralya nazifa,5,makanannya enak puas temptnya nyaman pelayanannya baik ramah(Risma),sebulan lalu,5,5,5,Saoenk Cobek Bone,Google Maps,2026-05-14 21:30:56
Ci9DQUlRQUNvZENodHljRjlvT21sSUxXMW1OVFphVVRSMk1FUnZWRUUzYWxOM2MyYxAB,NOVIANTI NOVIANTI,4,Pelayanan wina,sebulan lalu,4,4,4,Saoenk Cobek Bone,Google Maps,2026-05-14 21:30:56
Ci9DQUlRQUNvZENodHljRjlvT2kxV2NYWkJka1p1TVc5VFRtWkRaRkZsZEdFMFRuYxAB,Hasna,5,"pelayanan bagus, makanan enak
(fajri)",sebulan lalu,5,5,5,Saoenk Cobek Bone,Google Maps,2026-05-14 21:30:56
Ci9DQUlRQUNvZENodHljRjlvT2xwSlRqbFFWMFJXY1dRNFZuTk9ZWHBYU0hoYVNuYxAB,Nur EliA,5,Pelayanan ramah wina,2 bulan lalu,5,5,5,Saoenk Cobek Bone,Google Maps,2026-05-14 21:30:56
Ci9DQUlRQUNvZENodHljRjlvT2pKak5YWnJRMHB1ZFhJelFuSk1Vazl2UmxCT04wRRAB,2 dan 3,5,Makanannya enak viewnya jga tenang dan sejukpelayananya jga gercep (Fajrin),2 bulan lalu,5,5,5,Saoenk Cobek Bone,Google Maps,2026-05-14 21:30:56
Ci9DQUlRQUNvZENodHljRjlvT21STVFuVnFkbnB5Y1hONFEzVkdVVXR5ZGxkU1RYYxAB,SALSABILA RAMADANI,5,"nyaman,tidak panas karna ada kipas,tempatnya asri(pelayanan tiara)",2 bulan lalu,5,5,5,Saoenk Cobek Bone,Google Maps,2026-05-14 21:30:56
Ci9DQUlRQUNvZENodHljRjlvT2xjNVYwZ3hSMnc0ZEdRMlpWWk1RMmd5Y0dWYVFVRRAB,Selamat Riady,5,Enak makananya dn mantap krna suasananya bagus dn tenang,2 bulan lalu,1,5,5,Saoenk Cobek Bone,Google Maps,2026-05-14 21:30:56
Ci9DQUlRQUNvZENodHljRjlvT2tjeVMwZDFUVGxWV25CaVVuaEZWVjkwTVVKUk5XYxAB,Pung Semma,1,Admin nya malas bls cht,2 bulan lalu,,1,,Saoenk Cobek Bone,Google Maps,2026-05-14 21:30:56
Ci9DQUlRQUNvZENodHljRjlvT2psVlNHMW9aRzFGUlZSSU1qVnNkRWxYZVVKdGVsRRAB,Yustika Ramadhani,5,"Pelayanan oleh kak fadiah sangat baik dan ramah, makanan sangt rekomen, dan suasananya sangat tenang",2 bulan lalu,5,5,5,Saoenk Cobek Bone,Google Maps,2026-05-14 21:30:56
Ci9DQUlRQUNvZENodHljRjlvT2paNldrSjZhVUZhUkRrelRraDRUekZLY25GVmJsRRAB,Muh.agfar Saputra,5,Tempatnya bagus makananya enak pelayanan gerep dan ramah(Risma),2 bulan lalu,5,5,5,Saoenk Cobek Bone,Google Maps,2026-05-14 21:30:56
Ci9DQUlRQUNvZENodHljRjlvT2pCV1QyczNlbGczVUZWM2JXSTBjSGN0TkhOa09YYxAB,Ahmad nur rahman,5,Nama pelayan wina,2 bulan lalu,5,5,5,Saoenk Cobek Bone,Google Maps,2026-05-14 21:31:16
Ci9DQUlRQUNvZENodHljRjlvT2xaRGVtNXNPR1ZQVlhjM1pHSTNRM0ZCYVZnd2ExRRAB,Subhan Wtp,1,"makanan B aja,
tdk recommend kesini,
makan di tempat makan berdiri mq sja, nanti di tagih bayar tambahan kalau duduk.
makanan G lengkap",2 bulan lalu,1,1,1,Saoenk Cobek Bone,Google Maps,2026-05-14 21:31:16
Ci9DQUlRQUNvZENodHljRjlvT2xsaVdWZHJOMHRYWWtWMVZtbExOa2hRTFRFME5sRRAB,syam suryani,5,pelayananx bagus (fadia),2 bulan lalu,5,5,5,Saoenk Cobek Bone,Google Maps,2026-05-14 21:31:16
Ci9DQUlRQUNvZENodHljRjlvT2s5MFZHbHNPWHBQVFZGbmNsaFBRUzFyY21oWVRtYxAB,Em Amin Saputra,5,Rekomendasi tempat berbuka puasa sangat memuaskan pilihan menunya yang banyak dan segar,2 bulan lalu,5,5,5,Saoenk Cobek Bone,Google Maps,2026-05-14 21:31:16
Ci9DQUlRQUNvZENodHljRjlvT2pGMFdsOVRibHAxVlZWc1JVVmxNWGh6TXpKU0xYYxAB,aswidah Tauhid,5,Tempat yg nyaman untuk menikmati waktu luang dengan keluarga.( Risma) pelayanan yg prima,2 bulan lalu,5,5,5,Saoenk Cobek Bone,Google Maps,2026-05-14 21:31:16
Ci9DQUlRQUNvZENodHljRjlvT2tkRWQxZFVZek14TUhoa2VqaHBiVXBtYUhSeVlrRRAB,farlina Santi,5,"Suasananya suka krn adem
Makanan enakkk
Sesuai dengan harapan

Anisa",2 bulan lalu,5,5,5,Saoenk Cobek Bone,Google Maps,2026-05-14 21:31:16
Ci9DQUlRQUNvZENodHljRjlvT2xWdVJWWkxNSEkzT1VabFFYSk1SR1UzTFZCSk1sRRAB,Umar Hunaing,5,"Suasananya sejuk, makanannya enak dan gurih

Kak Nisa",2 bulan lalu,5,5,5,Saoenk Cobek Bone,Google Maps,2026-05-14 21:31:16
Ci9DQUlRQUNvZENodHljRjlvT2pSWVpWQjFTRTR6YkhaeGRVSldWbXBaTVZGVFVXYxAB,Evi Ariska,5,Tmptnya nyaman dan pelayanannya cepat plus sma dengn witersnya ramah ramah ( risma),2 bulan lalu,5,5,5,Saoenk Cobek Bone,Google Maps,2026-05-14 21:31:16
Ci9DQUlRQUNvZENodHljRjlvT2psUVpIZHVWRmxGVTNkSldYWkdSVFIyUVdoWFZrRRAB,Nur Esa,5,"Rasa makannya enak
Pelayananya ramah
Suasananya nyaman
(Fajrin)",2 bulan lalu,5,5,5,Saoenk Cobek Bone,Google Maps,2026-05-14 21:31:16
Ci9DQUlRQUNvZENodHljRjlvT25BekxVMHliV1JuUW5OdWRVOURTR2M1ZDJ0ZmNXYxAB,Ihdal Husnawati,5,mantapp (pelayanan tiara),2 bulan lalu,5,5,5,Saoenk Cobek Bone,Google Maps,2026-05-14 21:31:16
Ci9DQUlRQUNvZENodHljRjlvT2xOVFEwdGFiVEJKVlZvMlRrNVZjbVZSYkVWQ1pHYxAB,Anjas Mara,5,Pelayanan bagus nisa,2 bulan lalu,5,5,5,Saoenk Cobek Bone,Google Maps,2026-05-14 21:31:37
Ci9DQUlRQUNvZENodHljRjlvT2xaTmFVTm9PVWRSYzJ0cGJqSk9ha1IwWVVSYVFVRRAB,asri alfiann,5,pelayanan bagus Fadia,2 bulan lalu,5,5,5,Saoenk Cobek Bone,Google Maps,2026-05-14 21:31:37
Ci9DQUlRQUNvZENodHljRjlvT25WM01XUjRjRmhZVldKMFZUTkxUV0ZTWmtOTVlXYxAB,Amalsad 11,5,"Pelayanan yang baik,tempat nyaman(Tiaraaa)",2 bulan lalu,5,5,5,Saoenk Cobek Bone,Google Maps,2026-05-14 21:31:37
Ci9DQUlRQUNvZENodHljRjlvT21zd1dsQlRUV0ZpZWw5dVZIUllSSHBwUVVnMVJIYxAB,Fandi ii,5,PELAYANAN BAGUS WINA,2 bulan lalu,5,5,5,Saoenk Cobek Bone,Google Maps,2026-05-14 21:31:37
Ci9DQUlRQUNvZENodHljRjlvT2pKcFRGRXRNbGszZEhZMlgweEpZbTlVVEhkWFZrRRAB,wiraratu Wiraratu,5,"Memuaskan, suasana stetik

Anisa",2 bulan lalu,5,5,5,Saoenk Cobek Bone,Google Maps,2026-05-14 21:31:37
Ci9DQUlRQUNvZENodHljRjlvT2s5Rk5XSXhPVVpHUkU4dGJWRkxOVk5TYVd3NGVGRRAB,Ansal Reza,5,"Bgus pelyanax susanax jga bgus

Anisa",2 bulan lalu,5,5,5,Saoenk Cobek Bone,Google Maps,2026-05-14 21:31:37
Ci9DQUlRQUNvZENodHljRjlvT2xaSExYbFVOalZEYVhkNE1rNU5WRVJUTjNSeWQyYxAB,Yesi Saputri,5,Makanannya enak tempatnya bgus pelayanannya ramah bagus (Risma),2 bulan lalu,5,5,5,Saoenk Cobek Bone,Google Maps,2026-05-14 21:31:37
Ci9DQUlRQUNvZENodHljRjlvT2xWc1NESnhUM1ZQVUd4NlRVZHpRbTFvTm5oUlIyYxAB,Revanya Zaskia Meiliana,5,Pelayanan wina sangat baik dan ramah,2 bulan lalu,5,5,5,Saoenk Cobek Bone,Google Maps,2026-05-14 21:31:37
Ci9DQUlRQUNvZENodHljRjlvT2preVdHNXFNRTB6TTFOSGNXUnhiRXhVTWpKTlozYxAB,Sri Raodha,5,Makanan mantap suasananya sejuk dan bersih dan pelayanannya gercep (Fajrin),2 bulan lalu,5,5,5,Saoenk Cobek Bone,Google Maps,2026-05-14 21:31:37
Ci9DQUlRQUNvZENodHljRjlvT2tOV1ZUWlZkV1JGTkhoeVlYUXhkMlZ5Vmw5WGEwRRAB,Beeku My Youtube Channel,5,"Makannya enak, pelayanan ramah dan cepat, suasananya adem. Makanannya semua enak enak. Dilayani sama Fadyah. 😍❤️",2 bulan lalu,5,5,5,Saoenk Cobek Bone,Google Maps,2026-05-14 21:31:37
Ci9DQUlRQUNvZENodHljRjlvT2tSTU56UTJXRlpQUW1wUWRXTTFMVzl6UW1SNmJFRRAB,Muzdalifah Jidin,5,enakk ( pelayan tiaara),2 bulan lalu,5,5,5,Saoenk Cobek Bone,Google Maps,2026-05-14 21:31:57
Ci9DQUlRQUNvZENodHljRjlvT2tOQ1ZISjRZeTFxVW01T2N6SlBja2x2VjBWbVMxRRAB,solowajo,1,,2 bulan lalu,3,1,4,Saoenk Cobek Bone,Google Maps,2026-05-14 21:31:57
Ci9DQUlRQUNvZENodHljRjlvT2xkSFVsVlJNR0pGTm01NlZUVk1TVkpQYjFKRFlYYxAB,Amel 11,5,"Makanan enak, pelayanan ramah, (Risma)",4 bulan lalu,5,5,5,Saoenk Cobek Bone,Google Maps,2026-05-14 21:31:57
Ci9DQUlRQUNvZENodHljRjlvT2pobmNXMXVNbFpNTTNnMFREUnlPRGw2Ukd0dWIzYxAB,surie anhy,5,"Makanan enak
Pelayanan baik risma
Suasana nyaman",4 bulan lalu,5,5,5,Saoenk Cobek Bone,Google Maps,2026-05-14 21:31:57
Ci9DQUlRQUNvZENodHljRjlvT2pOTllXUmpWbGhqZWtkUVdFY3pUMloxZVZSQ09FRRAB,Ifand Salam,5,Kk Wina pelayannnya ramah,4 bulan lalu,5,5,5,Saoenk Cobek Bone,Google Maps,2026-05-14 21:31:57
Ci9DQUlRQUNvZENodHljRjlvT2trd2VsUk1TbGxQU2sxM2RqUm1Za1JMTjFSbGFVRRAB,Herman Hrn,5,Mantap kk wina service ke custmernya,4 bulan lalu,5,5,5,Saoenk Cobek Bone,Google Maps,2026-05-14 21:31:57
Ci9DQUlRQUNvZENodHljRjlvT25Wb2FsSjFUV1JZV1UwNVdFdEZRVXhrYVdOdGVFRRAB,Lusi Herdema,5,"Bagus ,makanan nya enak ada yang pedas dll suasananya enak (tyara)",4 bulan lalu,5,5,5,Saoenk Cobek Bone,Google Maps,2026-05-14 21:31:57
Ci9DQUlRQUNvZENodHljRjlvT21SYU1pMVlTSFZDUWtReVpXRnllRlZFTVhGbmJIYxAB,Bila Bila,5,"tempatnya bagus,adem, makananya juga enak"",cocok banget makan bersama keluarga,pelayanannya pun ramah,makasih kak anisa",4 bulan lalu,5,5,5,Saoenk Cobek Bone,Google Maps,2026-05-14 21:31:57
Ci9DQUlRQUNvZENodHljRjlvT2s1RU5WTXhNell0UjNJeWNWQkxiRE0zYURoVVVIYxAB,Eksanti,5,"Makanannya enak, tempat nyaman dan bersih(pelayanan tiara)",4 bulan lalu,5,5,5,Saoenk Cobek Bone,Google Maps,2026-05-14 21:31:57
Ci9DQUlRQUNvZENodHljRjlvT2pWRGNqbGpaVGxRYXpsWk4zZE9NbXRSYVdGM2RsRRAB,dhani pradigyoo,3,Menunya banyak kosong,4 bulan lalu,,,,Saoenk Cobek Bone,Google Maps,2026-05-14 21:31:57
Ci9DQUlRQUNvZENodHljRjlvT2xoUFMwZHFjVmxuWTFCWVVHb3dialZ3WVd4c1ozYxAB,fatimah imma,5,"Sangat Rekomendasi Tempat Super Nyaman Bersih dan Indah. Tentunya Sangat Tenang dan Nyaman Makan di sini. Di tambah makanannya yang sangat enak bikin nagih. Rasanya pas dan porsinya pas. Enak sekali pokoknya. Dan Hal terpenting pelayanannya sangat baik, ramah dan murah senyum (Pelayan Tiara)",4 bulan lalu,5,5,5,Saoenk Cobek Bone,Google Maps,2026-05-14 21:32:18
Ci9DQUlRQUNvZENodHljRjlvT2w4MFdGcFRURVV0VjI0eGJVOXNRVTFrVVU1U1kxRRAB,adriansyah_026,5,Pelayanan nya bagus dan rasa makanan nya sangat rekomended the beasttt,4 bulan lalu,5,5,5,Saoenk Cobek Bone,Google Maps,2026-05-14 21:32:18
Ci9DQUlRQUNvZENodHljRjlvT21sbWFEaE9SVTlDUWtab2FUVm5iVmxNYVdGUllWRRAB,Nur Khaliza,5,Pelayanannya baik,4 bulan lalu,5,5,5,Saoenk Cobek Bone,Google Maps,2026-05-14 21:32:18
Ci9DQUlRQUNvZENodHljRjlvT20xa1NGOVhVa2M1Y20wNVpHRkpNMGRpUlc5dlkwRRAB,Nurul Keyla,5,,4 bulan lalu,5,5,5,Saoenk Cobek Bone,Google Maps,2026-05-14 21:32:18
Ci9DQUlRQUNvZENodHljRjlvT2xwWFJrYzRUbWxhV0RZeWFucDNiRUpYZDIwdGFGRRAB,Dude Agus,5,Tempatnya nyaman suasananya bagus pelayanannya Risma ramah cpt👌,4 bulan lalu,5,5,5,Saoenk Cobek Bone,Google Maps,2026-05-14 21:32:18
Ci9DQUlRQUNvZENodHljRjlvT21Kb1pYVTRXR1JxTkUxemFqTldkVlpYTkRJM1luYxAB,R.J.F,5,Milikku,4 bulan lalu,5,5,5,Saoenk Cobek Bone,Google Maps,2026-05-14 21:32:18
Ci9DQUlRQUNvZENodHljRjlvT2xGb1IzZzVjSFZCWTFSWldrNUlWR0ZJY0cxNGNrRRAB,Ramda,5,"Saya sangat puas makan di sini, makanan ya enak, tempatnya bersih, adem. Dan pelayanannya sangat baik.",4 bulan lalu,5,5,5,Saoenk Cobek Bone,Google Maps,2026-05-14 21:32:18
Ci9DQUlRQUNvZENodHljRjlvT2sxNlVIaFlXREF6ZG1oaU5tbGFZemRPU0VWbmJVRRAB,Nur Fatwa,5,"Makanannya enak and lezat, suasananya pun tenang

Anisa",4 bulan lalu,4,4,5,Saoenk Cobek Bone,Google Maps,2026-05-14 21:32:18
Ci9DQUlRQUNvZENodHljRjlvT2pscmN6QnJNa2RQWDJ3d1l6RkxkME51TjFReldYYxAB,kaisya zakilah,5,,4 bulan lalu,,,,Saoenk Cobek Bone,Google Maps,2026-05-14 21:32:18
Ci9DQUlRQUNvZENodHljRjlvT2xweE1FZzBaekZyY0V4WlZYaExUa0Z3WHpGS05GRRAB,nensir black,5,Daging domba pelayan,4 bulan lalu,5,5,5,Saoenk Cobek Bone,Google Maps,2026-05-14 21:32:18
Ci9DQUlRQUNvZENodHljRjlvT2pBNE4wVk5OR1V0Ym1SeU1FVnlOWGcyYkRFeE0xRRAB,Ancha Yatim,5,Pelayanan ramah whyne,4 bulan lalu,5,5,5,Saoenk Cobek Bone,Google Maps,2026-05-14 21:32:38
Ci9DQUlRQUNvZENodHljRjlvT2s1eU5VSm1NWFJxTFRGNWQwb3hlRGRvTldkTU5HYxAB,Anjani Nessa,5,"tempaynya bersih,dan makanannya mantapp🤤🤤bakalan balik lagii siihh😻😻🫶🏻🫶🏻🫶🏻🫶🏻",4 bulan lalu,5,5,5,Saoenk Cobek Bone,Google Maps,2026-05-14 21:32:38
Ci9DQUlRQUNvZENodHljRjlvT2pSVFNYTXdWMVJ2VmpWeFNEVklVM2x6VUZWNlFYYxAB,Amirah Malkab,5,"Tempatnya nyaman dan luas, serta pemandangan kolam ikan yang indah. Pelayanannya bagus serta makanan cepat datang sehingga tidak perlu menunggu lama.(Risma)",4 bulan lalu,5,5,5,Saoenk Cobek Bone,Google Maps,2026-05-14 21:32:38
Ci9DQUlRQUNvZENodHljRjlvT25nMlFsUTNMVXRWYWpCcVUwVXROMU5HVFZOSGVXYxAB,dhifa qurrota,5,"Makanan enak dengan harga terjangkau, pelayanan ramah dan suasana enak

Anisa",4 bulan lalu,5,5,5,Saoenk Cobek Bone,Google Maps,2026-05-14 21:32:38
Ci9DQUlRQUNvZENodHljRjlvT2xKWlprTTVkRzVEZFVacVNYRllPVEJVUms1WGFIYxAB,Gpb Wirdi,5,"Tempat nya cukup wortip, pelananya sangat ramah, dan makanannya sangat enak(Fajrin).",5 bulan lalu,5,5,5,Saoenk Cobek Bone,Google Maps,2026-05-14 21:32:38
Ci9DQUlRQUNvZENodHljRjlvT2pGbVNHeGtTbTl2YVROT04ydFVZVTFoTkdkSU1YYxAB,Ella 88,5,"tempat ini sangat nyaman, cocok untuk keluarga dan rombongan teman"".
pelayanan mba Wina jg sangat memuaskan",5 bulan lalu,5,5,5,Saoenk Cobek Bone,Google Maps,2026-05-14 21:32:38
Ci9DQUlRQUNvZENodHljRjlvT2s4NVFtVkJNRlZCVFVWeWFFdERXSEF4WkVKUGJYYxAB,Ike Dwiyanti,5,"makanannya enak dan porsinya banyak, tempatnya nyamann ... pelayanannya juga bagusss.. next pasti makan disini lagi",5 bulan lalu,5,5,5,Saoenk Cobek Bone,Google Maps,2026-05-14 21:32:38
Ci9DQUlRQUNvZENodHljRjlvT21wZldWWXlRV1ZHVkdOekxXNUpjR1p3TTNZM2EzYxAB,Anas 25,5,"Makannanya enak
Suasana menyenangakn
Pelayanan baik (wina)",5 bulan lalu,5,5,5,Saoenk Cobek Bone,Google Maps,2026-05-14 21:32:38
Ci9DQUlRQUNvZENodHljRjlvT25CUFUwUkRiRnBUTkd4b1JETTVNbkJQTVZkRVRIYxAB,hijriah mustafa,5,Makanannya enak palekkonya mantanp pelayanannya bagus ramah  (Risma)👌,5 bulan lalu,5,5,5,Saoenk Cobek Bone,Google Maps,2026-05-14 21:32:38
Ci9DQUlRQUNvZENodHljRjlvT21aYWJEbFFaMmhQVHpsM05GSTBUR001UlUxWGRVRRAB,waty rahmawati sutanto,5,"Makyus
Pelayanan Mantap Trims risna",5 bulan lalu,5,5,5,Saoenk Cobek Bone,Google Maps,2026-05-14 21:32:38
Ci9DQUlRQUNvZENodHljRjlvT2xWRmNGcGpMVXBHVmtkeVoyaG9ZV0oxTkc5clZYYxAB,Iqbal Saputra,5,"Pelayan : Wina

Mantap mentong makanannya",5 bulan lalu,5,5,5,Saoenk Cobek Bone,Google Maps,2026-05-14 21:32:59
Ci9DQUlRQUNvZENodHljRjlvT25KMFNYSTRNWGxxZDNoT1ZtTTBNa3BJUTFSS2RsRRAB,Ayu Permatasari,5,Pelayanan ramah wine,5 bulan lalu,5,5,5,Saoenk Cobek Bone,Google Maps,2026-05-14 21:32:59
Ci9DQUlRQUNvZENodHljRjlvT2pGa1dWZFRZa1JOUkhGdVNXbEtVRmRRVlVNMmJYYxAB,Asdar Asdar,5,"Tempat yg nyaman untuk bersantai, hidangan makanan yg enak DAN MEMUASKAN dan murah dan pelayanan yg luar biasa mantap (FAJRIN)",5 bulan lalu,5,5,5,Saoenk Cobek Bone,Google Maps,2026-05-14 21:32:59
Ci9DQUlRQUNvZENodHljRjlvT21KSldVTnpNRGQ2WVVsR1YzSmpRMTlyY210blJVRRAB,adindaasdina putri,5,"tempat ini sangat bagus dan memuaskan pelayanan nya sangat baik dan ramah
kak rismaa",5 bulan lalu,5,5,5,Saoenk Cobek Bone,Google Maps,2026-05-14 21:32:59
Ci9DQUlRQUNvZENodHljRjlvT2xCWVVIQm9VazFQV20wNE4waHFVSGhGYWxoalZsRRAB,Mba Feby,5,"Tempatnya nyaman. Makanannya enak . Oke semua. Pelayanannya juga bagus, baik.  Yang melayani atas nama risma juga ramah. Terimakasih",5 bulan lalu,5,5,5,Saoenk Cobek Bone,Google Maps,2026-05-14 21:32:59
Ci9DQUlRQUNvZENodHljRjlvT2s1TFNURnFPVTVCVWpOT1pWRlBaVlowYmxjd2NXYxAB,Rahmat Hidayat,4,"Makanan dan suasananya luar biasa. Ada kolam ikan yang dikelilingi gazebo.
Namun, ketika kami tiba, airnya bermasalah, jadi kami kesulitan mencuci tangan sebelum dan sesudah makan. Tidak ada inisiatif dari staf untuk menyediakan air untuk mencuci tangan.",6 bulan lalu,5,4,5,Saoenk Cobek Bone,Google Maps,2026-05-14 21:32:59
Ci9DQUlRQUNvZENodHljRjlvT2xCWVNXWmFWM1J3U0ZKNk9HNHhkVEV0TkRSelNWRRAB,Mutiara Cell,5,"Makan : memuaskan
Suasana : nyaman

Anisa",6 bulan lalu,5,5,5,Saoenk Cobek Bone,Google Maps,2026-05-14 21:32:59
Ci9DQUlRQUNvZENodHljRjlvT21aaE1GcDZjSGt0T1RSR1ZYZGtjR3d0TkVwNGJXYxAB,Madpirah Maulani,5,"tempatnya cakep, tenang, nyaman.
pelayanannya baik, cepat dan ramah (tiara)",6 bulan lalu,4,5,5,Saoenk Cobek Bone,Google Maps,2026-05-14 21:32:59
Ci9DQUlRQUNvZENodHljRjlvT2t4emJqaE9RVGhUTnpSdlkybHNSV0ZwYTJkaE1tYxAB,Qadafi Dapi,5,keren pelayanan ramah wine,6 bulan lalu,5,5,5,Saoenk Cobek Bone,Google Maps,2026-05-14 21:32:59
Ci9DQUlRQUNvZENodHljRjlvT2pWNmExOHpia2d5YlVodmVqbERiVUUwV0VFMFduYxAB,novi hermianti,5,Makanannya enak dan pelayanannya ramah Risma,6 bulan lalu,5,5,5,Saoenk Cobek Bone,Google Maps,2026-05-14 21:32:59
Ci9DQUlRQUNvZENodHljRjlvT2pkSVoycGpUSE5YVW5Ka1dVMDNjV0ZMUzNWNVdIYxAB,Herlindaa Arsitawati,5,pelayanan ramah wine,6 bulan lalu,5,5,5,Saoenk Cobek Bone,Google Maps,2026-05-14 21:33:19
Ci9DQUlRQUNvZENodHljRjlvT21WNUxWOVlPSGh4ZDFnMFdsTkhTRkZDUkVwNGRVRRAB,Andi Revaldo,5,makanannya sangat enak dan harganya sesuai dengan rasa dan pelayanan dari fajrin sangat baik dan ramah. kalo kesini wajib rame” soalnya porsi makanannya lumayan banyak.🔥🔥,6 bulan lalu,5,5,5,Saoenk Cobek Bone,Google Maps,2026-05-14 21:33:19
Ci9DQUlRQUNvZENodHljRjlvT2treVJFMUZRVkZ5WkhkNFZFSlFiSEozTldKS2JFRRAB,NURANI AZIZAH . M,5,Makanannya enak dan penyajiannya cepan,6 bulan lalu,5,5,5,Saoenk Cobek Bone,Google Maps,2026-05-14 21:33:19
Ci9DQUlRQUNvZENodHljRjlvT21Vd1IyNDRlbXRCVlhwMFlUUkhRWEppWldSamIwRRAB,Afikanza Motor,5,Tempat nya nyaman makanan pun enak pelayanan ramah (Risma),6 bulan lalu,5,5,5,Saoenk Cobek Bone,Google Maps,2026-05-14 21:33:19
Ci9DQUlRQUNvZENodHljRjlvT21kUFRtNW9lbWx1TTJjM2NHVmxTWGxHWm5WU1RuYxAB,Haeruddin Bone,3,"Ikan bakar bagus, kerang dan otak""nya enak dan sambelnya juga bagus

Anisa",6 bulan lalu,3,3,3,Saoenk Cobek Bone,Google Maps,2026-05-14 21:33:19
Ci9DQUlRQUNvZENodHljRjlvT21NeGMzTnBibGxGYWkxRWIwTjRWamRmVm5SSGRuYxAB,Ris Na,4,rasa makanannya enak dan pelayanannya cepat dan ramah (fajrin),6 bulan lalu,4,5,5,Saoenk Cobek Bone,Google Maps,2026-05-14 21:33:19
Ci9DQUlRQUNvZENodHljRjlvT2tkblFsVjVjMkkzTUVrMk1GZHpVMGxJUWtnME5IYxAB,Norfarah Azeila,5,Rasa makanannya enak dan pelayanannya cepat dan ramah (Fajrin),6 bulan lalu,4,5,5,Saoenk Cobek Bone,Google Maps,2026-05-14 21:33:19
Ci9DQUlRQUNvZENodHljRjlvT2xkRGRrUXhkV3RvYWw5Nk1qUTViazFmWkd3dGMyYxAB,Ummul chaeriani,5,"Pelayanannya sangat bagus, pelayan kak risma.",6 bulan lalu,5,5,5,Saoenk Cobek Bone,Google Maps,2026-05-14 21:33:19
Ci9DQUlRQUNvZENodHljRjlvT2poMVVWQTBPRW81UlU1QmEyNUVWV2xmWjNsTmJuYxAB,Darmah Ida,5,Pelayanan Risma,6 bulan lalu,5,5,5,Saoenk Cobek Bone,Google Maps,2026-05-14 21:33:19
Ci9DQUlRQUNvZENodHljRjlvT2xvM1ZrTTRTVmRZWjI5dU5qSkNRbU5qTjNaMUxWRRAB,Maryana,5,Pelayan atas nama Risma,6 bulan lalu,5,5,5,Saoenk Cobek Bone,Google Maps,2026-05-14 21:33:19
Ci9DQUlRQUNvZENodHljRjlvT2pWbVdIVm1aRkpKUm5kRWRsRnBORzFwVjJZMmNGRRAB,KARENINA PERO,4,"Makanan di sini enak enak apalagi Ayam Saos Mentega dan Udang Telur Asin..
Pelayanannya baguss dan cepat, saya lihat tadi ada pelayan yang bernama Risma sangat lah ramah dan telaten. Saya suka pelayanannya..
Over all the bestt",6 bulan lalu,5,5,5,Saoenk Cobek Bone,Google Maps,2026-05-14 21:33:39
Ci9DQUlRQUNvZENodHljRjlvT21kSmMwbDBaVmN0WVc5Qk1VRlFVbFpmYVdvM09YYxAB,Amri Fqf,5,"Makanannya enak,tempatnya nyaman dingin#pelayanan Tiara",6 bulan lalu,5,5,5,Saoenk Cobek Bone,Google Maps,2026-05-14 21:33:39
Ci9DQUlRQUNvZENodHljRjlvT21KelMyWmhUVzV3V1V0RmNXNHdVM0pIUTNoeU9GRRAB,Difa Septianasari,5,Teh nya manis sekali pelayanan ya cukup bagus dan baik. Risma,6 bulan lalu,5,5,5,Saoenk Cobek Bone,Google Maps,2026-05-14 21:33:39
Ci9DQUlRQUNvZENodHljRjlvT2pGaWJHNXJVRGhuUkV4WmQwOXlTM3B2VFc5UWQxRRAB,Fitri Endriani,5,Pelayanan sangat ramah terutama Wina. Murah senyum,6 bulan lalu,5,5,5,Saoenk Cobek Bone,Google Maps,2026-05-14 21:33:39
Ci9DQUlRQUNvZENodHljRjlvT21aTGEzaFdVVkZ4WlRGdVJWQTNNbEZLVEhFeGJtYxAB,Nurul Saskia,5,"suasanya adem,makanan yang enakk

nisa",6 bulan lalu,5,5,5,Saoenk Cobek Bone,Google Maps,2026-05-14 21:33:39
Ci9DQUlRQUNvZENodHljRjlvT2xoM1RreFlUbXg0Y1dsT1NEZEpUREJrU1hKU2NYYxAB,Mita Andriani,5,Tempatnya bagus makanannya enak pelayanan ramah dan cpt(Risma),6 bulan lalu,5,5,5,Saoenk Cobek Bone,Google Maps,2026-05-14 21:33:39
Ci9DQUlRQUNvZENodHljRjlvT2pZelltSkZjWEI0Um1JME5GRm5kMHRvYW14cFgyYxAB,jodha baby shop,5,"Makanan cepat datang
Pelayanan menyenangkan dgn kaka annisa💕
Dari yg kami pesan makanannya lumayan enak..",6 bulan lalu,4,5,4,Saoenk Cobek Bone,Google Maps,2026-05-14 21:33:39
Ci9DQUlRQUNvZENodHljRjlvT2pOd1pEUnBZbUZKVEhFM1EzUm1NSHB6YlcxNU1FRRAB,Amriani Aicom XII,5,Makananya enak dan tempatnya bagus nyaman bersih pelayananya bagus atas nama risma,6 bulan lalu,5,5,5,Saoenk Cobek Bone,Google Maps,2026-05-14 21:33:39
Ci9DQUlRQUNvZENodHljRjlvT2pkaVIzUTJXWGczYTBkTVZteEZXa3hUYldkQ2NYYxAB,Andi Selmianti,5,"Menunya enak semua, porsinya jg banyak, pelayanannya ramah, suasana nyaman skali (pelayanan tiara)",6 bulan lalu,5,5,5,Saoenk Cobek Bone,Google Maps,2026-05-14 21:33:39
Ci9DQUlRQUNvZENodHljRjlvT25nMFZEQkNTRWhaWkVaWldVczVTazVhVG1SNGFFRRAB,Jusma Jusma,4,"Mknanx enak,suasanax memuaskan

Nisa",6 bulan lalu,4,4,5,Saoenk Cobek Bone,Google Maps,2026-05-14 21:33:39
Ci9DQUlRQUNvZENodHljRjlvT2xOTFVsWXRSMTgxYVVsNVYzUjVSVlZIZW1WMFpuYxAB,Nur Azizah,5,(Makanannya sangatt lezaat) pelayanan tiara,6 bulan lalu,4,4,5,Saoenk Cobek Bone,Google Maps,2026-05-14 21:34:00
Ci9DQUlRQUNvZENodHljRjlvT2paNlVqaE1hVEJzYkVJMldVRmpjVWxCVmtneVNrRRAB,Nur aisyah Ica,5,Tmptnya bagus makanannya enak pelayanan ramah baik(Risma),6 bulan lalu,5,5,5,Saoenk Cobek Bone,Google Maps,2026-05-14 21:34:00
Ci9DQUlRQUNvZENodHljRjlvT21sWlQxVndjbFYxVTA1c2IxTkJNMnd5V1hKdU9IYxAB,Nurul Akifah,5,Seseorang,6 bulan lalu,5,5,5,Saoenk Cobek Bone,Google Maps,2026-05-14 21:34:00
Ci9DQUlRQUNvZENodHljRjlvT2taTFVFeEVkM2RMZW1Gck9XZ3phVmxUUTFSRFVVRRAB,Husna Mariana,5,Pelayanan yg baik Kak Wina dan makanannya Recommended,6 bulan lalu,5,5,5,Saoenk Cobek Bone,Google Maps,2026-05-14 21:34:00
Ci9DQUlRQUNvZENodHljRjlvT21sNlFuZ3hPV0ZYTmtJMk5HWkhWRTVJU1VodFRtYxAB,Selpiah Ramadhani,5,"Makanannya enak, pelayanan ramah (Risma)",6 bulan lalu,5,5,5,Saoenk Cobek Bone,Google Maps,2026-05-14 21:34:00
Ci9DQUlRQUNvZENodHljRjlvT25oRFNrazBSMGRaU1hWNlkwWjVXa3AyWkhwM1dYYxAB,Syahril Syahril,5,Pelayanan sangat ramah @whyne,6 bulan lalu,4,5,4,Saoenk Cobek Bone,Google Maps,2026-05-14 21:34:00
Ci9DQUlRQUNvZENodHljRjlvT25OelEybENla1p3WWxKd2RFWnNWakZDTkMxZlRrRRAB,Hadi Siswanto,5,Makanannya mantap poll dan pastinya balik lagi dong coba menu lainnya( pelayanan tiara),6 bulan lalu,5,5,5,Saoenk Cobek Bone,Google Maps,2026-05-14 21:34:00
Ci9DQUlRQUNvZENodHljRjlvT2s5WlJuVnFiamxQVjJkWlMwSnZRV3RNWkhweVRtYxAB,Rismah Imma,5,Tmptnya nyaman pelayanan nya(Risma) asik ramah makanannya enak,6 bulan lalu,5,5,5,Saoenk Cobek Bone,Google Maps,2026-05-14 21:34:00
Ci9DQUlRQUNvZENodHljRjlvT25SYVJrbEhWMEpXY2tOUFJGcEhaVFl4VjNWWlgyYxAB,Mirna Wati,5,Temlatny nyaman dan pelayanan ramah wine,6 bulan lalu,5,5,5,Saoenk Cobek Bone,Google Maps,2026-05-14 21:34:00
Ci9DQUlRQUNvZENodHljRjlvT2s1RFRYUXRiMmhPTnkxbFNsRjRSVk5CTFROek1IYxAB,Jusniati Jusni,5,"suasananya nyaman

annisa",6 bulan lalu,5,5,5,Saoenk Cobek Bone,Google Maps,2026-05-14 21:34:00
Ci9DQUlRQUNvZENodHljRjlvT25obFNVVk1jRFJMUmtjNE9FTkRjV2xzUTB3eVNVRRAB,Kurniati Salmi,5,Oke mantap (pelayanan Tiara),6 bulan lalu,5,5,5,Saoenk Cobek Bone,Google Maps,2026-05-14 21:34:20
Ci9DQUlRQUNvZENodHljRjlvT2tadmRuazRNM2hwU1ZwT2VEQkZka3BGVTA4d2NsRRAB,Sul Haeri,5,"Pelayanan dari wina ramah.
suasana sejuk, makanannya memuaskan dan hampir tidak pernah mengecewakan...",6 bulan lalu,5,5,5,Saoenk Cobek Bone,Google Maps,2026-05-14 21:34:20
Ci9DQUlRQUNvZENodHljRjlvT214clkzWkNNMUJYYldWVU5HTXhUek5NWmpRdGNWRRAB,Ayu Putri,5,Enak. Pelayanannya mantaffff kak risma,6 bulan lalu,5,5,5,Saoenk Cobek Bone,Google Maps,2026-05-14 21:34:20
Ci9DQUlRQUNvZENodHljRjlvT21GNmJqVjRVVlpXVW1jMmVtSlJkRU5TU1ZKM2RVRRAB,Iphe Syam,5,"rasa makanannya enak, rasanya pas dan porsinya cukup lumayan banyak😍😍😍

(fajri)",6 bulan lalu,5,5,5,Saoenk Cobek Bone,Google Maps,2026-05-14 21:34:20
Ci9DQUlRQUNvZENodHljRjlvT214Tk1tTXRRa2d5ZUc1a1UzQmxSME54Y0U1U0xWRRAB,multisarana jasa,5,"Suasana sangat bagus
Makan dan sambelnya enak (pelayanan Tiara )",6 bulan lalu,5,5,5,Saoenk Cobek Bone,Google Maps,2026-05-14 21:34:20
Ci9DQUlRQUNvZENodHljRjlvT201UFNUSXlTRTV5UzJVM0xUVjVXWE4wZW5SbFYyYxAB,Annisa Dewi,5,"Suasana nyaman,makanan enak,pelayanannya bagus oleh risma",6 bulan lalu,5,5,5,Saoenk Cobek Bone,Google Maps,2026-05-14 21:34:20
Ci9DQUlRQUNvZENodHljRjlvT25NNVJ6azVURmw2U21GcWRsVk9UWGMwVFZCRk4xRRAB,Riska taqiim,5,"Makan dan minuman enak2 dan suasana juga bagus untuk liburan keluarga

Anisa",6 bulan lalu,5,5,5,Saoenk Cobek Bone,Google Maps,2026-05-14 21:34:20
Ci9DQUlRQUNvZENodHljRjlvT25WNFRWb3dSMWhxV0hJdFFYVkJkRlkyVmtoRVVGRRAB,Rizal Saputra,5,"Rasa makanannya enak
Dan pelayanannya sangat bagus dan Rama (Fajrin)",6 bulan lalu,5,5,5,Saoenk Cobek Bone,Google Maps,2026-05-14 21:34:20
Ci9DQUlRQUNvZENodHljRjlvT21OWlVYRmtZbGxVUkhCMGNTMWZNa2N0VnpGTlNsRRAB,Ramli Wtp,5,Pelayan baik tingkatkan 👍👍👍(makasih tiara) 🤗,6 bulan lalu,5,5,5,Saoenk Cobek Bone,Google Maps,2026-05-14 21:34:20
Ci9DQUlRQUNvZENodHljRjlvT2tzeFpHOUxMVFk1YldaR09WUjVRbUpTWDJObE1GRRAB,Uleng Uleng,5,Makanannya enak pas dilidah🤤🤤🤤🤤🤤🤤(makasih kak Tiara)🥰🥰🥰,6 bulan lalu,5,5,5,Saoenk Cobek Bone,Google Maps,2026-05-14 21:34:20
Ci9DQUlRQUNvZENodHljRjlvT25oTVpYRkJjMmx4ZFhWeGFYUkVVV04yY1ZZeE1sRRAB,muhammad awal ramadhansyah,5,"Pelayanannya bagus dan ramah, dan dilayani baik sama kak wina😊🙏🏼",6 bulan lalu,5,5,5,Saoenk Cobek Bone,Google Maps,2026-05-14 21:34:41
Ci9DQUlRQUNvZENodHljRjlvT2pocWNEZzVPSGx0U0VWRExWZ3RWM0oxTmpka2IxRRAB,Nesya livia Aura Gautami,5,Tempatnya nyaman makanannya enk pelayanan dari kak wina juga sangat memuaskan,6 bulan lalu,5,5,5,Saoenk Cobek Bone,Google Maps,2026-05-14 21:34:41
Ci9DQUlRQUNvZENodHljRjlvT2toTGFFOU9iSEp2UVhwUE0wTkdPVGxMWlZGTFZsRRAB,Wiwi Nirwana,5,"Tempatnya bagus,
Makanannya enak.
Pelayanannya sangat ramah (Risma)",6 bulan lalu,5,5,5,Saoenk Cobek Bone,Google Maps,2026-05-14 21:34:41
Ci9DQUlRQUNvZENodHljRjlvT21salREVnZZWFJzYkVZNGNUbFBWa1EwVmxjNE0yYxAB,Man Lapri,5,Tmptnya nyaman bersih makananya enak pelayanan bagus ramah(Risma),6 bulan lalu,5,5,5,Saoenk Cobek Bone,Google Maps,2026-05-14 21:34:41
Ci9DQUlRQUNvZENodHljRjlvT2pGNVdHVlNVa3RuU2tGV2VrNVhWbVY1U1hNMFJuYxAB,Nahda Waty,4,"Makanan yg lumayan suasanax adem
Annisa",6 bulan lalu,3,3,4,Saoenk Cobek Bone,Google Maps,2026-05-14 21:34:41
Ci9DQUlRQUNvZENodHljRjlvT2xWM1JrcDFibHBaTmpWTk9URnFTM2RrYW14S2VWRRAB,Hikma Bone,5,"Makanannya lg enak ,suasananya nyaman

ANISA",6 bulan lalu,5,5,5,Saoenk Cobek Bone,Google Maps,2026-05-14 21:34:41
Ci9DQUlRQUNvZENodHljRjlvT25GV1JHODBVWFpyZG1SSWNITlFjVTB4WjJWWFJFRRAB,tirman tirman,5,Pelayana ramah wine tempatnya nyaman,6 bulan lalu,5,5,5,Saoenk Cobek Bone,Google Maps,2026-05-14 21:34:41
Ci9DQUlRQUNvZENodHljRjlvT2pWVk9IaGpTMFZuY0hKamJFMXZRV1JyUzJKbVRsRRAB,Kiron Sangar,5,"Arti atmosfer yang stabil

Nisa",6 bulan lalu,5,5,5,Saoenk Cobek Bone,Google Maps,2026-05-14 21:34:41
Ci9DQUlRQUNvZENodHljRjlvT2s5eVpYVkJZVkpGZGxkRmFtbzNNRVJvYjNwbk9HYxAB,Adel Andi,5,"Pelayanan baik dan cepat

Anisa :)",6 bulan lalu,5,5,5,Saoenk Cobek Bone,Google Maps,2026-05-14 21:34:41
Ci9DQUlRQUNvZENodHljRjlvT2xjMlF6UnBWQzFSWW5aSGN6WTRPR3hXVDJGTVFuYxAB,Selvi,5,Tmpatnya bagus makannya enak pelayanan cpt ramah(Risma),6 bulan lalu,5,5,5,Saoenk Cobek Bone,Google Maps,2026-05-14 21:34:41
Ci9DQUlRQUNvZENodHljRjlvT2pOVmN6UnVZWGhLVEVkSmFTMTVXa2hzWkVNMWJXYxAB,Haji Cenceng,5,Mantap (pelayanan tiara),6 bulan lalu,5,5,5,Saoenk Cobek Bone,Google Maps,2026-05-14 21:35:01
Ci9DQUlRQUNvZENodHljRjlvT25WQk9WRjBVSFV6ZEhwYU1tNTVNVEpVU1hWdFEzYxAB,Riska Ika,5,"Tempat nya nyaman. Pelayanannya mantap
Pelayanannya wina",6 bulan lalu,5,5,5,Saoenk Cobek Bone,Google Maps,2026-05-14 21:35:01
Ci9DQUlRQUNvZENodHljRjlvT2tGaFJXOWlhbGM0UzA5SU5FTXlObEJZV205bmQwRRAB,Parlem Cees,5,Makanan enak pelayanan bagus Risma,6 bulan lalu,5,5,5,Saoenk Cobek Bone,Google Maps,2026-05-14 21:35:01
Ci9DQUlRQUNvZENodHljRjlvT2w5MGNFRk5jbmxZZHpCaWRVVlJSSE5SVWpKdmMzYxAB,Rina saputri,5,"Tempatnya bagus, rasanya enak n pelayanan cepat(fajrin)",6 bulan lalu,5,5,5,Saoenk Cobek Bone,Google Maps,2026-05-14 21:35:01
Ci9DQUlRQUNvZENodHljRjlvT21oUWVqSjBWM1JpVkhrd00yODJlVVkxZUdoaGQxRRAB,Andi Arya,5,Seseorang,6 bulan lalu,5,4,5,Saoenk Cobek Bone,Google Maps,2026-05-14 21:35:01
Ci9DQUlRQUNvZENodHljRjlvT2xacFJuRkVNek15VUZjdGIzQkxWa2hNTUVwM1JIYxAB,Nur Halisa026,5,Seseorang,6 bulan lalu,5,5,5,Saoenk Cobek Bone,Google Maps,2026-05-14 21:35:01
Ci9DQUlRQUNvZENodHljRjlvT2pKRldUQktXa0U1ZWpabmVITjVhbU5CZWxoaU9YYxAB,Hikmah Fajriani,5,"Free makanan buat ikan di kolam, anak saya senang banget 💐",6 bulan lalu,4,4,5,Saoenk Cobek Bone,Google Maps,2026-05-14 21:35:01
Ci9DQUlRQUNvZENodHljRjlvT2xwMFdVOVphMTlOV0V4aVYzcFNkM3BsWkhFeGFYYxAB,Abelll,5,makanan nya enak dan pelayanan nya bagus (pelayanan tiara),Diedit 6 bulan lalu,4,5,5,Saoenk Cobek Bone,Google Maps,2026-05-14 21:35:01
Ci9DQUlRQUNvZENodHljRjlvT21oUFkwY3RhM1p0Y0hKc2RtOVBhMnQ2ZDNRMlVYYxAB,Amma Ayya,5,Pelayanan ramah wine,6 bulan lalu,5,5,5,Saoenk Cobek Bone,Google Maps,2026-05-14 21:35:01
Ci9DQUlRQUNvZENodHljRjlvT25STVZsZFVVM2hWZFVWTlZHa3pWM2wwTlhKRVIzYxAB,Heri ana,5,"Makanannya enak, pelayan yang cepat dan ramah khususnya pelayan atas nama Risma terimakasih kak atas pelayanannya yah, suasana juga sejuk👍",6 bulan lalu,5,5,5,Saoenk Cobek Bone,Google Maps,2026-05-14 21:35:01
Ci9DQUlRQUNvZENodHljRjlvT2tFd1YwUkhaVUY2TFRkTk1HTk5aV0ZFYm1WaVFtYxAB,Andi Irdayanti,5,dingin,6 bulan lalu,5,5,5,Saoenk Cobek Bone,Google Maps,2026-05-14 21:35:22
Ci9DQUlRQUNvZENodHljRjlvT2s0NVJYRjZkMDFGVTJsNlMxWlJhMDFIWms5dVVXYxAB,Sasti Herawati,5,Suasanyanya homey,6 bulan lalu,5,5,5,Saoenk Cobek Bone,Google Maps,2026-05-14 21:35:22
Ci9DQUlRQUNvZENodHljRjlvT2tkUU4zcEdVMHRTYlhNeGNERk5aa0Y1VEZWbmRuYxAB,Nurhikma Awalia,5,Tmptnya bagus bersih makannya enak mantap pelayanan baik ramah(Risma),6 bulan lalu,5,5,5,Saoenk Cobek Bone,Google Maps,2026-05-14 21:35:22
Ci9DQUlRQUNvZENodHljRjlvT2pSMVYwcGZkV1l6WVRsMFNrcEdibGhJZVZKd1VuYxAB,Rosnaeni Rosnaeni,5,Makananya enak puas tempatnya nyaman pelayanan bagus ramah (Risma),7 bulan lalu,5,5,5,Saoenk Cobek Bone,Google Maps,2026-05-14 21:35:22
Ci9DQUlRQUNvZENodHljRjlvT21oaWIxaFhhM2RIYjA1d1NUTTJZbFV0TlhwQ1RYYxAB,Chung Fian,5,Waiters ramah dan gercep terimakasih kak wina,7 bulan lalu,5,5,5,Saoenk Cobek Bone,Google Maps,2026-05-14 21:35:22
Ci9DQUlRQUNvZENodHljRjlvT25CS2QxZE9SSFZXTm5kb2JGVldZVXh5YjB0b1NrRRAB,Nursya,5,Tempatnya bersih nyaman makanannya enak pelayanan baik ramah CPT (Risma),7 bulan lalu,5,5,5,Saoenk Cobek Bone,Google Maps,2026-05-14 21:35:22
Ci9DQUlRQUNvZENodHljRjlvT25OMVFWVktZa1YzV2tkRmEzZFdRVk4xZEVaU1MyYxAB,Safira Meilyanti,5,tmpanya bagus makanannya enak pelayanannya ramah(Risma),7 bulan lalu,5,5,5,Saoenk Cobek Bone,Google Maps,2026-05-14 21:35:22
Ci9DQUlRQUNvZENodHljRjlvT25oV1ZraHVabTQ1VjNGaGRFWnRNMUJWUXpsWmJsRRAB,kinanthi pujaningrum,5,tmpatnya nyaman makananya enak plelayanan ramah (Risma),7 bulan lalu,5,5,5,Saoenk Cobek Bone,Google Maps,2026-05-14 21:35:22
Ci9DQUlRQUNvZENodHljRjlvT21oWWMzWnBUMmM0UTI1bVlWcFdWRTgyVW5Wc1lsRRAB,Wahyu Di,5,,7 bulan lalu,5,5,5,Saoenk Cobek Bone,Google Maps,2026-05-14 21:35:22
Ci9DQUlRQUNvZENodHljRjlvT25oTE9GSm5aVVpUTm5CTlRHZ3dYMmxwV0haS05sRRAB,bombom Muhsyah,5,"Pelayanan: Luar Biasa Baik dan Profesional (Risma)
Tempat : nyaman dan bersih
Makanan : nikmat",7 bulan lalu,5,5,5,Saoenk Cobek Bone,Google Maps,2026-05-14 21:35:22
Ci9DQUlRQUNvZENodHljRjlvT21oTGFWUTFaMUYxUlZocGJISTVSMEZUYVVOSU1rRRAB,Arnhy Isyatullah,4,,7 bulan lalu,4,4,5,Saoenk Cobek Bone,Google Maps,2026-05-14 21:35:42
Ci9DQUlRQUNvZENodHljRjlvT2pWT1UxQm1VMnBmWDFoVlFUSkNXbTlUYWtSaE9IYxAB,Aini Awwabina,5,pelayanan ramah dan bagus wina,7 bulan lalu,5,5,5,Saoenk Cobek Bone,Google Maps,2026-05-14 21:35:42
Ci9DQUlRQUNvZENodHljRjlvT2s1Zk16RkZjME41VEVwbVJVNXRiVkZuWXpsMk1YYxAB,Amelia Meiriska,5,,7 bulan lalu,5,5,5,Saoenk Cobek Bone,Google Maps,2026-05-14 21:35:42
Ci9DQUlRQUNvZENodHljRjlvT2pkSVdXSjJZbXgwVG5sbFN6ZGpOVk5MVTJvemNYYxAB,Haikal Wahid,4,Rasa makananny enakk playananny jg bagus( fajrin),7 bulan lalu,4,4,3,Saoenk Cobek Bone,Google Maps,2026-05-14 21:35:42
Ci9DQUlRQUNvZENodHljRjlvT2xCdlJXaDNOM0pEUTNRM1R5MXViV05HWjJ4dldWRRAB,Ayu Andira,5,Tmptnya bagus nyaman makanannya enak sesuai selera pelayanan bagus ramah cepat(Risma),7 bulan lalu,5,5,5,Saoenk Cobek Bone,Google Maps,2026-05-14 21:35:42
Ci9DQUlRQUNvZENodHljRjlvT2sxRlVYSnlWVnBaZGtWc1Z6SXRia2xUYVdGQmIzYxAB,Fika Fiqqa qa,4,"Makan nya enak dan suasana x nyamn dan bersih

NISA",7 bulan lalu,5,3,5,Saoenk Cobek Bone,Google Maps,2026-05-14 21:35:42
Ci9DQUlRQUNvZENodHljRjlvT2xWQ2FFTmFhVkpuWjJ0amVUSTVkbkZRTkdaS2MxRRAB,Ilham,5,"Makanan nya sangat enakk  ,pelayanan sangat ramah ,murah senyum,tempatnya sejuk dan sngt bagus
(Pelayanan Tiara)",7 bulan lalu,5,5,5,Saoenk Cobek Bone,Google Maps,2026-05-14 21:35:42
Ci9DQUlRQUNvZENodHljRjlvT25rMldEbFdVREF0U0RNdFIybFVTWFU1WVhaT2NsRRAB,Nisanisa Juli,5,Pelayanannya Bagus (Fajrin),7 bulan lalu,5,5,5,Saoenk Cobek Bone,Google Maps,2026-05-14 21:35:42
Ci9DQUlRQUNvZENodHljRjlvT2xVek5GZENNRXh3UWpWWlVXaDVUblZFTUhsWkxVRRAB,Sr12 Salon,5,Pelayanan ramah,7 bulan lalu,5,,5,Saoenk Cobek Bone,Google Maps,2026-05-14 21:35:42
Ci9DQUlRQUNvZENodHljRjlvT25GRWVsbDRjbHB4V1dodU9FVlZhRkZOWldWVVVIYxAB,Itto Rusdianto,5,"Tempat bagus makanan enak pelayanan cepat ramah
. Risma",7 bulan lalu,5,5,5,Saoenk Cobek Bone,Google Maps,2026-05-14 21:35:42
Ci9DQUlRQUNvZENodHljRjlvT25Wd1FUbGxWa014WDBSaFVqZ3hNSFpyUmpOck1GRRAB,Leli Rahmi,5,"Makanannya enakk, suasananyaa ademm (layanan tiara)",7 bulan lalu,5,5,5,Saoenk Cobek Bone,Google Maps,2026-05-14 21:36:02
Ci9DQUlRQUNvZENodHljRjlvT2tOa09EbExkRGxQZVcxWk1rcEpTVlZyTUdadlltYxAB,Rima Lisdiana,5,Pelayanan ramah wine,7 bulan lalu,5,5,5,Saoenk Cobek Bone,Google Maps,2026-05-14 21:36:02
Ci9DQUlRQUNvZENodHljRjlvT2xreVMxUnJRbmxOU1Zad05EZ3djMUpXTmkweWVVRRAB,ikbal ashari,5,Tmptnya bagus nyaman bersih makanannya sangat enak pelayanan bagus ramah  cepat(Risma)👌,7 bulan lalu,5,5,5,Saoenk Cobek Bone,Google Maps,2026-05-14 21:36:02
Ci9DQUlRQUNvZENodHljRjlvT2pCVk9WTjBiMUZxY3pkQllURlRjWFpRV0MweVNHYxAB,Selvia Syahnur,5,Seseorang,7 bulan lalu,5,5,5,Saoenk Cobek Bone,Google Maps,2026-05-14 21:36:02
Ci9DQUlRQUNvZENodHljRjlvT2tOMWJsQkdUMmxhVmkxbVRFUXdWemRVV2xOQlNYYxAB,Isma Ferdian,5,"Suasananya nyaman dan pelayanannya baik.

Nisa",7 bulan lalu,5,5,5,Saoenk Cobek Bone,Google Maps,2026-05-14 21:36:02
Ci9DQUlRQUNvZENodHljRjlvT2xKdlYyMVNNMjFzYkdveFZXUjBVR3cwY1ZkUFkxRRAB,Fitri Ani,5,"Makanan mantap pelayanannya jga cepat
-Fajrin",7 bulan lalu,5,5,5,Saoenk Cobek Bone,Google Maps,2026-05-14 21:36:02
Ci9DQUlRQUNvZENodHljRjlvT21oMVpuSlZZbFpCT1VoaVYxVmxRMkZHUkhwYVduYxAB,Nina Syakila,5,Tmpatnya bagus makanannya enak pelayanan baik ramah cpt(Risma)👍👍,7 bulan lalu,5,5,5,Saoenk Cobek Bone,Google Maps,2026-05-14 21:36:02
Ci9DQUlRQUNvZENodHljRjlvT21od1ZUVXdSV1ZUT0dJMFYySjFUVlV4Vm5BMlRHYxAB,Yayu Kembar85,5,"SUASANA MENYENANGKAN,MAKANAN ENAK, PELAYANAN BAIK

NISA",7 bulan lalu,5,5,5,Saoenk Cobek Bone,Google Maps,2026-05-14 21:36:02
Ci9DQUlRQUNvZENodHljRjlvT2s5WmVUTnhjbXRmUTBWWVdVczRNbVptZVdwVFozYxAB,Andinurhikmah,5,,7 bulan lalu,5,5,5,Saoenk Cobek Bone,Google Maps,2026-05-14 21:36:02
Ci9DQUlRQUNvZENodHljRjlvT2pGelowSkVTRk00VjIxVk9UVktPRmN3YVhjeE9YYxAB,Alfina Damayanti Rifai,5,"Pelayanan ok
Makanan ok
(Tiara)",7 bulan lalu,4,5,5,Saoenk Cobek Bone,Google Maps,2026-05-14 21:36:02
Ci9DQUlRQUNvZENodHljRjlvT2sxclprMHdhekZYU2kwd1oxQTJVV2N6VTNwNGJYYxAB,Suchi Indah,5,,7 bulan lalu,5,5,5,Saoenk Cobek Bone,Google Maps,2026-05-14 21:36:23
Ci9DQUlRQUNvZENodHljRjlvT205cU5sTnBOSEZpWkZGZmEyTnRjMU5uUW5VMGEyYxAB,Zainal Usman,5,Tmptnya bagus makanya pas enak pelayanan ramah baik memuaskan (Risma)👍👍,7 bulan lalu,5,5,5,Saoenk Cobek Bone,Google Maps,2026-05-14 21:36:23
Ci9DQUlRQUNvZENodHljRjlvT2xwQ05FZG5ka1JqVVhGTFVtRnBlRU5DTmxGb05XYxAB,dyy princc,5,Masakan sangat enk dan recomended (fajrin),7 bulan lalu,5,5,5,Saoenk Cobek Bone,Google Maps,2026-05-14 21:36:23
Ci9DQUlRQUNvZENodHljRjlvT2xaYVdFdEhYM28yUTI5RVVVeGpiMWxDTlhGdk9VRRAB,andys Fbr,5,pelayanannya ramah wine,7 bulan lalu,5,5,5,Saoenk Cobek Bone,Google Maps,2026-05-14 21:36:23
Ci9DQUlRQUNvZENodHljRjlvT2xGb1ZsWldiazE0TURjMlNqSXhPRGxwWDFOSlkxRRAB,Yusram Alan,5,"Suasana nyaman dan pelangganan juga ramah terimakasih 🙏

Nisa",7 bulan lalu,5,5,5,Saoenk Cobek Bone,Google Maps,2026-05-14 21:36:23
Ci9DQUlRQUNvZENodHljRjlvT25wdlJraHhWbVZFWDNSbFZUVTBOQzFEUVRkTGRFRRAB,Sry Muhchayang14,4,,7 bulan lalu,,,,Saoenk Cobek Bone,Google Maps,2026-05-14 21:36:23
Ci9DQUlRQUNvZENodHljRjlvT2t4R04wMW1NMjlIYnpOS1JHODRlVTlMT0dVNVRYYxAB,Jumardi Marr,5,Pelayanan bagus dan ramah makasih wine,7 bulan lalu,5,5,5,Saoenk Cobek Bone,Google Maps,2026-05-14 21:36:23
Ci9DQUlRQUNvZENodHljRjlvT2tWS1ZGQmtWR0ZZVTJRM1JGbG5UbFphZVVSMU1tYxAB,Samsidar cida,5,"Bgus sekali tempatnya perfect, makanannya enak
Risma",7 bulan lalu,5,5,5,Saoenk Cobek Bone,Google Maps,2026-05-14 21:36:23
Ci9DQUlRQUNvZENodHljRjlvT2xwbWRraDJiV0pqVXpkTk5sSjFiekpaUjFCR2JVRRAB,Nur Afika,5,"Pelayanan baik,ramah.dan makan ny enak dan murah dikantong pelajar.(fajri)",7 bulan lalu,5,5,5,Saoenk Cobek Bone,Google Maps,2026-05-14 21:36:23
Ci9DQUlRQUNvZENodHljRjlvT2pScWJYb3RTRlkwT0ZKUGVXZERWSGh4YTFVeE0yYxAB,Musdalifah Ifa,5,Tempatnya bersih makannya mantap pelayanannya memuaskan (Risma),7 bulan lalu,5,5,5,Saoenk Cobek Bone,Google Maps,2026-05-14 21:36:23
Ci9DQUlRQUNvZENodHljRjlvT2tWdlprOVFWWEJyWVROVldrVmpOMFZRTldJeFUyYxAB,Adi Enhal,5,pelayanan ramah wine,7 bulan lalu,5,5,5,Saoenk Cobek Bone,Google Maps,2026-05-14 21:36:43
Ci9DQUlRQUNvZENodHljRjlvT2w5b2NXRkNZbUk0Y0Rka05tbDRTbEI1UkVVM2FHYxAB,Murni 365,5,"Tempatnya indah dan nyaman, menu makanan bervariasi dan enak, pelayanan memuaskan.
(Pelayanan Tiara)",7 bulan lalu,5,5,5,Saoenk Cobek Bone,Google Maps,2026-05-14 21:36:43
Ci9DQUlRQUNvZENodHljRjlvT2t3d1VrVlBVRzVwZDNCdFQzRjFXVWRZY1RkaVgyYxAB,IRA,5,Pelayanan bagus dan tempatnya estetik cocok untuk bawa keluarga. (pelayanan tiara),7 bulan lalu,5,5,5,Saoenk Cobek Bone,Google Maps,2026-05-14 21:36:43
Ci9DQUlRQUNvZENodHljRjlvT2xCU1VrTndUMHRWZDFwcFJFNWtZVEZIY3kxVGRFRRAB,Fifi Septiana,5,"Pelayanan yang baik,makanannya sangat recommended kepiting nampang B
(Fajrin)",7 bulan lalu,5,5,5,Saoenk Cobek Bone,Google Maps,2026-05-14 21:36:43
Ci9DQUlRQUNvZENodHljRjlvT21sRVVuZDJPSEE1TFU1b01FUlBjMVoyY1hGS2FXYxAB,Dirgantara,5,Nyaman,7 bulan lalu,5,5,5,Saoenk Cobek Bone,Google Maps,2026-05-14 21:36:43
Ci9DQUlRQUNvZENodHljRjlvT2xZdFJUbHBkM1JtVVVSbGFHcHpkR0V3UmtWaE1sRRAB,Sitti Aisyah,5,Tmennya bagus makanannya enak puas pelayanan baik ramah (Risma),7 bulan lalu,5,5,5,Saoenk Cobek Bone,Google Maps,2026-05-14 21:36:43
Ci9DQUlRQUNvZENodHljRjlvT2poUk1IZDNiVWx0Y0RrNGFIaHJkbE5tWDBOemVFRRAB,Kautsar Jeddawi (EL-Jeddawi),5,"bagus tempatnya dan pelayanan cepat
fajrin",7 bulan lalu,5,5,5,Saoenk Cobek Bone,Google Maps,2026-05-14 21:36:43
Ci9DQUlRQUNvZENodHljRjlvT2xsUlQyNHpNVFJzYzJwcVQxOXdNRWd6V1hSVGVXYxAB,anchaa casper,5,"Suasana nya bagus, adem
anisa",7 bulan lalu,5,5,5,Saoenk Cobek Bone,Google Maps,2026-05-14 21:36:43
Ci9DQUlRQUNvZENodHljRjlvT2pkUExXWTBha3hWWTBGeVVGWm9ValpqY2tGd2NrRRAB,Ris Waan,5,Pelayanan sangat baik dan ramah @wina,7 bulan lalu,5,5,5,Saoenk Cobek Bone,Google Maps,2026-05-14 21:36:43
Ci9DQUlRQUNvZENodHljRjlvT201SlJYTkxXVFowU0ZOUVFtMWpaUzF4Y25WM01FRRAB,RIA RESKI RAMADANI,5,Tmptnya nyaman cantik makannaya enak mantap Pelayanan ramah sangat baik(Risma),7 bulan lalu,5,5,5,Saoenk Cobek Bone,Google Maps,2026-05-14 21:36:43
Ci9DQUlRQUNvZENodHljRjlvT21aT2VtNDFSWFphVkhneFprazRXV0pRT1ZCRVFWRRAB,Afifah Afliyah,5,Tempat dan pelayanannya sangat baik. Makanan yang disajikan juga cepat (pelayanan tiara),7 bulan lalu,4,4,4,Saoenk Cobek Bone,Google Maps,2026-05-14 21:37:04
Ci9DQUlRQUNvZENodHljRjlvT25BNWFHeEdNbEZqTlV4RGFteDJXSEJ3Y2pkUFNWRRAB,Nurlela aa,1,Rasanya enak ( Fajrin),7 bulan lalu,5,5,5,Saoenk Cobek Bone,Google Maps,2026-05-14 21:37:04
Ci9DQUlRQUNvZENodHljRjlvT21SWkxYVXlhMFowTlV4R2FGUllNRzlsZERoWFdWRRAB,hasniwati taher,4,"Suananya enak untuk makan bareng keluarga , apalagi di layani dengan mbak Tiara yang ramah.",7 bulan lalu,5,5,5,Saoenk Cobek Bone,Google Maps,2026-05-14 21:37:04
Ci9DQUlRQUNvZENodHljRjlvT2pCTlgxUk9kV3B2VXpGdVNVcE1SREZJTkV0VVZFRRAB,Risal Ichal,5,Makanan enak dengan suasana yg adem di dukung dengan pelayanan yang ramah dan cepat .. Mantap,7 bulan lalu,4,5,5,Saoenk Cobek Bone,Google Maps,2026-05-14 21:37:04
Ci9DQUlRQUNvZENodHljRjlvT2kxcVpFTmlkRE10YkV0bmMzQllhbk5SYlZGQk1rRRAB,Selvi Angriani,5,Tempatnya bagus makanannya enak pelayanan baik ramah (Risma)👍👍👍👍👍👍👍,7 bulan lalu,5,5,5,Saoenk Cobek Bone,Google Maps,2026-05-14 21:37:04
Ci9DQUlRQUNvZENodHljRjlvT201QlJVMTZURXAyUnkxUFJUUk1UVGRaUVZveE0yYxAB,Ashari arfah,5,Suasanan nyaman dengan pelayanan yang sangat baik oleh @wina,7 bulan lalu,5,5,5,Saoenk Cobek Bone,Google Maps,2026-05-14 21:37:04
Ci9DQUlRQUNvZENodHljRjlvT2w5V1RYZExYM2t6UkVvdFZrUlhXbUpxUmpkS1pIYxAB,Adi TM,5,tmpatnya nyaman bagus makanannya enak pelayanan bagus ramah cepat (Risma)👍👍,7 bulan lalu,5,5,5,Saoenk Cobek Bone,Google Maps,2026-05-14 21:37:04
Ci9DQUlRQUNvZENodHljRjlvT21Sb2IzbDRabVpLUTFoR2FqUkplVzAzZDNvemQwRRAB,Nur Fadilla,5,"enak dan lumayan worth it untuk harganya,pelayananny jg ramah👏🏻(pelayanan tiara)",7 bulan lalu,5,5,5,Saoenk Cobek Bone,Google Maps,2026-05-14 21:37:04
Ci9DQUlRQUNvZENodHljRjlvT2tsQ1RHaHhaMkpJWkZBMWVXOWxVMUo0YjBSQlJsRRAB,Salma Ema,5,Tmptnya bagus makanannya enak pelayanan baik ramah! (Risma) 🥰👍👍👍,7 bulan lalu,5,5,5,Saoenk Cobek Bone,Google Maps,2026-05-14 21:37:04
Ci9DQUlRQUNvZENodHljRjlvT21kMGVEQjZTV1ZMU1VsMVgwVnRTVk41ZDFwRVgwRRAB,Ansal,5,Pelayananx sangat ramah Wina,7 bulan lalu,5,5,5,Saoenk Cobek Bone,Google Maps,2026-05-14 21:37:04
Ci9DQUlRQUNvZENodHljRjlvT21sd2MwRTJVSGRKUlZOTVRsZDJMVXh3YTJkSFJHYxAB,astina,5,"Mantap
Nisa",7 bulan lalu,5,5,5,Saoenk Cobek Bone,Google Maps,2026-05-14 21:37:24
Ci9DQUlRQUNvZENodHljRjlvT25Kb2R6RldNRlJUY2pVNExVbEdTRGRrV1RjNVMzYxAB,Irma Irma,5,Makanannya enak tmpatnya bagus pelayanan baik ramah (Risma)👍👍👍,7 bulan lalu,5,5,5,Saoenk Cobek Bone,Google Maps,2026-05-14 21:37:24
Ci9DQUlRQUNvZENodHljRjlvT2tnd1YxVmFkbHBuYTNCR09GSmFMWE4zVFZVMVRVRRAB,pastikaarjuna,5,tempatnya bagus makananya enak bagus untuk kumpul kelurga pelayanna kak fajrin bagus cpt ramah👍🏻,7 bulan lalu,5,5,5,Saoenk Cobek Bone,Google Maps,2026-05-14 21:37:24
Ci9DQUlRQUNvZENodHljRjlvT2s5alkyeFhRbGRaUkVodk0xWlFaMmRuWWxOc0xXYxAB,Arni Arsyad Sultan,5,"Suasananya nyaman, pelayanannya ramah, dan makanannya enak. Recommended. Nisa",7 bulan lalu,5,5,5,Saoenk Cobek Bone,Google Maps,2026-05-14 21:37:24
Ci9DQUlRQUNvZENodHljRjlvT21nM2JtUm1PSEJKWWtOc00wcE5jVVI0ZW5rM1oyYxAB,Vitalia Wardani,5,"Tempatnya bagus, pelayanannya juga bagus (pelayanan tiara)",7 bulan lalu,5,5,5,Saoenk Cobek Bone,Google Maps,2026-05-14 21:37:24
Ci9DQUlRQUNvZENodHljRjlvT2tSSllWWXhXa1l5VFRWTldVc3lNSGd3TFdaMmExRRAB,Arumi Syafiqa,5,Pelayanan KK Wina bagus dan ramah banget...,7 bulan lalu,5,5,5,Saoenk Cobek Bone,Google Maps,2026-05-14 21:37:24
Ci9DQUlRQUNvZENodHljRjlvT25sVVIxRkhlbVkwYlMwd1ltWXhZVGxVUlcwNVVtYxAB,Giffta,5,"Pelayanan kak Wina sangat bagus, ramah juga, makanannya juga enak",7 bulan lalu,5,5,5,Saoenk Cobek Bone,Google Maps,2026-05-14 21:37:24
Ci9DQUlRQUNvZENodHljRjlvT2tKZlZsRlFSR2xhVVVSNldGWmhkVU4yVTNWRlEyYxAB,zhubank zhubaza,5,Tmpatnya bagus luar biasa banyak pilihan menu makananya enak pelayanan baik ramah nak Risma👌,7 bulan lalu,5,5,5,Saoenk Cobek Bone,Google Maps,2026-05-14 21:37:24
Ci9DQUlRQUNvZENodHljRjlvT2tGdGNIcGxXWHBOUjFjNFpUVkVWVE5RTFdvMWNrRRAB,Tri Saum Ramdani Ahmad,5,"Makanan enak, suasana juga enak pelayanan juga cepat  masyaaAllah (pelayanan Tiara)",7 bulan lalu,5,5,5,Saoenk Cobek Bone,Google Maps,2026-05-14 21:37:24
Ci9DQUlRQUNvZENodHljRjlvT21OTmNUTXdjVlZ4WDJzMVNqWkZkV1J1TkdWZlVXYxAB,Kisma Kisma,5,Layanan bagus dan ramah Wina,7 bulan lalu,5,5,5,Saoenk Cobek Bone,Google Maps,2026-05-14 21:37:24
Ci9DQUlRQUNvZENodHljRjlvT2poSVNEUjJlbTFXYUV0Nk5sbEpiRVJ0WlZOSGFHYxAB,Rah Madi,5,Tmpatnya bagus makananya enak pelayanan bagus cpt (Risma)👍,7 bulan lalu,5,5,5,Saoenk Cobek Bone,Google Maps,2026-05-14 21:37:45
Ci9DQUlRQUNvZENodHljRjlvT2pGMFFuVTJVVEU0ZWpKRlJXNTJSbG96WXpZeFkyYxAB,Mirna Nha,5,Pelayanan ramah wina,7 bulan lalu,5,5,5,Saoenk Cobek Bone,Google Maps,2026-05-14 21:37:45
Ci9DQUlRQUNvZENodHljRjlvT21SRk16ZExYMlF5T0ZaWWIyVkJVMGRMVURoa01sRRAB,ferawati andi,5,Makanannya enak temptanya Remomendit untuk kumpul keluarga dan pelayanan baik dan ramah (Risma) 👍👍👍,7 bulan lalu,5,5,5,Saoenk Cobek Bone,Google Maps,2026-05-14 21:37:45
Ci9DQUlRQUNvZENodHljRjlvT2tVeVdFdHRPSFJKUmkxTlV6Tk5TMGRwWW5seVNFRRAB,Mirna Wati,5,"Gasebox di kasih pagar ,tapi pemandangan Ok bersih ,Makananya lumayan enak (pelayanan Tiara)",7 bulan lalu,5,5,5,Saoenk Cobek Bone,Google Maps,2026-05-14 21:37:45
Ci9DQUlRQUNvZENodHljRjlvT25OS1ZWazViMjh6VTFveVZYbFNkV0ZaV205eVRtYxAB,Murna Wati,5,Makanan enak . Pelayanan dari fajrin ramah,7 bulan lalu,5,5,5,Saoenk Cobek Bone,Google Maps,2026-05-14 21:37:45
Ci9DQUlRQUNvZENodHljRjlvT2tJMlQwMDVTVE55ZEd4MVp6UXRaREJaZVhwaE5tYxAB,Selvi Selvi,5,Memuaskan dan enak Pelayanan Tiara,7 bulan lalu,4,5,5,Saoenk Cobek Bone,Google Maps,2026-05-14 21:37:45
Ci9DQUlRQUNvZENodHljRjlvT2xZd2VVUlZUVUY0VkdSTllrRXhSMnBtVUZSNGEzYxAB,Athirah Muthiah,5,Tempatnya bagus nyaman makananya enak pelayanannya baik ramah sangat puas(Risma)👍🏻👍🏻👍🏻👍🏻👍🏻👍🏻👍🏻👍🏻👍🏻👍🏻🥰,7 bulan lalu,5,5,5,Saoenk Cobek Bone,Google Maps,2026-05-14 21:37:45
Ci9DQUlRQUNvZENodHljRjlvT2xFMGRGbFRZMDQzUWtoSU1rTlplbEpMTkRSSFZrRRAB,Sarifa Spd,5,"Makanannya enak, suasananya bagus. Cocok untuk kumpul keluarga😁

Anisa",7 bulan lalu,5,5,5,Saoenk Cobek Bone,Google Maps,2026-05-14 21:37:45
Ci9DQUlRQUNvZENodHljRjlvT2paeWJtcEhhVUpQU0U5emEweFlRakptVVY5Zk0wRRAB,Adri Wanti,5,"suasananya sangat adem,sejuk makanan juga enak,Makasih kak tyara",7 bulan lalu,5,5,5,Saoenk Cobek Bone,Google Maps,2026-05-14 21:37:45
Ci9DQUlRQUNvZENodHljRjlvT2tOclMwbDNkV2h2WlY5U01uZEhXV2hXVGxwZlpXYxAB,NURUL ATHIRA SYAHRIL,5,Makanannya enak dan pelayanannya sangat baik bernama wina,8 bulan lalu,5,5,5,Saoenk Cobek Bone,Google Maps,2026-05-14 21:37:45
Ci9DQUlRQUNvZENodHljRjlvT2xGcWRHcHBPSGRLYlRsamJFbFVPRzV0VGxsVlpVRRAB,Dimas Saputra,5,tmpatnya bagus makanannya enak pelayanannya baik ramah (Risma)😍🥰👍🏻👍🏻👍🏻👍🏻👍🏻👍🏻,8 bulan lalu,5,5,5,Saoenk Cobek Bone,Google Maps,2026-05-14 21:38:05
Ci9DQUlRQUNvZENodHljRjlvT2pOc1NubEVUbXh4VVRZMVVtOVlaRTFYT1ZoYWVFRRAB,Hasnatang,5,Tempatnya bagus makanan enak pelayanan Risma baik ramah,8 bulan lalu,5,5,5,Saoenk Cobek Bone,Google Maps,2026-05-14 21:38:05
Ci9DQUlRQUNvZENodHljRjlvT2xodk9HdDVaRmxHVm10dlVuYzVUVEZ2U0V4bVpYYxAB,Naslinda,5,Luar biasa makanan .Fajrin,8 bulan lalu,5,5,5,Saoenk Cobek Bone,Google Maps,2026-05-14 21:38:05
Ci9DQUlRQUNvZENodHljRjlvT2s4dFdGTTVXbXR3UjJacE5WZDNNVk5yY2xodFdYYxAB,Suci Rahmadani,5,"Tempat nya nyaman dan enak makanan nya😍, anisa",8 bulan lalu,5,5,5,Saoenk Cobek Bone,Google Maps,2026-05-14 21:38:05
Ci9DQUlRQUNvZENodHljRjlvT2pOdmF6VnVjazE2Y1hvek9XUlpZakpPVVd4NVgwRRAB,Mimi Cantik,5,Pelayanan ramah wine,8 bulan lalu,5,5,5,Saoenk Cobek Bone,Google Maps,2026-05-14 21:38:05
Ci9DQUlRQUNvZENodHljRjlvT2pGb2FVUlFTMjlDVXpCa1pHdFBUa2hYZFhoUFIwRRAB,Amanda Rafania Zhaira,5,Pelayanan bagus dan ramah whyne,8 bulan lalu,5,5,5,Saoenk Cobek Bone,Google Maps,2026-05-14 21:38:05
Ci9DQUlRQUNvZENodHljRjlvT2s1a1VHVkdSV0l0TUV0SVJEQTJlbEoxVG5aNmVWRRAB,Kasmiati,5,Makanannya enak tempatnya bagus cantik nyaman dan dingin pelayanannya baik ramah (Risma)🥰🥰🥰👍👍👍,8 bulan lalu,5,5,5,Saoenk Cobek Bone,Google Maps,2026-05-14 21:38:05
Ci9DQUlRQUNvZENodHljRjlvT20xTWFYRjJNWGRCVTFCUVJUaFlTRTExT1ZSMGIzYxAB,Vira An,5,"Baguss,enak (Tiara)",8 bulan lalu,5,5,5,Saoenk Cobek Bone,Google Maps,2026-05-14 21:38:05
Ci9DQUlRQUNvZENodHljRjlvT2kweFZ6Wm1kV056Y25wU2VqUlNTall6YjNaeWMwRRAB,Nunuu Fitriani,5,"Enak, cepat, terjangkau, dan nyaman.",8 bulan lalu,5,5,5,Saoenk Cobek Bone,Google Maps,2026-05-14 21:38:05
Ci9DQUlRQUNvZENodHljRjlvT21WTGQxWnFYek50YW04NVpucHVkMEppVWxGdWFWRRAB,Sartika Sari,4,Pelayanan ramah wina,8 bulan lalu,5,5,4,Saoenk Cobek Bone,Google Maps,2026-05-14 21:38:05
Ci9DQUlRQUNvZENodHljRjlvT2xGbVNWUm5VV2hoVnpOS1RHeHhUMlJRTW5WMldYYxAB,uni unik,5,Makanannya enak tempatnya bersih pelayanan baik ramah (Risma) 🥰👍👍👍👍,8 bulan lalu,5,5,5,Saoenk Cobek Bone,Google Maps,2026-05-14 21:38:26
Ci9DQUlRQUNvZENodHljRjlvT20xYU5VVkxOemQxVG05dlgwNDJTV2hFV2xaeFgwRRAB,Gusri ana,4,"Memuaskan,Anisa",8 bulan lalu,4,5,3,Saoenk Cobek Bone,Google Maps,2026-05-14 21:38:26
Ci9DQUlRQUNvZENodHljRjlvT21SM1RsbFBlRmxzZVZCelpFOUVXWEJZZFRoRmNYYxAB,Dian Ekawati,5,"Tempatnya bagus, bersih
Makanannya enak cuma sambalnya kurang pedas
Pelayanannya baik. Risma Terimakasih 😊🙏🏻",8 bulan lalu,4,5,5,Saoenk Cobek Bone,Google Maps,2026-05-14 21:38:26
Ci9DQUlRQUNvZENodHljRjlvT25KVmQzb3dSRlJ5UkVoRExXNHhUVWwwWkRGdWJGRRAB,Al Afdhi,5,Mantapp cocok untuk makan bersama keluarga suasananya cozy bikin nyaman makan tdk banyak serangga pelayanan cepat tanggap enak pokoknya,8 bulan lalu,4,4,4,Saoenk Cobek Bone,Google Maps,2026-05-14 21:38:26
Ci9DQUlRQUNvZENodHljRjlvT2pCeGJ6UTFZbVpGZVZGQ2VGTktiQzFPY2xKU1ExRRAB,Believe Me,5,mantap sangat mantap,8 bulan lalu,5,5,5,Saoenk Cobek Bone,Google Maps,2026-05-14 21:38:26
Ci9DQUlRQUNvZENodHljRjlvT25STlEyUTVjRjlwWnkxM2N6aFFXVWg0VDNaVUxVRRAB,Nur Aznita,4,"Masya Allah luar biasa dari segi makanan, pelayanan, dan suasana membuat kami sekeluarga puas Alhamdulillah
Anisa",8 bulan lalu,3,3,5,Saoenk Cobek Bone,Google Maps,2026-05-14 21:38:26
Ci9DQUlRQUNvZENodHljRjlvT25oWlZGaGpabk00TnpST2VWOHlXbkp5ZDBsckxXYxAB,Haikal Kal,5,Makanannya enak tempatnya bagus untuk kumpul kelurga pelayanan baik(Risma👍👍👍),8 bulan lalu,5,5,5,Saoenk Cobek Bone,Google Maps,2026-05-14 21:38:26
Ci9DQUlRQUNvZENodHljRjlvT2s5NE4zbFdkbmRyY0dwTmEwY3pjVXh2UTNCMFpFRRAB,Tariza Dewi Rhamadanty,5,"makanannnya enak enakkk , suasananya nyaman , bersih terus sejuk.
pelayanannya juga best bangettt
thank u kka fajrinnnn...",8 bulan lalu,5,5,5,Saoenk Cobek Bone,Google Maps,2026-05-14 21:38:26
Ci9DQUlRQUNvZENodHljRjlvT25oc1VIaG9kMjlUUjNwWVpFNVpUVmhLU2tSSmMzYxAB,Udin,4,Mkanan dsini enak buanget. Ditambah oelsyananx ramah. Suka skilldsini.  Dilayani sm mba Anissa😄🤗,8 bulan lalu,4,4,4,Saoenk Cobek Bone,Google Maps,2026-05-14 21:38:26
Ci9DQUlRQUNvZENodHljRjlvT2toWWJtSkRPVWhYTTBGVFIxUnlhVlJmUmw5WlVGRRAB,riska wildana,5,tmpatnya bagus adem  makananya enak pelayanannya baik ramh (Risma),8 bulan lalu,5,5,5,Saoenk Cobek Bone,Google Maps,2026-05-14 21:38:26
Ci9DQUlRQUNvZENodHljRjlvT2xwclZHRkxRblpVZVRaek9XTnRkaTF2Um5CR2JIYxAB,Shasa Shasaaa,5,"Cocok untuk makan siang sembari duduk2 melihat pemandangan dan suasananya adem dan sejuk. Pelayanannya juga mantap, semua pelayanan nya ramah2, mulai dri kasir hingga waiters ny dan saya dilayani dgn Wina 😊",8 bulan lalu,5,5,5,Saoenk Cobek Bone,Google Maps,2026-05-14 21:38:46
Ci9DQUlRQUNvZENodHljRjlvT21sSldHTjRaM1JxTUZKM1MwdDFlV2s0ZFZSMWIxRRAB,Annia Aris,5,"Tempatnya nyaman, pelayanannya juga ramah ( Risma) dan cepat.",8 bulan lalu,5,5,5,Saoenk Cobek Bone,Google Maps,2026-05-14 21:38:46
Ci9DQUlRQUNvZENodHljRjlvT2xneFUwOXVlRlY0ZURsaE5VUmZTMHc1ZWpNeWQzYxAB,Farhan,5,"Puass,makanannya selalu oke👍
Pelayanan thyara",8 bulan lalu,5,5,5,Saoenk Cobek Bone,Google Maps,2026-05-14 21:38:46
Ci9DQUlRQUNvZENodHljRjlvT25kZlNVRlJXWGh5ZVMxaWIwUmZSbnAwVFZrd2FGRRAB,Andi Salwa A. Zalzabilah,5,"makanan enak dan pelayanan baik oleh kak wina,",8 bulan lalu,4,5,,Saoenk Cobek Bone,Google Maps,2026-05-14 21:38:46
Ci9DQUlRQUNvZENodHljRjlvT2paWlNWWmpNMDFuZHkxMWRYZDNNMDVGV0U1VGEwRRAB,Nur Haris,5,"enak pelayanan prima

a.n fajrin",8 bulan lalu,4,5,5,Saoenk Cobek Bone,Google Maps,2026-05-14 21:38:46
Ci9DQUlRQUNvZENodHljRjlvT25wNWVVUTNNUzAyVkc1dlNIcEVVbFZJV1RWbE1GRRAB,Subri,4,"Bagus, bersih, nyaman

Anisa",8 bulan lalu,4,5,5,Saoenk Cobek Bone,Google Maps,2026-05-14 21:38:46
Ci9DQUlRQUNvZENodHljRjlvT2xRNVZFeHpXaTFSVDFWeVpHSkRhMUkzZW5saVkyYxAB,Marhana Musmar.,5,"Makanannya enak
Tempatnya sejuk
Pelayananan ( Tiara ) staff ramah",8 bulan lalu,5,5,5,Saoenk Cobek Bone,Google Maps,2026-05-14 21:38:46
Ci9DQUlRQUNvZENodHljRjlvT2pWaWIwUmtVWFZsTUc1MWRrZ3piMW95TmtoMmIxRRAB,Putri ayu andira,5,"Makanannya enak, pelayanannya baik, ramah, dilayani oleh k risma",8 bulan lalu,5,5,5,Saoenk Cobek Bone,Google Maps,2026-05-14 21:38:46
Ci9DQUlRQUNvZENodHljRjlvT21KemFWQlBSak16ZVZaSFJWZEZPQzFYTTI5WFJsRRAB,Andi Afwah Anugrah Putri Aulia,5,"Mntap,adem dan cepat

Anisa",8 bulan lalu,5,5,5,Saoenk Cobek Bone,Google Maps,2026-05-14 21:38:46
Ci9DQUlRQUNvZENodHljRjlvT21Wak1YSlZVM0IwYVVSamNreDNORzVLV1dSRmQxRRAB,Eka NurAlam,5,"Keren banget, bawa tamu dari luar sulsel puas banget dengan jamuannya, nggak salah pilih tempat deh pokoknya. Recomended bangett✨✨✨",8 bulan lalu,5,5,5,Saoenk Cobek Bone,Google Maps,2026-05-14 21:38:46
Ci9DQUlRQUNvZENodHljRjlvT21RMVREaHpVMTloZGpkSVRVZHJhR1ZTVEMxS0xXYxAB,Imha Jhima,5,Tmptnya bagus makanannya enak pelayanan Risma baik ramah👍,8 bulan lalu,5,5,5,Saoenk Cobek Bone,Google Maps,2026-05-14 21:39:07
Ci9DQUlRQUNvZENodHljRjlvT25CT2FsTmpTRXBoUlhaS1QzWlJNV1ZoUW5oaVdWRRAB,Darmiati Yusuf,5,"Tempat sangat bagus, dan pelayanan memuaskan, makanan2 nya enak2",8 bulan lalu,5,5,5,Saoenk Cobek Bone,Google Maps,2026-05-14 21:39:07
Ci9DQUlRQUNvZENodHljRjlvT2sxck1UVklYMmxvWVZwd2IxQm9OR2RNUlVsaGNYYxAB,Andi Ulfiah,5,"enak makanannya, pelayanan juga oke, Nisa",8 bulan lalu,5,5,5,Saoenk Cobek Bone,Google Maps,2026-05-14 21:39:07
Ci9DQUlRQUNvZENodHljRjlvT25oT1pHMHlXRVZDZFRaalVsQlllWEZCVmtGT05YYxAB,Hj eni Ruslan,5,"Lokasi RM strategis mudah di jangkau
Pelayanan cepat dan ramah
#Risma",8 bulan lalu,,,,Saoenk Cobek Bone,Google Maps,2026-05-14 21:39:07
Ci9DQUlRQUNvZENodHljRjlvT2xka1oyTkxYMk5qZGtwd05XSkZPSGczTjBGaWRYYxAB,Itha 1989,5,"Lokasi RM strategis cukup mudah di akses, tempatnya bersih dan luas
Pelayanan cepat dan ramah",8 bulan lalu,,,,Saoenk Cobek Bone,Google Maps,2026-05-14 21:39:07
Ci9DQUlRQUNvZENodHljRjlvT2pOalRVUTJSRUpQVlhscVdERnNPRkp2ZFZoZlUxRRAB,Asma Jayadi,5,"Enak,suananya jg nikmat(Anisa)",8 bulan lalu,5,5,5,Saoenk Cobek Bone,Google Maps,2026-05-14 21:39:07
Ci9DQUlRQUNvZENodHljRjlvT2sxbGRGbExWM0ZJYVVGQ1FUWjViMFJWVUZKR2VuYxAB,Farid,5,"Puas dan nikmat makanannya👌
Kakk Tiara #",8 bulan lalu,5,5,5,Saoenk Cobek Bone,Google Maps,2026-05-14 21:39:07
Ci9DQUlRQUNvZENodHljRjlvT2xoeExTMUNkSFpWUjNSUFVHMVZZVnAwVm5wdVkxRRAB,is wahyuniii,5,sangat enak,8 bulan lalu,5,5,5,Saoenk Cobek Bone,Google Maps,2026-05-14 21:39:07
Ci9DQUlRQUNvZENodHljRjlvT25wRWNYTmxkRTFIVVRSb1N6a3lSVEJYY2tFNWIyYxAB,putra ahdiansar,5,PELAYANAN YANG CEPAT DAN RASA MAKANAN YG THE BEST🥳,8 bulan lalu,5,5,5,Saoenk Cobek Bone,Google Maps,2026-05-14 21:39:07
Ci9DQUlRQUNvZENodHljRjlvT21OUGNUZFNjSG93WlZSZlQzUkZObk54VjJ4SmVWRRAB,Rahmi Nur,5,"Suasananya bagus,pelayanan Ats nama Risma baik,makanan enak .pokoknya suka makan di tempat ini karena privasi",8 bulan lalu,5,5,5,Saoenk Cobek Bone,Google Maps,2026-05-14 21:39:07
Ci9DQUlRQUNvZENodHljRjlvT25SSlRUSklXR3A1VDE4emJrcHBNMmhFU2pCaVFuYxAB,Kalibong Absen2025,5,"Terimah kasih, makanan nya enak dan tempatnya nyaman ( RISMA)",8 bulan lalu,5,5,5,Saoenk Cobek Bone,Google Maps,2026-05-14 21:39:27
Ci9DQUlRQUNvZENodHljRjlvT25rMVNETXRaVzlZVDBvNWVUQlVURlY1V1hoNmVrRRAB,Nur cahya,5,"waah tdk pernah mengecewakan ,makanan yg bgus rasax dan enak di lidah,pelayana baik ,okey”Anisa",8 bulan lalu,5,5,5,Saoenk Cobek Bone,Google Maps,2026-05-14 21:39:27
Ci9DQUlRQUNvZENodHljRjlvT25KbFZXSXdWa1pDZG1Kdlp6QjNja3RxWmtObVNtYxAB,Risma Wtp,5,Pelayananyanya ramah whyne,8 bulan lalu,5,5,5,Saoenk Cobek Bone,Google Maps,2026-05-14 21:39:27
Ci9DQUlRQUNvZENodHljRjlvT2kxclJ6QnBVa0p0UzFoRlZXeDRXVE5NZFY5R05rRRAB,Herman Bakri,5,"makanannya enakkk bangetttt betulan ka nda bohongg masaknya pass nda mentah, sambalnya ramah dimulut, pelayanannya kak tiara baguss kakaknya ramah baikkk tim penyedia makannya juga gercep. suasanya TENANG BANGETTT cocok jadi tempat family time tengkyuu kak 🫰🏻",8 bulan lalu,5,5,5,Saoenk Cobek Bone,Google Maps,2026-05-14 21:39:27
Ci9DQUlRQUNvZENodHljRjlvT2tzeWNHeHVWVEkzYUhKbGNGSlVXWGcyUzBkMlNYYxAB,Meryam Meri,5,"Pelayanan bagus, makanan enak, tempat bersih Risma",8 bulan lalu,5,5,5,Saoenk Cobek Bone,Google Maps,2026-05-14 21:39:27
Ci9DQUlRQUNvZENodHljRjlvT21wdWNITTVSREZPVVZoQlltMXJjUzE2WDFOVllWRRAB,Anii Utami,5,"Makanannya enak, suasananya nyaman, adem,, pelayannannya bagus..  (anisa)",8 bulan lalu,5,5,5,Saoenk Cobek Bone,Google Maps,2026-05-14 21:39:27
Ci9DQUlRQUNvZENodHljRjlvT2kxWlRYQmplV3BvYmtwSGNXaHlXSE14WlY5M1lYYxAB,Tojo Ganteng,5,"Suasana sama pelayanannya terbaik, fajrin",8 bulan lalu,5,5,5,Saoenk Cobek Bone,Google Maps,2026-05-14 21:39:27
Ci9DQUlRQUNvZENodHljRjlvT2pkdVRIVTVSeTEwZFZSdGVGSTBXVFZqWlRKSmIzYxAB,Aril Aril,5,Pelayanannya sopan whyne,8 bulan lalu,5,5,5,Saoenk Cobek Bone,Google Maps,2026-05-14 21:39:27
Ci9DQUlRQUNvZENodHljRjlvT2pWRE0xZzNNbUpaTlZvNFEyOXJaVU5GYW5sbWRWRRAB,Kasih Pertiwi,5,Tmptnya bagus makanannya enak pelayanannya KK Risma baik ramah😘😘,8 bulan lalu,5,5,5,Saoenk Cobek Bone,Google Maps,2026-05-14 21:39:27
Ci9DQUlRQUNvZENodHljRjlvT21oS1VtSkNWRFpmUmtwUFRubEZkVU5FYTJGelptYxAB,safira syila la,5,Makanannya enak enak puas dengan rasanya#thnkz kak thyara,8 bulan lalu,5,5,5,Saoenk Cobek Bone,Google Maps,2026-05-14 21:39:27
Ci9DQUlRQUNvZENodHljRjlvT2tJelNqTldSbEZuZUhaMlgyODVVSGhNYjFKQ2VWRRAB,Anjas MulyaS,5,Recommend untuk family time (Tiara),8 bulan lalu,5,5,5,Saoenk Cobek Bone,Google Maps,2026-05-14 21:39:48
Ci9DQUlRQUNvZENodHljRjlvT2xoNldsQm5lRGxPVVV0cmJrSmlSV000VEUxM0xXYxAB,syahrul Gunawan,5,Tempatnya bagus makanannya enak pelayanannya bagus Risma👍,8 bulan lalu,5,5,5,Saoenk Cobek Bone,Google Maps,2026-05-14 21:39:48
Ci9DQUlRQUNvZENodHljRjlvT2pKaFNsaHVibDkzUW5ORFZGOXJSME5uYkZkVGRGRRAB,Diva,5,Tempatnya nyaman pelayanannya ramah whyne,8 bulan lalu,5,5,5,Saoenk Cobek Bone,Google Maps,2026-05-14 21:39:48
Ci9DQUlRQUNvZENodHljRjlvT2pKcWRrUkRlVjlVTmpkU1JISkJjMWwyYUZodFVuYxAB,Marwah Wtp,5,Mantaapppp👍,8 bulan lalu,5,5,5,Saoenk Cobek Bone,Google Maps,2026-05-14 21:39:48
Ci9DQUlRQUNvZENodHljRjlvT21wUFMzUnNZbWx0VVZNM1ZsUmplVEF5V1haaWVuYxAB,Bayu Pratama,5,Tmpatnya bagus pelayanan Risma ramah,8 bulan lalu,5,5,5,Saoenk Cobek Bone,Google Maps,2026-05-14 21:39:48
Ci9DQUlRQUNvZENodHljRjlvT21kT1dqVkhWbFpVVFU1eVRsOXBhREJCWjFKVmMzYxAB,St Kamriana,5,Tmpatnya bagus pelayanan risma ramah,8 bulan lalu,5,5,5,Saoenk Cobek Bone,Google Maps,2026-05-14 21:39:48
Ci9DQUlRQUNvZENodHljRjlvT25Sb1VuVTNkemd4WkVkS1NFUmtPVXBrWDB4eWFVRRAB,Nadia Wulan Sari,5,"Makanan nya enak
Pelayanannya ramah
Risma",8 bulan lalu,,,,Saoenk Cobek Bone,Google Maps,2026-05-14 21:39:48
Ci9DQUlRQUNvZENodHljRjlvT25GWk9UQTJOVUpWTW01S01HOWxjbWhOVUU5MFdGRRAB,Alamnur,5,Pelayanannya ramah whyne Susana nya adem,8 bulan lalu,5,5,5,Saoenk Cobek Bone,Google Maps,2026-05-14 21:39:48
Ci9DQUlRQUNvZENodHljRjlvT2sxcFMwWjBka3RFWW5VNGNHVlVhVGg0TkRBNFVtYxAB,Ekhy Halifaaa,5,Pelayanan ramah whyne,8 bulan lalu,5,5,5,Saoenk Cobek Bone,Google Maps,2026-05-14 21:39:48
Ci9DQUlRQUNvZENodHljRjlvT21oeloxOTBNbXBETTJOa01qWkhXRjkxTmxJd2RGRRAB,muhammad yusril,5,Tmptnya bagus makanan enak pelayanan Kk Fajrin baik ramah sangat sangat puas,8 bulan lalu,5,5,5,Saoenk Cobek Bone,Google Maps,2026-05-14 21:39:48
Ci9DQUlRQUNvZENodHljRjlvT21ac2FXUTRMV1ZEVkZnMlJrVnBiWGhwTUZWUE1HYxAB,Alif Riswan,5,"Makanan mantap , suasana nya sejuk dan bersih dan pelayanannya cepat . MAKASIH KK FAJRIN",8 bulan lalu,,5,,Saoenk Cobek Bone,Google Maps,2026-05-14 21:40:08
Ci9DQUlRQUNvZENodHljRjlvT21OWE1GaHBjVXhDU21kVkxXTkphWFZtWWxSM1ZVRRAB,Tiarajuli A,5,"Semuanya sudah mantap,pelayanan risma",8 bulan lalu,5,5,5,Saoenk Cobek Bone,Google Maps,2026-05-14 21:40:08
Ci9DQUlRQUNvZENodHljRjlvT2tSNFYzcERTMnhJZW5OSlZFTkxSM0JpZEZCUVNuYxAB,Kurniawan Wawan,5,"sangat direkomendasi bareng keluarga, pelayanan baik
-Fajrin",8 bulan lalu,5,5,5,Saoenk Cobek Bone,Google Maps,2026-05-14 21:40:08
Ci9DQUlRQUNvZENodHljRjlvT2tReGMxcGtRVUp0VnpCVk5taHJORWN6ZDNWQk5WRRAB,Idha HS,5,Makanannya enak dan murah,8 bulan lalu,5,5,4,Saoenk Cobek Bone,Google Maps,2026-05-14 21:40:08
Ci9DQUlRQUNvZENodHljRjlvT2xsV2EzWndZV3ByWW5oQmEyUnNVbXBpU0c5cVZHYxAB,kodok salto,4,"Tempatx bagus,suasana okee(Tiara)",8 bulan lalu,4,5,5,Saoenk Cobek Bone,Google Maps,2026-05-14 21:40:08
Ci9DQUlRQUNvZENodHljRjlvT25GVVFrcGhhemRXU1RVMmVHVk5iVTVHY1VoWU4zYxAB,Puput Nv,5,Pelayanan baik,8 bulan lalu,5,5,5,Saoenk Cobek Bone,Google Maps,2026-05-14 21:40:08
Ci9DQUlRQUNvZENodHljRjlvT25SdFUwRk5UVWxvZVhSV2NEbEhRbmxpV1c5MFIzYxAB,Aril,5,Makanannya enak suasananya nyaman pelayanan bagus terutama waiters as Risma,8 bulan lalu,5,5,5,Saoenk Cobek Bone,Google Maps,2026-05-14 21:40:08
Ci9DQUlRQUNvZENodHljRjlvT2xoWU0ySnBZMFpSU0ZCaGMzUXpNRk5MVTJOclRrRRAB,lato lolo,5,"Makanannya mantap banget
Pelayanannya gercep skali 🤤🥰
-Fajrin",8 bulan lalu,5,5,5,Saoenk Cobek Bone,Google Maps,2026-05-14 21:40:08
Ci9DQUlRQUNvZENodHljRjlvT21abFRtdEpNVlJmV1dWSmJuRkRWVVkxVDJVek4wRRAB,Haikal,5,Suasana ademm,8 bulan lalu,5,5,5,Saoenk Cobek Bone,Google Maps,2026-05-14 21:40:08
Ci9DQUlRQUNvZENodHljRjlvT2xKUmNGRkZTemRWTVU1TVZVUjZZV1ZwVVY5UVduYxAB,A. Fhara Ramadani,5,Pelayanan atas nama Wina ramahhh 😇😍,8 bulan lalu,5,5,5,Saoenk Cobek Bone,Google Maps,2026-05-14 21:40:08
Ci9DQUlRQUNvZENodHljRjlvT2tnME4yMUxaVVpHZFdGNFFYaHNMVGc0VkhacU5FRRAB,eva riantiindo,5,,8 bulan lalu,5,5,5,Saoenk Cobek Bone,Google Maps,2026-05-14 21:40:29
Ci9DQUlRQUNvZENodHljRjlvT2tsS2FYbFJSa1psYjNadVFYVk5MVmhsTUc1Wk4yYxAB,vivi suwanty,5,"Makanan mantap
Suasananya sejuk dan bersih
Pelayanannya sangat baik
-Fajrin",8 bulan lalu,5,5,5,Saoenk Cobek Bone,Google Maps,2026-05-14 21:40:29
Ci9DQUlRQUNvZENodHljRjlvT2taWFZuaFVZMGRDVEZNd1VEUnpkMjV5Vm1sNmVGRRAB,Harjit Black,5,"Makanan Enak Pelayanan baik
-Fajrin",8 bulan lalu,5,5,5,Saoenk Cobek Bone,Google Maps,2026-05-14 21:40:29
Ci9DQUlRQUNvZENodHljRjlvT2xGVFRXMW1lVlp6U0dwVVdrWTVMVmxrWW1OWFMyYxAB,Waly Farham,5,"pelayan Wina: baik dan ramah
makananya juga enak
Terima kasih",8 bulan lalu,5,5,5,Saoenk Cobek Bone,Google Maps,2026-05-14 21:40:29
Ci9DQUlRQUNvZENodHljRjlvT2pGMFNqaExWakpoTFRKNVMwRndZVEI1YVZWRWNGRRAB,Fandi Mrd,5,Tempatnya bagus makanannya enak pelayanannya kk Risma bagus  ramah 👍,8 bulan lalu,5,5,5,Saoenk Cobek Bone,Google Maps,2026-05-14 21:40:29
Ci9DQUlRQUNvZENodHljRjlvT2pGNE9VbFBTV3hJU25aNVVGSkZMVFV3ZUdJNGVIYxAB,deni sumbung,5,"Ok...
Pelayanan Tiara",8 bulan lalu,5,5,5,Saoenk Cobek Bone,Google Maps,2026-05-14 21:40:29
Ci9DQUlRQUNvZENodHljRjlvT25KNFlsTk5jRGsyTUd0c1lUaHVibVJuVkZOR2VIYxAB,ST Rahma,5,"Pelayanan Tiara, tempatnya nyaman, menunya enak² pelayanannya baik",8 bulan lalu,5,5,5,Saoenk Cobek Bone,Google Maps,2026-05-14 21:40:29
Ci9DQUlRQUNvZENodHljRjlvT21kTllXaG5kVFoxTVdGb1ozaFZRVGwxVnpGVGNXYxAB,randika raudah,5,Pelayanannya ramah wina,8 bulan lalu,5,5,5,Saoenk Cobek Bone,Google Maps,2026-05-14 21:40:29
Ci9DQUlRQUNvZENodHljRjlvT201NVlWWmFlVVpEZGxKYWVFa3pjR0YwVFhsb1UyYxAB,Jumrah Nasrul,5,"Pilihan menu beragam dan suasana cocok untuk kumpul keluarga serta pelayanannya sangat bagus terutama waiters an Risma , next time kesini lagi deh",8 bulan lalu,5,5,5,Saoenk Cobek Bone,Google Maps,2026-05-14 21:40:29
Ci9DQUlRQUNvZENodHljRjlvT2xWNGNtaENhVXRKVjFsQmFVODRaSHBYWVVSUlFtYxAB,Suci Ramadhani,5,"Tempat makan rekomen dibone, rasa masakannya juga pas dan bikin nagih. Palayanannya juga sangat ramah
@fajrin",8 bulan lalu,5,5,5,Saoenk Cobek Bone,Google Maps,2026-05-14 21:40:29
Ci9DQUlRQUNvZENodHljRjlvT2kwMlQyVlBUMUZZUkZsdVJHcDZkV2hRUkRCSFJIYxAB,megawana erwin,5,"Memuaskan,makanan enak,tempat nyaman, pelayan baik oleh kakak risma",8 bulan lalu,5,,5,Saoenk Cobek Bone,Google Maps,2026-05-14 21:40:49
Ci9DQUlRQUNvZENodHljRjlvT2tOVU5FRkJXRWR1TldSQ1oxOHhWRTlsVlVGNVJGRRAB,fathir ramadhan,5,"Over all good👍🏽
Cocok untuk family time, kualitas makanan dan pelayanan nya tdk diragukan lagi, Besttt👍🏽👍🏽👍🏽",8 bulan lalu,5,4,4,Saoenk Cobek Bone,Google Maps,2026-05-14 21:40:49
Ci9DQUlRQUNvZENodHljRjlvT21STU1YaE5ORGRZYURCQ1lWWTNaRGRwZFROV01WRRAB,Dian Andira,4,"Suasana nyaman, pelayanan ok, makanan enak. Terima kasih de wina untuk layanannya 🫰",8 bulan lalu,4,4,4,Saoenk Cobek Bone,Google Maps,2026-05-14 21:40:49
Ci9DQUlRQUNvZENodHljRjlvT21FeU4wWkRNVFZWZGpSdFQzUndOVzVFUmpoaU5WRRAB,rinto toto,4,Mantap pelayanannya,8 bulan lalu,4,4,5,Saoenk Cobek Bone,Google Maps,2026-05-14 21:40:49
Ci9DQUlRQUNvZENodHljRjlvT2pKMmNHWldjRkJLY0ZkellsZHhlbGRCVEdsU2NtYxAB,Artyom Milka,5,pelayanan wina mantul,8 bulan lalu,5,5,5,Saoenk Cobek Bone,Google Maps,2026-05-14 21:40:49
Ci9DQUlRQUNvZENodHljRjlvT2w5WlNrUXpjakphWTBGTVJXYzRVRVpxWDBoeVJGRRAB,Riski Safitri,5,"Makanannya enak2  dan pelayanan baik

Pelayanan kak tyara",8 bulan lalu,5,5,5,Saoenk Cobek Bone,Google Maps,2026-05-14 21:40:49
Ci9DQUlRQUNvZENodHljRjlvT2t0MVNqQnJZamxwYm5oaVltUXhkVTF5V1ZsQlZIYxAB,Arfah Ardani,5,"Makanan enak
Pelayanan baik
-Fajrin",8 bulan lalu,5,5,5,Saoenk Cobek Bone,Google Maps,2026-05-14 21:40:49
Ci9DQUlRQUNvZENodHljRjlvT2xjMFZVMDBiRjlqYkZkWGQzcDNVa1prWjBack1FRRAB,Tika,5,"Sangat Memuaskannnn,Pelayanannya Juga Sangat Ramahh Dan Cepat risma",8 bulan lalu,5,5,5,Saoenk Cobek Bone,Google Maps,2026-05-14 21:40:49
Ci9DQUlRQUNvZENodHljRjlvT2xBelJrOVNWRXR2VlhnNWFXMWtZa0ZQWVZCQlpFRRAB,Ismy Amaliah Bakri,5,"makanannya enak, tempatnya nyaman, pelayanan tiara 🌟🌟🌟🌟🌟",8 bulan lalu,5,5,5,Saoenk Cobek Bone,Google Maps,2026-05-14 21:40:49
Ci9DQUlRQUNvZENodHljRjlvT205UFFuRm9UV1ZKWkZoTVREWnNZamM0YlVGVWJYYxAB,Sul Lihi,5,"Makanannya enak, tempatnya nyaman, pelayanannya oke dan ramah. Risma",8 bulan lalu,5,5,5,Saoenk Cobek Bone,Google Maps,2026-05-14 21:40:49
Ci9DQUlRQUNvZENodHljRjlvT2pJeGRIVjFVVUpOY1ZsdU16RnBUa05LWDJkSlFrRRAB,Reski Suci,5,Rasa masakannya enak. Fajrin,8 bulan lalu,5,5,5,Saoenk Cobek Bone,Google Maps,2026-05-14 21:41:10
Ci9DQUlRQUNvZENodHljRjlvT25SSk1GcFBiMVJDTnprMWJqVjRYMDgyUnpSWVJuYxAB,nyonya jungjaehyun,5,Tmpatnya bagus Adem makanannya enak pelayanannya kk Risma bagus ramah 👍👍🥰,8 bulan lalu,5,5,5,Saoenk Cobek Bone,Google Maps,2026-05-14 21:41:10
Ci9DQUlRQUNvZENodHljRjlvT2xReFEyOWZWVkoyVFc1bE5YQXhYelZLWWkxUldrRRAB,Ulya Dzakira,5,"suasana nyaman, makanan nya lezat lezat, pelayanan kak risma sangat bagus. the best pokoknya",8 bulan lalu,5,5,5,Saoenk Cobek Bone,Google Maps,2026-05-14 21:41:10
Ci9DQUlRQUNvZENodHljRjlvT2poVllUTTVNazVQZVVKVmJsVmhXbXB6T1RCalRXYxAB,Samarinda Seberang,5,Nasigoreng seafood nya enak#Tiara,8 bulan lalu,5,5,5,Saoenk Cobek Bone,Google Maps,2026-05-14 21:41:10
Ci9DQUlRQUNvZENodHljRjlvT2tNemJXZzFlV1Z1UVZWRGRWazRibmwxUVROUk1sRRAB,Andika Andika,5,"Suasananya sejuk , makanan nya juga enak# terimakasih pelayanan Tiara",8 bulan lalu,5,5,5,Saoenk Cobek Bone,Google Maps,2026-05-14 21:41:10
Ci9DQUlRQUNvZENodHljRjlvT2toc1UwNTZTRkJ6VWxKWVNGVm9VWFpxZERGdWQyYxAB,NP Sari,5,"Makanannya enak, Pelayanan dari kak Wina ramah, suasana nya adem serasa di air terjun, recomended tempat makan paling nyaman di Bone",8 bulan lalu,5,5,5,Saoenk Cobek Bone,Google Maps,2026-05-14 21:41:10
Ci9DQUlRQUNvZENodHljRjlvT25oUFJrVnZabVV3UlRoVmRWWkJRbFZZU1ZoM1JrRRAB,Iccang Wtp,5,"Makanannya mantap
Pelayanannya Bagus
-Fajrin",8 bulan lalu,5,5,5,Saoenk Cobek Bone,Google Maps,2026-05-14 21:41:10
Ci9DQUlRQUNvZENodHljRjlvT2s1V2VVRTVlSGRuTjNGdVVFWlBSa2huTFV0aGVFRRAB,Alwan Muing,5,Nyaman dan sangat enak. Pelayanan dari Wina sangat ramah dan baik,8 bulan lalu,5,5,5,Saoenk Cobek Bone,Google Maps,2026-05-14 21:41:10
Ci9DQUlRQUNvZENodHljRjlvT2pSbmRWcDFNR2cwWlRWa2NEbGlORUp2V1dwbU9VRRAB,Hikmawati Hikma,5,Suasananya adem🥰 terimakasih tiara,8 bulan lalu,5,5,5,Saoenk Cobek Bone,Google Maps,2026-05-14 21:41:10
Ci9DQUlRQUNvZENodHljRjlvT25WSVh6TkVhMHMzV21ZMVgwcFJTRGxqWVMxR2VGRRAB,SARMILA A,5,"Makanan mantap
Suasananya nyaman dan bersih
Pelayanannya sangat baik
Thanks kk Fajrin",9 bulan lalu,5,5,5,Saoenk Cobek Bone,Google Maps,2026-05-14 21:41:10
Ci9DQUlRQUNvZENodHljRjlvT2xaR1VGQkxTV0ZhUW5wc1RIcExOVXhUVkVVMVIwRRAB,Haedirx88,5,Enak makanannya pas rasanya  pajrin,9 bulan lalu,5,5,5,Saoenk Cobek Bone,Google Maps,2026-05-14 21:41:30
Ci9DQUlRQUNvZENodHljRjlvT25GcU5VcHBZbVJFT1haSWMxbHRSMXBNUmxSaVprRRAB,Martdianty Pongtuluran,5,"Makanan enakkkkk, ikan bakar rica-ricanya mantapp, pelayanan bintang 5. Yerimakaskh Mbak Nina dan Saung Cobek Bone.",9 bulan lalu,,,,Saoenk Cobek Bone,Google Maps,2026-05-14 21:41:30
Ci9DQUlRQUNvZENodHljRjlvT2paVVdXSkNPRmxZUjE4M1FtSTBaWEpzVUVoalNXYxAB,Rahmat Hidayat,5,"pelayanannya begitu baik, apalagi dengan karyawan atas nama fajrin yg memberikan service excellent untuk saya.",9 bulan lalu,5,5,5,Saoenk Cobek Bone,Google Maps,2026-05-14 21:41:30
Ci9DQUlRQUNvZENodHljRjlvT2s1b1ZreHJNVlZPVDJKdmJrUTNNM0pXTVZkUE5WRRAB,Firda Nurdin,5,"Suasananya bersih dan nyaman
Pelayanannya mantap",9 bulan lalu,5,5,5,Saoenk Cobek Bone,Google Maps,2026-05-14 21:41:30
Ci9DQUlRQUNvZENodHljRjlvT2xadk5rMTBUMFo2UzBwUlNXdFZiREk0VFhGU2VGRRAB,Nur Syaida,5,"Makanannya enak
pelayanannya baik,ramah, dan juga cepat
Makasih fajrin",9 bulan lalu,5,5,5,Saoenk Cobek Bone,Google Maps,2026-05-14 21:41:30
Ci9DQUlRQUNvZENodHljRjlvT2pCM1RGQmphbWROWVUxVU9ISnRRVkUwTkVSalYzYxAB,Farhan Aco,5,Makanan lezat. Fajrim,9 bulan lalu,5,5,5,Saoenk Cobek Bone,Google Maps,2026-05-14 21:41:30
Ci9DQUlRQUNvZENodHljRjlvT2xFNU9FOTRNV1kyUmpab1lYbFlTVmhxY0Y4eE5GRRAB,Nur Ainqistina,5,tempatnya bagus ikannya segar pelayanannya dek risma baik ramah,9 bulan lalu,,,,Saoenk Cobek Bone,Google Maps,2026-05-14 21:41:30
Ci9DQUlRQUNvZENodHljRjlvT25WWE1XSTBOVXRMYm1WUmJuRmZiMVoxVTNCMFVtYxAB,Shofia Indra Widari,5,"enak2 menu nya disini, selalu balik lagi. terimakasih jg kak risma atas pelayanannya. sukses selalu",9 bulan lalu,5,5,5,Saoenk Cobek Bone,Google Maps,2026-05-14 21:41:30
Ci9DQUlRQUNvZENodHljRjlvT2xWSFluUTFUelpRY0dFeGQyTkNORzlqTVd4bVVHYxAB,enalfianti 96,5,"pelayanannya bagus ramah

fajrin",9 bulan lalu,5,4,5,Saoenk Cobek Bone,Google Maps,2026-05-14 21:41:30
Ci9DQUlRQUNvZENodHljRjlvT2xSSlRuQm9WM0pEZEdWcGMzVlFVM1V4TFhaclEzYxAB,Rahmy Syahrir,5,"Pelayanan sangat baik
Rasa makanannya juga sangat enak
Terimakasih chef Fajrin",9 bulan lalu,5,5,5,Saoenk Cobek Bone,Google Maps,2026-05-14 21:41:30
Ci9DQUlRQUNvZENodHljRjlvT25kaU5FbHpTRzgyZVVsbk5HRlhZM0V0TmxoUE0wRRAB,Andi Haikal,5,"Jus alpukatnya segar, cocok banget buat cuaca seperti ini, harganya juga oke😘#Terima kasih Tiara😍",9 bulan lalu,5,5,5,Saoenk Cobek Bone,Google Maps,2026-05-14 21:41:51
Ci9DQUlRQUNvZENodHljRjlvT2w5VU5FNUlOREJZTlhKYUxVc3hkR1JUYkZaSFMzYxAB,Wanda,5,Semuanya sudah mantap👍Pelayanan mba tiara,9 bulan lalu,5,5,5,Saoenk Cobek Bone,Google Maps,2026-05-14 21:41:51
Ci9DQUlRQUNvZENodHljRjlvT2tkeldEZHBURXRGWjI1NWRIVTJaWE41TURKeFVsRRAB,Nur Akifa,5,"Ayam bakar madu nya enak,suasana sejuk,terimasih tiara 😊",9 bulan lalu,5,5,5,Saoenk Cobek Bone,Google Maps,2026-05-14 21:41:51
Ci9DQUlRQUNvZENodHljRjlvT21kc1ZFbFFjalIwVlU5YVFVWkpOVGxMYVdsU1NWRRAB,Fitriani Fitriani,5,Tmptnya bagus makanan enak pelayanan dek Risma baik ramah sangat puas pokoknya👍🏻,9 bulan lalu,5,5,5,Saoenk Cobek Bone,Google Maps,2026-05-14 21:41:51
Ci9DQUlRQUNvZENodHljRjlvT2s5RU5rVmlUVGRZTWxCWVFWQkRSRTFpWkc1Sk1IYxAB,Ainun Arfina,5,Makanannya enak dan pelayanannya sangat baik. Terimakasih Tiara💋,9 bulan lalu,5,5,5,Saoenk Cobek Bone,Google Maps,2026-05-14 21:41:51
Ci9DQUlRQUNvZENodHljRjlvT2xSd2RFVkZWMXBqWWpOSmRsUmZXVEpaYjJGemFWRRAB,Pinky Pinky,5,,9 bulan lalu,,,,Saoenk Cobek Bone,Google Maps,2026-05-14 21:41:51
Ci9DQUlRQUNvZENodHljRjlvT2pkRFRGQmZhRzF0WDBweWRISkdWMnAxU2kxVmRsRRAB,Bessenur Aviva,5,"Sangat bagus dan pelayanannya baik dan cepat
Risma",9 bulan lalu,5,5,5,Saoenk Cobek Bone,Google Maps,2026-05-14 21:41:51
Ci9DQUlRQUNvZENodHljRjlvT2t0RVNHVnNSVVpLU21oTVZXMHdaMHQwUTNnd01YYxAB,Hasmi Hamsah,5,,9 bulan lalu,5,5,4,Saoenk Cobek Bone,Google Maps,2026-05-14 21:41:51
Ci9DQUlRQUNvZENodHljRjlvT25sc05VdGZlbk5CWDFoNlZuRkNORTlVUldGU2QzYxAB,sriiiwhyunii,5,"Seafood tumpahnya bikin nagih,terimakasih pelayanan tiara 🤗",9 bulan lalu,4,5,4,Saoenk Cobek Bone,Google Maps,2026-05-14 21:41:51
Ci9DQUlRQUNvZENodHljRjlvT25BeU0wTlVXbkpKZW1SbFVUSjVWSGhhZVU5WFdVRRAB,CARE_IN BONE,5,Pelayanan Risma sangat bagus.,9 bulan lalu,5,5,5,Saoenk Cobek Bone,Google Maps,2026-05-14 21:41:51
Ci9DQUlRQUNvZENodHljRjlvT2t3elNGQkZRVzlsTmpKMGVrMTBVblpsUzFaVGVsRRAB,Una,5,"Pelayanannya cepat, makasih kak fajrin. Makanannya enak semua, ini kedua kalinya makan disini, suka gazebonya yg adem👍👍",9 bulan lalu,5,5,5,Saoenk Cobek Bone,Google Maps,2026-05-14 21:42:11
Ci9DQUlRQUNvZENodHljRjlvT2tZNGRrcEllRFZaZURocWNtMURPWGd3YTFaclRVRRAB,Minerva Aisyah,5,"Tempatnya bagus dan makanannya enak!! (^o^)/,makasih kak fajrin ngak perlu nambah dan udah ready semua",9 bulan lalu,5,5,5,Saoenk Cobek Bone,Google Maps,2026-05-14 21:42:11
Ci9DQUlRQUNvZENodHljRjlvT25kNFkwdzRjQzAxZDBSdmRIZGlZMDAwZUdaYU9WRRAB,Lucy Febrianti,5,"Masakan mantap , pelayanan baik
Fajrin",9 bulan lalu,5,5,5,Saoenk Cobek Bone,Google Maps,2026-05-14 21:42:11
Ci9DQUlRQUNvZENodHljRjlvT2tVNFZsUTFVRmxVTmxOUWVIWkdkakJZVWtWdGFHYxAB,Wanty,5,"Tempatnya nyaman, makanannya enak2..🙏🏻
Pelayanannya Risma memuaskan",9 bulan lalu,5,5,5,Saoenk Cobek Bone,Google Maps,2026-05-14 21:42:11
Ci9DQUlRQUNvZENodHljRjlvT2t4RmNISmFOMHBNY1dGelRsOTVWVEo2Vm5OUVYwRRAB,Amaliah Nur Rahmah,5,,9 bulan lalu,4,5,5,Saoenk Cobek Bone,Google Maps,2026-05-14 21:42:11
Ci9DQUlRQUNvZENodHljRjlvT2pOblFUYzJUREJVZUZVMWNXaERSSGxwZUdrNGNIYxAB,Selvi Ani,5,"Ayamx sangt enk pelayanan fajrin jg sangt baik,,,",9 bulan lalu,5,5,5,Saoenk Cobek Bone,Google Maps,2026-05-14 21:42:11
Ci9DQUlRQUNvZENodHljRjlvT2kxZk0xVllSa2RpUkVoUmQzTkZSa0Z1UldwMGFVRRAB,vivi suyanti,4,"Pertama kali ke soenk cobe bone ternyata tempatnya nyaman sekali, makanannya juga enak2 dan dilayani sama mba wine yg super ramah",9 bulan lalu,5,5,5,Saoenk Cobek Bone,Google Maps,2026-05-14 21:42:11
Ci9DQUlRQUNvZENodHljRjlvT21SS2FsOVZkVEV4WmpCNGVraEVZVEJ3TVdSUlpXYxAB,Dian Dian,5,Makananya enak ayam padangnya enak tempatnya nyaman bersih pelayanan bagus ramah makasi dek risma 👍,9 bulan lalu,5,5,5,Saoenk Cobek Bone,Google Maps,2026-05-14 21:42:11
Ci9DQUlRQUNvZENodHljRjlvT2xwYU1FOXliMDU2VWtVNFZFZHpkbDlrYWtocU4xRRAB,Azzam Al,5,"makanan enak banget pas rasa ,es campurnya saya suka,dan layanan Annisa baik",9 bulan lalu,5,5,5,Saoenk Cobek Bone,Google Maps,2026-05-14 21:42:11
Ci9DQUlRQUNvZENodHljRjlvT2pBemRXMU5SbWxYY1dsM2JsOVVRWFYzWjBWck5sRRAB,Ilmiyah Mhy,5,"Tempatnya nyaman, mkananya enak mantap trus pelayanannya bgus aplgi dgn risma",9 bulan lalu,5,5,5,Saoenk Cobek Bone,Google Maps,2026-05-14 21:42:11
Ci9DQUlRQUNvZENodHljRjlvT21KTVRUaDJaV1JLVUhoR1ZqUnNZVGsxWTJ4MWNrRRAB,Wahdini Nur,5,Makanannya enak tempatnya bagus nyaman pelayanan bagus ramah cepat mksi Risma👍,9 bulan lalu,5,5,5,Saoenk Cobek Bone,Google Maps,2026-05-14 21:42:32
Ci9DQUlRQUNvZENodHljRjlvT2xBNFRYUnhZMjAzTkRrMlgydEVaVFZoWjFZMWRtYxAB,Sidin Wtp,5,Enak(Nisa),9 bulan lalu,3,3,4,Saoenk Cobek Bone,Google Maps,2026-05-14 21:42:32
Ci9DQUlRQUNvZENodHljRjlvT2treVZESldUSHB5Yms5TmEyZEtkblZwV1hCalFrRRAB,ila said,5,"Makanannya Enak
Suasananya Bersih , Tenang dan Nyaman
Pelayanan sangat Cepat dan Ramah 👍🏻
Makasih Kk.Fajrin",9 bulan lalu,5,5,5,Saoenk Cobek Bone,Google Maps,2026-05-14 21:42:32
Ci9DQUlRQUNvZENodHljRjlvT2xGc1QydHFVbXhVYkdGYVUxOXpPV1phZEU5SVRHYxAB,Askur Lern,5,"Tempatnya nyaman, pelayanannya oke, risma",9 bulan lalu,5,5,5,Saoenk Cobek Bone,Google Maps,2026-05-14 21:42:32
Ci9DQUlRQUNvZENodHljRjlvT21FNFZFdHlRVWhVTFV0elRIbEdNR0U1WkRWSlQwRRAB,Dhika Dhika,5,,9 bulan lalu,5,5,5,Saoenk Cobek Bone,Google Maps,2026-05-14 21:42:32
Ci9DQUlRQUNvZENodHljRjlvT2pGb2IwbE5jSGR3Y0hCNWJqRkpUVVZRU0dSVWQzYxAB,Achmad M Haidar,5,"Pelayanannya ramah 👍
Khususnya fajrin ramadhan",9 bulan lalu,5,5,5,Saoenk Cobek Bone,Google Maps,2026-05-14 21:42:32
Ci9DQUlRQUNvZENodHljRjlvT21ZMWFHaGxVR3RVU0VNNGJIcGpaMjF2UWpoQlVFRRAB,Arga Alfana Arifin,5,"Layanan pelanggan sangat memuaskan! Fajrin sangat ramah, membantu kami memilih menu, dan selalu tersenyum. Jarang banget nemu pelayan sebaik ini. 5/5 bintang! 👍",9 bulan lalu,5,5,5,Saoenk Cobek Bone,Google Maps,2026-05-14 21:42:32
Ci9DQUlRQUNvZENodHljRjlvT2xWS1VqTldNMDQxWkdSa01FaG9SekUwVlVoWk5YYxAB,BRENDA MAUREEN RENTANAUNG,5,"Pelayannya ramah dan baik (Anisa)
Makanannya enak",9 bulan lalu,4,5,5,Saoenk Cobek Bone,Google Maps,2026-05-14 21:42:32
Ci9DQUlRQUNvZENodHljRjlvT2xVMFNIcDFiVTk0VUROeE0xWkViVzUwTVdsT1JtYxAB,Mhya a,5,"Udang telur asinya sangat recomended, Terimakasih tiara",9 bulan lalu,5,5,5,Saoenk Cobek Bone,Google Maps,2026-05-14 21:42:32
Ci9DQUlRQUNvZENodHljRjlvT2w4elNYVTJiWGRuWTI1bGRqRldhMmxqZGxWclIyYxAB,rahman arab,5,Pelayanannya wine ramah,9 bulan lalu,5,5,5,Saoenk Cobek Bone,Google Maps,2026-05-14 21:42:32
Ci9DQUlRQUNvZENodHljRjlvT2s5M1JFbHFOVTlZYzBKWlowSmtiSFpxYWxwZlUxRRAB,Marsella Jalil,5,enak dan pelayananx ramah risma,9 bulan lalu,5,5,5,Saoenk Cobek Bone,Google Maps,2026-05-14 21:42:53
Ci9DQUlRQUNvZENodHljRjlvT25aMFFURXlWVlpuUTBGSk9EQlljVVY0V25SRFZHYxAB,Vionajeliaawe Vioness,5,"makanannya enak tempatnya bersih , pelayanannya jg bgus risma",9 bulan lalu,5,5,5,Saoenk Cobek Bone,Google Maps,2026-05-14 21:42:53
Ci9DQUlRQUNvZENodHljRjlvT205UE9YQnNaakpPWTNkdGJtSlNhMWRDWWs5R1FWRRAB,Eva Sulistiawati,5,makanannya enak,9 bulan lalu,5,5,5,Saoenk Cobek Bone,Google Maps,2026-05-14 21:42:53
Ci9DQUlRQUNvZENodHljRjlvT2pscVlta3RVMkZzYzFKMU5tVjRWelptUzBOaGRWRRAB,Nita Aprilia,5,"makananya enak. cuma terlalu terasa mericanya. pelayananya bagus , tempatnya juga bersih.  dilayani oleh kk risma",9 bulan lalu,4,4,4,Saoenk Cobek Bone,Google Maps,2026-05-14 21:42:53
Ci9DQUlRQUNvZENodHljRjlvT2xORGN6ZGpRelEwY0d4WVpsTmhZMEpEYjI5bFYxRRAB,Lilis,5,Makanannya enak suasananya bagus pelayanan nak Risma baik ramah,9 bulan lalu,5,5,5,Saoenk Cobek Bone,Google Maps,2026-05-14 21:42:53
Ci9DQUlRQUNvZENodHljRjlvT21STk9VaE5URzlTWVVORWRUY3hRekpmZFZkUFltYxAB,Cidel Cisel,5,"Makana sangat enak dan harga terjangkau

""Annisa",9 bulan lalu,5,5,,Saoenk Cobek Bone,Google Maps,2026-05-14 21:42:53
Ci9DQUlRQUNvZENodHljRjlvT2tsdFYwTnpYM1IzZUUxSVgweHZaVlV5Y2pGdFVYYxAB,Anthy Husjed,5,"Pelayanan x bagus,makananx enak2,porsix puas,mksih saung cobek Bone.Risma",9 bulan lalu,5,5,5,Saoenk Cobek Bone,Google Maps,2026-05-14 21:42:53
Ci9DQUlRQUNvZENodHljRjlvT2pCSE56WlhkRzVrTFRsQ2VqQkZNV0l5VkhOUlRVRRAB,Aqilah Syafika,5,"Masakan Sangat memuaskan.... manyussss
Pelayanannya cepat dan pelayan atas nama Risma sangat ramah",9 bulan lalu,5,5,5,Saoenk Cobek Bone,Google Maps,2026-05-14 21:42:53
Ci9DQUlRQUNvZENodHljRjlvT2tkU1UzbExaemR3TFhGRmIxZzRTM1Z1UzBOa1gyYxAB,arsyaanggara putra,5,"SEMUANYA SANAGAT MEMUASKAN
RISMA",9 bulan lalu,5,5,5,Saoenk Cobek Bone,Google Maps,2026-05-14 21:42:53
Ci9DQUlRQUNvZENodHljRjlvT2xGbWREaE5URnBEVFc5Nk9FdDZkbVJFTjNkc05GRRAB,Achmad Ardi,5,"Makanan dan pelayanan mantap semua
Makasih Fajrin",9 bulan lalu,5,5,5,Saoenk Cobek Bone,Google Maps,2026-05-14 21:42:53
Ci9DQUlRQUNvZENodHljRjlvT2xkWExWQm9TMW8zZDFSa1UyNDJRVEJ5UVhKMFpuYxAB,Muhammad Nur,5,"Enak, gurih dan terasa...
Fajrin",9 bulan lalu,5,5,5,Saoenk Cobek Bone,Google Maps,2026-05-14 21:43:13
Ci9DQUlRQUNvZENodHljRjlvT2tsMVFubEZPV3hCWlZaRlZ6RnljMVo2WlRWS1ZFRRAB,Abang Ridho,5,"Pelayanan sangat bagus, dan buat pelayan atas nama wine sangat"" top🫰",9 bulan lalu,4,5,4,Saoenk Cobek Bone,Google Maps,2026-05-14 21:43:13
Ci9DQUlRQUNvZENodHljRjlvT2xNeVIyNU1jVkJQTkROSGNGZEJNekpVY1VOaWJsRRAB,Kira Hira,5,,9 bulan lalu,5,5,5,Saoenk Cobek Bone,Google Maps,2026-05-14 21:43:13
Ci9DQUlRQUNvZENodHljRjlvT21ablJqRnBTMWhFTlhsWWRFMUhaVkJMVUROME9IYxAB,rezkyawaliaaah,5,"saya paling ikan pallumaranya 🥰
pelayanannya oke sekali oleh kak risma",9 bulan lalu,5,5,4,Saoenk Cobek Bone,Google Maps,2026-05-14 21:43:13
Ci9DQUlRQUNvZENodHljRjlvT2tGRVVWQlFNa2xpUlc1NlgydExNMFoyWDFSYVkxRRAB,Reza Arjuanda,5,Makanannya rekomendasi skli untuk mkn sm teman dan keluarga Mksi dek Risma,9 bulan lalu,5,5,5,Saoenk Cobek Bone,Google Maps,2026-05-14 21:43:13
Ci9DQUlRQUNvZENodHljRjlvT2xSQllsVklTM1l6VjJwdVFWQXdhR2xzUTNWRk9VRRAB,Emmang Emmang,5,"Makanannya enak, tempatnya nyaman, pelayanannya bagus

(Annisa)",9 bulan lalu,3,4,4,Saoenk Cobek Bone,Google Maps,2026-05-14 21:43:13
Ci9DQUlRQUNvZENodHljRjlvT2psblVTMHdXV0pPU2pJdGNIaHRNVUU1Um1oSGJWRRAB,muhammad adli adli,5,Suasananya nyaman tempatnya bagus makanannya enak dan pelayanannya dek Risma baik,9 bulan lalu,5,5,5,Saoenk Cobek Bone,Google Maps,2026-05-14 21:43:13
Ci9DQUlRQUNvZENodHljRjlvT2kxMmJFUlpaVkZ3V25kSGVteG1TbU15YVZWNVEyYxAB,Kahlil Gibe,5,Pelayanan tiara sangat baik,9 bulan lalu,5,5,4,Saoenk Cobek Bone,Google Maps,2026-05-14 21:43:13
Ci9DQUlRQUNvZENodHljRjlvT2psWFdWOXNkM2RaWjJwM1lWQklhRkpVYW5keVJtYxAB,Dina Olivia29,5,"Tempat sejuk,makanan juga sudah oke,pelayan tiaraa",9 bulan lalu,5,5,5,Saoenk Cobek Bone,Google Maps,2026-05-14 21:43:13
Ci9DQUlRQUNvZENodHljRjlvT2xKdlJGWjBPSFIxWTJGR1RUVTBNV2xFVVRSRVEzYxAB,Dina Olivia,5,"Tempat sejuk,makanan juga sudah oke,pelayan tiara",9 bulan lalu,5,5,5,Saoenk Cobek Bone,Google Maps,2026-05-14 21:43:13
Ci9DQUlRQUNvZENodHljRjlvT21OclVFaHlNVWhaV0V4MldXSnpSV2R5Wm0xVlFuYxAB,Nur Halisa,5,"Makanannya Sangat memuaskan semua, puas banget bintang 5 pokoknya
Fajrin",9 bulan lalu,5,5,5,Saoenk Cobek Bone,Google Maps,2026-05-14 21:43:34
Ci9DQUlRQUNvZENodHljRjlvT2tsbGNIaHVWVVJuVFhGdk1ubHBkMVpyV2kwd2JrRRAB,Nur Buana Amir,5,Makanannya enakk dan ayamm pedasnya juga luar biasaa pedasnya mantapp •Fajrin,9 bulan lalu,5,5,5,Saoenk Cobek Bone,Google Maps,2026-05-14 21:43:34
Ci9DQUlRQUNvZENodHljRjlvT205V01sOXhUSHBhTTJWQlRrWXdiVEJYZFhaQ2QxRRAB,Lidiya Diya,5,pelayanannya bagus Wina,9 bulan lalu,5,5,5,Saoenk Cobek Bone,Google Maps,2026-05-14 21:43:34
Ci9DQUlRQUNvZENodHljRjlvT2tKb1FVOHhVRzVCYW5sWk9ESTBVVmQwV0ZGQmQyYxAB,Kamu Tuyah,5,"suasananya pas untuk makan bersama keluarga

(anisa)",9 bulan lalu,5,5,5,Saoenk Cobek Bone,Google Maps,2026-05-14 21:43:34
Ci9DQUlRQUNvZENodHljRjlvT2xac1NtVk1PVkJHVDJOWU9YVktlV3RFUjBKUU5FRRAB,Abd Rahman,5,pelayanan ramah makanan nya enak dan tempat nya nyaman maksih a.wina,9 bulan lalu,5,5,5,Saoenk Cobek Bone,Google Maps,2026-05-14 21:43:34
Ci9DQUlRQUNvZENodHljRjlvT21KMmFYaDBkSHBzYzNOcFZGOW5NMFZYVjJKR1UzYxAB,maryadi darwis,5,"Makanan enak, suasana bagus
(anisa)",9 bulan lalu,5,5,5,Saoenk Cobek Bone,Google Maps,2026-05-14 21:43:34
Ci9DQUlRQUNvZENodHljRjlvT2t4S1JXZFhXbTlxYmpjNVdFdGhkR2hmWDI4MU1VRRAB,nur ayunda,5,"Makanannya enak, pelayanan bagus",9 bulan lalu,5,5,5,Saoenk Cobek Bone,Google Maps,2026-05-14 21:43:34
Ci9DQUlRQUNvZENodHljRjlvT2pCWWRHb3dRbDloUlRWTVJrVlRUa2hqUjBkRllsRRAB,Nur Andini,5,"Dijamin bakal balik lagi, buat sekeluarga cocok banget, vibesnya lumayan estetik pas jdi penghuni sg wkwkwk. Oiya thanks buat fajrin, pelayanannya lumayan rapih dan sopan👌🏻. Sukses selalu:)",9 bulan lalu,5,5,5,Saoenk Cobek Bone,Google Maps,2026-05-14 21:43:34
Ci9DQUlRQUNvZENodHljRjlvT2s1c2NURmxSRGd3YkhWdWRIaHpWUzFwWWpNdFZsRRAB,Elsafis Elsafiss,5,Pelayanannya ramah wine,9 bulan lalu,5,5,5,Saoenk Cobek Bone,Google Maps,2026-05-14 21:43:34
Ci9DQUlRQUNvZENodHljRjlvT2tOR1VHaHdiVVo0ZDNwa2FtdEJNbXBTVUhVNGJYYxAB,Selvi Aprilia,5,Cita rasanya dipertahankan#Tiara,9 bulan lalu,5,5,5,Saoenk Cobek Bone,Google Maps,2026-05-14 21:43:34
Ci9DQUlRQUNvZENodHljRjlvT25kYVNXVTFXRkJUZGpnMFJGVnBhbVphV1dGcFRrRRAB,Rioska,5,"Cocok untuk makan siang,terima kasih tiara😊",9 bulan lalu,5,5,5,Saoenk Cobek Bone,Google Maps,2026-05-14 21:43:54
Ci9DQUlRQUNvZENodHljRjlvT21wRVJEQk5Xa2RpU0dOUmNXZ3lVRWR6T1daMlZGRRAB,asriyanti arsyad,5,"Makanan sesuai dengan selera dan layanan memuaskan
(Risma)",9 bulan lalu,5,5,5,Saoenk Cobek Bone,Google Maps,2026-05-14 21:43:54
Ci9DQUlRQUNvZENodHljRjlvT2xsU1JXTXpZMDVaUTNGbVlWRlNaRGxVWjFablkzYxAB,Idham Darwis,5,"Pelayannannya adek Risma the best
Not only that makanannya juga mantap",9 bulan lalu,5,5,5,Saoenk Cobek Bone,Google Maps,2026-05-14 21:43:54
Ci9DQUlRQUNvZENodHljRjlvT21aNGExSjNaa053U2xaTU9FRnpaRFExV0dwQllVRRAB,Adhel Novita,5,tempatnya nyaman makannya enak pelayannya wine bagus,9 bulan lalu,5,5,5,Saoenk Cobek Bone,Google Maps,2026-05-14 21:43:54
Ci9DQUlRQUNvZENodHljRjlvT2pRd1ZFWjZRazFaWmw5NVptZ3hPRGMxVERCQlUxRRAB,husnul awal nur,5,"Semuanya akan bintang 5. Pelayanan penuh oleh Annisa, senyumnya manis dan Mba Riska selalu bersikap baik, terima kasih.
Kerja bagus!",Diedit 9 bulan lalu,5,5,5,Saoenk Cobek Bone,Google Maps,2026-05-14 21:43:54
Ci9DQUlRQUNvZENodHljRjlvT2tKclJFbGpOR3RCTlMxVU0wMDBOVFZzWlRCeFMwRRAB,Reynaldi Idris,5,"Makanan mantap , pelayanan baik dan suasana bersih dan Nyaman .
Makasih Kk Fajrin",9 bulan lalu,5,5,5,Saoenk Cobek Bone,Google Maps,2026-05-14 21:43:54
Ci9DQUlRQUNvZENodHljRjlvT25FNGFWcHZTMjFHYjI1WE9IWnRjak56UW1kUVduYxAB,Gustina Wtp,5,Enak(Anisa),9 bulan lalu,4,5,5,Saoenk Cobek Bone,Google Maps,2026-05-14 21:43:54
Ci9DQUlRQUNvZENodHljRjlvT2pFdFdFcE9TMUF0YlhSMVlXdENiMU0xUmpCdlNYYxAB,Muh.naufal Ramadhan,5,Ok trimah kasi atas pelayanan yg baik nya tiara,9 bulan lalu,5,5,5,Saoenk Cobek Bone,Google Maps,2026-05-14 21:43:54
Ci9DQUlRQUNvZENodHljRjlvT2tKSFkxYzNUMFEwZWxsemRqRnNZblZyWWpaM2NXYxAB,arpah malikh,5,makan malam sama keluarga semuanya sudah mantap #tiara,9 bulan lalu,5,5,5,Saoenk Cobek Bone,Google Maps,2026-05-14 21:43:54
Ci9DQUlRQUNvZENodHljRjlvT2xwNU1rMU5kV1ZTYzFCbmVXWklhV28wVDFoUU0yYxAB,Asriani Ani,5,"Tempatnya bagus,pelayannya risma baik",9 bulan lalu,5,5,5,Saoenk Cobek Bone,Google Maps,2026-05-14 21:43:54
Ci9DQUlRQUNvZENodHljRjlvT2tWSlJXdHVaMnAxVm5KcFVGRmZWbE5JWmtOMU1tYxAB,Haerani Hera,5,"Makanannya bagus,tempatnya bagus (Anisa)",9 bulan lalu,5,5,5,Saoenk Cobek Bone,Google Maps,2026-05-14 21:44:15
Ci9DQUlRQUNvZENodHljRjlvT21GbkxVODJkSHB2UlU5WmRVbHJibEE1YUdST1gxRRAB,Afiqah Syahirah S.,5,Tempatnya bagus dan bersih. View-nya bagus. Harga terjangkau. Dan layanan yg baik.,9 bulan lalu,5,5,5,Saoenk Cobek Bone,Google Maps,2026-05-14 21:44:15
Ci9DQUlRQUNvZENodHljRjlvT2tGdVQxUjNhV2cyUWs1NFN6SmZTMFZaVFRSZlYyYxAB,Nur haerati Aslama,5,"Bagus tempatnya dan makanannya enak"", pelayan dari kak risma juga bagus bamget",9 bulan lalu,5,5,5,Saoenk Cobek Bone,Google Maps,2026-05-14 21:44:15
Ci9DQUlRQUNvZENodHljRjlvT21ac04wOWxNWGcwVHpWVmRERlFkR3RmVjFVMVJuYxAB,Syamsul Bahri,5,Nyaman dan enak... terimakasih (Anisa) 🙏,9 bulan lalu,5,5,5,Saoenk Cobek Bone,Google Maps,2026-05-14 21:44:15
Ci9DQUlRQUNvZENodHljRjlvT2xFeGREVlJkRTVyVlU1dk5WVjJUR1kwY25FeFJFRRAB,Desty Adhaa,5,Tempatnya nyaman makannya sesuai selera pelayannya wine bagus,9 bulan lalu,5,5,5,Saoenk Cobek Bone,Google Maps,2026-05-14 21:44:15
Ci9DQUlRQUNvZENodHljRjlvT2xCRVJHMXZZWGxRU2kxbGJrUlZjbXBUVDJkaldVRRAB,Mimine well,5,Makanannya Enak dan Terima Kasih juga untuk Kak Fajrin atas pelayanannya,9 bulan lalu,5,5,5,Saoenk Cobek Bone,Google Maps,2026-05-14 21:44:15
Ci9DQUlRQUNvZENodHljRjlvT2xkTFkybDRWbmhmWDNOU01UQmlWSE4yU2kwNU4zYxAB,sitti rosnawati,1,Susananya adem makannanya jga enak pelayannya wine sopan,9 bulan lalu,5,5,5,Saoenk Cobek Bone,Google Maps,2026-05-14 21:44:15
Ci9DQUlRQUNvZENodHljRjlvT25GMllqUmxaRTVyVUhGMlJWaGxWRkpxUkVkTllWRRAB,Serti Poliyana,5,makanannya enak sedap bukan hanya itu pelayanannya sangat bagus dan baik maupun sopan terimakasih atas pelayanannya buat tiara memang the best deh 🫰🏻,9 bulan lalu,5,5,5,Saoenk Cobek Bone,Google Maps,2026-05-14 21:44:15
Ci9DQUlRQUNvZENodHljRjlvT25CTlVGQm5lbE0wUWtoWlgxUjZiVFZaT0VGblEyYxAB,Hardy,5,Mantap,9 bulan lalu,5,5,5,Saoenk Cobek Bone,Google Maps,2026-05-14 21:44:15
Ci9DQUlRQUNvZENodHljRjlvT2xsUGQwOXhZMmhyZVROaE9UUllNemd0Um5oaFIxRRAB,A. Jesy Zahratul Anisah,5,Masha allah makanannya enakk dan Fajrin juga the best saat melayani castamer Mntapp broo tingkatkannn👍🏻,9 bulan lalu,5,5,5,Saoenk Cobek Bone,Google Maps,2026-05-14 21:44:15
Ci9DQUlRQUNvZENodHljRjlvT2s1dmRqSTFSSFJFZERCWFMxQXdiM2xDVlV0SVZXYxAB,Ermita Ali,5,Makanannya enak dan Mbak Tiara melayani kami dengan sangat baik. Pasti akan datang lagi.,9 bulan lalu,5,5,5,Saoenk Cobek Bone,Google Maps,2026-05-14 21:44:36
Ci9DQUlRQUNvZENodHljRjlvT2tReGQwMTJhM2hGTUY4MVMxZEpVV1o1YXpNNFRVRRAB,Farhan Farid,5,puas dengan makananyaaa👍 terimakasih pelayananya tiara👌,9 bulan lalu,5,5,5,Saoenk Cobek Bone,Google Maps,2026-05-14 21:44:36
Ci9DQUlRQUNvZENodHljRjlvT2pCd0xVOXBkelp4ZDJVNVJVeEtTekp5TFRKSVJVRRAB,Adhi Adhi,5,"Makanannya enak”…puas makan disini
Jauh” dari maros makan disini tdk kecewa",9 bulan lalu,5,5,5,Saoenk Cobek Bone,Google Maps,2026-05-14 21:44:36
Ci9DQUlRQUNvZENodHljRjlvT2xObmQxVTNNRTVMVWt4U1dFWktNRkV0Um5oaVgzYxAB,Sri ayu Andira,5,"Makanannya enak
Pelayanannya Risma bagus
Suasananya tidak membosankan",9 bulan lalu,5,5,5,Saoenk Cobek Bone,Google Maps,2026-05-14 21:44:36
Ci9DQUlRQUNvZENodHljRjlvT2pSemVURjJiV3h3UzBVNGNXTlZhVVp3TW05RGVtYxAB,Ayaszhh,5,Pelayanannya Fajrin Ramah dan Sopan. makasih Fajrin✨✨,10 bulan lalu,,,,Saoenk Cobek Bone,Google Maps,2026-05-14 21:44:36
Ci9DQUlRQUNvZENodHljRjlvT201Ull6SmFOVTVxTlZwYWFrNWlOVTFzTFRneFZuYxAB,Annamarya Abdlatief,5,"Makanannya enak,pelayanannya baik dan cepat !!! Risma",10 bulan lalu,5,5,5,Saoenk Cobek Bone,Google Maps,2026-05-14 21:44:36
Ci9DQUlRQUNvZENodHljRjlvT2tsamJIUjFlRk5pWmxORlZYTmFabVJhV1dRelduYxAB,Andi Muhammad Taufik,5,"Suasana Ok ,porsi makannya lumayan puas, waitersnya ramah ramah,murah senyum terutama Annisa",10 bulan lalu,5,5,1,Saoenk Cobek Bone,Google Maps,2026-05-14 21:44:36
Ci9DQUlRQUNvZENodHljRjlvT2tSalRuSkxTRjkwVkVKc2RGTkhNWHBOYVZaQ1prRRAB,Chantika Tirta,5,"Semuanya sudah mantap,terimakasih tiara",10 bulan lalu,5,5,5,Saoenk Cobek Bone,Google Maps,2026-05-14 21:44:36
Ci9DQUlRQUNvZENodHljRjlvT2pGd1UyMWlUV3RuV1RsdGVXOUViWEpZVkc1Vk4zYxAB,yorismawati rombe,5,"Makanannya bagus,pelayanannya ramah,suasananya tenang. Terima kasih @wina",10 bulan lalu,5,5,5,Saoenk Cobek Bone,Google Maps,2026-05-14 21:44:36
Ci9DQUlRQUNvZENodHljRjlvT21WZmFXZE1VMnczUkRWd2FsRTBUSFl3VFZSaVZsRRAB,Fahirah Taufiq,5,"Enak dan nyaman, pelayanannya okey a.n risma",10 bulan lalu,5,5,5,Saoenk Cobek Bone,Google Maps,2026-05-14 21:44:36
Ci9DQUlRQUNvZENodHljRjlvT25KdmNWcHFlakJrWlUxQlVqbGxRa05PUnpSVGMxRRAB,Lenny Marlina,5,"Suasananya adem, asri
Makanannya bolehlah
Pelayanannya mantap 👍🏻

_Annisa_",10 bulan lalu,4,5,5,Saoenk Cobek Bone,Google Maps,2026-05-14 21:44:56
Ci9DQUlRQUNvZENodHljRjlvT2tJNWNuUmplVWxuZUdOWlZqVk1MV3hmVlVoUWNIYxAB,Naraya Dzakirah ZH,5,"Makanan enak trus harganya nda terlalu mahal ☺️
Kami d layani sm Annisa, ramah baik trus murah senyum..
Suasana nyaman ademm ☺️",10 bulan lalu,5,5,5,Saoenk Cobek Bone,Google Maps,2026-05-14 21:44:56
Ci9DQUlRQUNvZENodHljRjlvT2pKcGNVWkpTbnBEV25CRFRsZE9lWEY2VG5waFJVRRAB,Sapurang salsabillah Tuasamu,5,"Pelayanan sangat baik
Makasih fajrin",10 bulan lalu,5,5,5,Saoenk Cobek Bone,Google Maps,2026-05-14 21:44:56
Ci9DQUlRQUNvZENodHljRjlvT2tFeFVFZzNia3RhVlV0NFppMWxVbkpqZDBoeVEyYxAB,Fadlydak Dak,5,,10 bulan lalu,5,5,5,Saoenk Cobek Bone,Google Maps,2026-05-14 21:44:56
Ci9DQUlRQUNvZENodHljRjlvT2paTFVpMXpVVEpqUnpRMWRVZDVPVzlRUVZSVGMzYxAB,Pira Januandari,5,"recommended sih,pelayanan tiara okey.next kesini cobain menu yang lain 😍🤗",10 bulan lalu,5,5,5,Saoenk Cobek Bone,Google Maps,2026-05-14 21:44:56
Ci9DQUlRQUNvZENodHljRjlvT2xCTGNsVXhVamxIYVRWMllVWm5TV1ZUWVhFNFQxRRAB,Rida Fransiska,5,"Tempatnya nyaman, menu fav ayam pedas kemangi. Pelayanan ramah risma",10 bulan lalu,4,5,5,Saoenk Cobek Bone,Google Maps,2026-05-14 21:44:56
Ci9DQUlRQUNvZENodHljRjlvT2poQ1RVOU1ObEprU1ZsaldTMTBjVEZ6TWtsMFRIYxAB,anisa ashari,5,Makanannya cukup enak di dukung dngan tempatnya yg nyaman. Juga pelayanannya yg baik Risma,10 bulan lalu,4,4,5,Saoenk Cobek Bone,Google Maps,2026-05-14 21:44:56
Ci9DQUlRQUNvZENodHljRjlvT214c1UzcFNNRlJhYW5wTmRURXlRMVZYV0MwMExXYxAB,Farel Farel,5,Suasana sangat bagus dan makanan yg sangat enak dan pelayananya baik 😉(Anisa),10 bulan lalu,5,5,5,Saoenk Cobek Bone,Google Maps,2026-05-14 21:44:56
Ci9DQUlRQUNvZENodHljRjlvT214RlRXbEtkRW81YjNoa1JHZGtlRFZEWWpOMlkzYxAB,Nurul Hikmah,5,Mantap (anisa),10 bulan lalu,3,5,5,Saoenk Cobek Bone,Google Maps,2026-05-14 21:44:56
Ci9DQUlRQUNvZENodHljRjlvT25wRmNXWXdjRVIwZVZBMVJtMWpUa1ppTmkxTmNuYxAB,Ghus _Lim,5,"Makanan mantap
Pelayanan baik dan ramah
Fajrin",10 bulan lalu,4,5,4,Saoenk Cobek Bone,Google Maps,2026-05-14 21:44:56
Ci9DQUlRQUNvZENodHljRjlvT201aU1rMHpiVVo1WVU5dWRGVjVVa2xxUzNGeFoyYxAB,Ahmad Reza Gunawan,5,"pelayanan oke,cepat dan enak (wina)",10 bulan lalu,5,5,5,Saoenk Cobek Bone,Google Maps,2026-05-14 21:45:17
Ci9DQUlRQUNvZENodHljRjlvT21sa05VWmZVazVTV0RoWlVEZFNVVmwyWHkwek1IYxAB,Eky Khubsurath,5,Makanaan oke tempat asik dan penjaga ramah yg bernama wina,10 bulan lalu,5,5,5,Saoenk Cobek Bone,Google Maps,2026-05-14 21:45:17
Ci9DQUlRQUNvZENodHljRjlvT2pCMllXUm1WblIxVTFwRmIxTnNXVlY1V0V0TVgzYxAB,Ayhu Andira,5,"Saya puas, terima kasih atas pelayanannya.",10 bulan lalu,,,,Saoenk Cobek Bone,Google Maps,2026-05-14 21:45:17
Ci9DQUlRQUNvZENodHljRjlvT2w5Vk1FMTBTRlpXYTNSQ2NGaFZSMEpVVFRkdmJYYxAB,Elha Cicah,5,Susasanya nyaman pelayanannya Risma baik ramah,10 bulan lalu,4,5,5,Saoenk Cobek Bone,Google Maps,2026-05-14 21:45:17
Ci9DQUlRQUNvZENodHljRjlvT2xoQ2NUUkRSbTF5WkcxUGNFaFdOMlozZFc1VU1GRRAB,Herdin Husen,5,Sangat rekomend,10 bulan lalu,5,,,Saoenk Cobek Bone,Google Maps,2026-05-14 21:45:17
Ci9DQUlRQUNvZENodHljRjlvT2kxTFVuWTRlbTVOV0dGNmMwTldkMlY1VjBWS1pGRRAB,andi zidan,5,"suasananya adem pelyanan bagus
whyne",10 bulan lalu,5,5,5,Saoenk Cobek Bone,Google Maps,2026-05-14 21:45:17
Ci9DQUlRQUNvZENodHljRjlvT2xVNFJsTkVka1pWY0doNmVXRklaRWRLWTNaUVIyYxAB,Lovastatin 04,5,"Makanan enak, tempatmya luas dan sejuk, terimakasih Fajrin sudah sarankan tempat makan yang enak👍🏻 dan pelayanananx memuaskan, terimakasih",10 bulan lalu,5,5,5,Saoenk Cobek Bone,Google Maps,2026-05-14 21:45:17
Ci9DQUlRQUNvZENodHljRjlvT2sxSVNXSk9NSGxHYUVOelRGVjRZMjVSU2xkcFExRRAB,Bahasa Arab Nurjanna,5,Makanya enak. Pelayanan baik. An. Risma,10 bulan lalu,5,5,4,Saoenk Cobek Bone,Google Maps,2026-05-14 21:45:17
Ci9DQUlRQUNvZENodHljRjlvT2tVeFUzVjBUMFJFZGw5YVZYaElhbkYyWmpkQ1dXYxAB,faz City,5,"Pelayan ramah sekali
Makanan enak
Rekomend banget",10 bulan lalu,,,,Saoenk Cobek Bone,Google Maps,2026-05-14 21:45:17
Ci9DQUlRQUNvZENodHljRjlvT21kblQwdEhaWFZ2ZEhFMGFXWnhkVmRyZUdKdmFXYxAB,Muh Rifky,5,Rasanya enak,10 bulan lalu,5,5,5,Saoenk Cobek Bone,Google Maps,2026-05-14 21:45:17
Ci9DQUlRQUNvZENodHljRjlvT21WS1ZXMHpWV2hPUkRGdlkwUldkRmxQUm5aTU0zYxAB,dea difitruani,5,"Wajib coba! Pelayanannya tiara super oke,ramah dan cepet banget. Makanannya enak-enak, bikin nagih.  Suasananya nyaman dan bersih. Pokoknya puas banget deh!",10 bulan lalu,5,5,5,Saoenk Cobek Bone,Google Maps,2026-05-14 21:45:37
Ci9DQUlRQUNvZENodHljRjlvT25NMlpFNVlhbkJ5YWkxeFFXdzRTbE56UW1GWmJsRRAB,Arnida Nida,5,makanannya enk susanya nyaman dan sejuk pelayanan ramah baik ramah makasi(Risma),10 bulan lalu,5,5,5,Saoenk Cobek Bone,Google Maps,2026-05-14 21:45:37
Ci9DQUlRQUNvZENodHljRjlvT25OcVF5MUZOalpQVGxsR1VraHViVnAwU1dSMWVYYxAB,audrysalsabila salsabila,5,"makanan nya enak dan murahh meriahh parkirannya luas dan pelayanan nya bagus
bersamaa kak anisa",10 bulan lalu,5,5,5,Saoenk Cobek Bone,Google Maps,2026-05-14 21:45:37
Ci9DQUlRQUNvZENodHljRjlvT2t0T2NrUmFVRzFsTFZnMlFteEZlbGx5U3pFMFduYxAB,YangkersGG,5,Masakan sama pelayanan yang baik.. Mantap,10 bulan lalu,5,5,5,Saoenk Cobek Bone,Google Maps,2026-05-14 21:45:37
Ci9DQUlRQUNvZENodHljRjlvT21RMGJsODJjRVZ0ZGxVNVN5MVlNamh2TFRNME1WRRAB,Nur Afni Ali,5,,10 bulan lalu,5,5,5,Saoenk Cobek Bone,Google Maps,2026-05-14 21:45:37
Ci9DQUlRQUNvZENodHljRjlvT2xCMk56UmFlSGg1ZURGZk4yNTVjRmREYXpkeExYYxAB,WAWAN DARMAWAN,5,,10 bulan lalu,5,5,5,Saoenk Cobek Bone,Google Maps,2026-05-14 21:45:37
Ci9DQUlRQUNvZENodHljRjlvT25wb1J6TldUVE5qWkVkRGFGVjVTRnBWV1VkRE5GRRAB,Ardiansyah Ardi,5,Suasananya nyaman dan sejuk dan makanannya enak pelayanan atas nama kak Risma baik ramah,10 bulan lalu,5,5,5,Saoenk Cobek Bone,Google Maps,2026-05-14 21:45:37
Ci9DQUlRQUNvZENodHljRjlvT2xCTWJFaGZhM2RRYTJWNFJXdHRZMFZKYm5vMGRYYxAB,A.Suci Damayanti,5,"Makanannya recomended, tempatnya nyaman dan layanan yg baik dari Muh. Fajrin👍🏻",10 bulan lalu,5,5,5,Saoenk Cobek Bone,Google Maps,2026-05-14 21:45:37
Ci9DQUlRQUNvZENodHljRjlvT2kxSFVIZDFUVzl2YzBWNVVITkZMV2x1ZEdwcVozYxAB,Muhammad Ikbal,5,"Secara keseluruhan, pengalaman makan saya sangat memuaskan! Setiap hidangan disajikan dengan cita rasa yang memuaskan.Porsi pas,dan area Restoran juga terlihat rapih dan bersih, dan meninggalkan kesan ingin kembali lagi.👍🏻",10 bulan lalu,5,4,4,Saoenk Cobek Bone,Google Maps,2026-05-14 21:45:37
Ci9DQUlRQUNvZENodHljRjlvT2sxWlJYZERZbkZSVTB0YWFEWnhRVWhvZDI5eFYzYxAB,Dhyman Zdt,5,"matap rekomendasi
apalagi waiters ANISA pelayanan sangat sopan ramah",10 bulan lalu,5,5,5,Saoenk Cobek Bone,Google Maps,2026-05-14 21:45:37
Ci9DQUlRQUNvZENodHljRjlvT2kxSFJuZFJXVk5UY25SNFpqRTRYMTlhWWpWNFVIYxAB,Rizka Narya,5,"makanan nya enak, tempat nya nyaman, cepat datang makanan nya. -fajrin",10 bulan lalu,5,5,4,Saoenk Cobek Bone,Google Maps,2026-05-14 21:45:58
Ci9DQUlRQUNvZENodHljRjlvT2xsaU1XVktjRkJPZW0xM01XOURWVmxKWm5GWlNtYxAB,Nurul Najmatulasria,5,"Pelayanannya sngt ramah ,tempatnya menarik dan lumayan tenang",10 bulan lalu,4,5,5,Saoenk Cobek Bone,Google Maps,2026-05-14 21:45:58
Ci9DQUlRQUNvZENodHljRjlvT25oalJFZEJXazVMYTBoNWNYVmplSFZuYW1zeWFWRRAB,Nurhikma Syakira,5,"enak bangeettt
kak risma dan kak fajrin pelayanannya bagus",10 bulan lalu,5,5,5,Saoenk Cobek Bone,Google Maps,2026-05-14 21:45:58
Ci9DQUlRQUNvZENodHljRjlvT2xvemVsTTNaa3cwVkRoZlZVUkRNMWMzUm05SFVWRRAB,Denis denis2623,4,Masakan rasanyaa enakk pelayanan cukup memuaskan fajrin,10 bulan lalu,5,4,5,Saoenk Cobek Bone,Google Maps,2026-05-14 21:45:58
Ci9DQUlRQUNvZENodHljRjlvT2tsdGRDMW5VMGxLTlVKalVIWm9MVWQ2ZEVOTk0xRRAB,Inna Pettu,5,Makanannya lumayan enak dan nuansa bikin adem karena ada kolam ikannya bisa membuat fikiran tenang sambil menikmati makanan yang ada(Anisa),10 bulan lalu,5,5,5,Saoenk Cobek Bone,Google Maps,2026-05-14 21:45:58
Ci9DQUlRQUNvZENodHljRjlvT2s1YVExUk9iMlptWVZaWFZHbzJVbFZHWkVwYVlrRRAB,Karisma Ramdhani,5,"Makananya enak puas,pelayanan tiara oke",10 bulan lalu,5,5,5,Saoenk Cobek Bone,Google Maps,2026-05-14 21:45:58
Ci9DQUlRQUNvZENodHljRjlvT2pkM1RWcElaemxmV1ZwS01VeHlWVWRITlU1TFUzYxAB,Masnidar Nidar,5,"Enak suasananya nyaman dn cepat saji. Pelayanannya sngt memuaskan.
Pelyananynya Risma sangat bagus ramah",10 bulan lalu,5,5,5,Saoenk Cobek Bone,Google Maps,2026-05-14 21:45:58
Ci9DQUlRQUNvZENodHljRjlvT210Q1JVVXdPREl6ZGtkc1MwcGlZVE4yUkZveWRtYxAB,ANDI ABDUL AZIS GANI,5,"tempatnya bagus suasananya nyaman makannannya pas dilidah pelayannya yg sopan dah ramah

whyne",10 bulan lalu,5,5,5,Saoenk Cobek Bone,Google Maps,2026-05-14 21:45:58
Ci9DQUlRQUNvZENodHljRjlvT2pKa1ltUmZSVGh4WlV0SGJHNUdhVGczU1ZGVWFtYxAB,Ibba Disbra,5,"Pelayanannya sangat ramah dan sopan

Whyne",10 bulan lalu,5,5,5,Saoenk Cobek Bone,Google Maps,2026-05-14 21:45:58
Ci9DQUlRQUNvZENodHljRjlvT21OWU5rZzJSRWxNTjBoT09XRjNlWGMzVTFOZmNVRRAB,Ria Arfa,5,Makanannya enak suasananya nyaman pelayanannya dek Risma baik dan ramah👍🏻👍🏻,10 bulan lalu,5,5,5,Saoenk Cobek Bone,Google Maps,2026-05-14 21:45:58
Ci9DQUlRQUNvZENodHljRjlvT2s4MGRDMHpMVUZ1ZGtSeE9XRkpTamN3WjBSYVFYYxAB,Muh Syauqi Mubarak,5,"Masakanx enak... Dan plyananx juga bagus👍👍
Trmh ksh dek atas pelayananx khususx buat dek fajrin....",10 bulan lalu,5,5,5,Saoenk Cobek Bone,Google Maps,2026-05-14 21:46:19
Ci9DQUlRQUNvZENodHljRjlvT2tOSlVXdDZhSEE1TlZVd2FGVndhMWxpT1Zkb1YyYxAB,Fauziah uchy,5,Tempatnya nyaman suasana bagus makanannya enak pelayanan atas mana kak Risma baik dan ramah,10 bulan lalu,5,5,5,Saoenk Cobek Bone,Google Maps,2026-05-14 21:46:19
Ci9DQUlRQUNvZENodHljRjlvT2pWVFYzVjZiMnRzVEZCdlRYZGZUMEl6VkZBdGFWRRAB,Ainun Jahriah,5,"Enak suasana bagus pelanyanan baik
Anisa",10 bulan lalu,5,5,5,Saoenk Cobek Bone,Google Maps,2026-05-14 21:46:19
Ci9DQUlRQUNvZENodHljRjlvT25SeFZ6bDBOWEZ6V2s5NFMxSXRlazl0YkZaTVpsRRAB,Sahil Hari,5,pelayanannya baik dan ramah dan di layani oleh kak fajrin.,10 bulan lalu,,,,Saoenk Cobek Bone,Google Maps,2026-05-14 21:46:19
Ci9DQUlRQUNvZENodHljRjlvT2toUFJtZFpiRkpEUlhCSk9IUlJOa3hhTVRoRFoyYxAB,Al Di,5,"Makanan mantap , suasananya Tenang , nyaman dan bersih
Pelayanannya ramah dan sopan
-GOOD JOB Fajrin",10 bulan lalu,5,5,5,Saoenk Cobek Bone,Google Maps,2026-05-14 21:46:19
Ci9DQUlRQUNvZENodHljRjlvT25kNVQyaGFiVzV4VFMxMFlWUkhWbFJWU21nd2FsRRAB,Arya Putra Cahyadi,5,"Masakan : enak dan recomended
Pelayanan : baik dan ramah
-fajrin",10 bulan lalu,5,5,5,Saoenk Cobek Bone,Google Maps,2026-05-14 21:46:19
Ci9DQUlRQUNvZENodHljRjlvT2pKc1NrVXRVRUZKWW5oQlEwVlBPWEl5WlhGSVNGRRAB,Aam 150519955,5,Makanannya enak suasananya nyaman pelayanan Risma baik ramah 👍👍👍,10 bulan lalu,5,5,5,Saoenk Cobek Bone,Google Maps,2026-05-14 21:46:19
Ci9DQUlRQUNvZENodHljRjlvT2tONGNWb3hiM0ZQTW10elRFcE9aRGg0Y1hoTVJFRRAB,Ani Syahriani,5,"Makananx mantap pas dlidah
Layananx Alhamdulillah baik jg#risma#
Suasanax nyaman",10 bulan lalu,5,5,5,Saoenk Cobek Bone,Google Maps,2026-05-14 21:46:19
Ci9DQUlRQUNvZENodHljRjlvT25VME1EVk9SRVJ3VVdaeloyUkpRMDFsTWs5YVZHYxAB,nurkhalisah munir,5,,10 bulan lalu,,,,Saoenk Cobek Bone,Google Maps,2026-05-14 21:46:19
Ci9DQUlRQUNvZENodHljRjlvT2tKdFgycGphekoyVTJsR2NUWnlRMmREVmxOdVNXYxAB,Samsung Adualima256,5,"Annisa,, pelayanannya bagus",10 bulan lalu,5,5,5,Saoenk Cobek Bone,Google Maps,2026-05-14 21:46:19
Ci9DQUlRQUNvZENodHljRjlvT25wb1oyZHVTRlJXZVZJeWFEUkJUMUpaWm5KeGNHYxAB,Intan Lestari,5,Makananya enak pelayanan fajrin baik ramah tempatnya bagus dan strategis pokoknya tidak mngecewakan 😀😀makasihhh fajrin,10 bulan lalu,5,5,5,Saoenk Cobek Bone,Google Maps,2026-05-14 21:46:39
Ci9DQUlRQUNvZENodHljRjlvT20xbGJGazNSazFwVlVSbVZtSjNWMjFJWm5sMVgzYxAB,Mutia oktaviani Aras,4,"Masakan mantap
Pelayanannya baik
Makasih Fajrin",10 bulan lalu,4,4,4,Saoenk Cobek Bone,Google Maps,2026-05-14 21:46:39
Ci9DQUlRQUNvZENodHljRjlvT25aTVZuTnhaa3RYU0RSWU5FdG5URVJrYTJsd1dFRRAB,Arjun Saputra,5,"Makanan enak
Pelayanannya ramah dan memuaskan
Makasih Fajrin",10 bulan lalu,5,5,5,Saoenk Cobek Bone,Google Maps,2026-05-14 21:46:39
Ci9DQUlRQUNvZENodHljRjlvT2t4d2FVd3RRV1ZUWkZKUFVVOXZUVWc1WlRGR1VXYxAB,Ali Yahya,5,,10 bulan lalu,,,,Saoenk Cobek Bone,Google Maps,2026-05-14 21:46:39
Ci9DQUlRQUNvZENodHljRjlvT2tSb2VUSllOR0pHWDFGbmQxaFZUSEU1TlZCMGRWRRAB,Sabri Abbyh,5,"Makanan lumayan enak, suasana adem, pelayanan dek Risma bintang lima.",10 bulan lalu,4,5,5,Saoenk Cobek Bone,Google Maps,2026-05-14 21:46:39
Ci9DQUlRQUNvZENodHljRjlvT2xCT1ZESlJhVFpOZFdnNWVGTktWVVYzZVd0RmFrRRAB,Anhi Aira,5,"Makanya enak
Sisanya nyaman
Pelayanany bagus
(Anisa)",10 bulan lalu,5,5,5,Saoenk Cobek Bone,Google Maps,2026-05-14 21:46:39
Ci9DQUlRQUNvZENodHljRjlvT2pSZk9VWXhPR0Y1WjIxMlREVTNjV280VG1adGRtYxAB,SARITANIA,5,Wine “Makasih Atas pelayanannya”,10 bulan lalu,5,5,5,Saoenk Cobek Bone,Google Maps,2026-05-14 21:46:39
Ci9DQUlRQUNvZENodHljRjlvT2paS1RuUXlka05JTFdsV1YwSm5ZamhTUkdST04zYxAB,Nurmaharaeni Ali,5,"Pelayanan Tiara bagus banget, ramah, makanannya enak, suasananya apalagi. Cocok untuk makan bareng keluarga, bareng temen, sendiri pun saya gas sih",10 bulan lalu,5,5,5,Saoenk Cobek Bone,Google Maps,2026-05-14 21:46:39
Ci9DQUlRQUNvZENodHljRjlvT2tObUxXRmFPSG94VEUxWmMwRXRZV3QwU1hST1JGRRAB,halo abo,5,"Banyak pilihan dan harga terjangkau. Pilihan utama kalau makan bersama keluarga tercinta di Bone..

Thanks kak Anisah untuk pelayanan ramahnya..",10 bulan lalu,5,5,5,Saoenk Cobek Bone,Google Maps,2026-05-14 21:46:39
Ci9DQUlRQUNvZENodHljRjlvT21KQmNqRnFjVGg1YjNSaE9YZHdXSFpIY1VwdFZGRRAB,Riska Erzeta,5,Mantap Annisa,10 bulan lalu,5,5,5,Saoenk Cobek Bone,Google Maps,2026-05-14 21:46:39
Ci9DQUlRQUNvZENodHljRjlvT2w5UFVraGpZVmxhU0VnNFNHUkhSSEZtTVZOcVlrRRAB,Haeruddin,5,"sangat rekomen makan di sini, pokoknya mantap pelayanan Risma baik ramah",10 bulan lalu,5,5,5,Saoenk Cobek Bone,Google Maps,2026-05-14 21:47:00
Ci9DQUlRQUNvZENodHljRjlvT205Uk1UZHdjbE0xZFV0V2RrVk5kbEpKUjNwelNVRRAB,Desy Purnamasari,5,"Tempatnya nyaman
Wine",10 bulan lalu,5,5,5,Saoenk Cobek Bone,Google Maps,2026-05-14 21:47:00
Ci9DQUlRQUNvZENodHljRjlvT21SME1rWmtMWEYzWTJ4UWJHbENiMUkwV0VVd2QzYxAB,Darma Wati,5,"Makananya enak, pelayanan juga sangat ramah (Tiara), ini kesekian kalinya saya dan keluarga makan d sini dan pasti akan balik lagi Krn suasananya yg bikin nyaman 🥰",10 bulan lalu,4,5,5,Saoenk Cobek Bone,Google Maps,2026-05-14 21:47:00
Ci9DQUlRQUNvZENodHljRjlvT25WeVdtSk5WWG95VFd0dFdUbHZWazU2Ym5RNVJFRRAB,Haslinda Inda,5,Makanannya enak dan pelayanannya cepat dan ramah kaka pajrin,10 bulan lalu,5,5,5,Saoenk Cobek Bone,Google Maps,2026-05-14 21:47:00
Ci9DQUlRQUNvZENodHljRjlvT21kcVZWVmxVa1ZJVDJsS1dFMUJOemRHYkhsc1IxRRAB,Riska Adhe,5,Lumayan bagus,10 bulan lalu,4,4,4,Saoenk Cobek Bone,Google Maps,2026-05-14 21:47:00
Ci9DQUlRQUNvZENodHljRjlvT2xKNlJEWnNZMGxtVGtSdVdqTnRkR3gwYTJFM2RVRRAB,Ratna Jelita Sari,5,Makanannya sangat enak dan tempatnya juga sangat nyaman. Pelayanan dari kakak annisa sangat baik,10 bulan lalu,5,5,5,Saoenk Cobek Bone,Google Maps,2026-05-14 21:47:00
Ci9DQUlRQUNvZENodHljRjlvT2xVNGMzRnJZMWRzYXpONmVtSXRPSGRYY25kbFQxRRAB,Ilmu Gadget,5,"Pelayanan mantap buat wine, makanan enak dan bersih",10 bulan lalu,,,,Saoenk Cobek Bone,Google Maps,2026-05-14 21:47:00
Ci9DQUlRQUNvZENodHljRjlvT25KR1ozUkJlbE5SUVV4VVNVUm1PSGREVlVGcFFWRRAB,Anha Wilda,5,"Porsi melimpah, tidak perlu menunggu lama untuk penyajiannya, pelayanannya ramah (khususnya Kak Risma).",10 bulan lalu,5,5,5,Saoenk Cobek Bone,Google Maps,2026-05-14 21:47:00
Ci9DQUlRQUNvZENodHljRjlvT21KS00wNHpMV2xrU205TlZEaDJMVkY1UzFRMFQxRRAB,Alvian Pane,5,"Masakan Enak
Suasana bersih dan Nyaman
Pelayanannya baik dan Ramah
Makasih Fajrin👍🏻👍🏻",10 bulan lalu,5,5,5,Saoenk Cobek Bone,Google Maps,2026-05-14 21:47:00
Ci9DQUlRQUNvZENodHljRjlvT2pSNGRYWjVObWRuVEdsdFZGWlpRVFYwUVY5WE1tYxAB,Ainun Ainun,5,"Pelayanan Tiara pelayanannya Bagus,ramah,cepat dan murah senyum",10 bulan lalu,5,5,5,Saoenk Cobek Bone,Google Maps,2026-05-14 21:47:00
Ci9DQUlRQUNvZENodHljRjlvT21sZk1IcFRObWx1ZW5kWlNrSmtUbkJRVldSMGRFRRAB,mas tanjung padmanegara,4,"Lebih bagus di pintu masuk setelah parkiran diberikan hiasan semacam gapura yg bertuliskan nama restonya, agar bisa lebih bagus terlihat dari jalan. Makanan dan harga relatif oke , suasananya juga cukup oke, wastafel, kipas, dan colokan listrik ada di setiap gazebonya, secara fasilitas juga cukup oke. Tetapi sedikit catatan untuk pelayan yg bernama kak RISMA yg meminta kami untuk mereview di google  agak kurang secara attitude, karena yg PERTAMA dia meminta di review dalam keadaan kita belum selesai makan, yg KEDUA dia menambahkan nama nya sendiri di google review yg sebelumnya sudah kita isi yg kita tidak tahu maksudnya apa, yg KETIGA attitude ketika menulis menu jangan bersandar di meja customer karna agak kurang sopan, berdirilah secara tegak. Terimakasih semoga bisa diperbaiki kedepannya",10 bulan lalu,4,2,4,Saoenk Cobek Bone,Google Maps,2026-05-14 21:47:20
Ci9DQUlRQUNvZENodHljRjlvT21KeExVZHVkMkYxT1hOM016aFJOazVQY0U5UFRsRRAB,Karina Wahyu,5,"Tempat nya oke, suasana juga bagus. Untuk makanan juga enak. Pelayanan  Risma ramah dan cepat.",10 bulan lalu,5,5,5,Saoenk Cobek Bone,Google Maps,2026-05-14 21:47:20
Ci9DQUlRQUNvZENodHljRjlvT2tkcmFXcDBTRGRKV1MwM2EybEpXRWRMYnpkM1IwRRAB,Dewi Lovitasari,5,"Suasana tempatnya nyaman, pelayanannya Risma  cepat dan rasa makanannya juara 🥰🥰",10 bulan lalu,5,5,5,Saoenk Cobek Bone,Google Maps,2026-05-14 21:47:20
Ci9DQUlRQUNvZENodHljRjlvT2psdGNFMDVkVlUyTkZScVdXNTJNRFZtVjNCbU9YYxAB,fitra sari,5,Sangat baik,10 bulan lalu,5,5,5,Saoenk Cobek Bone,Google Maps,2026-05-14 21:47:20
Ci9DQUlRQUNvZENodHljRjlvT25OSVdVTkZhRkZKZVMxcWMwYzRTRzFSVUhGTVRFRRAB,Didin Saleh,5,"Mknanya enak murah meriah suasana bersih dan nyaman pelayanannya baik dan ramah.
MAKASIH FAJRIN",10 bulan lalu,5,5,5,Saoenk Cobek Bone,Google Maps,2026-05-14 21:47:20
Ci9DQUlRQUNvZENodHljRjlvT2pkT1JIa3dRM1Z6VEc5T1RsWkNkWFEzYTJwQ2RWRRAB,Irda Asril,5,,10 bulan lalu,,,,Saoenk Cobek Bone,Google Maps,2026-05-14 21:47:20
Ci9DQUlRQUNvZENodHljRjlvT21OSmR6ZDBSVTB5ZWtkSVlYQXlTRmQ1Y2tsTmJHYxAB,A 049 Dzakiy Atsiil Azis,5,semuanya sudah cukup (TIARA),10 bulan lalu,4,5,5,Saoenk Cobek Bone,Google Maps,2026-05-14 21:47:20
Ci9DQUlRQUNvZENodHljRjlvT210ZmNuaFVlbmh0ZERGUVVFeENYekoxWkhCZlgyYxAB,Hafiz Saja,5,"Makanya,enak
Tempatnya ,sejuk nyaman luas
Pelayanannya , Risma,Rama sopan",10 bulan lalu,5,5,5,Saoenk Cobek Bone,Google Maps,2026-05-14 21:47:20
Ci9DQUlRQUNvZENodHljRjlvT2tWMmJ6TklYekF6TkZCcmNXUlZZV2R5Uld0d2FuYxAB,Velisa Lisa,5,Suasananya sejuk adem bagus untuk kumpul keluarga dan pelayanannya bagus ramah dan penyajiannya cepat..(Anisa),10 bulan lalu,5,5,5,Saoenk Cobek Bone,Google Maps,2026-05-14 21:47:20
Ci9DQUlRQUNvZENodHljRjlvT2tvM1RtRkxNRmxJVmpGMFRIaENiRFpQTUZvNFJuYxAB,Susi Yanti,5,Suasana Nyaman pelayanan risma baik ramah tempatnya bagus makanannya enak👍🏻👍🏻👍🏻,10 bulan lalu,5,5,5,Saoenk Cobek Bone,Google Maps,2026-05-14 21:47:20
Ci9DQUlRQUNvZENodHljRjlvT201c1NYZHNPR3RFYWpWU01HVkJVRlJ0TVcxM2JsRRAB,Yunita Wahyudi,5,tempat nyaman -pelayan tiara,10 bulan lalu,5,5,5,Saoenk Cobek Bone,Google Maps,2026-05-14 21:47:41
Ci9DQUlRQUNvZENodHljRjlvT201SldXNXhUSE5KUkV0bGEwdHBWa1Y2WWtKcVYzYxAB,erick paweroy,5,"Makanan ok banget, view dan vibesnya muantap....pokoknya prfect laah#Annisa😘",10 bulan lalu,5,5,5,Saoenk Cobek Bone,Google Maps,2026-05-14 21:47:41
Ci9DQUlRQUNvZENodHljRjlvT2xWeGVVNVlSbFphT1hoSWJsQnhZbHBZTW05Vk0wRRAB,ANHY Arsyad,5,"Pelayanannya Risma sangat bagus, maknanya jga recomended... Pkoknya the best dehh🥰😍",10 bulan lalu,5,5,5,Saoenk Cobek Bone,Google Maps,2026-05-14 21:47:41
Ci9DQUlRQUNvZENodHljRjlvT201U2MxZDJhakY0V0VKdFRHZ3djV3QyUld0U1RGRRAB,Yusri Ani,5,Makanannya enak. Pelayanannya sangat bagus..... suasana menyenangkan,10 bulan lalu,5,5,5,Saoenk Cobek Bone,Google Maps,2026-05-14 21:47:41
Ci9DQUlRQUNvZENodHljRjlvT20xVVIxbFdMVmhxY2xCMVFuZEVhbmxyVUdKc1pIYxAB,Nur Fadillah,5,"Makanan enak
Pelayanan yang ramah
Pelayan_Tiara",10 bulan lalu,5,5,5,Saoenk Cobek Bone,Google Maps,2026-05-14 21:47:41
Ci9DQUlRQUNvZENodHljRjlvT2xSWmFUTlFSM3AxZGtSTGFGTlphMlpxVlhwU1ZWRRAB,REYNALDI IDRIS,5,"makanannya enak dan murah , tempatnya nyaman dan bersih , pelayannya baik dan ramah.makasih Fajrin",10 bulan lalu,5,5,5,Saoenk Cobek Bone,Google Maps,2026-05-14 21:47:41
Ci9DQUlRQUNvZENodHljRjlvT2s1d2REVmxTbFJLU0RGTlZWRk9iMnRTT1V0MllsRRAB,Wiwi Tri,5,makanan enak dan pelayanannya tiara bagus,10 bulan lalu,5,5,5,Saoenk Cobek Bone,Google Maps,2026-05-14 21:47:41
Ci9DQUlRQUNvZENodHljRjlvT2xGaFRrRlFNbVJ2VVdGVFlYaDRlR290U25KWlRXYxAB,Fikrah Shafiyyah,5,Pelayanannya sangat memuaskan (nisa) dan tempatnya juga sangat nyaman,10 bulan lalu,5,5,5,Saoenk Cobek Bone,Google Maps,2026-05-14 21:47:41
Ci9DQUlRQUNvZENodHljRjlvT2prME1XRmFPV0pFWWtaUE1FZzBWMHMyWlVKYWRXYxAB,Satteriyani Yani,5,"Tempat makan yang nyaman dan lezat. Direkomendasikan!!

Attn: Tiara",10 bulan lalu,5,5,5,Saoenk Cobek Bone,Google Maps,2026-05-14 21:47:41
Ci9DQUlRQUNvZENodHljRjlvT2pGWlZVMVNUWGhSUlZoMFdreG9lR1pSU0hvd1RtYxAB,Riani Madung,5,"Tempatnya sangat bagus
Pelayanan  risma sangat ramah
Masakannya juga enak",10 bulan lalu,5,5,5,Saoenk Cobek Bone,Google Maps,2026-05-14 21:47:41
Ci9DQUlRQUNvZENodHljRjlvT2sxdGRIbG1iVEpQYTNkdFFVUk1UMWt3TUZCNlpGRRAB,fitriani nur,4,Alhamdulillah pelayanan dri saudari Anisa sangat memuaskan gercep,10 bulan lalu,4,5,5,Saoenk Cobek Bone,Google Maps,2026-05-14 21:48:02
ChZDSUhNMG9nS0VOV1M2dDNEejZtUUF3EAE,Tukang Plafon PVC,5,"MasyaAllah enak enak makanannya , pelayan Anisa juga ramah dan baik",10 bulan lalu,5,5,5,Saoenk Cobek Bone,Google Maps,2026-05-14 21:48:02
Ci9DQUlRQUNvZENodHljRjlvT2twVFRqRlJZelIxTjJaR2JtaHpVMUl6VVdsRlZsRRAB,Junias Crespo Tandibua,5,Makanan cukup terjangkau dan suasana yang menenangkan.,10 bulan lalu,,,5,Saoenk Cobek Bone,Google Maps,2026-05-14 21:48:02
Ci9DQUlRQUNvZENodHljRjlvT2paUWNUWm9lbmhZYkhZMVVTMW9aemhXV1dJNWNIYxAB,Yuniar Rahman,5,"Tempat ini sangat nyaman
Dan pelayanannya sangat ramah
Terutama pelayanan waitersnya atas nama risma",10 bulan lalu,5,5,5,Saoenk Cobek Bone,Google Maps,2026-05-14 21:48:02
Ci9DQUlRQUNvZENodHljRjlvT25OSWFVcEtlVFJPUWxOT1dXSkhWazFyUm5kb05GRRAB,Risma Yanti,5,Pelayananx anisa bagus skli ramah baik cantik,10 bulan lalu,5,5,5,Saoenk Cobek Bone,Google Maps,2026-05-14 21:48:02
ChZDSUhNMG9nS0VMYVUzLXFyM2VDTFVBEAE,Risna Wati,5,"Makananx mantap
Layanan sangat bagus dan rama (fajrin)
Suasana x nyaman",11 bulan lalu,5,5,5,Saoenk Cobek Bone,Google Maps,2026-05-14 21:48:02
ChZDSUhNMG9nS0VJNmpsSXFLZzducmZnEAE,Sandi arch,5,pelayanan risma baik,11 bulan lalu,5,5,5,Saoenk Cobek Bone,Google Maps,2026-05-14 21:48:02
Ci9DQUlRQUNvZENodHljRjlvT2pSWWVqWTVWR3hDVGxGMmVHTjRNVUUwWlVoRFMxRRAB,Dyah Zahratunnisa,5,"Makanannya enak, pelayannnya ramah",11 bulan lalu,5,5,5,Saoenk Cobek Bone,Google Maps,2026-05-14 21:48:02
Ci9DQUlRQUNvZENodHljRjlvT2xORk5VOU5UMHBJYkhwNmJuaG9UbFJYWDJSQ05WRRAB,Fauzan MuhFauzan,4,"Makanannya enak,suasana tenang dan damai
,pelayanan lumayan
Cuminya kasi banyak
Fajrin",11 bulan lalu,4,5,4,Saoenk Cobek Bone,Google Maps,2026-05-14 21:48:02
Ci9DQUlRQUNvZENodHljRjlvT2pWbFEwZDBkVXRyZVZKUWR6Y3hUUzB0Um14SmNsRRAB,Musriadi Mustafa,5,"Maa syaa Allah tempat. Nya nyaman., dan pelayan  Risma ramah ramah., sukses selalu saoenk cobek",11 bulan lalu,5,5,5,Saoenk Cobek Bone,Google Maps,2026-05-14 21:48:02
Ci9DQUlRQUNvZENodHljRjlvT2xVelprYzVhWFJQWDNGQmRsUmhVbGRhU1RRNFVrRRAB,Restifah Rathi,5,"Tempatnya adem, bagus juga bareng keluarga kalau makan disini harganya juga terjangkau di kantong, porsi makanannya banyak...",11 bulan lalu,5,5,5,Saoenk Cobek Bone,Google Maps,2026-05-14 21:48:23
ChZDSUhNMG9nS0VKRzltSWVnZ1BlbU5nEAE,Anna Rahma Syam,5,Baik - A. wina,11 bulan lalu,5,5,5,Saoenk Cobek Bone,Google Maps,2026-05-14 21:48:23
ChZDSUhNMG9nS0VNdU8tTUh5dzliVU9BEAE,Ikhsan Ikhsan,5,Tempat ini sangat di rekomendasikan untuk makan bersama keluarga karna tempatnya yang bersih dan luas sekalipun dengan makanannya yang enak enak dan pelayanannya yang bagus dan orangnya ramah ramah,11 bulan lalu,5,5,5,Saoenk Cobek Bone,Google Maps,2026-05-14 21:48:23
ChdDSUhNMG9nS0VPZWJsYnp6MHFDaTNnRRAB,Andi Awal,5,"Mantap, Pelayanan Baik dan Ramah Waitress an Annisa Tq Good jobs 👍",11 bulan lalu,4,5,5,Saoenk Cobek Bone,Google Maps,2026-05-14 21:48:23
ChZDSUhNMG9nS0VNT0M5ODdYemZEMEt3EAE,Amma Rusmin,5,Sangat menarik dan memuaskan dan pelayanan risma bagus,11 bulan lalu,5,5,5,Saoenk Cobek Bone,Google Maps,2026-05-14 21:48:23
ChZDSUhNMG9nS0VQQ1JyOW1FZ2RLV0JBEAE,Mia Moko,5,"Pelayanannya Fajrin,Risma,tiara sangat ramah,makanannya juga enak👍",11 bulan lalu,5,5,5,Saoenk Cobek Bone,Google Maps,2026-05-14 21:48:23
ChZDSUhNMG9nS0VJR0cxWkRoN0xYVU1BEAE,Dian Hastuti,5,Makanan nya enak dan tempat nya nyaman dengan nuansa alam dan pelayanan ka Risma bagus,11 bulan lalu,5,5,5,Saoenk Cobek Bone,Google Maps,2026-05-14 21:48:23
ChdDSUhNMG9nS0VPaWxfWmpVOGR6WnFRRRAB,Elly Majang,5,"Tempatx sangat menyenangkan, suasana sejuk, dan makanx Alhamdulillah lyar biasa, enak semua rasa rasanya pelayanan risma baik dan ramah",11 bulan lalu,5,5,5,Saoenk Cobek Bone,Google Maps,2026-05-14 21:48:23
ChZDSUhNMG9nS0VLeUhqZmppaUktNVd3EAE,JUMRIANI JUM,5,Makananya enak suasananya nyaman pelayanan risma bagus intinya sangat puas,11 bulan lalu,5,5,5,Saoenk Cobek Bone,Google Maps,2026-05-14 21:48:23
ChZDSUhNMG9nS0VKTEJ4N0htZ1Bfc0NnEAE,Ade Nova,5,Ikan masaknya enak sm ikan bakarnya jga enak suasananya bagus pelayanan risma baik ramah,11 bulan lalu,4,5,5,Saoenk Cobek Bone,Google Maps,2026-05-14 21:48:23
ChZDSUhNMG9nS0VOU2puODdBN05UWEVnEAE,Riska Maryam,5,"Enak, pelayanannya Ok
Makasih kakak Fajrin",11 bulan lalu,5,5,5,Saoenk Cobek Bone,Google Maps,2026-05-14 21:48:43
ChZDSUhNMG9nS0VJeS1sSjduczc3R1F3EAE,Reski Ani,5,"masakannya enak. pelayanannya sangat bagus dan an sangat memuaskan, fajrin",11 bulan lalu,4,4,4,Saoenk Cobek Bone,Google Maps,2026-05-14 21:48:43
ChdDSUhNMG9nS0VMZWpydHk2bUtTN3h3RRAB,Akifah Nur,5,"makananx enk, pas dilidah
minuman ice chocolatex kurang manis,
pelayananx oke, baik & ramah,
suasana tenang & nyaman,
recomended 👍👍",11 bulan lalu,5,5,5,Saoenk Cobek Bone,Google Maps,2026-05-14 21:48:43
ChZDSUhNMG9nS0VPR3RzUHV4bV9mWUJnEAE,Evi Maldiana,3,Pelayanan Fajrin cukup lumayan ramah dan sopan,setahun lalu,3,4,4,Saoenk Cobek Bone,Google Maps,2026-05-14 21:48:43
ChZDSUhNMG9nS0VJQ0FnSUN6dzdUYWZ3EAE,nurhaeni amir,5,"Luaassss. . Nyaman, ada vip room, gazebo & kolam ikan",Diedit setahun lalu,5,5,5,Saoenk Cobek Bone,Google Maps,2026-05-14 21:48:43
ChZDSUhNMG9nS0VJQ0FnTURvNHNHakJnEAE,Andi Muhammad Aswandi,5,Pelayanan kak risma sangat baik di rumah mkan ini,setahun lalu,4,5,5,Saoenk Cobek Bone,Google Maps,2026-05-14 21:48:43
ChZDSUhNMG9nS0VJQ0FnSURmMHRmX0VBEAE,irma_YSH,5,tempat makan yang mudah di jangkau,Diedit setahun lalu,5,5,5,Saoenk Cobek Bone,Google Maps,2026-05-14 21:48:43
ChZDSUhNMG9nS0VJQ0FnTUNJNElmZ1J3EAE,Firna Wati,1,"Pernah Mo Reservasi Tpi Tidak Ada Konfirmasi Dan Respon Sama Sekali Padahal Di suruh  Mnunggu ,Tpi Tidak Ada Konfirmasi Selanjutnya ,Di Chat Tidak Di Balas ,Di Telpon Tidak Di Angkat",setahun lalu,,1,,Saoenk Cobek Bone,Google Maps,2026-05-14 21:48:43
ChdDSUhNMG9nS0VJQ0FnTUNnbzVYdjBRRRAB,Fany hafilia,5,Makanannya enak suasananya bagus pelayanan risma baik ramah,setahun lalu,5,5,5,Saoenk Cobek Bone,Google Maps,2026-05-14 21:48:43
ChdDSUhNMG9nS0VJQ0FnTUNnNWEza25nRRAB,Mega Lestari Syam,5,Mie goreng seafoodnya asin pelayanannya risma ramah,setahun lalu,4,5,5,Saoenk Cobek Bone,Google Maps,2026-05-14 21:48:43
ChdDSUhNMG9nS0VJQ0FnTUNnb28tS2l3RRAB,Andi Syakir,5,,setahun lalu,5,5,5,Saoenk Cobek Bone,Google Maps,2026-05-14 21:49:04
ChZDSUhNMG9nS0VJQ0FnTUNBdXUtLWN3EAE,Anthy Kitty,5,makanannya enak ikannya enak kurang cuci tagan dan untuk pelayanannya risma alhamdulilah baik dan puas,setahun lalu,5,5,5,Saoenk Cobek Bone,Google Maps,2026-05-14 21:49:04
ChdDSUhNMG9nS0VJQ0FnSURfci1QbXlnRRAB,Ryskincare Reskiyani,5,"Makanan enak dan recomended semua
Cocok banget untuk kumpul keluarga dan Pelayanan staff juga sangat ramah",setahun lalu,5,5,5,Saoenk Cobek Bone,Google Maps,2026-05-14 21:49:04
ChdDSUhNMG9nS0VJQ0FnSURfNzkzU3Z3RRAB,Andi muh nabil raihan,5,Tempatnya bagus suasanya nyaman Makanannya enak pelayanan nya Risma baik ramah,setahun lalu,5,5,5,Saoenk Cobek Bone,Google Maps,2026-05-14 21:49:04
ChdDSUhNMG9nS0VJQ0FnSURfaWVxbm13RRAB,Desa Selli official,5,Tempatnya bagus suasananya nyaman makanannya enak pelayanan risma baik ramah,setahun lalu,5,5,5,Saoenk Cobek Bone,Google Maps,2026-05-14 21:49:04
ChZDSUhNMG9nS0VJQ0FnSURfbklQWVVREAE,Serli 26,5,tempatnya nyaman susananya bagus pelayanan risma baik,setahun lalu,5,5,5,Saoenk Cobek Bone,Google Maps,2026-05-14 21:49:04
ChdDSUhNMG9nS0VJQ0FnSUNfai0tZndRRRAB,Muhammad Sahih As Siddiq,5,mantapp. rekomendid di bone,setahun lalu,5,5,5,Saoenk Cobek Bone,Google Maps,2026-05-14 21:49:04
ChZDSUhNMG9nS0VJQ0FnSUNfM2NpNEd3EAE,Ibu Risna,5,"Tempatnya Bagus, Suasananya nyaman. Pelayanan risma juga bagus dan pokoknya Makanannya Luar Biasa Enak. Tetap dipertahankan semuanya 👍👍👍👍😊😊😊",setahun lalu,5,5,5,Saoenk Cobek Bone,Google Maps,2026-05-14 21:49:04
ChZDSUhNMG9nS0VJQ0FnSUNfbWMzTElREAE,Hairul 14,5,tempatnya bagus makananya enak pelayann risma baik ramah,setahun lalu,5,5,5,Saoenk Cobek Bone,Google Maps,2026-05-14 21:49:04
ChdDSUhNMG9nS0VJQ0FnSUNfNnZuSnBBRRAB,Nasrah Nha,5,"Nyaman, sejuk",setahun lalu,5,5,5,Saoenk Cobek Bone,Google Maps,2026-05-14 21:49:04
ChdDSUhNMG9nS0VJQ0FnSUNfZ29lV3V3RRAB,Sanum Wtp,5,Tempatnya nyaman makanan enak dan puas pelayanan Risma baik ramah,setahun lalu,5,5,5,Saoenk Cobek Bone,Google Maps,2026-05-14 21:49:24
ChdDSUhNMG9nS0VJQ0FnSURmMzhuVW9nRRAB,Sri Syatriani,5,,setahun lalu,,,,Saoenk Cobek Bone,Google Maps,2026-05-14 21:49:24
ChZDSUhNMG9nS0VJQ0FnSURmel9YRkdBEAE,Asrawati Daali,5,"Alhamdulillah tempat nya nyaman, makananya enak nambah selera pokoknya asyik pelayanan Risma cpt dan ramah",setahun lalu,5,5,5,Saoenk Cobek Bone,Google Maps,2026-05-14 21:49:24
ChdDSUhNMG9nS0VJQ0FnSURmejVXQ3NRRRAB,ADE ADRIANA NUR AKBAR,5,"Tempatnya bagus bersih pelayanan risma cpt servisnya ramah""",setahun lalu,5,5,5,Saoenk Cobek Bone,Google Maps,2026-05-14 21:49:24
ChdDSUhNMG9nS0VJQ0FnSURmNjlDRXVBRRAB,Asmaul Husna,5,Tempatnya rekomended,setahun lalu,5,5,5,Saoenk Cobek Bone,Google Maps,2026-05-14 21:49:24
ChdDSUhNMG9nS0VJQ0FnSURmNjRETThnRRAB,Mira,5,"Pada saat malam terlihat cantik banget, spot bagus kalau mau foto. Ikannya lucu lucu semua, makanannya juga enak pelayanan risma bagus",setahun lalu,5,5,5,Saoenk Cobek Bone,Google Maps,2026-05-14 21:49:24
ChdDSUhNMG9nS0VJQ0FnSURmcV8tXzhnRRAB,Rifka Febri,5,"Pelayanan mantap dan suasanx oceyy bgt,,,pelayana ats.uni baikk 🙏🤗",setahun lalu,5,5,5,Saoenk Cobek Bone,Google Maps,2026-05-14 21:49:24
ChZDSUhNMG9nS0VJQ0FnSURmeTczemFnEAE,Indah Rahmasari,5,pelayanan yang bagus dan makanan yang enak makasi risma,setahun lalu,5,5,5,Saoenk Cobek Bone,Google Maps,2026-05-14 21:49:24
ChZDSUhNMG9nS0VJQ0FnSURmdHJpYkVBEAE,A. Dzul89 Dzul,5,Makanannya enak susananya nyaman pelayanan risma baik sdh puas,setahun lalu,5,5,5,Saoenk Cobek Bone,Google Maps,2026-05-14 21:49:24
ChdDSUhNMG9nS0VJQ0FnSURmbHFmWDl3RRAB,Rahmah Maing,5,"Pelayanannya fajrin sebagai karyawan ok, Ramah.
Makanan enak
Ikan bakar pas dilidah
Tdk mngecewakan datangki nah jgn ragu",setahun lalu,5,5,5,Saoenk Cobek Bone,Google Maps,2026-05-14 21:49:24
ChdDSUhNMG9nS0VJQ0FnSURmNXNxRmxnRRAB,Vicky Raihan,5,,setahun lalu,5,5,5,Saoenk Cobek Bone,Google Maps,2026-05-14 21:49:45
ChZDSUhNMG9nS0VJQ0FnSURmaXN2b1NREAE,Annisa Tiara,5,Tempatnya nyaman makanan enak pelayanannya risma baik ramah,setahun lalu,5,5,5,Saoenk Cobek Bone,Google Maps,2026-05-14 21:49:45
ChZDSUhNMG9nS0VJQ0FnSURmMUxmbEVREAE,dwi yulisari,5,"Sangat memuaskan, pelayanan atas nama Fajrin pun sangat memuaskan, Terima kasih",setahun lalu,5,5,5,Saoenk Cobek Bone,Google Maps,2026-05-14 21:49:45
ChdDSUhNMG9nS0VJQ0FnSURmMU5mbTlRRRAB,Nima Ainun,5,,setahun lalu,5,5,4,Saoenk Cobek Bone,Google Maps,2026-05-14 21:49:45
ChZDSUhNMG9nS0VJQ0FnSUNmOWI3V1NBEAE,Serli Serli,5,,setahun lalu,5,5,5,Saoenk Cobek Bone,Google Maps,2026-05-14 21:49:45
ChZDSUhNMG9nS0VJQ0FnSUNmdGNlQkJBEAE,ElRose Abayomi,5,Semua menu makanan dan pelayanan sangat memuaskan . Fajrin,setahun lalu,5,5,5,Saoenk Cobek Bone,Google Maps,2026-05-14 21:49:45
ChZDSUhNMG9nS0VJQ0FnSUNmNWJIQVpREAE,sulaimana alfarizi,5,Makanannya enak tempatnya nyaman pelayanan nya baik puas,setahun lalu,5,5,5,Saoenk Cobek Bone,Google Maps,2026-05-14 21:49:45
ChZDSUhNMG9nS0VJQ0FnSUNmc2V5MEhREAE,novi minho,5,Makanannya enak tempatnya nyaman pelayanannya risma baik,setahun lalu,5,5,5,Saoenk Cobek Bone,Google Maps,2026-05-14 21:49:45
ChZDSUhNMG9nS0VJQ0FnSUNmX3J5QUdREAE,Elza Erlinda,4,Masakannya enak dan pelayanannya juga baik fajrin,setahun lalu,4,4,5,Saoenk Cobek Bone,Google Maps,2026-05-14 21:49:45
ChdDSUhNMG9nS0VJQ0FnSUNmX3BpV3FRRRAB,Sincere Adriani,4,"Enak dan pelayanan nya bagus
-Fajrin",setahun lalu,5,5,5,Saoenk Cobek Bone,Google Maps,2026-05-14 21:49:45
ChdDSUhNMG9nS0VJQ0FnSUNmX3BDamdnRRAB,Darlis Bugis,4,,setahun lalu,4,4,5,Saoenk Cobek Bone,Google Maps,2026-05-14 21:50:06
ChZDSUhNMG9nS0VJQ0FnSUNmdnRTWUtREAE,Akbar Sainal,5,"Fajrin pelayanan ramah,sdh mntap makanan nya",setahun lalu,5,5,5,Saoenk Cobek Bone,Google Maps,2026-05-14 21:50:06
ChZDSUhNMG9nS0VJQ0FnSUNmaHMyVFV3EAE,Wilda Asmadani,5,Makanannya enak saos Padangnya enak Susananya bagus dan adem pelayanan Risma ramah dan baik,setahun lalu,5,5,5,Saoenk Cobek Bone,Google Maps,2026-05-14 21:50:06
ChZDSUhNMG9nS0VJQ0FnSUNmNHEyMFRBEAE,nafsiah nafsiah,5,"Suasana ok banget, keramahan oke cuma bel ga berfungsi waktu ditekan tidak ada yg muncul, makanan enak tapi mie nya asin sekali minta sebelum disajikan sebaiknya dicoba dulu.. secara over all ok, saya suka",setahun lalu,5,5,5,Saoenk Cobek Bone,Google Maps,2026-05-14 21:50:06
ChZDSUhNMG9nS0VJQ0FnSUNmNHNYbE1BEAE,reza amini kadir,5,"Makanannya enak, fresh dan tempatnya bersih serta pelayanannya baik. Makasi risma",setahun lalu,5,5,5,Saoenk Cobek Bone,Google Maps,2026-05-14 21:50:06
ChZDSUhNMG9nS0VJQ0FnSUNmNHRuWWJ3EAE,Hidayat noer Arifin,5,"Penyajian cepat, suasana nyaman, orangnya ramah"" makasi risma",setahun lalu,5,5,5,Saoenk Cobek Bone,Google Maps,2026-05-14 21:50:06
ChdDSUhNMG9nS0VJQ0FnSUNmb3ZUbnhnRRAB,Andi Afief Nur,5,palekko bebeknya kurang pedis  suasanya nyaman dan peleyanan risma baik dan ramah,setahun lalu,5,5,5,Saoenk Cobek Bone,Google Maps,2026-05-14 21:50:06
ChdDSUhNMG9nS0VJQ0FnSUNmX042MDh3RRAB,Azma Bahirah,5,"Ini makanan dan minuman terbaik, terima kasih Fadia atas pelayanannya kepada keluarga saya, sampai jumpa lagi",setahun lalu,5,5,5,Saoenk Cobek Bone,Google Maps,2026-05-14 21:50:06
ChdDSUhNMG9nS0VJQ0FnSUNmMVBXbnJ3RRAB,Harmuriani Ririn,5,Bumbu parapenya d ikan kurang banyak pelayanan risma baik,setahun lalu,5,5,5,Saoenk Cobek Bone,Google Maps,2026-05-14 21:50:06
ChdDSUhNMG9nS0VJQ0FnSUNmMUtXcGh3RRAB,Khalilah Khalilah,5,makanannya enak susananya nyaman pelayanaan risma baik,setahun lalu,5,5,5,Saoenk Cobek Bone,Google Maps,2026-05-14 21:50:06
ChZDSUhNMG9nS0VJQ0FnSUNmMUpMSmFBEAE,risma wati,5,terongnya kurang matang susananya adem pelayanan risma baik dan ramah,setahun lalu,5,5,5,Saoenk Cobek Bone,Google Maps,2026-05-14 21:50:26
ChdDSUhNMG9nS0VJQ0FnSUNmNU8zRDFBRRAB,Kardi Nal,5,enakkk kesini cepatttt dan pelayanan risma baik dan ramah,setahun lalu,5,5,5,Saoenk Cobek Bone,Google Maps,2026-05-14 21:50:26
ChZDSUhNMG9nS0VJQ0FnSUNmNU5xdEVnEAE,Ana Febriana,5,,setahun lalu,4,5,4,Saoenk Cobek Bone,Google Maps,2026-05-14 21:50:26
ChZDSUhNMG9nS0VJQ0FnSUNmcFBtVVlREAE,Makmur Abu,5,"Rasa untuk makanan gurih dan nikmat, untuk suasana sendiri sangat menakjubkan.makasih Fajrin",setahun lalu,4,5,5,Saoenk Cobek Bone,Google Maps,2026-05-14 21:50:26
ChdDSUhNMG9nS0VJQ0FnSUNmcEpuMG9BRRAB,Manarul Hidayat,5,,setahun lalu,,,,Saoenk Cobek Bone,Google Maps,2026-05-14 21:50:26
ChZDSUhNMG9nS0VJQ0FnSUNmcFA3RUZREAE,Ardhi Ana,5,"Masakan enak saya sdh 2 kali kesini.
Layanan juga bagus
Semoga kedepannya jauh lebih bagus lagi. FAJRIN",setahun lalu,4,4,4,Saoenk Cobek Bone,Google Maps,2026-05-14 21:50:26
ChZDSUhNMG9nS0VJQ0FnSUR2NzdqLVBBEAE,Helmalia Putri,4,Pelayanan yg baik fajrin,setahun lalu,4,5,5,Saoenk Cobek Bone,Google Maps,2026-05-14 21:50:26
ChZDSUhNMG9nS0VJQ0FnSUR2cjlPak9BEAE,Gxgsh Hehesn,5,"Makanannya sudah bagus
Pelayanan kak Adrian ramah:)",setahun lalu,3,5,4,Saoenk Cobek Bone,Google Maps,2026-05-14 21:50:26
ChdDSUhNMG9nS0VJQ0FnSUR2el9LRGx3RRAB,rezky iute,5,"Restonya recommended, makanannya enakkk, cepat, dan tempatnya bersih
Pelayanannya Risma mantapp",setahun lalu,5,5,5,Saoenk Cobek Bone,Google Maps,2026-05-14 21:50:26
ChdDSUhNMG9nS0VJQ0FnSUR2ajZ2ejhBRRAB,ARNI AMAR,5,Masya allah....makanan enak banget . Next Bakal kesini lagi dengan rombongn teman2....dan pelayanan risma dan irna baik dan ramah,setahun lalu,5,5,5,Saoenk Cobek Bone,Google Maps,2026-05-14 21:50:26
ChZDSUhNMG9nS0VJQ0FnSUR2ajVhelBREAE,Fatmawati,5,Makanannya enak susanya nyaman pelayanan risma baik dan ramah sudah puas,setahun lalu,5,5,5,Saoenk Cobek Bone,Google Maps,2026-05-14 21:50:47
ChdDSUhNMG9nS0VJQ0FnSUR2ai1hdTZ3RRAB,normah nrmh11,5,Tempatnya nyaman makannya enak pelayanan Risma baik dan ramah,setahun lalu,5,5,5,Saoenk Cobek Bone,Google Maps,2026-05-14 21:50:47
ChdDSUhNMG9nS0VJQ0FnSUR2LThXUmlnRRAB,Miranda Aprilia,5,"Pelayanan nya bgs dan ramah, makanan nya juga tdk terlalu lama di tunggu",setahun lalu,4,5,5,Saoenk Cobek Bone,Google Maps,2026-05-14 21:50:47
ChZDSUhNMG9nS0VJQ0FnSUR2MjQ3Q2NnEAE,Ishak tamrin,5,Suasana nya Nyaman dan pelayanan nya Bagus. Makasih Fajrin,setahun lalu,5,5,5,Saoenk Cobek Bone,Google Maps,2026-05-14 21:50:47
ChZDSUhNMG9nS0VJQ0FnSUR2MjZ6RVd3EAE,Dia Carissa,5,Pelayanan bagus . Masakannya bagus.. thanks pelayanan nya @fadia dan Fajri,setahun lalu,5,5,5,Saoenk Cobek Bone,Google Maps,2026-05-14 21:50:47
ChZDSUhNMG9nS0VJQ0FnSUR2MjZ5QVJ3EAE,Ns. Siraj,5,Mantul (Fajrin),setahun lalu,5,5,5,Saoenk Cobek Bone,Google Maps,2026-05-14 21:50:47
ChdDSUhNMG9nS0VJQ0FnSUR2MjdUb193RRAB,Taruna Siaga Bencana,5,Wawwwww bikin kenyang,setahun lalu,5,,,Saoenk Cobek Bone,Google Maps,2026-05-14 21:50:47
ChZDSUhNMG9nS0VJQ0FnSUR2NjlxNUFREAE,Karmila Syam2712,5,"Nasinya yg pulen, cobeknya mantap pelayanan risma baik dan ramah",setahun lalu,5,5,5,Saoenk Cobek Bone,Google Maps,2026-05-14 21:50:47
ChdDSUhNMG9nS0VJQ0FnSUR2cTlxMDBRRRAB,Nursugiana,5,makanannya enak dan pelayanan risma baik dan ramah sudah sangat puas,setahun lalu,5,5,5,Saoenk Cobek Bone,Google Maps,2026-05-14 21:50:47
ChdDSUhNMG9nS0VJQ0FnSUR2cTdLNl9RRRAB,Hajja Miati,5,Makanannya enak dan pelayanannya Risma baik dan ramah,setahun lalu,5,5,5,Saoenk Cobek Bone,Google Maps,2026-05-14 21:50:47
ChdDSUhNMG9nS0VJQ0FnSUR2ZzRHcG13RRAB,Asril Mandala,5,"Makanan : Enak
Pelayanan Risma baik dan ramah",setahun lalu,5,5,5,Saoenk Cobek Bone,Google Maps,2026-05-14 21:51:08
ChZDSUhNMG9nS0VJQ0FnSUR2X2JiTkZnEAE,arnita rusli,5,"Tempat Bersih, Makanan Wenaaak dan pelayannya atas nama Risna sopan & baik",setahun lalu,5,5,5,Saoenk Cobek Bone,Google Maps,2026-05-14 21:51:08
ChdDSUhNMG9nS0VJQ0FnSUR2dmVqSC1nRRAB,Renaldi Aldi,5,,setahun lalu,5,5,5,Saoenk Cobek Bone,Google Maps,2026-05-14 21:51:08
ChdDSUhNMG9nS0VJQ0FnSUR2bGNMaDZRRRAB,Sri Musyrifah,5,PelayaNax cepat dan Ramah...mkasi mba irNa,setahun lalu,4,5,4,Saoenk Cobek Bone,Google Maps,2026-05-14 21:51:08
ChdDSUhNMG9nS0VJQ0FnSUR2bGNMMDRnRRAB,Ikbalamal Nurlela,5,Tempatnya bagus pemandagannya indah dan waiters atas nama Risma pelayanannya baik dan ramah,setahun lalu,5,5,5,Saoenk Cobek Bone,Google Maps,2026-05-14 21:51:08
ChdDSUhNMG9nS0VJQ0FnSUR2NWM3Q3NRRRAB,nurmelinda malik,5,Rekomended dan makanannya enak. Pelayanan risma baik dan ramah,setahun lalu,5,5,5,Saoenk Cobek Bone,Google Maps,2026-05-14 21:51:08
ChdDSUhNMG9nS0VJQ0FnSUR2cGF2X3pBRRAB,Irmawati Irmawati,5,"Makanan nya enak, pelayanan bagus",setahun lalu,5,5,5,Saoenk Cobek Bone,Google Maps,2026-05-14 21:51:08
ChdDSUhNMG9nS0VJQ0FnSUR2cGN1X3ZRRRAB,Evitasari 0212,5,tempatnya bagus dann nyaman jadi cocook kalau mau makan bareng keluarga dancpepayanannya bagus sekali gercep juga pelayanan irna,setahun lalu,5,5,5,Saoenk Cobek Bone,Google Maps,2026-05-14 21:51:08
ChZDSUhNMG9nS0VJQ0FnSUR2cGRhd1JnEAE,Besse Illang Brendy,5,Makanan enak banget. Risma mantul. Top markotop,setahun lalu,5,5,5,Saoenk Cobek Bone,Google Maps,2026-05-14 21:51:08
ChZDSUhNMG9nS0VJQ0FnSURQeHBDZWR3EAE,Tikha Duta88,4,,setahun lalu,4,3,5,Saoenk Cobek Bone,Google Maps,2026-05-14 21:51:08
ChdDSUhNMG9nS0VJQ0FnSURQeE5fVDRRRRAB,Nur amaliah,5,"-Untuk menu udang saos padangnya : uangnya kriuk², rasa saos padangnya jga pas.
Untuk persambelan : sambel merah ngk pedas cocok buat yg ngk suka mkan pedas, untuk sambel ijonya enak bnget pedasnya mntap, klo smbel cobeknya pedasnya jga pas ccok yg ngk suka pedas tpi mau merasakan sensasi pedas²
- untuk menu minuman itu mocktail blu blood sukaa bnyak natade coco nya,, pokoknya 1000/100 deh",setahun lalu,5,5,5,Saoenk Cobek Bone,Google Maps,2026-05-14 21:51:28
ChZDSUhNMG9nS0VJQ0FnSUNYaC1lekR3EAE,Chaerul Amri,4,"Suasananya bagus banget, makanannya enak, bakal balik lagi",setahun lalu,4,5,5,Saoenk Cobek Bone,Google Maps,2026-05-14 21:51:28
ChdDSUhNMG9nS0VJQ0FnSUNYOHRDTHNnRRAB,Tesar Dwicahyo,5,,setahun lalu,5,5,5,Saoenk Cobek Bone,Google Maps,2026-05-14 21:51:28
ChZDSUhNMG9nS0VJQ0FnSURIX2JLakFnEAE,Toko Oleh Oleh khas Bugis,5,Bagus,setahun lalu,5,4,5,Saoenk Cobek Bone,Google Maps,2026-05-14 21:51:28
ChZDSUhNMG9nS0VJQ0FnSURIaXRMOEl3EAE,Akka -,5,,setahun lalu,5,5,5,Saoenk Cobek Bone,Google Maps,2026-05-14 21:51:28
ChdDSUhNMG9nS0VJQ0FnSURIZ05XRjF3RRAB,Ismail Lina,4,,setahun lalu,,,,Saoenk Cobek Bone,Google Maps,2026-05-14 21:51:28
ChZDSUhNMG9nS0VJQ0FnSUNIaG83RWJREAE,Midhunk Jelek,4,Keren,setahun lalu,3,2,3,Saoenk Cobek Bone,Google Maps,2026-05-14 21:51:28
ChZDSUhNMG9nS0VJQ0FnSUNIMHVISUJ3EAE,Nurlinda,5,,setahun lalu,,,,Saoenk Cobek Bone,Google Maps,2026-05-14 21:51:28
ChdDSUhNMG9nS0VJQ0FnSURiay0tXzh3RRAB,agit eriyanto,4,Tempatnya asyik nuansa lesehan terapung,setahun lalu,4,4,4,Saoenk Cobek Bone,Google Maps,2026-05-14 21:51:28
ChdDSUhNMG9nS0VJQ0FnSUN4MmFmUzlRRRAB,Emhy Sweet,5,,Diedit setahun lalu,,,,Saoenk Cobek Bone,Google Maps,2026-05-14 21:51:28
ChdDSUhNMG9nS0VJQ0FnSURMdDc2QXJ3RRAB,Inggou David Purba,4,"Menu makanan dan minuman cukup lengkap, rasa enak, harga standar.
Tempatnya nyaman.
Pembayaran dapat menggunakan QRIS dan gesek kartu debit/credit tanpa dikenakan charge tambahan.",setahun lalu,4,4,5,Saoenk Cobek Bone,Google Maps,2026-05-14 21:51:49
ChZDSUhNMG9nS0VJQ0FnSUNUb3FudVNBEAE,Anis,5,Tempatnya nyaman dan makanannya enak-enak,2 tahun lalu,5,5,5,Saoenk Cobek Bone,Google Maps,2026-05-14 21:51:49
ChdDSUhNMG9nS0VJQ0FnSUNwbXMtY3pRRRAB,Diwir yupz,3,"Makanannya lumayan tp hambar, suasana ok tapi banyak nyamuk sm cicak",Diedit 2 tahun lalu,4,4,4,Saoenk Cobek Bone,Google Maps,2026-05-14 21:51:49
ChZDSUhNMG9nS0VJQ0FnSUNqejZiNkJREAE,Juswan Rahmat,5,"Bagus, bintang berbicara",2 tahun lalu,5,5,5,Saoenk Cobek Bone,Google Maps,2026-05-14 21:51:49
ChZDSUhNMG9nS0VJQ0FnSUNEZzlqQ2R3EAE,Muh Rustam,5,,2 tahun lalu,5,5,5,Saoenk Cobek Bone,Google Maps,2026-05-14 21:51:49
ChdDSUhNMG9nS0VJQ0FnSUM5a2RtNjhBRRAB,Indah Lycheva,5,,2 tahun lalu,5,5,5,Saoenk Cobek Bone,Google Maps,2026-05-14 21:51:49
ChZDSUhNMG9nS0VJQ0FnSUNkajdydmJBEAE,Sri Wahyuni,5,Suasana dan makanannya sesuai ekspektasi,2 tahun lalu,5,5,5,Saoenk Cobek Bone,Google Maps,2026-05-14 21:51:49
ChdDSUhNMG9nS0VJQ0FnSUNkajVyUmpRRRAB,Putra Afrianto,5,"Mantap lah rasa, pelayanan, dan suasananya... cocok untuk menghabiskan waktu bersama keluarga",2 tahun lalu,5,5,5,Saoenk Cobek Bone,Google Maps,2026-05-14 21:51:49
ChdDSUhNMG9nS0VJQ0FnSUROdWF6VzlRRRAB,Zepcus SV,5,,2 tahun lalu,3,4,5,Saoenk Cobek Bone,Google Maps,2026-05-14 21:51:49
ChZDSUhNMG9nS0VJQ0FnSUNOdllHQVVnEAE,Selamat Telaumbanua,2,"Makanannya Enak. Tapi
Layanannya Kurang Bagus lambat sekali Keluar makanan
Suasana ruangan Panas.",Diedit 2 tahun lalu,5,1,1,Saoenk Cobek Bone,Google Maps,2026-05-14 21:51:49
ChdDSUhNMG9nS0VJQ0FnSUNOcHVQUGpnRRAB,Fitri Setiawan,4,"Tempat bagus, tapi makanannya B aja",2 tahun lalu,3,4,5,Saoenk Cobek Bone,Google Maps,2026-05-14 21:52:10
ChZDSUhNMG9nS0VJQ0FnSUQxcnY2YmZ3EAE,Andi Asriayu ARA,3,,2 tahun lalu,,,,Saoenk Cobek Bone,Google Maps,2026-05-14 21:52:10
ChZDSUhNMG9nS0VJQ0FnSUMxdk42U2ZBEAE,Ekafadly Jusuf,5,Ayah dan pelayanan yang hebat.,2 tahun lalu,5,5,5,Saoenk Cobek Bone,Google Maps,2026-05-14 21:52:10
ChdDSUhNMG9nS0VJQ0FnSURWMmEySjV3RRAB,Uge Anugraria,4,,2 tahun lalu,,,,Saoenk Cobek Bone,Google Maps,2026-05-14 21:52:10
ChdDSUhNMG9nS0VJQ0FnSURsb0pQWndBRRAB,Adi Jaya,5,"Tempat yang cukup asri dan sangat menarik, makanannya enak dan harga ramah di kantong, next ke Singapura lagi. Parkirannya juga luas.",2 tahun lalu,,,,Saoenk Cobek Bone,Google Maps,2026-05-14 21:52:10
ChZDSUhNMG9nS0VJQ0FnSUNsbnZIaFRBEAE,Henny Rosalina,4,,2 tahun lalu,,,,Saoenk Cobek Bone,Google Maps,2026-05-14 21:52:10
ChZDSUhNMG9nS0VJQ0FnSUNsanRQTVR3EAE,Usman Tahang,5,,2 tahun lalu,5,5,5,Saoenk Cobek Bone,Google Maps,2026-05-14 21:52:10
ChdDSUhNMG9nS0VJQ0FnSURGcU9xOTlBRRAB,Naharuddin Alwi,4,Tempatntya cukup nyaman,2 tahun lalu,4,4,5,Saoenk Cobek Bone,Google Maps,2026-05-14 21:52:10
ChZDSUhNMG9nS0VJQ0FnSUNGN3VYYVR3EAE,Emydwiyani,4,,2 tahun lalu,,,,Saoenk Cobek Bone,Google Maps,2026-05-14 21:52:10
ChZDSUhNMG9nS0VJQ0FnSUNadHN5V0Z3EAE,eko cahyono,4,Tempat yang bagus untuk menghabiskan waktu bersama keluarga.,2 tahun lalu,4,5,5,Saoenk Cobek Bone,Google Maps,2026-05-14 21:52:10
ChZDSUhNMG9nS0VJQ0FnSUNaNlBDRk5BEAE,Rahmat Wahyudi,5,,2 tahun lalu,,,,Saoenk Cobek Bone,Google Maps,2026-05-14 21:52:34
ChZDSUhNMG9nS0VJQ0FnSURwcC1LZ0JREAE,made indra jaya,3,Suasananya ingat kampung halaman,2 tahun lalu,3,4,5,Saoenk Cobek Bone,Google Maps,2026-05-14 21:52:34
ChdDSUhNMG9nS0VJQ0FnSURwZ3BmTXpRRRAB,Dian Angraini,1,Pelayanan yang sangat amat tidak baik..,2 tahun lalu,,,,Saoenk Cobek Bone,Google Maps,2026-05-14 21:52:34
ChdDSUhNMG9nS0VJQ0FnSURwOUozUjFBRRAB,mely asrina,1,,2 tahun lalu,1,1,1,Saoenk Cobek Bone,Google Maps,2026-05-14 21:52:34
ChdDSUhNMG9nS0VJQ0FnSURwOUxIa2pRRRAB,erni ratnawati,1,"Pelayanan yg kurang memuaskan, makanan kurang enak,,",2 tahun lalu,1,1,2,Saoenk Cobek Bone,Google Maps,2026-05-14 21:52:34
ChZDSUhNMG9nS0VJQ0FnSUNwaXFPcUV3EAE,Delvianti Fahmi,5,,2 tahun lalu,5,5,5,Saoenk Cobek Bone,Google Maps,2026-05-14 21:52:34
ChdDSUhNMG9nS0VJQ0FnSUNwdFBEdGdRRRAB,Rijal Syamsul,5,,2 tahun lalu,,,,Saoenk Cobek Bone,Google Maps,2026-05-14 21:52:34
ChZDSUhNMG9nS0VJQ0FnSUNwNkpLR0tREAE,Leni,5,,2 tahun lalu,4,5,5,Saoenk Cobek Bone,Google Maps,2026-05-14 21:52:34
ChdDSUhNMG9nS0VJQ0FnSURKNzRUeTRRRRAB,Dwi Januar Putra Kusuma,5,"Suasana oke , di angin sejuk ditengah panas kota Bone , makanan standart harga lumayan menguras",2 tahun lalu,5,4,5,Saoenk Cobek Bone,Google Maps,2026-05-14 21:52:34
ChZDSUhNMG9nS0VJQ0FnSURKMXJhemRREAE,dewhy yulianty,5,,2 tahun lalu,,,,Saoenk Cobek Bone,Google Maps,2026-05-14 21:52:34
ChdDSUhNMG9nS0VJQ0FnSURKbHBHVXBnRRAB,Perhiasan Duniawi,3,"Makan lumanyan enak
Pelayanan mantap
Suasana Romantis",2 tahun lalu,3,4,4,Saoenk Cobek Bone,Google Maps,2026-05-14 21:52:54
ChZDSUhNMG9nS0VJQ0FnSURKZ01LZGRREAE,Ali Imran 13,5,Bagus.,2 tahun lalu,,,,Saoenk Cobek Bone,Google Maps,2026-05-14 21:52:54
ChZDSUhNMG9nS0VJQ0FnSUNKamFmTlNBEAE,Muly Mulya,5,,2 tahun lalu,,,,Saoenk Cobek Bone,Google Maps,2026-05-14 21:52:54
ChdDSUhNMG9nS0VJQ0FnSUR4cXUycHRnRRAB,Murdian Ekawati,5,,2 tahun lalu,,,,Saoenk Cobek Bone,Google Maps,2026-05-14 21:52:54
ChZDSUhNMG9nS0VJQ0FnSUN4MThlZUx3EAE,Hikmah fzh,5,,2 tahun lalu,5,5,5,Saoenk Cobek Bone,Google Maps,2026-05-14 21:52:54
ChdDSUhNMG9nS0VJQ0FnSUN4MmFEczlRRRAB,sri wulan,5,,2 tahun lalu,,,,Saoenk Cobek Bone,Google Maps,2026-05-14 21:52:54
ChZDSUhNMG9nS0VJQ0FnSUN4N3ZpQWFBEAE,yuzz Happy,5,"suasananya bagus ,santai",2 tahun lalu,3,5,5,Saoenk Cobek Bone,Google Maps,2026-05-14 21:52:54
ChdDSUhNMG9nS0VJQ0FnSUN4MUlxNmdBRRAB,Prety Sinta,4,,3 tahun lalu,,,,Saoenk Cobek Bone,Google Maps,2026-05-14 21:52:54
ChZDSUhNMG9nS0VJQ0FnSURSNWJpclFnEAE,andi rully asgap,5,"Suasana nya nyaman dengan nuansa tradisional disertai pelayanan yang baik, sangat pas dijadikan tempat berkumpul bersama keluarga.",3 tahun lalu,4,5,5,Saoenk Cobek Bone,Google Maps,2026-05-14 21:52:54
ChdDSUhNMG9nS0VJQ0FnSURSaGUzaDdBRRAB,Dalleta Dalleta,2,"tempatnya bagus… tapi menurutku harga makanannya terlalu overprice. pesan ikan bakar yang harga 100an satu ekor tpi ikannya sdh tidak segar dan bau amis banget. sdh berekspektasi tinggi krn harga mahal tapi rasa hambar dan amis. order ayam bakar ternyata blum include sambelnya 😅 ya udah order sambel lagi deh jadinya. kirain cuma ikan bakarnya yang hambar, ternyata ayamnya jg. Sudahlah… cukup",3 tahun lalu,,,,Saoenk Cobek Bone,Google Maps,2026-05-14 21:52:54
ChdDSUhNMG9nS0VJQ0FnSURSdWJlc29RRRAB,renhal dwi,5,"Nyaman Dan Enak
Jangan Di Ragukan Lagy
Quality Time And Family Time Lets Try",3 tahun lalu,,,,Saoenk Cobek Bone,Google Maps,2026-05-14 21:53:15
ChdDSUhNMG9nS0VJQ0FnSURScVlPeW1nRRAB,Satriani Syamsuddin,5,,3 tahun lalu,5,5,5,Saoenk Cobek Bone,Google Maps,2026-05-14 21:53:15
ChZDSUhNMG9nS0VJQ0FnSURSOXY3YmRnEAE,syahir official,5,Lulus,3 tahun lalu,5,4,4,Saoenk Cobek Bone,Google Maps,2026-05-14 21:53:15
ChdDSUhNMG9nS0VJQ0FnSURSMnNXWHN3RRAB,Rina Erawati,4,"Makan siang di sini ramai-ramai dengan keluarga. Beberapa menu yg dipesan tidak tersedia. Dari segi rasa, enak. Masakan ikan dan udang nya mantap. Sayur terong balado enak, Jus juga enak. Cm tadi makanan agak lama baru disajikan. Menu otak2 sisa satu porsi saja td. Kalau di tempat lain biasanya menu ayam ada daun2 lalapan maka di sini benar2 hanya potongan ayam saja yg masuk menunya.  Mungkin karena pohon-pohon di sekitar gazebo masih kurang jadi agak panas dan silau sedikit. Kelebihan lainnya, ikan di kolam lumayan banyak jadi anak-anak bisa terhibur sambil menunggu makanan disiapkan.",Diedit 3 tahun lalu,5,5,4,Saoenk Cobek Bone,Google Maps,2026-05-14 21:53:15
ChZDSUhNMG9nS0VJQ0FnSURSNXRQU1dREAE,Khalil Aqso,3,Makanannya agak enak dari ikannya.,3 tahun lalu,2,5,5,Saoenk Cobek Bone,Google Maps,2026-05-14 21:53:15
ChZDSUhNMG9nS0VJQ0FnSUNSNTZXVkdREAE,Ocha 88cl,5,Bagus,3 tahun lalu,,,,Saoenk Cobek Bone,Google Maps,2026-05-14 21:53:15
ChdDSUhNMG9nS0VJQ0FnSUNSZ2FHNmx3RRAB,kurniah sari,5,,3 tahun lalu,5,5,5,Saoenk Cobek Bone,Google Maps,2026-05-14 21:53:15
ChZDSUhNMG9nS0VJQ0FnSURobDRtTGRREAE,Fatir Blk,4,Keren,3 tahun lalu,,,,Saoenk Cobek Bone,Google Maps,2026-05-14 21:53:15
ChdDSUhNMG9nS0VJQ0FnSURocV9YOHFRRRAB,istiana darwis,5,,3 tahun lalu,5,5,4,Saoenk Cobek Bone,Google Maps,2026-05-14 21:53:15
ChdDSUhNMG9nS0VJQ0FnSURoc3EyaTJ3RRAB,Asis Merak,2,,3 tahun lalu,,,,Saoenk Cobek Bone,Google Maps,2026-05-14 21:53:15
ChdDSUhNMG9nS0VJQ0FnSURoZ3BpdmxnRRAB,Mr. Bas,5,Warung Soenk Cobek Bone,3 tahun lalu,5,5,5,Saoenk Cobek Bone,Google Maps,2026-05-14 21:53:36
ChdDSUhNMG9nS0VJQ0FnSURodkxQZnRBRRAB,Frengky Utama,5,Suasana yang nyaman dan makanan nya mantaps,3 tahun lalu,5,5,5,Saoenk Cobek Bone,Google Maps,2026-05-14 21:53:36
ChZDSUhNMG9nS0VJQ0FnSUNoMTVLRklnEAE,Nenly Marindah,4,Menunya variatif dan rasa masakan nya enak,3 tahun lalu,,,,Saoenk Cobek Bone,Google Maps,2026-05-14 21:53:36
ChZDSUhNMG9nS0VJQ0FnSUNobG8ycVJREAE,Muhammad Amri Amir,3,"Tempat dan pelayanan oke, hanya rasa makanan masih kurang, bisa dibilang hampir hambar tak ada rasa apalagi dengan harga segitu. Ditingkatkan lagi rasa masakannya supaya rasanya bisa bikin balik lagi",3 tahun lalu,,,,Saoenk Cobek Bone,Google Maps,2026-05-14 21:53:36
ChdDSUhNMG9nS0VJQ0FnSUNoNkxINzlBRRAB,ISMAIL ALRIP,5,,3 tahun lalu,5,4,5,Saoenk Cobek Bone,Google Maps,2026-05-14 21:53:36
ChdDSUhNMG9nS0VJQ0FnSURCMzRfTzl3RRAB,Hj Hasni,5,,3 tahun lalu,,,,Saoenk Cobek Bone,Google Maps,2026-05-14 21:53:36
ChZDSUhNMG9nS0VJQ0FnSURCbjd2VEpREAE,Wawan Riswandy,5,Mantap apalagi klo di traktir hehehe,3 tahun lalu,5,,,Saoenk Cobek Bone,Google Maps,2026-05-14 21:53:36
ChdDSUhNMG9nS0VJQ0FnSURCb2RTZV9BRRAB,Fadila Husnul Khatimah,2,,3 tahun lalu,2,2,2,Saoenk Cobek Bone,Google Maps,2026-05-14 21:53:36
ChRDSUhNMG9nS0VJQ0FnSURCb3NsShAB,Ilham Bastiar,2,"Service dari waiter baik dan memuaskan, suasana nyaman. Sedikit saran saya spy costumer tdk kecewa perlu diperjelas untuk menu seafood yg termasuk M, L dan XL itu brp gram atau ons . Seperti misalnya menu cumi goreng tepung seporsi hrg 45rb cuma bbrp iris kecil dan tipis2. Ikan kakap putih selebar telapak tangan saja dibilang masuk ukuran Large. Belum lagi sayur asem yg rasanya agak aneh krn  dicampur kunyit. Harga menu jg agak sensitif , kalau tll tinggi bs jd cuma rame krn mencoba sj,  tp sulit buat jd langganan..",3 tahun lalu,,,,Saoenk Cobek Bone,Google Maps,2026-05-14 21:53:36
ChdDSUhNMG9nS0VJQ0FnSUNCcnBxUXdRRRAB,Ayub Nur Falqy,5,"Reservasi untuk jam 1 tapi telat sampai jam 2, it's okay karena masih baru dan keliatan keteteran ketika sudah ramai, untung karyawannya murah senyum sebagian 😁
Makanannya enak kok dan suasananya juga sejuk dengan kolam di tengah-tengah gazebo. Saran sih tembok pembatas dengan rumah warga dibuat lebih tinggi saja dan diberi markah untuk gazebo 1,2 dst sebelum jembatan jadi pelanggan tau apa harus nyebrang dulu atau tidak. Tapi keren sistemnya bisa pesan di gazebo langsung pakai alat yang sudah tertanam di meja, ada beberapa pilihan seperti call, order, pay. Nice, sukseski",3 tahun lalu,5,5,5,Saoenk Cobek Bone,Google Maps,2026-05-14 21:53:36
ChdDSUhNMG9nS0VJQ0FnSUNCbHBiVnJRRRAB,Adinda Safira Dwi Putri,3,"Makanannya lumayan enak, kurangnya cuma di servicenya aja sih pelayannya lari²an terus seperti dikejar sesuatu (mungkin niatnya agar fast service tapi jadi keliatan rusuh), pelayan cowoknya masih ada yang ngerokok sambil kerja jadi kurang higienis, pelayannya juga ribut banget saling teriak² jadi agak kurang nyaman sih. Mejanya masih bau juga kayak cuman di lap buru². Semoga bisa diperbaiki deh ya 👍",3 tahun lalu,,,,Saoenk Cobek Bone,Google Maps,2026-05-14 21:53:59
ChdDSUhNMG9nS0VJQ0FnSUQtNzd2dGlRRRAB,Jull lianto,4,"Pelayanan kurang gesit mungkin krn masih baru jadi butuh proses belajar karyawannya,kewalahan melayani tamu.
Makanan lumayan enak
Semoga bisa awet ramainya,krn biasanya kalo dibone awalnya ji ramai pengunjung.
Saran buat pengelolah kalo bisa tembok pembatas rumah warga ditinggikan.",3 tahun lalu,4,4,4,Saoenk Cobek Bone,Google Maps,2026-05-14 21:53:59
