review_id,nama_pengguna,rating,komentar,tanggal,rating_makanan,rating_layanan,rating_suasana,cabang,platform,tanggal_scraping
Ci9DQUlRQUNvZENodHljRjlvT2xGVldEaFZRVkpDY201aGFYQTJPVXRuWmxZM1ZIYxAB,Yusni-RAMA Ananda Pratama,5,,53 menit lalu,,,,Saoenk Cobek Samata,Google Maps,2026-06-09 14:37:16
Ci9DQUlRQUNvZENodHljRjlvT25CWlpWVk1XbFZuTkZvelVHbHNWV1psWTBNNWNGRRAB,Gheo Sentra,4,Rahang tuna nya enak semua,2 hari lalu,5,4,5,Saoenk Cobek Samata,Google Maps,2026-06-09 14:37:16
Ci9DQUlRQUNvZENodHljRjlvT2tnNExXNWZMVEpSTW1SRlRFVk5jbEZOWVdoemNXYxAB,Aktsara Nafirah,2,"Tempatnya sunyi,dan kurang bersih
Makanan biasa saja cuminya cuman 5 potong, sambelnya sangat sedikit,ayam bakar menteganya kecil dan biasa saja
Tidak sesuai harga dan rasanya",2 hari lalu,,,,Saoenk Cobek Samata,Google Maps,2026-06-09 14:37:16
Ci9DQUlRQUNvZENodHljRjlvT2tWNFMydHFSMm96TjJSdGRIVm5ObU5LVGpCQlkyYxAB,Kami Project,1,"Tempat makan terburuk yang pernah saya datangi, harga makanannya over price, tempatnya amat sangat kotor, pesannya rahang tuna harga 45 ribu dagingnya seuprit, karyawannya main hp tidak melayani dengan baik. Pantas sunyi🤧",4 hari lalu,1,1,1,Saoenk Cobek Samata,Google Maps,2026-06-09 14:37:16
Ci9DQUlRQUNvZENodHljRjlvT25sUE5XSmZXRkp4ZW1Zd2FGZHhMVEZ3VkRCNExYYxAB,Indra Cs,5,,seminggu lalu,5,5,5,Saoenk Cobek Samata,Google Maps,2026-06-09 14:37:16
Ci9DQUlRQUNvZENodHljRjlvT2xSNFRuaDJPRm93ZDJNMVVrcDJibUU0YUZkdmExRRAB,Indra Lesmana,1,,2 minggu lalu,1,1,1,Saoenk Cobek Samata,Google Maps,2026-06-09 14:37:16
Ci9DQUlRQUNvZENodHljRjlvT2xvdFZrMDBWekpJYmxBdFRVeENlV04wTWxVdFFVRRAB,Muh Nailul,5,"tempat nya nyaman pelayanan cepat dan ramah, perbanyak ikan koi nya🤩",sebulan lalu,5,5,5,Saoenk Cobek Samata,Google Maps,2026-06-09 14:37:16
Ci9DQUlRQUNvZENodHljRjlvT2xWeVJsSnFUa0YzWm5vd2VVUlNUVWxHTTI1MFVrRRAB,Yanto Idris,5,"Wahhh mantap banget, makanannya sangat enak dan suasana nyaman, pelayanan terbaik",sebulan lalu,5,5,5,Saoenk Cobek Samata,Google Maps,2026-06-09 14:37:16
Ci9DQUlRQUNvZENodHljRjlvT2pKVVFsUjRaekEzYkhGRWJtMWlkazlTTkZCQ2VuYxAB,Nasru Loh,5,mantap pelayanan nya,sebulan lalu,5,5,5,Saoenk Cobek Samata,Google Maps,2026-06-09 14:37:16
Ci9DQUlRQUNvZENodHljRjlvT214UFNVOVlkRkpoYjBOVk9EaFNkbmQwU1UxVlNVRRAB,Srii Wahyunii,5,Baguss,sebulan lalu,5,5,5,Saoenk Cobek Samata,Google Maps,2026-06-09 14:37:16
Ci9DQUlRQUNvZENodHljRjlvT25sQ04xaHRZbEIxVHpGbU1FeHhkV2h6Ymt0R1MxRRAB,Rusdiahwan Wawan,1,Pelayanan sangat lama,sebulan lalu,,,,Saoenk Cobek Samata,Google Maps,2026-06-09 14:37:37
Ci9DQUlRQUNvZENodHljRjlvT21GM09HRjFTVTVpYWsxV1NVOU1SRWcyTWxGd2NrRRAB,Utbah Utbah,5,,sebulan lalu,5,5,5,Saoenk Cobek Samata,Google Maps,2026-06-09 14:37:37
Ci9DQUlRQUNvZENodHljRjlvT2xOTFJXSkpjUzB4Vkc5a1RtYzFlbTVtYTBSRVoxRRAB,Andi Mutmainnah,5,,sebulan lalu,5,5,5,Saoenk Cobek Samata,Google Maps,2026-06-09 14:37:37
Ci9DQUlRQUNvZENodHljRjlvT25kMFNWRTFjWEUxYmtSWk9FSm1SWEJzTmtVdFpFRRAB,Burhanuddin Abbas,5,Kerja bagus,sebulan lalu,5,5,5,Saoenk Cobek Samata,Google Maps,2026-06-09 14:37:37
Ci9DQUlRQUNvZENodHljRjlvT210c04yNXNVRFV4Tm1OT1IwMTNTak5rVFZocWNIYxAB,Riana Natasya,5,Danil,sebulan lalu,5,5,5,Saoenk Cobek Samata,Google Maps,2026-06-09 14:37:37
Ci9DQUlRQUNvZENodHljRjlvT2pOT2FXSTRXRFJtTVVoTFNrb3pPRWhaVmpoQlgzYxAB,nabila,5,Pelayananny cepat dan rama,sebulan lalu,5,5,5,Saoenk Cobek Samata,Google Maps,2026-06-09 14:37:37
Ci9DQUlRQUNvZENodHljRjlvT2pOSFlUazRiVlZ2T0RKb09VeHdjaTExWTI5a1UwRRAB,Farhaq Al Fariq,5,,sebulan lalu,5,5,5,Saoenk Cobek Samata,Google Maps,2026-06-09 14:37:37
Ci9DQUlRQUNvZENodHljRjlvT2tzeGNXSnJObXhpWkdFd2VqUjNhMDlWYkdsUVFXYxAB,ayu aprianti arsyad,2,"tidak worthit,
harga dan kualitas
pesan ikan di bakar dan di rebus ukuran XL yg datang kecil untuk ikan bakarnya kayak sisa setengah ekor kebawah sedangkan untuk ikan masaknya hanya tulang2 dan kepala tdk ada daging sama sekali terus sebagian dagingnya kyk tdk ada , pesan cumi goreng tepung kayak cumi yg kecil di iris tipis sekali kyk tdk ada daging cuminya jd kyk tepung saja di makan mana asin. hampir 400 rb untuk makanan begitu ! 👎🏻 paling benar memang makan di restoran dr pd tempat2 tdk jelas begini!
tidak di sarankan sih kesini ! untuk harga tdk wort it ! 👎🏻👎🏻 pertama dan terakhir",2 bulan lalu,2,,,Saoenk Cobek Samata,Google Maps,2026-06-09 14:37:37
Ci9DQUlRQUNvZENodHljRjlvT25KdE1IUk1hR1kyTVhSRGVrUlZlbFoyZWxKUk9FRRAB,Jusni Ananda Fitri,5,"Makanan yg disajikan sangat cocok dilidah, pelayanan sangat baik para karyawan sangat ramah dan gercep, suasan resto juga sangat mendukunh terutama jika ingin makan bersama keluarga",2 bulan lalu,5,5,5,Saoenk Cobek Samata,Google Maps,2026-06-09 14:37:37
Ci9DQUlRQUNvZENodHljRjlvT25nMGRHNXFkWEJ0ZDJKM1NIcExORGs1ZWsxME9FRRAB,Kahar Al Husain Zahra,5,,2 bulan lalu,5,5,5,Saoenk Cobek Samata,Google Maps,2026-06-09 14:37:37
Ci9DQUlRQUNvZENodHljRjlvT21ORlIzWTFlWEZ3Wm05eVdYVk5jemxyVDNaTVdIYxAB,Risna Mabe,5,Makanya enak enak dan pelayanannya sangat bagus mantap,2 bulan lalu,5,5,5,Saoenk Cobek Samata,Google Maps,2026-06-09 14:37:57
Ci9DQUlRQUNvZENodHljRjlvT2tJMVRWQmpkVk5LZFhCeVUzTlNPSFZpZEhwMmRVRRAB,Zulfia Anugrah,5,makanan dan pelayanannya sangat mantap dan tempat nya begitu nyaman,2 bulan lalu,5,5,5,Saoenk Cobek Samata,Google Maps,2026-06-09 14:37:57
Ci9DQUlRQUNvZENodHljRjlvT2pSRU5XWXdNbWc0TmpKdk5EQlNUa3huY25SNlgwRRAB,TOKO ZILAL,3,Pelayanan sangat lama,2 bulan lalu,4,1,3,Saoenk Cobek Samata,Google Maps,2026-06-09 14:37:57
Ci9DQUlRQUNvZENodHljRjlvT205b1dDMWtRVlJsY0Y5MWNrRnhPV2hpWDFkR2FuYxAB,Indra Lesmana,1,,2 bulan lalu,1,1,1,Saoenk Cobek Samata,Google Maps,2026-06-09 14:37:57
Ci9DQUlRQUNvZENodHljRjlvT2tKNUxWTlpWa2hUUjFGQ1NYbFRlalpOZUV0SGFIYxAB,Abdul Kadir,5,,2 bulan lalu,,,,Saoenk Cobek Samata,Google Maps,2026-06-09 14:37:57
Ci9DQUlRQUNvZENodHljRjlvT2tsRmMxZzBhMGRGYUZkeU9HZDRTblIxYkVGclNuYxAB,Miftah mii,2,"Untuk makanan dan servisnya sudah bagus sekali, cuman tempatnya kurang terawat, dan lingkungannya bawa selokan dan sampah",2 bulan lalu,5,5,1,Saoenk Cobek Samata,Google Maps,2026-06-09 14:37:57
Ci9DQUlRQUNvZENodHljRjlvT2pVNVltWkdabGc1VTBWdFdIUk9lWFpsTFVWM2NGRRAB,Atika Tika,3,"Jeleknya itu banyak pengamen sama penjual2 keluar masuk, bikin kurang nyaman",2 bulan lalu,4,4,1,Saoenk Cobek Samata,Google Maps,2026-06-09 14:37:57
Ci9DQUlRQUNvZENodHljRjlvT2xZeU1IWkxiMVZ3VUVRNWQxTnpkVzF5ZFRoeGMyYxAB,Nur Annisa Muthia Muis,2,"Mohon maaf sblmnya. Tmpt agak kotor, Di gazebo ujung dkt tmpt sampah bau skali
Tolong area tmph sampah di perbaiki, jgn ada smpah yg terjatuh dan baunya tdk terhirup.",2 bulan lalu,,,,Saoenk Cobek Samata,Google Maps,2026-06-09 14:37:57
Ci9DQUlRQUNvZENodHljRjlvT21Jd1NtSjVlbEJtYkZCWWVqbFlWbk5GVmxsU2FWRRAB,Ansar Ansar,5,Mantap,2 bulan lalu,5,5,5,Saoenk Cobek Samata,Google Maps,2026-06-09 14:37:57
Ci9DQUlRQUNvZENodHljRjlvT25VMFJsTjZURTAzYUhGNVJIWXlRa1YwYUhWcGNVRRAB,Aan Kurniawan,4,Kerrn enak,2 bulan lalu,4,4,4,Saoenk Cobek Samata,Google Maps,2026-06-09 14:37:57
Ci9DQUlRQUNvZENodHljRjlvT21VMGVHbFlkWFJ6Y0RsNE5FSjZWbUZIVVVocWVIYxAB,Rusman,4,"Suasananya bagus hidangannya juga bagus hanya saja musallahnya tidak ada pencaha yaan lampu, jadi orang salat gelap gelapan",3 bulan lalu,5,5,5,Saoenk Cobek Samata,Google Maps,2026-06-09 14:38:17
Ci9DQUlRQUNvZENodHljRjlvT2tGbmFEQm5OMFpzYWpsT2JrdFpRWEJVUmpOU1ZuYxAB,Difnaa,5,,3 bulan lalu,,5,5,Saoenk Cobek Samata,Google Maps,2026-06-09 14:38:17
Ci9DQUlRQUNvZENodHljRjlvT2xOMFMwdE5hSHB2VFRocmJFMVhVR2RzYUZaclpXYxAB,Mayson Jiro,1,"Jujur, saya mendapat kesan yang salah tentang tempat ini. Dan sepertinya pembayaran tidak mendapat diskon sama sekali. Awalnya saya membayar paket Ramadhan, tetapi setelah saya menambahkan makanan yang sama dengan harga normal, astaga, harga diskonnya sama dengan harga normal. Apakah hanya saya yang mengalami ini atau haruskah saya memberi tahu semua orang agar tidak ada pelanggan lain seperti saya? Biarkan waktu yang menjawabnya karena ini bulan Ramadhan!",3 bulan lalu,3,4,3,Saoenk Cobek Samata,Google Maps,2026-06-09 14:38:17
Ci9DQUlRQUNvZENodHljRjlvT2tNMFZ6bE9Va3g1UWtsaE1tWlZOSEpKVm13eU9WRRAB,Bunga,5,,4 bulan lalu,5,5,5,Saoenk Cobek Samata,Google Maps,2026-06-09 14:38:17
Ci9DQUlRQUNvZENodHljRjlvT21sMVFXZEdWREJ3YmxwNVNIaG5jRFJUVFdGTU9VRRAB,NURINAYA,5,mntp💅,4 bulan lalu,5,5,5,Saoenk Cobek Samata,Google Maps,2026-06-09 14:38:17
Ci9DQUlRQUNvZENodHljRjlvT21aMGNqSnpNa2hpVEdab1YxVnRjWGhpVWsxcmNGRRAB,indra lesmana,1,,4 bulan lalu,1,1,1,Saoenk Cobek Samata,Google Maps,2026-06-09 14:38:17
Ci9DQUlRQUNvZENodHljRjlvT201dFZHVjNSMVU1Wm1SRFMzcGhkbXRUWVRKWVdrRRAB,blek swit01,1,Kurang ramah kasirnya,4 bulan lalu,1,1,1,Saoenk Cobek Samata,Google Maps,2026-06-09 14:38:17
Ci9DQUlRQUNvZENodHljRjlvT21aS1psTmpWekJmYTJSRU0ybERNemhRTTJGNU5sRRAB,Dewi Satriati Ninsyi,5,,4 bulan lalu,,,,Saoenk Cobek Samata,Google Maps,2026-06-09 14:38:17
Ci9DQUlRQUNvZENodHljRjlvT25ZNGVrWnBlbW93UlRRMUxUTnVUMmhyWXpsQ1kzYxAB,Rita Hasryanti,3,Makanannya nda ada yang benar benar panas rasanya standarji harganya juga agak mahal menurut ku masak biar lomboknya berbayar juga,4 bulan lalu,,,,Saoenk Cobek Samata,Google Maps,2026-06-09 14:38:17
Ci9DQUlRQUNvZENodHljRjlvT21wMGJrOVBjbnA1TWxFNFJrRkdRV3BDTjFSTVpIYxAB,Bismillah 123,1,Kotor banyak tai kucingnya,4 bulan lalu,,,,Saoenk Cobek Samata,Google Maps,2026-06-09 14:38:17
Ci9DQUlRQUNvZENodHljRjlvT2w5TVpISmxPV1JZVEdSRFUxaGllRVo1UzNKUlVrRRAB,D Ròxlyn,3,"Sebagai pecinta kuliner,  makanan yang disajikan hambar, kurang rasa.",5 bulan lalu,3,4,5,Saoenk Cobek Samata,Google Maps,2026-06-09 14:38:38
Ci9DQUlRQUNvZENodHljRjlvT2xsWVEyUkVkMmRwZEZoNVZVeGtiV3hGUW1GUVEzYxAB,Agus Ryanto Ade Putra,5,Menu dan Pelayanan keren,5 bulan lalu,5,5,5,Saoenk Cobek Samata,Google Maps,2026-06-09 14:38:38
Ci9DQUlRQUNvZENodHljRjlvT2xFMlZURnZaVGhNYW5KaGFYTkNhVFY2VFdzNVNFRRAB,Asshitaa Khann,5,,5 bulan lalu,5,5,5,Saoenk Cobek Samata,Google Maps,2026-06-09 14:38:38
Ci9DQUlRQUNvZENodHljRjlvT25SVlJFeERSM3BzZUU5RWNEVlJhVXg1TlVrd1VsRRAB,Ayaaa,5,,5 bulan lalu,5,5,5,Saoenk Cobek Samata,Google Maps,2026-06-09 14:38:38
Ci9DQUlRQUNvZENodHljRjlvT2taMVMyaEtSbWhqVkhoSVdFRTBObWhyUVhoaU5tYxAB,Nur Inaya,5,,5 bulan lalu,5,5,5,Saoenk Cobek Samata,Google Maps,2026-06-09 14:38:38
Ci9DQUlRQUNvZENodHljRjlvT2s0M01tRkhMVXBSWTJ4WU5EZGxhVWR3VjBaNWFVRRAB,Tom Mi,5,Menunya enak pelayanannya juga baik,5 bulan lalu,5,5,5,Saoenk Cobek Samata,Google Maps,2026-06-09 14:38:38
Ci9DQUlRQUNvZENodHljRjlvT2pSQmJIQnROamxxWlZWbmJXdFZkRGx1UWpSbFdrRRAB,Arsyila Romeesa,5,,5 bulan lalu,5,5,5,Saoenk Cobek Samata,Google Maps,2026-06-09 14:38:38
Ci9DQUlRQUNvZENodHljRjlvT21kVmNIWndZVXBUYW0wMVptOVVjREpNT1VNeldFRRAB,Iskandar Zulkarnaen,5,,5 bulan lalu,5,5,5,Saoenk Cobek Samata,Google Maps,2026-06-09 14:38:38
Ci9DQUlRQUNvZENodHljRjlvT2pjeVZGSkphRXAzVW0xWlprTTROSE0yTlhoWlQyYxAB,Ins Calista,5,,5 bulan lalu,5,5,5,Saoenk Cobek Samata,Google Maps,2026-06-09 14:38:38
Ci9DQUlRQUNvZENodHljRjlvT21GbmJXWkRWbXhaVjFKdVJGZzVNVlZoTTFaa0xWRRAB,Arhy Razak,4,"Ruang vipnya ga seru, soundsistemnya tdk bagus",5 bulan lalu,,,,Saoenk Cobek Samata,Google Maps,2026-06-09 14:38:38
Ci9DQUlRQUNvZENodHljRjlvT2toNFJ6WmtPRWhSTmw5TFUySkVjbWQ0TVUxMlZFRRAB,Edi Wiyono,5,Adem dan bersih masjidnya,5 bulan lalu,,,,Saoenk Cobek Samata,Google Maps,2026-06-09 14:38:58
Ci9DQUlRQUNvZENodHljRjlvT2xSSUxWcFdjM0k0WW1OdFFYQkNiak41VEhJdFdVRRAB,Nur Afni Andriani,5,Suasana tenang,5 bulan lalu,5,5,5,Saoenk Cobek Samata,Google Maps,2026-06-09 14:38:58
Ci9DQUlRQUNvZENodHljRjlvT21KSmJESnJZbWxxUjBKUmRrTllXamhqZVZOelQwRRAB,Sitti Nurwahidah,5,,5 bulan lalu,5,5,5,Saoenk Cobek Samata,Google Maps,2026-06-09 14:38:58
Ci9DQUlRQUNvZENodHljRjlvT25OcFQwcEdkRjlDYVhGeFMwaHBSVGhTU1MxbFptYxAB,MayaAulia Ramadani12,5,,5 bulan lalu,5,5,5,Saoenk Cobek Samata,Google Maps,2026-06-09 14:38:58
Ci9DQUlRQUNvZENodHljRjlvT2sxM1IwMHpOR1IzU2pKdGRsOHdWRFV4UjNkVlYzYxAB,Suci Rahmadanisahid,5,,5 bulan lalu,5,5,5,Saoenk Cobek Samata,Google Maps,2026-06-09 14:38:58
Ci9DQUlRQUNvZENodHljRjlvT2xSS1pIbDNVbFExYkc1eWVYcHpSME53TlRVMFpXYxAB,Isna Wati,1,,5 bulan lalu,1,1,1,Saoenk Cobek Samata,Google Maps,2026-06-09 14:38:58
Ci9DQUlRQUNvZENodHljRjlvT2pSTmNqQlZjVUpLU0ZjeGNtZGpWMlF5TldoRExYYxAB,RAHMA DANI,5,,5 bulan lalu,5,5,5,Saoenk Cobek Samata,Google Maps,2026-06-09 14:38:58
Ci9DQUlRQUNvZENodHljRjlvT2pVNFQzQkRSRk5xVDA5TmIwOWpXRzF0VWpadGNXYxAB,Ina Nova,5,,5 bulan lalu,5,5,5,Saoenk Cobek Samata,Google Maps,2026-06-09 14:38:58
Ci9DQUlRQUNvZENodHljRjlvT2w5clZFeGxaRWQ1YWtscFFUQjVYemR6VUVSV1lrRRAB,Nur Hikma_G_045,5,Enak.... Apalagi supervisor nya ganteng,6 bulan lalu,5,5,5,Saoenk Cobek Samata,Google Maps,2026-06-09 14:38:58
Ci9DQUlRQUNvZENodHljRjlvT2psTlpHeGpXV1pmVDNoWGNsODJTVU5zYW1sa1kzYxAB,Nyoman Widi Ayu Indah Lestari,5,,6 bulan lalu,,,,Saoenk Cobek Samata,Google Maps,2026-06-09 14:38:58
Ci9DQUlRQUNvZENodHljRjlvT21oMWJsWk5lVTVzY1ZCaWEwWlhZa0phVkRsaldIYxAB,mey,5,makanan enak pelayanan baik tempat nyaman trmksih,6 bulan lalu,5,,,Saoenk Cobek Samata,Google Maps,2026-06-09 14:39:19
Ci9DQUlRQUNvZENodHljRjlvT25OUlZuaGlka00zVTFFeE1WZFVZMHBoU1U5TlowRRAB,Ansari Ari,5,,6 bulan lalu,,,,Saoenk Cobek Samata,Google Maps,2026-06-09 14:39:19
Ci9DQUlRQUNvZENodHljRjlvT25CMk5VRlBXbmhsWkc5UWQzbE1XRlJDZFV4RWVsRRAB,Utamy ermawati,5,"makanannya enak
tempatnya nyaman
terimakasih saoeng cobek 👍🙏",6 bulan lalu,5,5,5,Saoenk Cobek Samata,Google Maps,2026-06-09 14:39:19
Ci9DQUlRQUNvZENodHljRjlvT2s1UU9GRTBOazl0Y1hsUFNGbEhhWFp3Y3pKbFRsRRAB,Andi Nurdevyana,5,,6 bulan lalu,5,5,5,Saoenk Cobek Samata,Google Maps,2026-06-09 14:39:19
Ci9DQUlRQUNvZENodHljRjlvT2pGb04wUnVXbE0wYWpaVWJFWllSRk52ZW1oNFFtYxAB,Hamka Jari,5,recomended,6 bulan lalu,5,5,5,Saoenk Cobek Samata,Google Maps,2026-06-09 14:39:19
Ci9DQUlRQUNvZENodHljRjlvT2xNMlJ6ZDJYMnh6Y2pCNE9VTkJiR1JxV0RsQlFWRRAB,MIRDAYANTI SYAM,5,,6 bulan lalu,5,5,5,Saoenk Cobek Samata,Google Maps,2026-06-09 14:39:19
Ci9DQUlRQUNvZENodHljRjlvT2xOVVFqSlNiblJ6T0c0d1VtZ3hMWFo0WjNCWVFrRRAB,Muh Haidar,5,,6 bulan lalu,5,5,4,Saoenk Cobek Samata,Google Maps,2026-06-09 14:39:19
Ci9DQUlRQUNvZENodHljRjlvT2pKV1RqaDJjR3hHUjA5M1lVMVJWa3gxTmtkd1dsRRAB,Adilah Riaji,5,,6 bulan lalu,5,5,5,Saoenk Cobek Samata,Google Maps,2026-06-09 14:39:19
Ci9DQUlRQUNvZENodHljRjlvT2tsZlZrdGhOekJpV21GQk1HTTJhMUI1UTFWblRVRRAB,Della Andreani,5,"Kasih bintang 5 biar dibaca

Tempat lebih diperhatikan kebersihan nya
Harga kurang sepadan dgn rasa makanannya

Terimakasih",6 bulan lalu,5,5,5,Saoenk Cobek Samata,Google Maps,2026-06-09 14:39:19
Ci9DQUlRQUNvZENodHljRjlvT25Ga1JFbEVkbXhrTW1KdE56SjZXbWxGWVZCUmJYYxAB,Nando Zidan,2,,6 bulan lalu,,,,Saoenk Cobek Samata,Google Maps,2026-06-09 14:39:19
Ci9DQUlRQUNvZENodHljRjlvT2pNek5qSXRjWFpYV0ROdVdIWkhWMVJwYzJ0U1ZGRRAB,Maheswari,4,"Makanannya enak-enak, kolamnya bnyak ikan, suasananya tenang..
Cuma nungguin makanannya agak lama, sama ada 1 ekor kucing yg tiba"" nyamperin, agak ganggu sih tuh kucing krna gak mau pergi.. Selebihnya oke banget!
Highly recommended pokoknya..",6 bulan lalu,5,4,5,Saoenk Cobek Samata,Google Maps,2026-06-09 14:39:39
Ci9DQUlRQUNvZENodHljRjlvT2xKeWFDMDJUSFk1VWtSaGQzTk1iemt5VlRrd1pYYxAB,Muhammad Ridwan,2,"Spanduk depan tentang paket ayam goreng dan ayam bakar, itu BOHONG. Saya datang tgl 10 nov 25, ternyata tidak menu paket itu. Padahal saya singgah karena mau beli paket itu.",6 bulan lalu,3,1,2,Saoenk Cobek Samata,Google Maps,2026-06-09 14:39:39
Ci9DQUlRQUNvZENodHljRjlvT2toeE5qTTNTbEoyY0ROT1JtNXNXbmt0U2w5cGRtYxAB,Ratnawati,5,"Pelayanan sangat baik dan ramah, makanan enak, dan suasana enak..",7 bulan lalu,5,5,5,Saoenk Cobek Samata,Google Maps,2026-06-09 14:39:39
Ci9DQUlRQUNvZENodHljRjlvT2w5aFVHeEJYMmRPVlUxblh6WXpaRmxQTUV0MWNGRRAB,Wati Ji,5,"Pelayanan nya ramah dan cepat bgt, mbaknya yg menangani reservasi sy dr awal sangat baik dan ramah, tempat dan suasana enak, dan makanan nya juga sangat enak, tamu saya semua sangat luas, next pasti reservasi lagi, makasih saoenk cobek 😍🥰😇",7 bulan lalu,5,5,5,Saoenk Cobek Samata,Google Maps,2026-06-09 14:39:39
Ci9DQUlRQUNvZENodHljRjlvT25WRVNuSlRURWd5TkdGbWN6UkxWbFIwZVVKcVpsRRAB,NURANI AZIZAH . M,5,"Makanannya enak dan penyajiannya cepat. Pelayanannya (Mba Risma) sangat ramah,",7 bulan lalu,5,5,5,Saoenk Cobek Samata,Google Maps,2026-06-09 14:39:39
Ci9DQUlRQUNvZENodHljRjlvT2pJek4zTlZhMDFGYUVGb1pTMHljalE0VlRoR1RGRRAB,Afrah Ali,5,suasananya bagus mknannya enak,7 bulan lalu,,,,Saoenk Cobek Samata,Google Maps,2026-06-09 14:39:39
Ci9DQUlRQUNvZENodHljRjlvT21wZlFqRmtjMWxLYUhCS1NqUlNZblJTWVVWUFMzYxAB,nharaya ch,5,"enak, pelayanan ramah",7 bulan lalu,,,,Saoenk Cobek Samata,Google Maps,2026-06-09 14:39:39
Ci9DQUlRQUNvZENodHljRjlvT2tKbVZsazNVbnBwY1hVeWVHcHVZbXd5U1ZocE1YYxAB,Andriyani Lestari Nur,5,Bagus,7 bulan lalu,5,5,5,Saoenk Cobek Samata,Google Maps,2026-06-09 14:39:39
Ci9DQUlRQUNvZENodHljRjlvT2kxemFUSjJOaTFWWWpCa2FURXhja2MwU1cxTk9WRRAB,Amalia Chaedir,5,"Pelayanannya puass bngett
Makanannya mantulll",7 bulan lalu,5,5,5,Saoenk Cobek Samata,Google Maps,2026-06-09 14:39:39
Ci9DQUlRQUNvZENodHljRjlvT2paMldGY3hRekJ3YkY5SmJuVjFTRU00UjFjMFpFRRAB,Sekar Rischiani,5,"Menunya enak semua, fresh juga, tempatnya bersih, dan pelayanan nya juga cepat,,
Thank you Saoenk Cobek",7 bulan lalu,5,5,5,Saoenk Cobek Samata,Google Maps,2026-06-09 14:39:39
Ci9DQUlRQUNvZENodHljRjlvT2psa2JFTkRYMjVxWjJ0NUxXdGZibWxhV1RoMU4yYxAB,Arfha,5,,7 bulan lalu,5,5,5,Saoenk Cobek Samata,Google Maps,2026-06-09 14:40:00
Ci9DQUlRQUNvZENodHljRjlvT2xkTVFsbFZVVlUxTkRoUVNYSlhOazVOY2pOYVlYYxAB,Alif Fatahillah,5,"akses perjalanan mudah, ramah dan enak",7 bulan lalu,,,,Saoenk Cobek Samata,Google Maps,2026-06-09 14:40:00
Ci9DQUlRQUNvZENodHljRjlvT21Oc1JIazVXbFV0ZG1OT1MwMUNZWEEzYW13emVrRRAB,Nurhayati,5,,7 bulan lalu,5,5,5,Saoenk Cobek Samata,Google Maps,2026-06-09 14:40:00
Ci9DQUlRQUNvZENodHljRjlvT21wblNYUlFMVVl5VlhwR01VaHlaR3RqWHpsS01sRRAB,HARIMINTAN,5,,7 bulan lalu,5,5,5,Saoenk Cobek Samata,Google Maps,2026-06-09 14:40:00
Ci9DQUlRQUNvZENodHljRjlvT2tSQkxXSm9UbVp3ZDFjM1lVeHplSE51YW5kNGNXYxAB,Muthia Idha,3,,7 bulan lalu,4,5,3,Saoenk Cobek Samata,Google Maps,2026-06-09 14:40:00
Ci9DQUlRQUNvZENodHljRjlvT2tOaVNsVjBURVJTU1ZSclNHNUlaREI0YURReWVGRRAB,Anita Rahman,4,Pelayanannya bagus... Makanannya juga enak,7 bulan lalu,3,3,4,Saoenk Cobek Samata,Google Maps,2026-06-09 14:40:00
Ci9DQUlRQUNvZENodHljRjlvT2xJeGRuRjRZM0JJU1Y5VFdVOWlkVGhTU0ZOUVdYYxAB,Cleo Leon,5,"Recomend banget buat makan di saoenk cobek di samata, cocok untuk kumpul bersama keluarga dan teman2. Rasa makanan semua nya mantap dan pelayanan sangat baik dan ramah ❤❤❤",7 bulan lalu,5,5,5,Saoenk Cobek Samata,Google Maps,2026-06-09 14:40:00
Ci9DQUlRQUNvZENodHljRjlvT2xaQk5GVkVWa0puV1c5c2RXdDVhak5LVEROTFdWRRAB,Erwin Ermha,5,"Pelayanan.nya oke, makanan.nya enak",7 bulan lalu,5,5,5,Saoenk Cobek Samata,Google Maps,2026-06-09 14:40:00
Ci9DQUlRQUNvZENodHljRjlvT21WMk1rOVJYMFk1YWtKQ2RWVXllVVExU21aYU1WRRAB,yayasancendekia puruhita,5,"Pelayanan cepat, makanan enak",7 bulan lalu,5,5,5,Saoenk Cobek Samata,Google Maps,2026-06-09 14:40:00
Ci9DQUlRQUNvZENodHljRjlvT21waVptWTNUalZpV1haVk1VWkJkV0Z6TlRnME9HYxAB,Faqi Athy,5,,7 bulan lalu,5,5,5,Saoenk Cobek Samata,Google Maps,2026-06-09 14:40:00
Ci9DQUlRQUNvZENodHljRjlvT21WT09IbFlaM05CU1dwc2NpMDVSakZMVm1FelYxRRAB,Nublah Fillah,5,,7 bulan lalu,5,5,5,Saoenk Cobek Samata,Google Maps,2026-06-09 14:40:20
Ci9DQUlRQUNvZENodHljRjlvT2pVeVZtcHJYMlJrTjA1WmMybHBXVWd4WDFOR2IyYxAB,Sri Indriani,5,,7 bulan lalu,5,5,5,Saoenk Cobek Samata,Google Maps,2026-06-09 14:40:20
Ci9DQUlRQUNvZENodHljRjlvT2kxaFoyVkRRMUZaZDBORlpUUjVSWGRrUTI0dGExRRAB,Andi Farida,5,Rombongan Punabakti dinas koperasi makassar,7 bulan lalu,5,5,5,Saoenk Cobek Samata,Google Maps,2026-06-09 14:40:20
Ci9DQUlRQUNvZENodHljRjlvT21kT1lqVkNZemwzYmtvMk5IUnpXRTVMY1dneVVtYxAB,Richaeni Gurika,5,,7 bulan lalu,5,5,5,Saoenk Cobek Samata,Google Maps,2026-06-09 14:40:20
Ci9DQUlRQUNvZENodHljRjlvT21ScVF6TTBZakpLY1dGMlgzWXRObmhzUlVoWE4zYxAB,Rachmad Paturungi,5,,7 bulan lalu,,,,Saoenk Cobek Samata,Google Maps,2026-06-09 14:40:20
Ci9DQUlRQUNvZENodHljRjlvT25CUVJUaDVYMWhFWnpKTVJrNW9lRzFHUjFGYVExRRAB,Gunawan Rahana,5,,7 bulan lalu,5,5,5,Saoenk Cobek Samata,Google Maps,2026-06-09 14:40:20
Ci9DQUlRQUNvZENodHljRjlvT2pSU1ZuaDZlbGR5YjJOZlVGUjZRbEl0Tmt0MVdFRRAB,Jamhery gusrynanda. H,4,,7 bulan lalu,,,,Saoenk Cobek Samata,Google Maps,2026-06-09 14:40:20
Ci9DQUlRQUNvZENodHljRjlvT2taMWVUTlBNRTVWVTBwZmNVbHBVMjFvZWtORlptYxAB,Helviyani Toyo,4,,7 bulan lalu,4,4,5,Saoenk Cobek Samata,Google Maps,2026-06-09 14:40:20
Ci9DQUlRQUNvZENodHljRjlvT2pWMFQwdFlTR1UyV1VKaFpGZDRaazFRYkZoclFWRRAB,Eva Thumewah,4,,8 bulan lalu,4,4,4,Saoenk Cobek Samata,Google Maps,2026-06-09 14:40:20
Ci9DQUlRQUNvZENodHljRjlvT2tSV1EzWTJhR3hsZGtwVVQzTlJjREZRUmpoMFVIYxAB,Nuramalia Suci,5,,8 bulan lalu,5,5,5,Saoenk Cobek Samata,Google Maps,2026-06-09 14:40:20
Ci9DQUlRQUNvZENodHljRjlvT2xKcGVuVjZTM1ZIVFVWdVVUbG9WV001U25ZeFJWRRAB,Windy Widdya,5,Makanan enak dan pelayanan ramah 🫰🏻,8 bulan lalu,5,5,5,Saoenk Cobek Samata,Google Maps,2026-06-09 14:40:41
Ci9DQUlRQUNvZENodHljRjlvT2s1a0xVSk1SR00zUldNd1NISlhNRXRZY21ZME9HYxAB,Uswatun Hasanah,5,"Saya pesan pallumara sunu, enak banget kuahnya pas🤩🥳",8 bulan lalu,5,5,5,Saoenk Cobek Samata,Google Maps,2026-06-09 14:40:41
Ci9DQUlRQUNvZENodHljRjlvT2psNmNVbDBhbTFhYzFRMU1FZE9jRzQwYW5aWFJVRRAB,Seni,5,"Makananya enak², apalgi pelayanan nya sangat ramah
Makasih kak mila atas pelayanan nya",8 bulan lalu,5,5,5,Saoenk Cobek Samata,Google Maps,2026-06-09 14:40:41
Ci9DQUlRQUNvZENodHljRjlvT25SU1RITXhTa1U1U2xWd1ZVUnJTRXRvV1hkU1YxRRAB,Adinda Fitri,5,,8 bulan lalu,5,5,5,Saoenk Cobek Samata,Google Maps,2026-06-09 14:40:41
Ci9DQUlRQUNvZENodHljRjlvT2pGVGRrZ3libXhDUjJoUlpGaG5lWGxKVlhORmMyYxAB,Ikawati,5,Makasi mila pelayanannya bagus pelayanannya,8 bulan lalu,5,5,5,Saoenk Cobek Samata,Google Maps,2026-06-09 14:40:41
Ci9DQUlRQUNvZENodHljRjlvT213eVIwVk5aSGxoZVhReVJ6UlRSMWRqT1RGTlVrRRAB,Lagoe Channel,5,"Tdmpatnya bagus,adem,cocok untuk yg berkeluarga.makanannya jga enak enak dan harganya terjangkau.
Apalagi sangat suka dengan pelayanananya yang atas nama siti nurdayanti❤️",8 bulan lalu,5,5,5,Saoenk Cobek Samata,Google Maps,2026-06-09 14:40:41
Ci9DQUlRQUNvZENodHljRjlvT25sRGFVNVlNSFZHVmt3d2NIWXpOVWhoYzNsNVMzYxAB,Anii 82,5,Pelayanan mantap makanan enak dan murah buat rombongan,8 bulan lalu,5,5,5,Saoenk Cobek Samata,Google Maps,2026-06-09 14:40:41
Ci9DQUlRQUNvZENodHljRjlvT21oMVFVZzBSRmd3ZFhJM1kySjFZakUyVVZVMmQxRRAB,Jhon Pantau,5,"Pelayanan bagus, makanannya juga enak, mantap",8 bulan lalu,5,5,5,Saoenk Cobek Samata,Google Maps,2026-06-09 14:40:41
Ci9DQUlRQUNvZENodHljRjlvT25nMFppMVRZbHBHYlRGNE9HbGZRbFpKY0dOc1JrRRAB,Mustari 21,5,"Makanan enak,  suasana yg adem dan pelayanannya baik dan ramah",8 bulan lalu,5,5,5,Saoenk Cobek Samata,Google Maps,2026-06-09 14:40:41
Ci9DQUlRQUNvZENodHljRjlvT2pOaVkwUkdNM0l6U1dWUU1VdHlhakE1YkUxcU5rRRAB,Almiraa,5,Makanannya enaq,8 bulan lalu,5,5,5,Saoenk Cobek Samata,Google Maps,2026-06-09 14:40:41
Ci9DQUlRQUNvZENodHljRjlvT2xad00yVldiekY0YXpsUmNUSjFSekpLUzB4S1RtYxAB,nurhidayh Hasan,5,Pelayan sangat bagus makanan enakkk bnget,8 bulan lalu,5,5,5,Saoenk Cobek Samata,Google Maps,2026-06-09 14:41:01
Ci9DQUlRQUNvZENodHljRjlvT2pkQ2QyVlNXR28xV0ZWZlNsRndlVGhmZGtOTWEwRRAB,mm jj,5,,8 bulan lalu,5,5,5,Saoenk Cobek Samata,Google Maps,2026-06-09 14:41:01
Ci9DQUlRQUNvZENodHljRjlvT2xrMFNVeHJaa3B4VFhOaVJXRlZhVVJSWmtoakxXYxAB,Ami Priono,5,"Makanan enak, dan pelayan sangat ramah apalagi atas kak siti",8 bulan lalu,5,5,5,Saoenk Cobek Samata,Google Maps,2026-06-09 14:41:01
Ci9DQUlRQUNvZENodHljRjlvT2tKTlFsWXpVREl3ZWtneFNqVkVaMEZvT0hWSWRGRRAB,St Nurdayanti,5,Pelayananya sangat bagus pegawainya ramah2 tempatnya bersih  dan nyaman👍👍,8 bulan lalu,5,5,5,Saoenk Cobek Samata,Google Maps,2026-06-09 14:41:01
Ci9DQUlRQUNvZENodHljRjlvT2xwSU1XaGtOR2hXTmtwalNXODRSWFp2VDBwQmVGRRAB,rianiaprilia putririvai,5,mantap,8 bulan lalu,5,5,5,Saoenk Cobek Samata,Google Maps,2026-06-09 14:41:01
Ci9DQUlRQUNvZENodHljRjlvT2xGRWNIQkVWR28zYldGaU1WOXBSWE5SYUhkak5sRRAB,Akbar Dg liwang,5,Mantap sekali,8 bulan lalu,5,5,5,Saoenk Cobek Samata,Google Maps,2026-06-09 14:41:01
Ci9DQUlRQUNvZENodHljRjlvT2xOck9IaG5WVWxIVkdaUU0zQkdjV2hEV1dSMVVXYxAB,Nisaaul Muthmainnah,5,,8 bulan lalu,5,5,5,Saoenk Cobek Samata,Google Maps,2026-06-09 14:41:01
Ci9DQUlRQUNvZENodHljRjlvT2xremJUbFBPV0pSVDBGMVNUVnpRVWw2WjNoTFdGRRAB,Syammm. Jk,5,Makanannya enak dan bagus untuk santai,8 bulan lalu,5,5,5,Saoenk Cobek Samata,Google Maps,2026-06-09 14:41:01
Ci9DQUlRQUNvZENodHljRjlvT2xCNGVGWkhaV0V5VGxWaE5HZGhVRzlsVjBKUU9YYxAB,Muhammadiksan,5,Pelayanan memuaskan atau makanan enak cocok untuk keluarga,8 bulan lalu,5,5,5,Saoenk Cobek Samata,Google Maps,2026-06-09 14:41:01
Ci9DQUlRQUNvZENodHljRjlvT25neWJtdFpSMHhNVVc4eWFuSjVObEZ4VlcxNVlWRRAB,Adam Ramadhan R,5,Pelayanan memuaskan atau makanan enak Cocok untuk keluarga,8 bulan lalu,5,5,5,Saoenk Cobek Samata,Google Maps,2026-06-09 14:41:01
Ci9DQUlRQUNvZENodHljRjlvT2xKVlNVOHhVSGxIYnpKSlJuRldOVW93WHpsUFltYxAB,carol zinha,5,makanan enak cocok untuk keluarga atau cocok untuk keluarga,8 bulan lalu,5,5,5,Saoenk Cobek Samata,Google Maps,2026-06-09 14:41:22
Ci9DQUlRQUNvZENodHljRjlvT2pVNE1FMUxabXB0VFhOUmRsRTRWV1JOYVdkU1dXYxAB,Hakim Hakim,5,,8 bulan lalu,5,5,5,Saoenk Cobek Samata,Google Maps,2026-06-09 14:41:22
Ci9DQUlRQUNvZENodHljRjlvT2pWWmQycEVkSEJoUVVseWJsWm1UMGRDVTNSTWNrRRAB,Arkan Fauzan,5,,8 bulan lalu,5,5,5,Saoenk Cobek Samata,Google Maps,2026-06-09 14:41:22
Ci9DQUlRQUNvZENodHljRjlvT25kaVMzbFVSalJIZWtkWWFHaExWRmRXWkZvdFZWRRAB,Patta Bokir,5,,8 bulan lalu,5,5,5,Saoenk Cobek Samata,Google Maps,2026-06-09 14:41:22
Ci9DQUlRQUNvZENodHljRjlvT2tOb1dESkJka2xNY0daa2F6RnJaRmxJT1ZVMVUwRRAB,Haidar Ahmad,5,,8 bulan lalu,5,5,5,Saoenk Cobek Samata,Google Maps,2026-06-09 14:41:22
Ci9DQUlRQUNvZENodHljRjlvT25obWFXbEZhbWx2VmxaRFZYZDZWSGw0U0RGbFduYxAB,Davin Ramadhan,5,,8 bulan lalu,5,5,5,Saoenk Cobek Samata,Google Maps,2026-06-09 14:41:22
Ci9DQUlRQUNvZENodHljRjlvT2xObmRHTjBSR0ZaTmxabk1GbGxVVGMzVTFSUlRVRRAB,M10,5,,8 bulan lalu,5,5,5,Saoenk Cobek Samata,Google Maps,2026-06-09 14:41:22
Ci9DQUlRQUNvZENodHljRjlvT2pKRVRHUjFkbXhXV0hScE5GVk1OMnRFYzA1bE1HYxAB,Bass 5121,4,,8 bulan lalu,5,5,5,Saoenk Cobek Samata,Google Maps,2026-06-09 14:41:22
Ci9DQUlRQUNvZENodHljRjlvT2paQlZHcHlOalJxTWxka2QyaHdUVXBMVVRaSlZVRRAB,Ahmad Nahda,5,,8 bulan lalu,,,,Saoenk Cobek Samata,Google Maps,2026-06-09 14:41:22
Ci9DQUlRQUNvZENodHljRjlvT25oNFJYVmZhblJWYlhCNldHTXdaR0ZrT0hsV1EzYxAB,Muhammad fatahillah,5,,8 bulan lalu,5,5,5,Saoenk Cobek Samata,Google Maps,2026-06-09 14:41:22
Ci9DQUlRQUNvZENodHljRjlvT2sxcldFaFJPRVpaTUZSbVRVOW1Za0V5YzBScWFGRRAB,Sri Rahayu Utami R,5,,8 bulan lalu,5,5,5,Saoenk Cobek Samata,Google Maps,2026-06-09 14:41:42
Ci9DQUlRQUNvZENodHljRjlvT201U1pEaDRjbkZ3Y0VSRFFpMVdha1JHZG10TFRGRRAB,Dwi siska Daud,5,"Best place to eat sih ini
Rekomen bangett 👍👍😫",9 bulan lalu,4,5,4,Saoenk Cobek Samata,Google Maps,2026-06-09 14:41:42
Ci9DQUlRQUNvZENodHljRjlvT201elRFZEZiWFZ0WVY5RlpHbFlWazlPTkUxdU1sRRAB,Gee Lulu,5,"Sudah mampir dsni dan makanannya enak2
Pelayanannya bagus,suasana enak,nyaman
Terimakasih juga pelayanan ramahnya Mila🙏🏻🙌🏻",9 bulan lalu,5,5,5,Saoenk Cobek Samata,Google Maps,2026-06-09 14:41:42
Ci9DQUlRQUNvZENodHljRjlvT2pSSFdUUllNMDB0YjFOYVdqRlVZVzVKUkRsYWNVRRAB,Fahrul Fahrul,4,Sangat nikmat,9 bulan lalu,4,4,4,Saoenk Cobek Samata,Google Maps,2026-06-09 14:41:42
Ci9DQUlRQUNvZENodHljRjlvT2pCd05WaEdhVzFoVEZscUxYaHlYM0Z2ZEVsWWNsRRAB,Indra Lesmana,5,Makasi mila atas pelayanannya bintang 5 pokoknya,9 bulan lalu,5,5,5,Saoenk Cobek Samata,Google Maps,2026-06-09 14:41:42
Ci9DQUlRQUNvZENodHljRjlvT2psR2IyUTVXbFoxWTI1VFVYVnFVMnRIYjBOdlEwRRAB,evita arie suci,5,"Makanan enak, tempat nyaman",9 bulan lalu,5,5,5,Saoenk Cobek Samata,Google Maps,2026-06-09 14:41:42
Ci9DQUlRQUNvZENodHljRjlvT2xSWE1YaGhlakpPVDJKaWMwaFNhMmh1TUVNMWQwRRAB,Eky Dwi Juswinah,5,"Masya allah makanannya enak2, pelayanannya juga baik dan ramah2, tempatnya juga adem, rekomended sekaliiiiii apalagi ada paket rame-ramenya, cocok buat family time",9 bulan lalu,5,5,5,Saoenk Cobek Samata,Google Maps,2026-06-09 14:41:42
Ci9DQUlRQUNvZENodHljRjlvT21oZk9EWm9TME4xZGw5VlpIVjFVUzFIWlhGR1NtYxAB,Taufik Rahman,5,,9 bulan lalu,,,,Saoenk Cobek Samata,Google Maps,2026-06-09 14:41:42
Ci9DQUlRQUNvZENodHljRjlvT2xsRVRFTlZiekYwV1U1Q1lqZ3RaM1J3VlhWUFZrRRAB,Muliyani Arief,5,Tempatnya rekomend sekali untuk yg mau bawa family besar🤗,9 bulan lalu,5,5,5,Saoenk Cobek Samata,Google Maps,2026-06-09 14:41:42
Ci9DQUlRQUNvZENodHljRjlvT21WbFVFeHBaVVpRWmxrME4zbDRTakJoUW5NM2MyYxAB,Widya Febria,5,makanannya enakk dan tempatnya nyamannn🥰🥰,9 bulan lalu,5,5,5,Saoenk Cobek Samata,Google Maps,2026-06-09 14:41:42
Ci9DQUlRQUNvZENodHljRjlvT2tOWWFETmFibm94WVVwRk5qZE5kRVp3YzJkS05uYxAB,Djumria ningsih,5,Makanannya mantap,9 bulan lalu,5,5,5,Saoenk Cobek Samata,Google Maps,2026-06-09 14:42:03
Ci9DQUlRQUNvZENodHljRjlvT21Gak5qVlBNbXRwVkRoQmFsWXpRek5yTFVvdFoyYxAB,nurlela darwis,5,,9 bulan lalu,5,5,5,Saoenk Cobek Samata,Google Maps,2026-06-09 14:42:03
Ci9DQUlRQUNvZENodHljRjlvT2s5blRWOUZaM0ZLUlZsYUxXcHVRV05LWmpGcmRVRRAB,Dwi Reskiyani,5,,9 bulan lalu,5,5,5,Saoenk Cobek Samata,Google Maps,2026-06-09 14:42:03
Ci9DQUlRQUNvZENodHljRjlvT21aaldtcGFXVjlVZVdZMVVGOW9iSE5TVTNKemRFRRAB,Dorotea Eva Tulak,5,"Perdana kesini. Pelayanannya baik, cepat saji, makanan enak.🫶🏼",9 bulan lalu,5,5,5,Saoenk Cobek Samata,Google Maps,2026-06-09 14:42:03
Ci9DQUlRQUNvZENodHljRjlvT2xwd2MzRXRNMHBOVDI1bVJuSlliazEyTUUweVlrRRAB,a.trie agustina,5,"Makanannya enak
Pelayanannya juga sangat baik dan ramah
Waiters Lisa👍👍👍",9 bulan lalu,5,5,5,Saoenk Cobek Samata,Google Maps,2026-06-09 14:42:03
Ci9DQUlRQUNvZENodHljRjlvT2xWalkxbGFXbFp3Y2xJeVIzSnlhMGhoVkUxUVFYYxAB,Fadhel M,5,"Sajian yg mantap, pelayanannya juga ramah, worth it",Diedit 9 bulan lalu,5,5,5,Saoenk Cobek Samata,Google Maps,2026-06-09 14:42:03
Ci9DQUlRQUNvZENodHljRjlvT2xFMVRGRm1jbGx1YW1rM1dHUjZNSFJ4T0RBelFuYxAB,andi dachriyana,5,"Sangat cocok untuk acara bersama keluarga..
Selain suasana dan tempat yang nyaman pelayanan juga sangat baik dan Ramah... Soal citarasa tidak perlu di ragukan lagi.. ☺️🥰",9 bulan lalu,5,5,5,Saoenk Cobek Samata,Google Maps,2026-06-09 14:42:03
Ci9DQUlRQUNvZENodHljRjlvT25kV1dFVjNSRlZPYW05clUySjZWa3hpVlRkVE5WRRAB,Andi Mifthahul Jannah,5,Bagus sekali😍 …,9 bulan lalu,,,,Saoenk Cobek Samata,Google Maps,2026-06-09 14:42:03
Ci9DQUlRQUNvZENodHljRjlvT20xTlJVaExWMUF3TW1kWVpIVmpkVkZ5WDE5d1gyYxAB,Yoldianto Hendri,5,Mantapp,9 bulan lalu,5,5,5,Saoenk Cobek Samata,Google Maps,2026-06-09 14:42:03
Ci9DQUlRQUNvZENodHljRjlvT2xaQmJWaFdSRzlKVFVoVU5HZFRXVTFaVXpWcVJVRRAB,cheryy cheriyy08,5,Enakk,9 bulan lalu,5,5,5,Saoenk Cobek Samata,Google Maps,2026-06-09 14:42:03
Ci9DQUlRQUNvZENodHljRjlvT2pSQ04zaE1RM1JvU1RGelZHRk9hMkppYm5sdmNrRRAB,Muhammad Fadel Ramadhan,5,"Sudah sering kesini,,selalu dapat pelayanan yang baik...pertahankan",9 bulan lalu,,,,Saoenk Cobek Samata,Google Maps,2026-06-09 14:42:23
Ci9DQUlRQUNvZENodHljRjlvT21KRVowOW5URVJWZFhWNVVGOXllUzB6VjI1b2IyYxAB,hira indrayani,5,"Makanannya enak2
Pelayanannya bagus
Saran sih kl bisa sambelnya di taro di piring kecil lagi spy tdk mubassir",9 bulan lalu,5,5,5,Saoenk Cobek Samata,Google Maps,2026-06-09 14:42:23
Ci9DQUlRQUNvZENodHljRjlvT21aelpHTnNUSGwxZFZSNllVOXJjSEV6Ukd4eWJGRRAB,Venny Fandy 29 Batta,5,"Pelayanannya mantap, rasanya juga enak.
Terima kasih",9 bulan lalu,5,5,5,Saoenk Cobek Samata,Google Maps,2026-06-09 14:42:23
Ci9DQUlRQUNvZENodHljRjlvT2w5a1JVTnlPV1pTWnpjNVgwbFlUMUV5U1c5VVoyYxAB,ismail Alimuddin,5,,9 bulan lalu,5,5,5,Saoenk Cobek Samata,Google Maps,2026-06-09 14:42:23
Ci9DQUlRQUNvZENodHljRjlvT25FMlJVbG5Sa04yWW1KeU1rUnFPRUY2VjFsMmRWRRAB,Yusald Fals,5,Mantap gaes,9 bulan lalu,5,5,5,Saoenk Cobek Samata,Google Maps,2026-06-09 14:42:23
Ci9DQUlRQUNvZENodHljRjlvT2pkcmRuVkdObTVRWVhGTWFtZDFhR1p2VDNWeVNIYxAB,Dewi Heryanty,5,"Sudah beberapa kali kesini, dan selalu memuaskan 😊 …",9 bulan lalu,,,,Saoenk Cobek Samata,Google Maps,2026-06-09 14:42:23
Ci9DQUlRQUNvZENodHljRjlvT21zd2J6bDFPVWgxYTA4NVRsaFZSRmczV0dkbGVuYxAB,Nur Fadilla,5,Rekomend untuk family time,9 bulan lalu,5,5,5,Saoenk Cobek Samata,Google Maps,2026-06-09 14:42:23
Ci9DQUlRQUNvZENodHljRjlvT25OMmNrUnFXRTVEYkZwcFVtUldlalIzUkVsblVWRRAB,Salamunjalal Salamunjalal,5,Sudah langganan acara selalu memuaskan dari pelayanan dan rasa,9 bulan lalu,5,5,5,Saoenk Cobek Samata,Google Maps,2026-06-09 14:42:23
Ci9DQUlRQUNvZENodHljRjlvT21oMFYxQk9XVlZTVFdSdE16aDFUWHBEY1U1Tk9VRRAB,Muh Syahrir,5,Pelayanan sangat ramah..memberikan solusi dan masukan yang baik untuk buat acara..,9 bulan lalu,5,5,5,Saoenk Cobek Samata,Google Maps,2026-06-09 14:42:23
Ci9DQUlRQUNvZENodHljRjlvT2poUVpHTnhja0ZuYnpkVVdsRmhNREJ6ZFdOV1FsRRAB,Saddan Husain,5,Makanan enak pelayanan di jaga tetap baik...,9 bulan lalu,5,5,5,Saoenk Cobek Samata,Google Maps,2026-06-09 14:42:23
Ci9DQUlRQUNvZENodHljRjlvT21oSlNsVXhkekl5YUZCcmIyc3hNR2g1UkhGRk1IYxAB,Harryanto Putra Sutomo,5,mantap pelayanan baik,9 bulan lalu,5,5,5,Saoenk Cobek Samata,Google Maps,2026-06-09 14:42:44
Ci9DQUlRQUNvZENodHljRjlvT2tSd2RYQk5RV0l3WDNWdU1VaHJkRkpLYTI1aU1tYxAB,Dwi Kurnia,5,,9 bulan lalu,5,5,5,Saoenk Cobek Samata,Google Maps,2026-06-09 14:42:44
Ci9DQUlRQUNvZENodHljRjlvT2xZMWRHazFNalpUV2kxbGIzWmxOM05IUzNkb1pWRRAB,Sri wahyuni Zahira,5,,9 bulan lalu,,,,Saoenk Cobek Samata,Google Maps,2026-06-09 14:42:44
Ci9DQUlRQUNvZENodHljRjlvT2pkUWRUWkdSbUpIUTNkR01HNTVUbXhNUW1wVVEwRRAB,Putri Suci Kurnia,5,"Saran buat Seafood.y bisa lebih fresh lagi 😊

Pelayanan ramah 👍🏻
cc: Aswin",9 bulan lalu,4,5,5,Saoenk Cobek Samata,Google Maps,2026-06-09 14:42:44
Ci9DQUlRQUNvZENodHljRjlvT210MFNtWnNXbTl0YXpWMWRrbDBVbkpVYXpaRVIwRRAB,elmosafer,5,"Tempat oke, makanan enak, cuma mungkin bisa lbh bersih dari debu, dan kipasnya bisa dibersihkan dan diperbaiki.
Pesan ikan bakar kakap, cumi telur asin, udang telur asin, cash kangkung, jus2, oke semua.",9 bulan lalu,5,4,5,Saoenk Cobek Samata,Google Maps,2026-06-09 14:42:44
Ci9DQUlRQUNvZENodHljRjlvT21kcFlWaFlXa2RSYkZSdWRFVllaV0Y1YWtNd2VYYxAB,adibaanuwaira,5,,9 bulan lalu,5,5,5,Saoenk Cobek Samata,Google Maps,2026-06-09 14:42:44
Ci9DQUlRQUNvZENodHljRjlvT2w4eGRFRnBialZ1V0VaUFUzTXRTalZ5UlZCTllXYxAB,Aswin Trisakti Syam,5,Pelayanan dan suasana bagus,9 bulan lalu,,,,Saoenk Cobek Samata,Google Maps,2026-06-09 14:42:44
Ci9DQUlRQUNvZENodHljRjlvT2pSTFVHbE5ia05zUXpONldFTlNha3RVWWxVdFIwRRAB,Agung Mohammad,5,Tempat makan yg asik untuk keluarga 😊,9 bulan lalu,5,5,5,Saoenk Cobek Samata,Google Maps,2026-06-09 14:42:44
Ci9DQUlRQUNvZENodHljRjlvT21RMVVWWXdjVkpRTlcxaWNrVXRkV2xpY3poRGRYYxAB,tenri Aqsa,5,Recomended utk dinner with keluarga besar..parkiran ok,9 bulan lalu,5,5,5,Saoenk Cobek Samata,Google Maps,2026-06-09 14:42:44
Ci9DQUlRQUNvZENodHljRjlvT20xT1VWRnBhbEV0TVc5VFVpMTBkMTkwUTNSTmIwRRAB,Darulaqsa Amrah,5,Pelayanan sangat baik...dan makanan enak,9 bulan lalu,5,5,5,Saoenk Cobek Samata,Google Maps,2026-06-09 14:42:44
Ci9DQUlRQUNvZENodHljRjlvT25kdmFsSkpZemd0UzA5MGNVTlFNWGxNUTJWTVJIYxAB,Muhammad Dzulfadhlil M,5,,9 bulan lalu,5,5,5,Saoenk Cobek Samata,Google Maps,2026-06-09 14:43:04
Ci9DQUlRQUNvZENodHljRjlvT2xZeFdrNWxiMGhEYjBkdlNFNVpNbGRMYW1oc2VsRRAB,I Made Faldy Ariadi,5,Bagus,9 bulan lalu,5,5,5,Saoenk Cobek Samata,Google Maps,2026-06-09 14:43:04
Ci9DQUlRQUNvZENodHljRjlvT2tsemMwTXdPVUl6VjJSblZXdFhkRUkxVkZCNmRGRRAB,Alfyan Dwinata,5,,9 bulan lalu,5,5,5,Saoenk Cobek Samata,Google Maps,2026-06-09 14:43:04
Ci9DQUlRQUNvZENodHljRjlvT2xoMlIxOU9NVmhhVHkwek1FWXRUSEJGTFRCNmRVRRAB,Nabyla Ramadhani,2,tolong kasirnya lebih teliti lagi,9 bulan lalu,,,,Saoenk Cobek Samata,Google Maps,2026-06-09 14:43:04
Ci9DQUlRQUNvZENodHljRjlvT25WU05rMVNSelZXWVhwdmVXSkJibE51Ym5OeWRXYxAB,St Fahraeni,5,"makanan dengan harga terjangkau juga enak enak, favorit keluarga❤️",9 bulan lalu,5,5,5,Saoenk Cobek Samata,Google Maps,2026-06-09 14:43:04
Ci9DQUlRQUNvZENodHljRjlvT2s5bk1UTk9PRGMxWTFGb2MwWXhPRmxSTFVselMxRRAB,Muhammad Iqbal Dahlan,5,"Ada hadiah kemerdekaan... mantap
Makanannya juga enak enak",9 bulan lalu,5,5,5,Saoenk Cobek Samata,Google Maps,2026-06-09 14:43:04
Ci9DQUlRQUNvZENodHljRjlvT2s5d2VWZzBXR0ZrU1RVd2FGWXlNVkIxUWpWQlUwRRAB,M Rizal Ridwan,5,Bagus...direkomendasikan,9 bulan lalu,5,5,5,Saoenk Cobek Samata,Google Maps,2026-06-09 14:43:04
Ci9DQUlRQUNvZENodHljRjlvT25WTFoxQnVhVXd6V0dab1YyWXpXSEJ4TlhsTWVrRRAB,Muchlis Hasan,5,,9 bulan lalu,5,5,5,Saoenk Cobek Samata,Google Maps,2026-06-09 14:43:04
Ci9DQUlRQUNvZENodHljRjlvT21kd2FqVkJVVzB4WlVadVdtSjBPVE5pV0hORVgzYxAB,Muhammad Fajrin,5,"Harga makanannya affordable enak enak juga whort it banget untuk acara keluarga, tempatnya bersih dan nyaman",9 bulan lalu,5,5,5,Saoenk Cobek Samata,Google Maps,2026-06-09 14:43:04
Ci9DQUlRQUNvZENodHljRjlvT2xkRGJtdERXSFJPTjNCaGRUZDFaV05EU0hscU0yYxAB,SPV Sales Kunuku,5,Tempatnya cocok untuk kumpul2 keluarga,9 bulan lalu,5,5,5,Saoenk Cobek Samata,Google Maps,2026-06-09 14:43:04
Ci9DQUlRQUNvZENodHljRjlvT2tob2NuSkpVa1JDZFMxbE0wOXRlVTh3ZVdwTVkwRRAB,Fadilah Arifin,5,terbaik🔥🔥🔥 pilihan menunya banyak dan pelayanan memuaskan,9 bulan lalu,5,5,5,Saoenk Cobek Samata,Google Maps,2026-06-09 14:43:25
Ci9DQUlRQUNvZENodHljRjlvT210NlYzUkhXbVl3WkVWWVdUQmxVazFPTUVoNU1WRRAB,Matahari Senja,5,"makanannya enak banget, porsi pas dan harganya terjangkau. pelayanan ramah dan tempatnya nyaman buat nongkrong bareng teman. Recommended banget!",9 bulan lalu,4,5,4,Saoenk Cobek Samata,Google Maps,2026-06-09 14:43:25
Ci9DQUlRQUNvZENodHljRjlvT21ZMFpFdFFjRmRpVUc1MGJqUklNVEI2UmpoeFNHYxAB,Pika Harun,5,"Menyenangkan…pelayanan sangat ramah
Terima kasih kak lisa",9 bulan lalu,5,5,5,Saoenk Cobek Samata,Google Maps,2026-06-09 14:43:25
Ci9DQUlRQUNvZENodHljRjlvT2s5R1lWOW9WbGxYVVZkeGJtVTVlRXhuY1U5blUyYxAB,Tenri Harun,5,Rekomendasi untuk acara keluarga harga paketnya murah...:),9 bulan lalu,5,5,5,Saoenk Cobek Samata,Google Maps,2026-06-09 14:43:25
Ci9DQUlRQUNvZENodHljRjlvT2twSFltaFFlR1Z5ZVdsVVVHSkxaVGh6TW5CRk1YYxAB,Jus Amma,5,"Makanan enak, layanan cepat, the best",9 bulan lalu,5,5,5,Saoenk Cobek Samata,Google Maps,2026-06-09 14:43:25
Ci9DQUlRQUNvZENodHljRjlvT2pGUlgwNVZkMHBEYUV4a2NHVnRNekY2Y1c4MGNrRRAB,Fadil Fathurrahman,5,Tempatnya nyaman harga terjangkau,9 bulan lalu,5,5,5,Saoenk Cobek Samata,Google Maps,2026-06-09 14:43:25
Ci9DQUlRQUNvZENodHljRjlvT2xOWlNXNWtWSEIxWDBsMmJHOXBTekJIWWw5U1ptYxAB,Muhammad Ichsan,5,,9 bulan lalu,5,5,5,Saoenk Cobek Samata,Google Maps,2026-06-09 14:43:25
Ci9DQUlRQUNvZENodHljRjlvT2toNVQzbHBOM0ZhVDE5d1kxaGllR3RXTFZOQ2VFRRAB,Diky Wahyudi,5,Pelayanan sangat baik dan memuaskan aswin,9 bulan lalu,5,5,5,Saoenk Cobek Samata,Google Maps,2026-06-09 14:43:25
Ci9DQUlRQUNvZENodHljRjlvT25sRGVreDNZM1JrY1dkVlNGVkdkRGwwY21kVVVHYxAB,Udgfy Fjdbfju,5,"Tempatnya bagus, dan nyaman
Menu masakannnya enak dan paling utama pelayanannya bagus, pelayannya ramah
Paling recomended💖💖 , selain itu harganya jg gak nguras kantong😊",9 bulan lalu,5,5,5,Saoenk Cobek Samata,Google Maps,2026-06-09 14:43:25
Ci9DQUlRQUNvZENodHljRjlvT2tWUWNsQkdSMlp3VFRWTk1rdGlXVWRoWVdOZlExRRAB,Diky Wahyudi,5,makanan dan tempatnya sangat memuaskan aswin,9 bulan lalu,5,5,5,Saoenk Cobek Samata,Google Maps,2026-06-09 14:43:25
Ci9DQUlRQUNvZENodHljRjlvT21oUVdXdE1YMkpVVkdKUWNYZHlaekIyWVZBelptYxAB,Dinan Faiz,5,Makanan tdk ada yg fail. Enak semua. Pelayanan jg bagus. Ramah dan peka. Terbaik,9 bulan lalu,5,5,4,Saoenk Cobek Samata,Google Maps,2026-06-09 14:43:45
Ci9DQUlRQUNvZENodHljRjlvT25oRVZGZEtNSGt3Y21GTGMzWTVXREIzUVZWbE1WRRAB,Yuyun purwandari,5,"Pelayanan sangat ramah, makanan enak , sesuai selera, dilayani dngan baik oleh mb lisa",10 bulan lalu,5,5,5,Saoenk Cobek Samata,Google Maps,2026-06-09 14:43:45
Ci9DQUlRQUNvZENodHljRjlvT2tKblFUaG5ZMlpMV1RJeFpsUjZTVFYyYjBONmVYYxAB,Luthfina Haryutwinita,5,"harga dan makanannya sangat worth it, pelayanan cepat, dan suasananya bagus",10 bulan lalu,5,5,5,Saoenk Cobek Samata,Google Maps,2026-06-09 14:43:45
Ci9DQUlRQUNvZENodHljRjlvT2xCUlVrdDZNa1pLUzAxd1gxWTFXVVJpYTIwMllVRRAB,Fihrin Fatha,5,,10 bulan lalu,5,5,5,Saoenk Cobek Samata,Google Maps,2026-06-09 14:43:45
Ci9DQUlRQUNvZENodHljRjlvT2t0SWREbEpSbkYxVlhwTk4yMTNkVmhGUVZWWlgzYxAB,Anugrah Syahrir,5,"Tempatnya cozy, makanannya enak, murah, pelayanan bagus dan ramah.",10 bulan lalu,5,5,5,Saoenk Cobek Samata,Google Maps,2026-06-09 14:43:45
Ci9DQUlRQUNvZENodHljRjlvT25CS1NIQktjbkZKV0dkNmNFNXFlbXd3YnkxdmEwRRAB,sungguminasa data,5,,10 bulan lalu,5,5,5,Saoenk Cobek Samata,Google Maps,2026-06-09 14:43:45
Ci9DQUlRQUNvZENodHljRjlvT2s4MmFsbEJOR3R2TlY5NlJHMUhWVXBNVVZoZlFsRRAB,Rusdiansyah Ian,5,"Aman, nyaman, sejuk, tenang...
Sangat cocok buat ajak keluarga...
Pelayanan prima dan ramah...",10 bulan lalu,5,5,5,Saoenk Cobek Samata,Google Maps,2026-06-09 14:43:45
Ci9DQUlRQUNvZENodHljRjlvT2xGdWEwaFJNRWR2U2xKT0xYSmFiRzlwVkhKRk5rRRAB,Rusdiansyah Daeng nyampa,5,"Aman, nyaman, tenang, pelayanan prima...
Oke buat bawa keluarga",10 bulan lalu,5,5,5,Saoenk Cobek Samata,Google Maps,2026-06-09 14:43:45
Ci9DQUlRQUNvZENodHljRjlvT2xoU2REVjFVV0ZSTlUxUExWRkNWbEExVm5wV01tYxAB,Istiqamah Maggu,5,,10 bulan lalu,,,,Saoenk Cobek Samata,Google Maps,2026-06-09 14:43:45
Ci9DQUlRQUNvZENodHljRjlvT2xac2JESnhURmM1VkhFNFVTMXVValZyZFZsQlNuYxAB,Hj Fitri dwiyanti,5,"Semua jenis makannx enak pas dilidah..
Pelayananx jg bagus..
(Alwin)",10 bulan lalu,,,,Saoenk Cobek Samata,Google Maps,2026-06-09 14:43:45
Ci9DQUlRQUNvZENodHljRjlvT25GR2RIWndNbFo2YkRCRk5tSTRXakpSUkdkVmJHYxAB,fatma wati,5,Pelayanan terbaik,10 bulan lalu,,,,Saoenk Cobek Samata,Google Maps,2026-06-09 14:44:06
Ci9DQUlRQUNvZENodHljRjlvT2xwWU9IbEtYMnBZZUU5eWNFa3RiR05GTWxReFgxRRAB,Chimonk Abdu,5,,10 bulan lalu,5,4,4,Saoenk Cobek Samata,Google Maps,2026-06-09 14:44:06
Ci9DQUlRQUNvZENodHljRjlvT2pKeE1WVnFaWFJ2WlRobFFrZzFaV050ZUV0cFVsRRAB,Andi Nurlina,5,"Pelayanax. Baik . Ramah . Roomx bersih. .. makananx enak ..
Cukup memuaskan
.porsix. Oke .. mksh saoenk cobek samata
Rombongan uin ..",10 bulan lalu,,,,Saoenk Cobek Samata,Google Maps,2026-06-09 14:44:06
Ci9DQUlRQUNvZENodHljRjlvT25Sa2RWRkxOa2QwWVROeGJtWkRNbVV4YUVkdmVHYxAB,ola londo,5,,10 bulan lalu,5,5,5,Saoenk Cobek Samata,Google Maps,2026-06-09 14:44:06
Ci9DQUlRQUNvZENodHljRjlvT2xjMlZVTTVTbXBvTm1sWGFUUmZjV0p1TUdGaVdYYxAB,Hj simpur Hager,5,Pertahankan cita rasa dan pelayanan,10 bulan lalu,5,5,5,Saoenk Cobek Samata,Google Maps,2026-06-09 14:44:06
Ci9DQUlRQUNvZENodHljRjlvT2t4Q1MweG1lVkJOVTJZMmMyRnNiVXQzUm01UFJtYxAB,Nur Faedah,4,"Makanannya enak, porsinya banyak. Lumayan lama menunggu tapi ngga apa",10 bulan lalu,5,5,5,Saoenk Cobek Samata,Google Maps,2026-06-09 14:44:06
Ci9DQUlRQUNvZENodHljRjlvT2sxbVltWXdTekpyVHpWT1dFTkxjRGxFVlhOQ1pWRRAB,Athifa Ikhtiari,5,"Suasana enak, pelayanan cepat",10 bulan lalu,5,5,5,Saoenk Cobek Samata,Google Maps,2026-06-09 14:44:06
Ci9DQUlRQUNvZENodHljRjlvT25Wek1XNWZWV2RIZG5neWFYQklOa3A0Y25Kc2ExRRAB,Resky Wulandari,5,,10 bulan lalu,5,4,5,Saoenk Cobek Samata,Google Maps,2026-06-09 14:44:06
Ci9DQUlRQUNvZENodHljRjlvT21KQldWRnRWSEJsTWtKSmRrWnhWekI1ZW01aE9FRRAB,Skinny Manly,5,Bagus semua🫶,10 bulan lalu,5,5,5,Saoenk Cobek Samata,Google Maps,2026-06-09 14:44:06
Ci9DQUlRQUNvZENodHljRjlvT2xOVFgwNWZlVGhaUjJkc2VVUTFlVmh2U1dsMlZGRRAB,Yayan Pradana,5,"Layanan cepat, makanan enak, suasana keren banget",10 bulan lalu,5,5,5,Saoenk Cobek Samata,Google Maps,2026-06-09 14:44:06
Ci9DQUlRQUNvZENodHljRjlvT2pOa1Z6bFFNMUpTU0hGU2JWWnVRVnB0U0d4cVNVRRAB,Ahmad Sufandy,5,"Enak tawwa makanan nya, nda terlalu lama menunggu, pokok nya makyusss",10 bulan lalu,5,5,5,Saoenk Cobek Samata,Google Maps,2026-06-09 14:44:26
Ci9DQUlRQUNvZENodHljRjlvT25wUlZITlNla3BmWlhOMk16TTVhSFZhTnpseWRVRRAB,Rachmat Aris,5,pelayannya gercep. mantap,10 bulan lalu,5,5,5,Saoenk Cobek Samata,Google Maps,2026-06-09 14:44:26
Ci9DQUlRQUNvZENodHljRjlvT21KRVFXNTZNMjF5YTJkdU5FeE5MV1V5WlZKWU1YYxAB,Sari Erningsih Salim,4,Recomended,10 bulan lalu,4,4,4,Saoenk Cobek Samata,Google Maps,2026-06-09 14:44:26
Ci9DQUlRQUNvZENodHljRjlvT2xabVNGTjNTa3RVUldjMVVtdGxjMDFVU1VNeE1tYxAB,Zulfahmi Farma,4,mantaplah,10 bulan lalu,4,4,4,Saoenk Cobek Samata,Google Maps,2026-06-09 14:44:26
Ci9DQUlRQUNvZENodHljRjlvT2xVMGQycEhlRFZQVTAxNVNFWlFSVGQ1UkdKMUxVRRAB,Yusuf Syarif,5,"Makanan enak lezat, harga terjangkau dan pelayanan terbaikk, rekomendasi tempat makan bareng keluarga teman kerja dan kegiatan kantor",10 bulan lalu,,,,Saoenk Cobek Samata,Google Maps,2026-06-09 14:44:26
Ci9DQUlRQUNvZENodHljRjlvT2pOM2EyMXdhRlpmYTFwR0xWWnphM3BSY2pNMVFWRRAB,Fia Luthfiah,4,"makanannya enak2, sevicenya bagus",10 bulan lalu,4,4,4,Saoenk Cobek Samata,Google Maps,2026-06-09 14:44:26
Ci9DQUlRQUNvZENodHljRjlvT2pOQ1ZUZzNXV1UxVVZKUVRtZG9kbWhIVmt0V1lsRRAB,Camel Camel,5,,10 bulan lalu,5,5,5,Saoenk Cobek Samata,Google Maps,2026-06-09 14:44:26
Ci9DQUlRQUNvZENodHljRjlvT2tFMlJVRnpVR1pwYkdoakxYTkJTbnBOUjB0bVdYYxAB,pinka hardiyana,5,aku ingin,10 bulan lalu,5,5,5,Saoenk Cobek Samata,Google Maps,2026-06-09 14:44:26
Ci9DQUlRQUNvZENodHljRjlvT2xnMlJXRXpjbVZNT0ZkQlQyMXZYemhpUldOek5XYxAB,Zulqifli,5,Makanan enak dan harga lumayan terjangkau,10 bulan lalu,,,,Saoenk Cobek Samata,Google Maps,2026-06-09 14:44:26
Ci9DQUlRQUNvZENodHljRjlvT2xsT1drWXRWbnB3TUdVeVUwOUJiV3hLYVhkS1dFRRAB,Andri Ani,5,"Makanan enak dan pelayan juga ramah ,apa lagi cumi hitam nya enak sekalii 👭👫👬, staff juga baik2,terimakasih bu lisa... Pelayanan yang bagus 👍...",10 bulan lalu,4,5,4,Saoenk Cobek Samata,Google Maps,2026-06-09 14:44:26
Ci9DQUlRQUNvZENodHljRjlvT2xkblQybFNlbXMwZEVka2NXcE5kbUpSZDJVNU9HYxAB,Ria 1234,5,"MasyaAllah tempat dan pelayanannya sangat bagus
@Lisa",10 bulan lalu,5,5,5,Saoenk Cobek Samata,Google Maps,2026-06-09 14:44:47
Ci9DQUlRQUNvZENodHljRjlvT21Ga2MyNVNkMjFuU0daRFdXRm1ZVmhFVFhCSlVIYxAB,Nita Nurul,4,,10 bulan lalu,4,5,5,Saoenk Cobek Samata,Google Maps,2026-06-09 14:44:47
Ci9DQUlRQUNvZENodHljRjlvT21OR2FVNWFlV0pJZEZSblVXNW9URUZaWlZZMlRsRRAB,A.SuciIndrawan,5,,10 bulan lalu,5,5,5,Saoenk Cobek Samata,Google Maps,2026-06-09 14:44:47
Ci9DQUlRQUNvZENodHljRjlvT2pFNVpEbDRjSFJsZW1ZelZYRTNlazg0Vlc1WlNFRRAB,Alwi 01,5,Makannya enak gurih dan pelayanannya baik dan ramah pokoknya mantap,10 bulan lalu,5,5,5,Saoenk Cobek Samata,Google Maps,2026-06-09 14:44:47
Ci9DQUlRQUNvZENodHljRjlvT2xOb1RYSldWakJQUkVocVpYRjBTV2g0YUVGcU5XYxAB,Ans Far,5,,10 bulan lalu,5,5,5,Saoenk Cobek Samata,Google Maps,2026-06-09 14:44:47
Ci9DQUlRQUNvZENodHljRjlvT2pGM1JGWnJjSE5EYVRKclgwZHhTVVpHY1UxUlFXYxAB,Nurhayati Hayati 1047,5,Alhamdulillah selama makan di saoenk cobek makanan enak-enak dan pelayanannya bagus,10 bulan lalu,5,5,5,Saoenk Cobek Samata,Google Maps,2026-06-09 14:44:47
Ci9DQUlRQUNvZENodHljRjlvT2xBM1luTmxRVTV0TkV4UFF6UkxUMFp1YkhGMmFXYxAB,Hasni Hasni,5,,10 bulan lalu,4,4,4,Saoenk Cobek Samata,Google Maps,2026-06-09 14:44:47
Ci9DQUlRQUNvZENodHljRjlvT21ORWNrdHdRbUpJV0hkdU5FSnBTa1JwY2pnd1pHYxAB,Nurmiyanti Nurmi,4,,10 bulan lalu,4,4,4,Saoenk Cobek Samata,Google Maps,2026-06-09 14:44:47
Ci9DQUlRQUNvZENodHljRjlvT214T1dWbEplamhFY3kxa1VqUllWa3h2TXpWS05WRRAB,Nurdiana,5,Makanannya mantap.. Sangat rekomended,10 bulan lalu,5,5,5,Saoenk Cobek Samata,Google Maps,2026-06-09 14:44:47
Ci9DQUlRQUNvZENodHljRjlvT2pkTlRWOUNjRXBmYURsWGNHdEtSWGxVYzNadVNIYxAB,Kartiah Kartiah,5,"Pelayanannya bagus..
An. Suci",10 bulan lalu,5,5,5,Saoenk Cobek Samata,Google Maps,2026-06-09 14:44:47
Ci9DQUlRQUNvZENodHljRjlvT21sUVV6Sm5MV1ZZU0RrM1Yya3phSFZQTXpnMWIzYxAB,hasnah math01,5,Suasanya nyaman... Pelayanannya ramah dan cepat.... Makanannya enak.. Recomended....,10 bulan lalu,5,5,5,Saoenk Cobek Samata,Google Maps,2026-06-09 14:45:07
Ci9DQUlRQUNvZENodHljRjlvT2tWaFFuSktaak5qVTNCc1pXTnFPV3gyTlhkT09YYxAB,Infinix Chymot,5,Tempatnya asyik....buat yg mw nongki2....Recomed buat kamu,10 bulan lalu,5,5,5,Saoenk Cobek Samata,Google Maps,2026-06-09 14:45:07
Ci9DQUlRQUNvZENodHljRjlvT2tGVWJWOWtiWEJHU0dsWlJtRnVNVmgwY1c5aGIxRRAB,Jinna Inna,5,Suasananya nyaman... Penyajian makanannya tidak lama... Makanannya enak... Recomendasi sih...,10 bulan lalu,5,5,5,Saoenk Cobek Samata,Google Maps,2026-06-09 14:45:07
Ci9DQUlRQUNvZENodHljRjlvT205VFQxa3hRMGRwVFRaSFdHMWllRzVzTXpVd1dsRRAB,Elita Fadli,5,"Makanan enak, pelayanam atas nama Lisa ramah dan baik, suasananya adem enak untuk refreshing sambil makan.",10 bulan lalu,5,5,5,Saoenk Cobek Samata,Google Maps,2026-06-09 14:45:07
Ci9DQUlRQUNvZENodHljRjlvT2t0elFsbFRkVTFRV0V0Wk0yUmFXR2xRYlV0MlJrRRAB,Emmi Ambo lolo,5,"Pesanan take away nya cepat
Lisa",10 bulan lalu,5,5,5,Saoenk Cobek Samata,Google Maps,2026-06-09 14:45:07
Ci9DQUlRQUNvZENodHljRjlvT25sSk1sbFhPRGx3TTJ4SU5WSlFUazB3T0VkT1owRRAB,Ahmad,5,Aman dan nyaman makan bersama keluarga,10 bulan lalu,5,5,5,Saoenk Cobek Samata,Google Maps,2026-06-09 14:45:07
Ci9DQUlRQUNvZENodHljRjlvT2xod09YTlpPRWw1U0daTFZHWkRlREZvYm14S1RGRRAB,Lely Herawaty,5,suasanax nyaman buat makan bareng kluarga tercinta 👍,10 bulan lalu,5,5,5,Saoenk Cobek Samata,Google Maps,2026-06-09 14:45:07
Ci9DQUlRQUNvZENodHljRjlvT20welVrbHFaRlo0TjNwa1FtY3lhVTV1U0V0TlUzYxAB,Lis Warr,5,"pelayan ramah dan baik makasih sudah melayani dengan baik makananya mantap dan enak""",10 bulan lalu,5,5,5,Saoenk Cobek Samata,Google Maps,2026-06-09 14:45:07
Ci9DQUlRQUNvZENodHljRjlvT2t0ak5sQlFlRzV3VFUxRlpUQjJlaTFXY2xaTmJYYxAB,Endru Ji,5,Makanannya mantap poll pelayanan baik dan ramah,10 bulan lalu,5,5,5,Saoenk Cobek Samata,Google Maps,2026-06-09 14:45:07
Ci9DQUlRQUNvZENodHljRjlvT2tGU1duZEpabGx3Yld4R2VuRTVNbWgwTjJkb1JHYxAB,ahmad mudzakkir,5,"Menu-menunya rekomendet..silahkan merapat kak
Makasih kak suci",10 bulan lalu,5,5,5,Saoenk Cobek Samata,Google Maps,2026-06-09 14:45:07
Ci9DQUlRQUNvZENodHljRjlvT25kVFNFdEdVRnBRYTJoM1FVdzJiamRvVW5ac2IwRRAB,Alwi Ji,5,Makanan nya enak recommended banget kalo di sini tempat bersih dan pelayanannya ramah dan baik👍,10 bulan lalu,5,5,5,Saoenk Cobek Samata,Google Maps,2026-06-09 14:45:28
Ci9DQUlRQUNvZENodHljRjlvT25oSGFGQmxUVTVGYTJsWFVWaGlSVWMyTlc1RFFtYxAB,Andi Mulia Rosharika,5,"makanannya enak,kolam nya kalau jernih lebih bagus👍😍",10 bulan lalu,5,5,5,Saoenk Cobek Samata,Google Maps,2026-06-09 14:45:28
Ci9DQUlRQUNvZENodHljRjlvT25SSFNHdHRlWGxHU3pSdlZXVjNSa3BtTjFWQlRWRRAB,ika hersanty,5,Makanannya enak dan pelayananya mantap👍,10 bulan lalu,5,5,5,Saoenk Cobek Samata,Google Maps,2026-06-09 14:45:28
Ci9DQUlRQUNvZENodHljRjlvT2pSS1QxTlVkMWhqWkRSNExYRkdlVTQyYlRkMVFsRRAB,Hasnawaty,5,Mantap 👍,10 bulan lalu,5,5,5,Saoenk Cobek Samata,Google Maps,2026-06-09 14:45:28
Ci9DQUlRQUNvZENodHljRjlvT21WNGIyUTFXbU5qUW10WWJEVlRMWGRCZGpkRWQwRRAB,nadijeneponto,4,Nyaman enak dan bagus,10 bulan lalu,4,4,4,Saoenk Cobek Samata,Google Maps,2026-06-09 14:45:28
Ci9DQUlRQUNvZENodHljRjlvT21oc1FuaEZVRU5TVUV0YVJVVXdOMlF4Y0VZMVJGRRAB,Asmaul Husna,5,Bagus bangett enakkk sejuk nyaman❤️,10 bulan lalu,5,5,5,Saoenk Cobek Samata,Google Maps,2026-06-09 14:45:28
Ci9DQUlRQUNvZENodHljRjlvT21nNVNrZGpUV2RaVmxaaVQzTXdiRWgyVUc1TE9HYxAB,Hasma Sugianto,5,"Menu kepiting nampanx recommend,. Otak2 jga best,. Just alpukatx juga pas manisx,.",10 bulan lalu,5,5,5,Saoenk Cobek Samata,Google Maps,2026-06-09 14:45:28
Ci9DQUlRQUNvZENodHljRjlvT25oME9GbFZVVkZ6TmtoWFZWbGZZMGsxV0hSMmQwRRAB,Nur cahaya Tita,5,Makanannya enak,10 bulan lalu,5,5,5,Saoenk Cobek Samata,Google Maps,2026-06-09 14:45:28
Ci9DQUlRQUNvZENodHljRjlvT2tOTGJuRXdNRVpXWmt4SWRWcEVPVE5DWVc1RGNtYxAB,Firman Iffah,5,,10 bulan lalu,,,,Saoenk Cobek Samata,Google Maps,2026-06-09 14:45:28
Ci9DQUlRQUNvZENodHljRjlvT25GUmRreFhkbFZEVDNsMWVGRm9jVk5uVUc4NFZFRRAB,St. Munawarah Una,5,,10 bulan lalu,,,,Saoenk Cobek Samata,Google Maps,2026-06-09 14:45:28
Ci9DQUlRQUNvZENodHljRjlvT2toUVdYZDVWbmxmUkVJeVlWOTZZbmh0VlhwTFFtYxAB,MMM STORE,5,,10 bulan lalu,,,,Saoenk Cobek Samata,Google Maps,2026-06-09 14:45:49
Ci9DQUlRQUNvZENodHljRjlvT2tKelduaHFWVzlQZFhwMGFsSkVPV05xUWxwcFUwRRAB,Muhammad Agung Ishak,5,Terimakasih Lisa pelayanan nya baik dan Makannya enak rekomendasi sih Kalau Lagi Di Makassar 👍,10 bulan lalu,5,5,5,Saoenk Cobek Samata,Google Maps,2026-06-09 14:45:49
Ci9DQUlRQUNvZENodHljRjlvT2t4S2QwUlpXV2RaUm10YWJqSkJWQzFEZDNGMlYxRRAB,Chogzx 01,5,Makan enakk,10 bulan lalu,5,5,5,Saoenk Cobek Samata,Google Maps,2026-06-09 14:45:49
Ci9DQUlRQUNvZENodHljRjlvT2xWdGVETmpkVVZuWjBrd2FWOUNjRXMwYzJZek4zYxAB,Nur Rahmy,5,,10 bulan lalu,,,,Saoenk Cobek Samata,Google Maps,2026-06-09 14:45:49
Ci9DQUlRQUNvZENodHljRjlvT25KV2NtMTFhRkZCT1dkU1dEUldla0ZJTkRSdVptYxAB,Ririn Ariansyah,5,Oke dari,10 bulan lalu,5,5,5,Saoenk Cobek Samata,Google Maps,2026-06-09 14:45:49
Ci9DQUlRQUNvZENodHljRjlvT2kxbk1qWTNXRkZSZEZWc1lXWlJSVGRWTVc1MVpsRRAB,Andi Nur Batari Hana,5,"makanannya semua enak dan susananya nyaman
-mila",10 bulan lalu,5,5,5,Saoenk Cobek Samata,Google Maps,2026-06-09 14:45:49
Ci9DQUlRQUNvZENodHljRjlvT20xWlRYWjZSblF3Y1hKNE1rOWxjMWRUVUc4d2NFRRAB,Apphy Syarif,5,"Untuk yang lagi diet, jammiki kesini!
Besarki ikannya 😂",10 bulan lalu,5,5,5,Saoenk Cobek Samata,Google Maps,2026-06-09 14:45:49
Ci9DQUlRQUNvZENodHljRjlvT2xSb2R6WlZZWFZqUzNCaFZsWkhZbUZaZW1rek1YYxAB,Erik Yusran,5,sangat memuaskan di cabanv manapun,10 bulan lalu,5,5,5,Saoenk Cobek Samata,Google Maps,2026-06-09 14:45:49
Ci9DQUlRQUNvZENodHljRjlvT25sbWQySjRkMmhuVUU1NFJsOUdjRmRPY1dOZmFtYxAB,alifka gusrynanda,5,Harga dan makanan sesuai. Rekomended untuk dijadikan tempat acara,10 bulan lalu,,,,Saoenk Cobek Samata,Google Maps,2026-06-09 14:45:49
Ci9DQUlRQUNvZENodHljRjlvT2kxWVJFTnNXRzU2TjJGS1kybFBjSGxyV0ZsdlExRRAB,Khansa Khalishah,5,,11 bulan lalu,5,5,5,Saoenk Cobek Samata,Google Maps,2026-06-09 14:45:49
Ci9DQUlRQUNvZENodHljRjlvT2poc1JYUXlkMEZtTW1SNlMxaG9SMVZITm1KM1gxRRAB,ANDI WIDYA RAMADHANI RAHMI,5,pelayanan aswin oke,11 bulan lalu,5,5,5,Saoenk Cobek Samata,Google Maps,2026-06-09 14:46:09
Ci9DQUlRQUNvZENodHljRjlvT21OSVlXUm1TMlY1TTBZeGVuWjJSWGR2ZFVRME1uYxAB,Citra Citra,5,Mantap,11 bulan lalu,,,,Saoenk Cobek Samata,Google Maps,2026-06-09 14:46:09
Ci9DQUlRQUNvZENodHljRjlvT205VFIxWm1SVnA2U1RSb2IxTnZUVlZFU1VsWk9WRRAB,Muhammad Afham,5,,11 bulan lalu,,,,Saoenk Cobek Samata,Google Maps,2026-06-09 14:46:09
Ci9DQUlRQUNvZENodHljRjlvT2tKeFZrOVBaSEIyWVVOS2NsRkhjVUo1YlhSdmFXYxAB,Andi Ulfa Anggreni,5,Pelayanan baik,11 bulan lalu,,,,Saoenk Cobek Samata,Google Maps,2026-06-09 14:46:09
Ci9DQUlRQUNvZENodHljRjlvT2pGeVJ6QnBNRmt5VVZGdWFHWnhiVzR3U0dkQmRWRRAB,Nikita Michiko,5,Pelayan bagus thank aswin,11 bulan lalu,5,5,5,Saoenk Cobek Samata,Google Maps,2026-06-09 14:46:09
Ci9DQUlRQUNvZENodHljRjlvT2xwcE9VbERWMUI0ZEVsWWVXbGhaRGhYYVVWWlVsRRAB,Desy citra Ayu,5,"Tempatnya nyaman, makanan juga enak,terima kasih suci pelayannya gercep",11 bulan lalu,5,5,5,Saoenk Cobek Samata,Google Maps,2026-06-09 14:46:09
Ci9DQUlRQUNvZENodHljRjlvT21rNE4wcFVaeTF4VmtoT1VEUnBZMGhEYm5SYVNVRRAB,amri syam,4,,11 bulan lalu,3,3,4,Saoenk Cobek Samata,Google Maps,2026-06-09 14:46:09
Ci9DQUlRQUNvZENodHljRjlvT2s1MFVsRm5hWHBxTXpacloxQmZiMjlqZFZCd2JsRRAB,Tirta zulfikar,4,Setelah coba mkn si soenk cobek samata.. Recomended banget menunya.. Rasanya enak.. Tempatnya bagus.. Pelayanan tingkatkan terus yaa.. Sejauh ini okelahhh,11 bulan lalu,,,,Saoenk Cobek Samata,Google Maps,2026-06-09 14:46:09
Ci9DQUlRQUNvZENodHljRjlvT2xSaGFsTTJPWFZCWVZsaWQwZHpOVlF5UnpseWFtYxAB,Fitrizky Ch. Tunggal,5,"tempatnya baguss, makanannya enak, harganya affordable",11 bulan lalu,5,5,5,Saoenk Cobek Samata,Google Maps,2026-06-09 14:46:09
Ci9DQUlRQUNvZENodHljRjlvT2s4M2JrcHlTRVpRUm5WeVRVUm5ialZNTUZsT1prRRAB,Anindya Azka,5,,11 bulan lalu,5,5,5,Saoenk Cobek Samata,Google Maps,2026-06-09 14:46:09
Ci9DQUlRQUNvZENodHljRjlvT2t0eVZsWkNkRWhZYW5oWlJWUjBUVUZ2WlV0M1RFRRAB,chadijah siti,5,,11 bulan lalu,5,5,5,Saoenk Cobek Samata,Google Maps,2026-06-09 14:46:30
Ci9DQUlRQUNvZENodHljRjlvT25CRE9UQTRNRTUzYUZSTlIxWkpVemRDU2pGUlIxRRAB,yulianti burhan,5,Pelayanannya bagus,11 bulan lalu,,,,Saoenk Cobek Samata,Google Maps,2026-06-09 14:46:30
Ci9DQUlRQUNvZENodHljRjlvT25sTllYVmtSMVo1Um5ocFZHTk9kelowTlVkNGMyYxAB,Anissa Reski,5,"Suasan sejuk, walaupun datang jam 12 siang tetap adem suasannya. Padahal di luar sna mataharinya terik sekali tp dlm saung tetap sejuk, jadi nyaman makan.
Makanannya sm di resto saung biasanya ada yg biasa sj ada yg lumayan enak
Pelayanannya ok & cepat",11 bulan lalu,3,4,5,Saoenk Cobek Samata,Google Maps,2026-06-09 14:46:30
Ci9DQUlRQUNvZENodHljRjlvT2pCblpYVjJSbU56YjI5c1NHb3hjRVJ2YXpVdFoyYxAB,Nasyaafil,4,seru bisa kasih makan ikan,11 bulan lalu,,,,Saoenk Cobek Samata,Google Maps,2026-06-09 14:46:30
Ci9DQUlRQUNvZENodHljRjlvT2xoaFRtOVJkVGhJVkdWek4zRjNVVU0yTmxSdFVGRRAB,Kartini Tini,5,"Pelayanannya bagus, ramah",11 bulan lalu,5,5,5,Saoenk Cobek Samata,Google Maps,2026-06-09 14:46:30
ChdDSUhNMG9nS0VJQ0FnSUNhaG8tMHVnRRAB,Putri Humaira Salsabila,5,"Makanannya enak, pelayanannya cepat, hospitalitynya bagus, apalagi managernya ramah dan cepat tanggap",Diedit 11 bulan lalu,5,5,5,Saoenk Cobek Samata,Google Maps,2026-06-09 14:46:30
Ci9DQUlRQUNvZENodHljRjlvT2pObmFEVkpNbEpUUzBkSlEyWjVhME5yY1UxR1ZFRRAB,Dwi Utami,5,Secara keseluruhan bagus.,11 bulan lalu,5,5,5,Saoenk Cobek Samata,Google Maps,2026-06-09 14:46:30
Ci9DQUlRQUNvZENodHljRjlvT25aNFYzQnVaMnBaZWxNdGNuQkxUM1JMTmxGVE5IYxAB,tika nurfais,5,MasyaAllah saung cobek samata ternyata memiliki tempat dengan pemandangan alam yang indah...serta penyajian makanan yang super enak dari deasert serta makanan utama yang super enak dan lezat...selain itu pelayanan yang cepat dan pelayannya yang ramah membuat tempat ini semakin di minati..🙂🙂🙂,11 bulan lalu,5,5,5,Saoenk Cobek Samata,Google Maps,2026-06-09 14:46:30
Ci9DQUlRQUNvZENodHljRjlvT25rNGFWbFFkR0l5VjJSNmNubHlNREZyWDJJd1ZrRRAB,Quenzi Ali,5,recomended! enaaak! tempatnya nyaman dan pelayan ramah.,11 bulan lalu,5,5,5,Saoenk Cobek Samata,Google Maps,2026-06-09 14:46:30
Ci9DQUlRQUNvZENodHljRjlvT2xoNVFscGFNRXRuUzFwMlVYcG1hVGhwZVc5blRWRRAB,Whia Nurwia,5,,11 bulan lalu,5,5,5,Saoenk Cobek Samata,Google Maps,2026-06-09 14:46:30
Ci9DQUlRQUNvZENodHljRjlvT2pCTmRubFpVbEU1TFdsVVowTkdja2xIWkUxeWMwRRAB,Ilham Ramadhan,5,"Pelayanan ramah .. cepat..
Suasanan bersih..
Semua menyambut pas masuk .. udang telur adinx. Mantap sekali. .rekomendid deh. Buat keluarga .. semua teamx. Ramah sekali",11 bulan lalu,5,5,5,Saoenk Cobek Samata,Google Maps,2026-06-09 14:46:50
Ci9DQUlRQUNvZENodHljRjlvT25kdU1HeHBOMVZRZGpGSU1YTkdVM0JMYVZCS2JsRRAB,Nurul Irhamni Fajri,5,"Pelayanan baik .ramah. cepat.
Makann enak
Suasanan adem
D layanai sm  aswin  good job .
Semoga bisa kembali lagi ke sini ..mksh saoenk cobek ..",11 bulan lalu,5,5,5,Saoenk Cobek Samata,Google Maps,2026-06-09 14:46:50
Ci9DQUlRQUNvZENodHljRjlvT2xZd1dYbEtiVUpmTFd4all6Rk5URFo1V0VOa2VYYxAB,Chlista .PropertyMks,5,makanan yang disajikan cukup rapih. rasa juga enak.banyak varian menu dan cukup terjangkau. next time mungkin saya akan kembali untuk bikin acara arisan keluarga.,11 bulan lalu,5,5,5,Saoenk Cobek Samata,Google Maps,2026-06-09 14:46:50
Ci9DQUlRQUNvZENodHljRjlvT25SQmRIVm1TeTFYYkU1dlltdzVRbW8yV21GNlVVRRAB,Muadz Usman,4,,Diedit 11 bulan lalu,3,4,2,Saoenk Cobek Samata,Google Maps,2026-06-09 14:46:50
Ci9DQUlRQUNvZENodHljRjlvT2pCemJUVnNkRzE0VlVZd1lVTTFRVXN0VFZOT1YyYxAB,asniar kahar,5,"Lumayan enak, sesuai harga, pelayanan sangat baik👍",11 bulan lalu,4,5,5,Saoenk Cobek Samata,Google Maps,2026-06-09 14:46:50
Ci9DQUlRQUNvZENodHljRjlvT21ock1GRllZVEpXU0doQ09WRlBSbVZYUVZGRVpVRRAB,Hardianti,5,Mantap,11 bulan lalu,5,5,5,Saoenk Cobek Samata,Google Maps,2026-06-09 14:46:50
Ci9DQUlRQUNvZENodHljRjlvT2pGVlVuQXRiMlE1YzBaVk1HTnBkbUZsVjBwM1VVRRAB,Aditya Achmad,5,"Makanannya enak, ikannya besar dan pelayanannya cepat. Jenis sausnya masih ahrus ditambah sih. -By Aswin",11 bulan lalu,5,5,5,Saoenk Cobek Samata,Google Maps,2026-06-09 14:46:50
Ci9DQUlRQUNvZENodHljRjlvT2tsSFNHUklMVGRQYkZKdllsRXdWVE5qZVVocmFWRRAB,ina zadaruddin,5,"Makanannya enak, tempatnya nyaman.
(Aswin)",11 bulan lalu,,,,Saoenk Cobek Samata,Google Maps,2026-06-09 14:46:50
Ci9DQUlRQUNvZENodHljRjlvT2psU1VtUkNWalJFTFZOTVlrcDRPV2t6TXpaVVdHYxAB,Nur_ Haeda,5,"Semuanya ramah baik🤍
Mulai dari pelayanan atas nama Mas Aswin sampai selesai
So far good",11 bulan lalu,4,5,4,Saoenk Cobek Samata,Google Maps,2026-06-09 14:46:50
Ci9DQUlRQUNvZENodHljRjlvT20wdGRUTjJjMGd0T0Y5SVJIZzNWM2RtTmtGWGVWRRAB,Rosnia Razak,5,"Mantap enak
Pelayanan
Aswin",11 bulan lalu,5,5,5,Saoenk Cobek Samata,Google Maps,2026-06-09 14:46:50
Ci9DQUlRQUNvZENodHljRjlvT2xoV2N6Sk9VWGgyV0ZSeGVXVXdYM1JQYVZWR04xRRAB,Rahmat Kamriadi,5,Sangat bagus,11 bulan lalu,5,5,5,Saoenk Cobek Samata,Google Maps,2026-06-09 14:47:11
Ci9DQUlRQUNvZENodHljRjlvT2sxQ1NsRTBTa2wzWkROUFRXbHRkR2hyYVhVemNFRRAB,rini ekawati,5,"Amazing,
Aswin",11 bulan lalu,5,5,5,Saoenk Cobek Samata,Google Maps,2026-06-09 14:47:11
Ci9DQUlRQUNvZENodHljRjlvT201V00xaEVXazUxUWpGSFRUbEdWRVpPUzA1NlduYxAB,Alfarizi Nizar Vlog,5,"Mantap

Terima kasih pak aswin pelayanannya",11 bulan lalu,5,5,5,Saoenk Cobek Samata,Google Maps,2026-06-09 14:47:11
Ci9DQUlRQUNvZENodHljRjlvT2xOR00wSjZVR3BIV20xNmIyOHliVUozZGpsd09HYxAB,Hendro Lawalata,5,,11 bulan lalu,,,,Saoenk Cobek Samata,Google Maps,2026-06-09 14:47:11
Ci9DQUlRQUNvZENodHljRjlvT2tNMmVIWmtSM0pDVDFkT1RGWllkMlpvY2xWbE1YYxAB,Rizma Capry,5,"Makanannya lezat2, banyak variannya, pelayanan cepat, praktis, ramah. Popoknya suka tempatnya, recomended banget
Aswin",11 bulan lalu,5,5,5,Saoenk Cobek Samata,Google Maps,2026-06-09 14:47:11
Ci9DQUlRQUNvZENodHljRjlvT2xFNFZHSktkMGRET0ZZeFNWWTNXRlI0Y2xGTVJrRRAB,FAJAR AHMAD WAHYUDDIN,5,"Saoenk Cobek Samata adalah tempat makan yang sangat enak dan nyaman! Saya suka cobeknya yang khas dan pedas, terutama cobek ayam yang sangat lezat. Pelayanannya juga sangat ramah dan cepat, meskipun tempatnya cukup ramai. Harga yang ditawarkan cukup terjangkau untuk kualitas makanan yang disajikan. Suasana tempatnya juga sangat cozy dan nyaman untuk berkumpul dengan keluarga atau teman-teman. Saya sangat merekomendasikan Saoenk Cobek Samata untuk dicoba, terutama jika Anda suka makanan pedas!",11 bulan lalu,5,5,5,Saoenk Cobek Samata,Google Maps,2026-06-09 14:47:11
Ci9DQUlRQUNvZENodHljRjlvT25oSFJsOUhlVk5NT0VFNVprOHpWbEZ3YTFNMVVFRRAB,NURHADI HADY,5,"Makanan enak, pelayanan cepat, tempat nyaman, parkiran luas jadi tidak ribet kalau bawa kendaraan. Thank you pak Aswin.",11 bulan lalu,,,,Saoenk Cobek Samata,Google Maps,2026-06-09 14:47:11
Ci9DQUlRQUNvZENodHljRjlvT2psSGJYUlhiRE14UVhabFlrNVJPRGRTVm1OMlgxRRAB,Liviana Cerah Wigati,5,"Ayam rempah enak,,
Ikan bakar pedis mantap,,
Udangnya besar enak
Ludes,,,",11 bulan lalu,5,5,5,Saoenk Cobek Samata,Google Maps,2026-06-09 14:47:11
ChdDSUhNMG9nS0VJQ0FnSUR4Z3ZLUl9nRRAB,Hani Alfiyah,5,"Enak banget makanannya, rekomended kerang saoenk cobek nya. Langganan tiap ada acara spesial pasti kesini. Suasana nya adem. Kita makan di gazebo diatas kolam ikan. Walaupun siang hari, tetap adem.

Pelayanan nya baik. Oleh pak Aswin. Gampang dipanggil, karena ada bel. Tanpa harus capek teriak atau angkat tangan",Diedit 11 bulan lalu,5,5,5,Saoenk Cobek Samata,Google Maps,2026-06-09 14:47:11
Ci9DQUlRQUNvZENodHljRjlvT2pOMVUxUnJWbkJNYkVoVlFYSkVSVkpFYUROaFdHYxAB,Gusti Jaya,5,Wuarbiassa n sangat puas dengan rasa makanan n pelayananx,11 bulan lalu,5,5,5,Saoenk Cobek Samata,Google Maps,2026-06-09 14:47:11
Ci9DQUlRQUNvZENodHljRjlvT25KTlZFSnZWelE0WTBwSmFteEJkRlpMZWxCVFJFRRAB,Nurul Hikmah,5,Kurang panas nasi gorengnya,11 bulan lalu,4,5,5,Saoenk Cobek Samata,Google Maps,2026-06-09 14:47:32
Ci9DQUlRQUNvZENodHljRjlvT2tKaE5XTmZPWGd6YkhCM2JVbHhXa2RUZVVGeFRuYxAB,Reza ArsanaW,5,Cocok untuk keluarga,11 bulan lalu,5,5,5,Saoenk Cobek Samata,Google Maps,2026-06-09 14:47:32
Ci9DQUlRQUNvZENodHljRjlvT2xweGJXcE5TWEZTT0ZGWVgzZGhjV05oY0dSMFlrRRAB,Rusli Dg jalling,5,"Hari ini makan malam di sana dengan keluarga sangat menyenangkan dari pelyanan yang ramah makanan yang enak dan suasana yang nyaman
Saran sedikit peneranganya di tambah..",11 bulan lalu,5,5,5,Saoenk Cobek Samata,Google Maps,2026-06-09 14:47:32
Ci9DQUlRQUNvZENodHljRjlvT2tWdFIzZHBPVkJQTjBwblIwWnlWMnhpTm5oR2FGRRAB,Alia Satiwi,5,Rasanya enak banget apalagi nasi goreng merahnya mantep bgt,11 bulan lalu,5,5,5,Saoenk Cobek Samata,Google Maps,2026-06-09 14:47:32
Ci9DQUlRQUNvZENodHljRjlvT2s5T1UxZE1ZVVEwTWtjMFdFZG1WRmxTYW1aalFVRRAB,Muh Fadel Arkam,5,,11 bulan lalu,5,5,4,Saoenk Cobek Samata,Google Maps,2026-06-09 14:47:32
Ci9DQUlRQUNvZENodHljRjlvT2xwaWQzbHBiamxWUlhOcVZWTmxTWFJ2WWpaS01uYxAB,Akun Redmi 10t,5,Lokasi strategis,11 bulan lalu,,,,Saoenk Cobek Samata,Google Maps,2026-06-09 14:47:32
Ci9DQUlRQUNvZENodHljRjlvT2toNVIySklTRFF3TTBWd1dpMUNTMFp2U1dkd1ozYxAB,Alesia,5,"Makanan di sni enak semua,harga ok pelayanan ok,suananya juga ok pake bangettt🥰🥰 FANI",11 bulan lalu,5,5,5,Saoenk Cobek Samata,Google Maps,2026-06-09 14:47:32
Ci9DQUlRQUNvZENodHljRjlvT2tSdVExRkhaa3RuUjFCeFRFOXBWMWRwTTA5QllWRRAB,imha 1605,5,Suci,11 bulan lalu,5,5,5,Saoenk Cobek Samata,Google Maps,2026-06-09 14:47:32
Ci9DQUlRQUNvZENodHljRjlvT2xCWWQwRlRUbDlKWDJoU1RWTkljekJuUlRWUFpVRRAB,Husnul Amalia,5,Saya tadi dilayani oleh aswin pelayananya ramah dan makanannya juga enak sekali,11 bulan lalu,5,5,5,Saoenk Cobek Samata,Google Maps,2026-06-09 14:47:32
Ci9DQUlRQUNvZENodHljRjlvT21RMVpVZFdYME5mVFdaNVVGTXhPV1pwYUZoSFMxRRAB,CELEBES SARANA JASA PT,5,Waitersx ramah dan cekatan…tks mba Mila,11 bulan lalu,4,4,4,Saoenk Cobek Samata,Google Maps,2026-06-09 14:47:32
Ci9DQUlRQUNvZENodHljRjlvT205bFQzQktlRkpKZDBSU1dUWkNha2RrZWtkSFpVRRAB,nurmala r,5,"Suasananya enak, makanannya juga enak, pelayanan juga oke 🥰 The best
(Aswin)",11 bulan lalu,5,5,5,Saoenk Cobek Samata,Google Maps,2026-06-09 14:47:52
Ci9DQUlRQUNvZENodHljRjlvT2sxd1NFTkRUWFl0TTJVNVRXVnJialU1VWpoR1drRRAB,"Jusmawati SPd.,MPd",5,"ENAK Tapi porsinya kurang banyak
(ASWIN)",11 bulan lalu,5,5,5,Saoenk Cobek Samata,Google Maps,2026-06-09 14:47:52
Ci9DQUlRQUNvZENodHljRjlvT2xrd2VWZGtPVnBMYUZkYVpGSm1ZVEU1VTNSbVYyYxAB,Samsamnhunhu 12,4,Bagus,11 bulan lalu,5,5,5,Saoenk Cobek Samata,Google Maps,2026-06-09 14:47:52
Ci9DQUlRQUNvZENodHljRjlvT2s1bFVHZElWWGRGUTFrd1lWRkdTakZmVldKMloyYxAB,Arya Zandy,5,,11 bulan lalu,5,5,5,Saoenk Cobek Samata,Google Maps,2026-06-09 14:47:52
Ci9DQUlRQUNvZENodHljRjlvT21aSFgwRjNOazl2V2pWM01HSjZNVWw0WmxwTlZGRRAB,Wasiatu Tamamiyah,4,,11 bulan lalu,4,5,4,Saoenk Cobek Samata,Google Maps,2026-06-09 14:47:52
Ci9DQUlRQUNvZENodHljRjlvT21wMlUwSnVla05QWjI5eVNsY3RNVUo0VmxwcFFsRRAB,Dimas Salendra,1,"Harga elit, pelayanan sulit

Toilet kotor",11 bulan lalu,,,,Saoenk Cobek Samata,Google Maps,2026-06-09 14:47:52
Ci9DQUlRQUNvZENodHljRjlvT2taS1JXbHBOM2d6VTNOdVpYZHZlR2gwUVMxWFptYxAB,Bilal Al kahfi,5,Pelayanan kak Aswin mantaaappppp mantulllll bestt dehhh🥰🥰🥰 …,11 bulan lalu,,,,Saoenk Cobek Samata,Google Maps,2026-06-09 14:47:52
Ci9DQUlRQUNvZENodHljRjlvT2pSaE5XRnNSVk0yU1RJNVYwSjFPRE5QWVUxSVNsRRAB,Muwafiqah Azizah Chamanda,5,"Makanannya enak dan porsinya pas. —bumbunya meresap dan sambalnya mantap! Pelayanan juga ramah, meskipun kadang agak lama kalau ramai. Tempatnya bersih dan cukup nyaman untuk makan bersama keluarga. Harganya juga terjangkau.

Pelayan : Lisa",11 bulan lalu,5,5,5,Saoenk Cobek Samata,Google Maps,2026-06-09 14:47:52
Ci9DQUlRQUNvZENodHljRjlvT2pjeVFVZzBXSGw2T1dWUVltbFlSVWRhUmt0Nk0xRRAB,Sitti Nurkhairah,5,makanannya enak skalii!,11 bulan lalu,,,,Saoenk Cobek Samata,Google Maps,2026-06-09 14:47:52
Ci9DQUlRQUNvZENodHljRjlvT2xkMVJHODNhM1p0Y3pGclNYbzNNMnBMU0d0RGVFRRAB,Muhammad Difky Alqadri,5,"Makanannya lumayan tapi pallumaranya kurang asam asin, ikannya fresh tidak berbau pelayanannyaa okee dan suasananya okee",11 bulan lalu,4,5,5,Saoenk Cobek Samata,Google Maps,2026-06-09 14:47:52
Ci9DQUlRQUNvZENodHljRjlvT25OUk0wOXBXSGxCVUhkbE9GcHpTRll3YUZwM1JuYxAB,Moh. Nashr Naufal Tajang,5,Aswin,11 bulan lalu,,5,,Saoenk Cobek Samata,Google Maps,2026-06-09 14:48:13
Ci9DQUlRQUNvZENodHljRjlvT2sxVGRsQnZSbmRvVFRoVFYweEZhRXBFZERWaFYwRRAB,Nurawaliah Rasyid,5,Makanannya enak dan tempat nya adem,11 bulan lalu,5,5,5,Saoenk Cobek Samata,Google Maps,2026-06-09 14:48:13
Ci9DQUlRQUNvZENodHljRjlvT201T1NFUkZYMlowZVVoRlJrOW1UV1pyZUVwa2JVRRAB,Eni Nureni,5,"Restoran ini sangat rekomended banget , apalagi ajak keluarga , tempat nya sangat nyaman ,dan suasananya sangat bgus , makanannya juga sngat enak ,apalagi pelayannya sngat ramah dan murah senyum, makasih pelayanannya Mila😊",11 bulan lalu,5,5,5,Saoenk Cobek Samata,Google Maps,2026-06-09 14:48:13
Ci9DQUlRQUNvZENodHljRjlvT210UWEzWjZhV2xoYlUxVU9FSlFWVTB5Ym1SWVYwRRAB,hirate yurina,5,"Pelayanan ramah, makanan enak, spesial thanks to waiter Lisa",11 bulan lalu,5,5,5,Saoenk Cobek Samata,Google Maps,2026-06-09 14:48:13
Ci9DQUlRQUNvZENodHljRjlvT25KSmFIVm1ZVk4wUkZCa1JsOUNVSEp3ZDJJelFsRRAB,Dewil Khanza,5,enak,11 bulan lalu,5,5,5,Saoenk Cobek Samata,Google Maps,2026-06-09 14:48:13
Ci9DQUlRQUNvZENodHljRjlvT2s5d1JGaGllWGREUW1WMmJ6SjJZMWhFVG5CWFZsRRAB,Rima Febriyanti,5,"pelayanan kak alwin sangat memuaskan...
makanan oke
rasa oke
makananx cepat di sajikan",11 bulan lalu,5,5,5,Saoenk Cobek Samata,Google Maps,2026-06-09 14:48:13
Ci9DQUlRQUNvZENodHljRjlvT2psamQzY3pVVWMwWTJWc01FTnFPVTVDVUVsZmNsRRAB,Dian Anggi Pratiwi ZA,5,"Pelayanan cepat, fast respon..",11 bulan lalu,5,5,5,Saoenk Cobek Samata,Google Maps,2026-06-09 14:48:13
Ci9DQUlRQUNvZENodHljRjlvT25kUFNXSmlkMkZUVFVGUWVFOUJSa3hMVjJ0blFuYxAB,Hardiyanti Asyik,5,,11 bulan lalu,,,,Saoenk Cobek Samata,Google Maps,2026-06-09 14:48:13
Ci9DQUlRQUNvZENodHljRjlvT20xdVNtZFhiR1YzVVRKVmQzTnpPWFl6ZUdOS1RXYxAB,pretty kina,5,"Nama waiters nyaa lisaa
Servisnya sangat baguss dan makanannya enak""",11 bulan lalu,5,5,5,Saoenk Cobek Samata,Google Maps,2026-06-09 14:48:13
Ci9DQUlRQUNvZENodHljRjlvT2s1bE9XWnFjVU5XVUVvNWQwWmZRak5QY21weFpGRRAB,Ridwansyah Muhammad,4,Aswin,11 bulan lalu,4,4,4,Saoenk Cobek Samata,Google Maps,2026-06-09 14:48:13
Ci9DQUlRQUNvZENodHljRjlvT2tsWlZsY3labnBhYWtoMVgwUnpabmhsZFdsblJGRRAB,Hasriani Ani,5,,11 bulan lalu,5,5,5,Saoenk Cobek Samata,Google Maps,2026-06-09 14:48:34
Ci9DQUlRQUNvZENodHljRjlvT2xVNVprRjNjVFF5Yld4VFVIZFpXR2hwWVc4d1ZVRRAB,Sri Aliah Ekawati,5,Terima kasih Kak Safar....,11 bulan lalu,5,5,5,Saoenk Cobek Samata,Google Maps,2026-06-09 14:48:34
ChdDSUhNMG9nS0VJelZ1YTNnbThDZ2h3RRAB,fauziah mayasari,5,recommended! cocok buat keluarga!,11 bulan lalu,5,5,5,Saoenk Cobek Samata,Google Maps,2026-06-09 14:48:34
Ci9DQUlRQUNvZENodHljRjlvT25ObGNIQnFkbDg0VERWVFUyMURVblZFT1dSdVNsRRAB,Muhammad Nur Rahman,5,"Pengolahan ikannya yang kurang memuaskan, agak keras.
Juga agak banyak lalat jadi lalatnya masuk di makanan dan minumannya, agak ragu untuk kemudian dikonsumsi
Selebihnya baik semua, semoga bisa jadi lebih baik kedepannya.",11 bulan lalu,4,5,4,Saoenk Cobek Samata,Google Maps,2026-06-09 14:48:34
Ci9DQUlRQUNvZENodHljRjlvT2pkb01qWkVSRXBFUlZsRFNVdGtjbkpRZEhGVWRtYxAB,daeng lukman,5,Mohon dipertahankan,11 bulan lalu,5,5,4,Saoenk Cobek Samata,Google Maps,2026-06-09 14:48:34
Ci9DQUlRQUNvZENodHljRjlvT25WS01uWlFVa05yTkZoVVYwMU1aak5VVm1Kd2IwRRAB,PALILI STUDIO,5,,11 bulan lalu,,,,Saoenk Cobek Samata,Google Maps,2026-06-09 14:48:34
Ci9DQUlRQUNvZENodHljRjlvT2xVeWFWOXdNMFZmUldVM1gzTnRaMk0xUlU1S1dFRRAB,Nur Ainun Hasyim,5,"Alhamdulillah sangat bagus dan sangat nyaman, smeoga smoga bisa lebih baik lagii",11 bulan lalu,4,5,5,Saoenk Cobek Samata,Google Maps,2026-06-09 14:48:34
Ci9DQUlRQUNvZENodHljRjlvT21kUmFFWXdOR2x6VDNKbmVVWm5WVVpyYzFCcVZVRRAB,Nurul Aeni,5,,11 bulan lalu,5,5,4,Saoenk Cobek Samata,Google Maps,2026-06-09 14:48:34
Ci9DQUlRQUNvZENodHljRjlvT2xwc2JsUkdSbXh3ZVV4emJ6aDZWbTFZWmtOVE1VRRAB,Asma Karimah,5,"Masya Allah enak2 makanannya dan cepat saji,pelayanannya ramah. Sukses selalu soenk cobek",11 bulan lalu,5,5,5,Saoenk Cobek Samata,Google Maps,2026-06-09 14:48:34
ChdDSUhNMG9nS0VLT1o0Wk9yaG95VHJnRRAB,Nurul Widya,5,Makanannya enak pelayanannya baik dan ramah,11 bulan lalu,5,5,5,Saoenk Cobek Samata,Google Maps,2026-06-09 14:48:34
Ci9DQUlRQUNvZENodHljRjlvT21KTFVIVXdjMFZZY1VaM1pWQjJXVEJGTnpCUGRVRRAB,Riani,5,"Makan santai bersama keluarga

Aswin",11 bulan lalu,5,5,5,Saoenk Cobek Samata,Google Maps,2026-06-09 14:48:55
Ci9DQUlRQUNvZENodHljRjlvT2pZelZ6SkhhekI0V1hOTFptbGpPRE54Y1Zsc1RsRRAB,Rezki Zalzabila.M,5,Makasihh kak milaa atas pelayanan nya,11 bulan lalu,5,5,5,Saoenk Cobek Samata,Google Maps,2026-06-09 14:48:55
Ci9DQUlRQUNvZENodHljRjlvT25CWFNtNUhhelV3YVZSbVZrNXJiM2RJVDB4Q1VIYxAB,Nashrah Nur Marfuah,5,,11 bulan lalu,4,5,4,Saoenk Cobek Samata,Google Maps,2026-06-09 14:48:55
ChZDSUhNMG9nS0VLNzYtb2pvbmIyNkhnEAE,Tsaqib Razan,5,"makanan nya enak, pelayanan oke",11 bulan lalu,4,4,4,Saoenk Cobek Samata,Google Maps,2026-06-09 14:48:55
ChZDSUhNMG9nS0VMYmRwcGJ0eFAtUllBEAE,haryati sakking,5,Makananx semua enak dan pelayananax cepat Aswin,setahun lalu,5,5,5,Saoenk Cobek Samata,Google Maps,2026-06-09 14:48:55
ChdDSUhNMG9nS0VNcjZpc3EtamJLdl9nRRAB,Rina Erawati,4,Makanan yang disiapkan panitia enak. Saya suka sayur sup jamur nya. Sayang tak ada sabun di wastafelnya.,Diedit setahun lalu,4,4,4,Saoenk Cobek Samata,Google Maps,2026-06-09 14:48:55
ChdDSUhNMG9nS0VKNnAzcHFQb1BMeWlBRRAB,Abdur Rauf,5,Lumayan memuaskan,setahun lalu,5,5,5,Saoenk Cobek Samata,Google Maps,2026-06-09 14:48:55
ChdDSUhNMG9nS0VPYU9ucFNEcjdPc3J3RRAB,Nur Alisya Kaune,5,,setahun lalu,5,5,5,Saoenk Cobek Samata,Google Maps,2026-06-09 14:48:55
ChdDSUhNMG9nS0VMVHA5NTJUcHQtaS1nRRAB,Asyikin Syarif,5,,setahun lalu,5,5,5,Saoenk Cobek Samata,Google Maps,2026-06-09 14:48:55
Ci9DQUlRQUNvZENodHljRjlvT2xVMGRHUmlkM010V21aNmJGUTVSVXBhWmpKbWMzYxAB,Faisal Muhammad,5,mantap,setahun lalu,5,5,5,Saoenk Cobek Samata,Google Maps,2026-06-09 14:48:55
Ci9DQUlRQUNvZENodHljRjlvT205WVJVWnVlWGQyZUZKRlFXeDFWelpUVkhwNFVFRRAB,rahman,5,Pelayan Ibu Nisa,setahun lalu,5,5,5,Saoenk Cobek Samata,Google Maps,2026-06-09 14:49:15
ChdDSUhNMG9nS0VPZUN5dEROM3ZtWGhBRRAB,Fajrin Muhammad,5,,setahun lalu,5,5,5,Saoenk Cobek Samata,Google Maps,2026-06-09 14:49:15
ChZDSUhNMG9nS0VMZk56WWV3ajdHSVd3EAE,Aisyah Barayani,5,makanannyaa terjangkau dan enak semuaaa,setahun lalu,5,5,4,Saoenk Cobek Samata,Google Maps,2026-06-09 14:49:15
ChZDSUhNMG9nS0VJLWNyTGZJajZDUEF3EAE,muh ardiansyah dalie,5,Makannya enak2 .. thx dek Mila sdh melayani dgn baik,setahun lalu,5,5,5,Saoenk Cobek Samata,Google Maps,2026-06-09 14:49:15
ChdDSUhNMG9nS0VJQ0FnSUNfdmFLcDl3RRAB,Resky Alamsyah,5,Makanannya enak dan pelayanannya cepat. Mksihh Milaaa🙏,Diedit setahun lalu,5,5,5,Saoenk Cobek Samata,Google Maps,2026-06-09 14:49:15
ChZDSUhNMG9nS0VNQ1ZwNW4zd2RDME5REAE,Lisda Lisdayanti,5,makanannya enak pelayanannya cepat.lisa,setahun lalu,5,5,5,Saoenk Cobek Samata,Google Maps,2026-06-09 14:49:15
ChZDSUhNMG9nS0VMM1RqcERqcmJpekN3EAE,Aprilyanikadir 2582,5,"Rekomendasi sekali ,emak2 makanan",setahun lalu,5,5,5,Saoenk Cobek Samata,Google Maps,2026-06-09 14:49:15
ChZDSUhNMG9nS0VPYmZ2cWFkXzh2SWRBEAE,Sainal 031,5,Pelayanan cepat,setahun lalu,5,5,5,Saoenk Cobek Samata,Google Maps,2026-06-09 14:49:15
ChdDSUhNMG9nS0VNT0YtWmJTXzgyMjZ3RRAB,Putri Wardani,5,Makanannya masih ok sejak dulu. Pelayannya juga bagus. Suasananya sudah kurang tidak seerti dulu. Waiters: Lisa,setahun lalu,5,5,5,Saoenk Cobek Samata,Google Maps,2026-06-09 14:49:15
ChZDSUhNMG9nS0VMQzF2TG5mOThMNktBEAE,Sefti Wahyuningsih,5,makanannya sangat enak. Lisa,setahun lalu,5,5,5,Saoenk Cobek Samata,Google Maps,2026-06-09 14:49:15
ChdDSUhNMG9nS0VLUHJpcGI0eGR5LW53RRAB,hifni nashif azzahra,5,,setahun lalu,,,,Saoenk Cobek Samata,Google Maps,2026-06-09 14:49:36
ChZDSUhNMG9nS0VLbXZuNzZDMHBMZFlBEAE,Winola vega Indira,5,"Saoenk Cobek Samata Its all good
Semoga rame selalu",setahun lalu,5,5,5,Saoenk Cobek Samata,Google Maps,2026-06-09 14:49:36
ChdDSUhNMG9nS0VNRFQ4SlRJcXVpdTl3RRAB,Multi Lumembang ST,5,"Pelayanan bagus oleh Kk Aswin, viewnya juga mantap. Rasa makanan mantap apalagi sambal ijonya.",setahun lalu,5,5,5,Saoenk Cobek Samata,Google Maps,2026-06-09 14:49:36
ChZDSUhNMG9nS0VNcmd2OUdoeUt2QkJBEAE,Uslifal Jannah,5,Pelayanan terbaik dari abang aswin. Makanannya jg enak semua ☺️,setahun lalu,5,5,5,Saoenk Cobek Samata,Google Maps,2026-06-09 14:49:36
ChZDSUhNMG9nS0VKUDk4YU9zalllUFFREAE,Jevi Manginsihi,5,makanannya enak dan pelayanannya bagus #dilayani kak safar🤩,setahun lalu,5,5,5,Saoenk Cobek Samata,Google Maps,2026-06-09 14:49:36
ChZDSUhNMG9nS0VOM1dvNGZYaThyZFNBEAE,ZULKIFLI YARIS,5,aku ingin,setahun lalu,5,5,5,Saoenk Cobek Samata,Google Maps,2026-06-09 14:49:36
ChZDSUhNMG9nS0VPWC1fZktDLWFqc1J3EAE,Hj Ratna Dewi,5,"Luar biasa nyaman suasananya, makanan nikmat, mulai dari es buah, Jus alfokat dan es kelapa muda, sayur asem, sayur Paria dan ayam goreng kampung semua nikmat di lidah, yg menu hari ini kami pesan,
Terkhusus nak Alvin yg ramah dan sabar melayani
Juga terimakasih kasirnya yg jg bersahabat",setahun lalu,5,5,5,Saoenk Cobek Samata,Google Maps,2026-06-09 14:49:36
ChdDSUhNMG9nS0VNYVN1TkNnM3BEbXBRRRAB,Rizqi Noverian Agatha,5,"Makanan enak, mantap.
Lisa Danila",setahun lalu,5,5,5,Saoenk Cobek Samata,Google Maps,2026-06-09 14:49:36
ChZDSUhNMG9nS0VOdlE0NC1XNXRiQldBEAE,Lismawati L.,5,Suasanax tenang dan nyaman,setahun lalu,5,5,5,Saoenk Cobek Samata,Google Maps,2026-06-09 14:49:36
ChdDSUhNMG9nS0VQZWNyTVhCMFlyNHJnRRAB,036_M. Athallah Zaidan .R,5,,setahun lalu,5,5,5,Saoenk Cobek Samata,Google Maps,2026-06-09 14:49:36
ChZDSUhNMG9nS0VJWHMyOWlLam8yakNBEAE,Rehan Hakim,4,"Makanannya enak cuman kurang asin sedikit lagi dan juga cara pelayanan mba suci bagus, fast respon",setahun lalu,4,5,5,Saoenk Cobek Samata,Google Maps,2026-06-09 14:49:57
ChZDSUhNMG9nS0VKdlBoYS1RLWV1VUZ3EAE,Tanti Rahmawani M,5,pelayanan baik oleh mila 🫰🏻,setahun lalu,5,5,5,Saoenk Cobek Samata,Google Maps,2026-06-09 14:49:57
ChZDSUhNMG9nS0VNQ084Y2JhOXRudWRBEAE,Novha Prayoghi,5,"Makanan enak walaupun ikan kurang segar, pelayanan cepat dan sangat ramah (Lisa). Suasana sejuk",setahun lalu,5,5,5,Saoenk Cobek Samata,Google Maps,2026-06-09 14:49:57
ChdDSUhNMG9nS0VNUG4zNEhzOGZEUzVRRRAB,Rizky Nuraisyah,5,"makananny bagus dan enak
pelayanny juga ramah yg bernama lisa",setahun lalu,5,5,5,Saoenk Cobek Samata,Google Maps,2026-06-09 14:49:57
ChdDSUhNMG9nS0VPYS04WkdiMmJqNnRRRRAB,Millaemiliya Hanifah,5,pelayanan sangat bagus dan sangat ramah teruntuk kak lisa,setahun lalu,5,5,5,Saoenk Cobek Samata,Google Maps,2026-06-09 14:49:57
ChZDSUhNMG9nS0VMbkc0c0xaMFAyb0JREAE,muhammad kahfi,5,"Kurang banyak
Pelayanannya sangat baik dan cantik ramah
Mendung",setahun lalu,5,5,5,Saoenk Cobek Samata,Google Maps,2026-06-09 14:49:57
ChZDSUhNMG9nS0VJbjk3YXZtb0ktZ1dREAE,Tsaabitahjihan PutriANNETH,5,"untuk makanannya rasanya enak, penyajian makanannya juga cepat (waiters lisa), suasananya cukup nyaman rekomendasi untuk quality time keluarga",setahun lalu,5,5,5,Saoenk Cobek Samata,Google Maps,2026-06-09 14:49:57
ChdDSUhNMG9nS0VJYkdwXzdzZ1pfVGtRRRAB,Andra & Nabila Channel,5,"Kepiting nampannya mantap.. daging kepitingnya banyak.
Suasana seru saung di atas kolam ikan. Anak anak suka. Terima kasih..",setahun lalu,5,5,5,Saoenk Cobek Samata,Google Maps,2026-06-09 14:49:57
ChdDSUhNMG9nS0VQTFltN2I4M1pxaDd3RRAB,Nasria Ria,5,Enak suasana yg bagus untuk keluarga dan teman” alwin,setahun lalu,5,5,5,Saoenk Cobek Samata,Google Maps,2026-06-09 14:49:57
ChZDSUhNMG9nS0VMN0UxczJjek9MaUZBEAE,Annisaa Fatiha Adhicahya,5,mantap! Pelayanan ramah kak safar,setahun lalu,5,5,4,Saoenk Cobek Samata,Google Maps,2026-06-09 14:49:57
ChdDSUhNMG9nS0VKbUEtS0tZOE9lVHp3RRAB,Zhakila ustu,5,makanan yang disediakan enak kemudian pelayanan kak safar juga sangat ramah,setahun lalu,5,5,5,Saoenk Cobek Samata,Google Maps,2026-06-09 14:50:17
ChdDSUhNMG9nS0VQYWw0cWVtc082ZHJnRRAB,Zhafran,5,"Pelayanan ramah Dan makanan enak,",setahun lalu,5,5,4,Saoenk Cobek Samata,Google Maps,2026-06-09 14:50:17
ChZDSUhNMG9nS0VLS3JfZjJxOU1XVEJ3EAE,arsy asty,5,"Makanannya enak ,
Pelayanan cepat ,
Rekomendasi banget 👍

Aswin",setahun lalu,5,4,5,Saoenk Cobek Samata,Google Maps,2026-06-09 14:50:17
ChZDSUhNMG9nS0VKS09rdkNyNEk3RGVBEAE,Andi Ulfa Lestari,5,Oke,setahun lalu,5,5,5,Saoenk Cobek Samata,Google Maps,2026-06-09 14:50:17
ChdDSUhNMG9nS0VMelB3WWFuamFPSTlnRRAB,Nurnaslah Naslah,5,"Pelayananya mantap Milaaa.
Makanannya enak",setahun lalu,5,5,5,Saoenk Cobek Samata,Google Maps,2026-06-09 14:50:17
ChZDSUhNMG9nS0VPNzFqODI0Z2FXbmF3EAE,SITI QYAILAHNUR,5,,setahun lalu,5,5,4,Saoenk Cobek Samata,Google Maps,2026-06-09 14:50:17
ChZDSUhNMG9nS0VLeVZoTXJUbHNTZklREAE,st sulastri,5,,setahun lalu,4,5,5,Saoenk Cobek Samata,Google Maps,2026-06-09 14:50:17
ChZDSUhNMG9nS0VMLXItUFduMmZXZkNBEAE,Muamar Athaillah,4,,setahun lalu,5,4,5,Saoenk Cobek Samata,Google Maps,2026-06-09 14:50:17
ChdDSUhNMG9nS0VJRGI4dHpibUxHdjZRRRAB,Andi Ramadani,5,Pelayanan x cepat ramah makananx enak,setahun lalu,5,5,5,Saoenk Cobek Samata,Google Maps,2026-06-09 14:50:17
ChZDSUhNMG9nS0VJdU5xb1dRMU9EaVhREAE,DEWIRIKAN TOYOTAMAKASSAR,5,Makanan enak dan pelayanan bgus,setahun lalu,5,5,5,Saoenk Cobek Samata,Google Maps,2026-06-09 14:50:17
ChZDSUhNMG9nS0VMank5dEMyZ3UtNUt3EAE,Muh Amiruddin,5,"Pelayanan baik dan cepat, ramah dan sopan (aswin)",setahun lalu,5,5,5,Saoenk Cobek Samata,Google Maps,2026-06-09 14:50:38
ChdDSUhNMG9nS0VKNzU3YUxRc2UyNHBRRRAB,Zakiah Al Munawarah,5,Makanannya enak dan viewnya bagus Lisa,setahun lalu,5,5,5,Saoenk Cobek Samata,Google Maps,2026-06-09 14:50:38
ChZDSUhNMG9nS0VLSEQ2Zm1lN18zU2VREAE,Muh. Rayhan Aprisal Fachrun,5,"Makanan nya sih enak banget, terutama ayam bakar madu nya paling top. Sambel sambelnya jugaa enakk. suasana yang sejuk hampir bikin saya tertidur juga",setahun lalu,5,4,5,Saoenk Cobek Samata,Google Maps,2026-06-09 14:50:38
ChZDSUhNMG9nS0VNNkJsSlNWNWZmOWFnEAE,Zahra zahra,5,"Rekomended banget tempat ini untuk makanan yang enak dengan keluarga, tempat dan suasana nya sangat nyaman , makanan nya juga enak"" smua, dan pelayanan nya sangat ramah dan murah senyum makasihhh Mila  atas pelayanannya 😇",setahun lalu,5,5,5,Saoenk Cobek Samata,Google Maps,2026-06-09 14:50:38
ChdDSUhNMG9nS0VQbWlvUFMxemItdnlBRRAB,S Putri Kusuma Dewi,5,Boleh di stok makanan ikan nya. Biar anak-anak bisa sambil kasih makan ikan jadi orang tua makan dengan tenang 😁,setahun lalu,5,5,5,Saoenk Cobek Samata,Google Maps,2026-06-09 14:50:38
ChZDSUhNMG9nS0VQdXVwNDJINXZiblJBEAE,174_Rosmadewi Syalsabila Amni,4,,setahun lalu,4,4,4,Saoenk Cobek Samata,Google Maps,2026-06-09 14:50:38
ChdDSUhNMG9nS0VPMkZtOHphc2JEcmh3RRAB,Aswar khairil Bahri,5,"Alhamdulillah pelayanannya bagus, tempat dan suasananya sangat adem banget, makanan sangat lezat dan mengenyangkan di perut 😇",setahun lalu,5,5,5,Saoenk Cobek Samata,Google Maps,2026-06-09 14:50:38
ChdDSUhNMG9nS0VPckJxNHlHNXZuQjlRRRAB,Rahmatan scientist,5,,setahun lalu,,,,Saoenk Cobek Samata,Google Maps,2026-06-09 14:50:38
ChZDSUhNMG9nS0VNZXVuZG5sZy15VUVBEAE,Anita Rahmiati bur,5,"Suasananya bagus adem, parkiran cukup luas, pelayanan dan penyajian mantap menunya memuaskan sesuai selera, buat waitersnya mb Lisa mksh atas pelayanan dan keramahannya sukses selalu👍👍👍👍",setahun lalu,5,5,5,Saoenk Cobek Samata,Google Maps,2026-06-09 14:50:38
ChZDSUhNMG9nS0VMbjFyYmljdUlQT0VREAE,Al fiah,4,"Makanan dan rekomendi dan suasana nya nyaman
@aswinsyah",setahun lalu,5,5,5,Saoenk Cobek Samata,Google Maps,2026-06-09 14:50:38
ChdDSUhNMG9nS0VQSDcyTEQzNzhmcmdRRRAB,Saoraja Glamping,5,,setahun lalu,5,5,5,Saoenk Cobek Samata,Google Maps,2026-06-09 14:50:59
ChZDSUhNMG9nS0VLNmZwTnJGcmFMUFhBEAE,Ika Kartikawana Jufri,5,Makanan dan pelayanannya luar biasaaa,setahun lalu,,,,Saoenk Cobek Samata,Google Maps,2026-06-09 14:50:59
ChZDSUhNMG9nS0VOYkh5Zm5IeXJXMmFBEAE,Inn Naa,5,Makanan enak... pelayanan baik...pelayanny ramah2 Lisa,setahun lalu,5,5,5,Saoenk Cobek Samata,Google Maps,2026-06-09 14:50:59
ChdDSUhNMG9nS0VObWYwSjJPa01XQ193RRAB,Hasna Caya,5,"Makanannya enak. Apalagi pelayanannya yang atas nama mbak lizah ramah dan cepat

Terimakasih mbak lizah",setahun lalu,5,5,5,Saoenk Cobek Samata,Google Maps,2026-06-09 14:50:59
ChZDSUhNMG9nS0VNdjQxTG1NbjhybVVnEAE,Boowaae,5,"Makanannya enak2 apalagi menu udang telur asin, bumbunya meresap semua ke makanannya. Cocok untuk tempat makan keluarga atau grup yg besar. Lantai bawah untuk makan lesehan, lantai 2 untuk yg pakai kursi. Suasananya sejuk dan asri karena banyak pohon, ada juga kolam ikan koi yg bisa jadi hiburan keluarga. Pelayanan ramah dan gercep. Tempat parkir cukup luas.",setahun lalu,5,5,5,Saoenk Cobek Samata,Google Maps,2026-06-09 14:50:59
ChdDSUhNMG9nS0VMbmd0TExoajZmM19RRRAB,rajan piara,1,,setahun lalu,,1,2,Saoenk Cobek Samata,Google Maps,2026-06-09 14:50:59
ChdDSUhNMG9nS0VOX0c0WS1DX2FMcHR3RRAB,Andi Freya Aqeela Fauzan,4,,setahun lalu,4,4,4,Saoenk Cobek Samata,Google Maps,2026-06-09 14:50:59
ChZDSUhNMG9nS0VNU1FoWTdNelpHWEhBEAE,Habibi Mooo,5,bagus,setahun lalu,5,4,5,Saoenk Cobek Samata,Google Maps,2026-06-09 14:50:59
ChdDSUhNMG9nS0VJQ0FnTUNZbWMyVDZRRRAB,Miftahul Jannah,5,Bebek originalnya enak loh.. Recomended lah,setahun lalu,5,5,5,Saoenk Cobek Samata,Google Maps,2026-06-09 14:50:59
ChdDSUhNMG9nS0VJQ0FnTUNZNllqazFBRRAB,Bambang Ariobimo,5,"Makanannya enak, pelayanannya juga ramah. Ambiencenya juga sangat tenang. saya suka",setahun lalu,5,5,5,Saoenk Cobek Samata,Google Maps,2026-06-09 14:50:59
ChZDSUhNMG9nS0VJQ0FnTUNZOHVhRFR3EAE,Reny Kasmiaty,5,Pelayanannya baik dan ramah untuk Alwin & team,setahun lalu,5,5,5,Saoenk Cobek Samata,Google Maps,2026-06-09 14:51:19
ChZDSUhNMG9nS0VJQ0FnTUNZb05mU1JnEAE,Lusiana Pabunna,5,"Makanan semua enak . pelayanan dari Lisa sangat memuaskan.
Masukan : Jus kurang kental",setahun lalu,5,5,5,Saoenk Cobek Samata,Google Maps,2026-06-09 14:51:19
ChdDSUhNMG9nS0VJQ0FnTURvMjlyRl93RRAB,Agustiaty Kurusi,5,,setahun lalu,5,5,5,Saoenk Cobek Samata,Google Maps,2026-06-09 14:51:19
ChZDSUhNMG9nS0VJQ0FnTURvbThYMU53EAE,Muh Ridwan,5,"Tempatnya sejuk dekat dr royal tempat saya, pelayanan bagus, pelayan ramah",setahun lalu,5,5,5,Saoenk Cobek Samata,Google Maps,2026-06-09 14:51:19
ChdDSUhNMG9nS0VJQ0FnTURvbS1yMDRRRRAB,abdul azis,5,"Saya tertarik dengan pelyanan yang diberikan.. top markotop..

Alwin dan TEAM",setahun lalu,5,5,5,Saoenk Cobek Samata,Google Maps,2026-06-09 14:51:19
ChZDSUhNMG9nS0VJQ0FnTURvOWNXVUR3EAE,Sofhia Dwi Lestari,5,✨✨✨✨✨,setahun lalu,5,5,5,Saoenk Cobek Samata,Google Maps,2026-06-09 14:51:19
ChdDSUhNMG9nS0VJQ0FnTURvbWZpZ213RRAB,Anggi Pintaloka,5,"Mantab.
Tetap semangat
@alwin dkk",setahun lalu,5,5,5,Saoenk Cobek Samata,Google Maps,2026-06-09 14:51:19
ChdDSUhNMG9nS0VJQ0FnTURvNmNlbnh3RRAB,Indra Sari,5,"Pelayanan memuaskan, rasa enak rasa tambah tempat strategis",setahun lalu,5,5,5,Saoenk Cobek Samata,Google Maps,2026-06-09 14:51:19
ChdDSUhNMG9nS0VJQ0FnTURvNmRTRl9BRRAB,Fatih Al,5,"Alhamdulillah tempatnya nyaman, strategis, apalagi yang ada anak kecilnya karena bisa melihat ikan + beri makan ikan,🙂",setahun lalu,5,5,5,Saoenk Cobek Samata,Google Maps,2026-06-09 14:51:19
ChdDSUhNMG9nS0VJQ0FnTURvc1pIZDhnRRAB,Rull badri,5,"Pelayanan baik dan ramah,thanks timnya",setahun lalu,4,5,5,Saoenk Cobek Samata,Google Maps,2026-06-09 14:51:19
ChZDSUhNMG9nS0VJQ0FnTURvX3ZiZlR3EAE,Rachmad Suki,5,"Suasana tempatnya sangat nyaman, Pelayanannya sangat ramah. Apalagi waitersnya yg namanya sucii…",setahun lalu,5,5,5,Saoenk Cobek Samata,Google Maps,2026-06-09 14:51:40
ChdDSUhNMG9nS0VJQ0FnTURvX3BDTDRRRRAB,Ina RDS,5,"pelayanannya ramah ,makanannya enak hargapun terjangkau ,top buat mba suci",setahun lalu,5,5,5,Saoenk Cobek Samata,Google Maps,2026-06-09 14:51:40
ChZDSUhNMG9nS0VJQ0FnTURvN3MtWGRREAE,andi ummi kalsum hasrib,5,Nyaman dan manakannnya recommended,setahun lalu,5,5,5,Saoenk Cobek Samata,Google Maps,2026-06-09 14:51:40
ChZDSUhNMG9nS0VJQ0FnTURvNHBubVNnEAE,Firman Syahal,4,makanannya enak dan sering kesini...,setahun lalu,5,4,4,Saoenk Cobek Samata,Google Maps,2026-06-09 14:51:40
ChZDSUhNMG9nS0VJQ0FnTURvb3ZlQ2Z3EAE,Citra Wihanda,5,,setahun lalu,,,,Saoenk Cobek Samata,Google Maps,2026-06-09 14:51:40
ChZDSUhNMG9nS0VJQ0FnTURvclBuUVNREAE,Khalishah Salsabila,5,"Alhamdulillah tempatnya sangat nyaman dan bagus untuk digunakan sebagai tempat acara keluarga dan arisan. Menunya bervariasi, ada menu paketan dan pelayanan juga oke. Sangat recommended 👍🏻🔥",setahun lalu,5,5,5,Saoenk Cobek Samata,Google Maps,2026-06-09 14:51:40
ChdDSUhNMG9nS0VJQ0FnTURvak55WHZBRRAB,Salwa Sahira,5,"Enakkk bangett, pelayanan oleh kak nisa dan kak alwin the besttt🫰🤍🤍",setahun lalu,5,5,5,Saoenk Cobek Samata,Google Maps,2026-06-09 14:51:40
ChdDSUhNMG9nS0VJQ0FnTURvak55MHNnRRAB,nadinndin 177,5,"ENAKK BANGETTTT
PELAYANANNYA BAIK BANGET KAK NISA DAN ALWIN",setahun lalu,5,5,5,Saoenk Cobek Samata,Google Maps,2026-06-09 14:51:40
ChdDSUhNMG9nS0VJQ0FnTURvak9qeXdBRRAB,Black Beauty,5,,setahun lalu,,,,Saoenk Cobek Samata,Google Maps,2026-06-09 14:51:40
ChZDSUhNMG9nS0VJQ0FnTURvOE9iYUt3EAE,Jamal Harun,5,"Enak dan nyaman, pelayanan Bagus dan murah senyum milaa",setahun lalu,5,5,5,Saoenk Cobek Samata,Google Maps,2026-06-09 14:51:40
ChZDSUhNMG9nS0VJQ0FnTURvOE9UUWVnEAE,Ridwan Bin Hamzah,5,"Makanannya enak and recomeded, pelayanan 5 bintang khususnya yg bernama Lisa",setahun lalu,5,5,5,Saoenk Cobek Samata,Google Maps,2026-06-09 14:52:01
ChdDSUhNMG9nS0VJQ0FnTURvZ09MTWtRRRAB,Asrifaini rahma,5,"Recommended untuk makan siang apalagi dengan keluarga. Temanya lesahan di saung
asri, tidak panas dan ada kolam ikan dibawah saungnya
waktu nunggu makanannya standar, tidak lama tidak cepat juga. kipas anginnya kencang ++ ada colokannya
Overall servicenya okkk
serve by kk Aswin",setahun lalu,5,5,5,Saoenk Cobek Samata,Google Maps,2026-06-09 14:52:01
ChdDSUhNMG9nS0VJQ0FnTURvZ0lUZTh3RRAB,Fthia Thia,5,,setahun lalu,5,5,5,Saoenk Cobek Samata,Google Maps,2026-06-09 14:52:01
ChZDSUhNMG9nS0VJQ0FnTURvZ05pMWJREAE,Faiz Raihansyah,5,"makanan yang disajikan sangat enak dan bersih, dan untuk pelayanan sangat baik dan ramah
nama pelayan: ikhsan",setahun lalu,5,5,5,Saoenk Cobek Samata,Google Maps,2026-06-09 14:52:01
ChZDSUhNMG9nS0VJQ0FnTUNvXzctamJREAE,Ahmad Arif W,5,"Puas dengan pelayanan n makananx..
Semoga semakin sukses...",setahun lalu,5,5,5,Saoenk Cobek Samata,Google Maps,2026-06-09 14:52:01
ChdDSUhNMG9nS0VJQ0FnTURJemNpaWx3RRAB,Puji Poo,4,,setahun lalu,4,4,4,Saoenk Cobek Samata,Google Maps,2026-06-09 14:52:01
ChdDSUhNMG9nS0VJQ0FnTURJeHVDaHNRRRAB,Miswar Bio,5,"Ada lesehan, ada mushola",setahun lalu,4,5,4,Saoenk Cobek Samata,Google Maps,2026-06-09 14:52:01
ChdDSUhNMG9nS0VJQ0FnTURJdXJidW5nRRAB,Muhammad Alim,1,"Kurang worth it dengan harganya, pesan udang goreng crispy udangnya sudah tidak bagus.",setahun lalu,1,3,3,Saoenk Cobek Samata,Google Maps,2026-06-09 14:52:01
ChdDSUhNMG9nS0VJQ0FnTUNJd2RENnhnRRAB,Muhammad Nawir,5,mantap,setahun lalu,5,5,5,Saoenk Cobek Samata,Google Maps,2026-06-09 14:52:01
ChdDSUhNMG9nS0VJQ0FnTUNJM3NuMjRnRRAB,Irawati Abdullah,5,Alhamdulillah makan disini tmpatnya lumayan nyaman ngajak kluarga makan bareng dsini. Pelayanan nya jg oke atas nama kak Mila. Semoga sukses slalu,setahun lalu,,5,,Saoenk Cobek Samata,Google Maps,2026-06-09 14:52:01
ChZDSUhNMG9nS0VJQ0FnTUR3dGU3V01REAE,dyantii hardianti,5,,setahun lalu,5,5,5,Saoenk Cobek Samata,Google Maps,2026-06-09 14:52:22
ChdDSUhNMG9nS0VJQ0FnTUR3M0pyZW9nRRAB,Ardiansyah Tri putra,5,"Terkonsep...
Pelayanan yang cukup maksimal di tengah padatnya reservasi mereka semua makanan tersajikan tepat waktu.. Thanks pak Tiar dan team",setahun lalu,5,5,5,Saoenk Cobek Samata,Google Maps,2026-06-09 14:52:22
ChdDSUhNMG9nS0VJQ0FnTUR3ak9yTHNRRRAB,Nurjayanti Takwa,5,,setahun lalu,5,5,5,Saoenk Cobek Samata,Google Maps,2026-06-09 14:52:22
ChZDSUhNMG9nS0VJQ0FnTUR3aElxUUhnEAE,IMAM GAZALI,5,,setahun lalu,5,5,5,Saoenk Cobek Samata,Google Maps,2026-06-09 14:52:22
ChZDSUhNMG9nS0VJQ0FnTUR3eU5POU13EAE,walleye,1,"Sangat disayangkan dengan makanan seenak ini dan suasana sebagus ini malah pelayanannya sangat mengecewakan, saran saya klw kalian mau reservasi harus di spam adminnya atau klw perlu bayar lebih soalnya klw gak begitu kalian akan diabaikan.. Disangka gak ada duit maybe",setahun lalu,5,1,5,Saoenk Cobek Samata,Google Maps,2026-06-09 14:52:22
ChZDSUhNMG9nS0VJQ0FnTUN3M2R2OWF3EAE,Muhammad Iyan ahmad,5,,setahun lalu,,,,Saoenk Cobek Samata,Google Maps,2026-06-09 14:52:22
ChZDSUhNMG9nS0VJQ0FnTUN3a1lUeVlBEAE,Syaiful R,5,,setahun lalu,,,,Saoenk Cobek Samata,Google Maps,2026-06-09 14:52:22
ChdDSUhNMG9nS0VJQ0FnTUN3aHFtUHlRRRAB,mentari syahriana Mtos,5,"Tempat,pelayanan dan suasana bagus.makanannya juga enak2..",setahun lalu,5,5,5,Saoenk Cobek Samata,Google Maps,2026-06-09 14:52:22
ChdDSUhNMG9nS0VJQ0FnTUN3MnRUZWxBRRAB,MkBgRb InaMySa,5,"Lesehan seafood dan ayam diatas kolam ikan, makanannya sedap dan tempatnya bersih.",setahun lalu,5,5,5,Saoenk Cobek Samata,Google Maps,2026-06-09 14:52:22
ChdDSUhNMG9nS0VJQ0FnTUN3NHM2bGp3RRAB,Meri Andriani,5,"Pilihan tempat makan yg paling cocok sx untuk setiap acara apapun itu. Lokasi strategis, mudah di temukan, tempat yg nyaman sx apa lg ada vip roomnya, pelayannya cepat. Terlebih di layani langsung sama leadernya kak alwin dan team pelayanan yg sangatsangat memuaskan. Makanannya juga cepat sx ji diantarkan tidak menunggu waktu yg lama. Tetap dipertahankan dan trimakasih untuk pelayannya hari ini kak alwin dan timnya 🫰🏻🫶🏻",setahun lalu,5,5,5,Saoenk Cobek Samata,Google Maps,2026-06-09 14:52:22
ChdDSUhNMG9nS0VJQ0FnTURRcTYtNHh3RRAB,Chaerati Hadi putri,5,"MakananNya enak2 pelayanannya cepat dan gercep
Nama pelayannya ASWIN",setahun lalu,5,5,5,Saoenk Cobek Samata,Google Maps,2026-06-09 14:52:42
ChZDSUhNMG9nS0VJQ0FnTURRaGFPVFJnEAE,eka sukmawaty,5,,setahun lalu,5,5,5,Saoenk Cobek Samata,Google Maps,2026-06-09 14:52:42
ChZDSUhNMG9nS0VJQ0FnTURRX3B2N1p3EAE,Rahma ZM,5,"Makanannya enak, favorit saya ikan bandeng tanpa tulang pallu mara. Sambelnya ada 3 macam, pokoknya enak. Pelayanannya cukup bagus, ramah dan cepat. Tadi pelayannya cukup ramah namanya Aswin.",setahun lalu,5,5,5,Saoenk Cobek Samata,Google Maps,2026-06-09 14:52:42
ChZDSUhNMG9nS0VJQ0FnTURRX3RHQUZBEAE,Indah Paris,5,"Pelayanan super baik
Makanan rasanya enak enak",setahun lalu,5,5,5,Saoenk Cobek Samata,Google Maps,2026-06-09 14:52:42
ChZDSUhNMG9nS0VJQ0FnTURRelB6TFhREAE,Naila Imtisa,5,"Makanan prasmanan cepat tersaji dan enak serta memuaskan,
Pelayanan jg sangat memuaskan makasih banyak kak Aswin",setahun lalu,5,5,5,Saoenk Cobek Samata,Google Maps,2026-06-09 14:52:42
ChdDSUhNMG9nS0VJQ0FnTURRek9qd3hBRRAB,Keen Sha,5,Sangat memuaskan dan pelayanan dari kak alwin sangat baik,setahun lalu,5,5,5,Saoenk Cobek Samata,Google Maps,2026-06-09 14:52:42
ChdDSUhNMG9nS0VJQ0FnTURRekpESWpRRRAB,SABRIANI ULMA,5,"Nyaman dan strategis.
Pelayanan atas nama alwi",setahun lalu,5,5,5,Saoenk Cobek Samata,Google Maps,2026-06-09 14:52:42
ChZDSUhNMG9nS0VJQ0FnTURRaVBlQUhnEAE,Evi afriani hamka,3,Harga gak sesuai dgn menu d akun ny ..hrga pas dkasir dksh naek smpe 4rb pokok ny yg mw pesan / reservasi minta jgn liat hrg d akun ny tp tanya lgsg nnti kek sy shikshakshock ..,setahun lalu,3,,,Saoenk Cobek Samata,Google Maps,2026-06-09 14:52:42
ChdDSUhNMG9nS0VJQ0FnTURRc1BhYWtRRRAB,Dimas Aspol,5,"Rekomendasi tempat bukber bersama keluarga,, harus reservasi dulu biar kebagian gazebonya dan mesan menu terlebih dahulu.. mantap sih dengan semua pelayanan yg diberikan kami sekeluarga merasa sangat puas..thanks leader Alwin dkk service excellentnya👍👍",setahun lalu,5,5,5,Saoenk Cobek Samata,Google Maps,2026-06-09 14:52:42
ChdDSUhNMG9nS0VJQ0FnTUNRMzdMbTBnRRAB,Wahyudi Arsyad,5,,setahun lalu,5,5,5,Saoenk Cobek Samata,Google Maps,2026-06-09 14:52:42
ChZDSUhNMG9nS0VJQ0FnTUNReWJIWWZREAE,QALAMAN,5,Recomended .. makanan enak .. service ok .. gercep cocok saat laper buat buka puasa bersama juga ok,setahun lalu,5,5,5,Saoenk Cobek Samata,Google Maps,2026-06-09 14:53:03
ChdDSUhNMG9nS0VJQ0FnTUNReWJxZXVnRRAB,dayu prastikaa,5,"Pelayanannya memuaskan, makanannya pun juga enak. Tempatnya adem 🥰🥰",setahun lalu,5,5,5,Saoenk Cobek Samata,Google Maps,2026-06-09 14:53:03
ChdDSUhNMG9nS0VJQ0FnTUNReWJxNC1RRRAB,Nadya Mentari,5,"Enak, mila",setahun lalu,5,5,5,Saoenk Cobek Samata,Google Maps,2026-06-09 14:53:03
ChZDSUhNMG9nS0VJQ0FnTUNRa3FibkpBEAE,E29_ MITHA SARI DEWI,5,,setahun lalu,,,,Saoenk Cobek Samata,Google Maps,2026-06-09 14:53:03
ChdDSUhNMG9nS0VJQ0FnTUNRa3FDc3BBRRAB,Hj Fatimah,5,Pelayanan atas nama Mila ramah dan baik.memuaskan,setahun lalu,5,5,5,Saoenk Cobek Samata,Google Maps,2026-06-09 14:53:03
ChdDSUhNMG9nS0VJQ0FnTUNRZ3BHRDVnRRAB,ella,5,"makanan enak, tempat bersih, pelayanan dari kak alwin juga cepat dan ramah",setahun lalu,5,5,5,Saoenk Cobek Samata,Google Maps,2026-06-09 14:53:03
ChdDSUhNMG9nS0VJQ0FnTUNROU4yRDl3RRAB,Abidatun Amanah,5,"Makanan enak, harga murah, suasana nya tenang. Terimakasih Saoenk Cobek. Thanks for the hospitality. Thanks Kak Alwin and the team 🥰",setahun lalu,5,5,5,Saoenk Cobek Samata,Google Maps,2026-06-09 14:53:03
ChZDSUhNMG9nS0VJQ0FnTUNROVBYbUNREAE,Ade Sucipta Emal,5,"Tempat makan yg nyaman, enak dan menyenangkan, disediakan fasilitas parkir dan mushollah untuk ibadah, pelayanan Prima oleh Kak Alwin dkk. Terima kasih.",setahun lalu,5,5,5,Saoenk Cobek Samata,Google Maps,2026-06-09 14:53:03
ChdDSUhNMG9nS0VJQ0FnTUNROU1YcjNRRRAB,Sri Utami,5,Sangat rekomended untuk makan keluarga,setahun lalu,5,5,5,Saoenk Cobek Samata,Google Maps,2026-06-09 14:53:03
ChZDSUhNMG9nS0VJQ0FnTUNROU1XLVdnEAE,Try Arianto rezky,5,,setahun lalu,5,5,5,Saoenk Cobek Samata,Google Maps,2026-06-09 14:53:03
ChZDSUhNMG9nS0VJQ0FnTUNROUw2YWZBEAE,Syahifah auliyah Hasti,5,"Terimakasih pelayanannya kak aswin, thanks tim saoeng cobek bantuan birthday surprise nya 🫶🏻😇",setahun lalu,5,5,5,Saoenk Cobek Samata,Google Maps,2026-06-09 14:53:24
ChdDSUhNMG9nS0VJQ0FnTUNROVBhV2hnRRAB,Desti Astriani Gizi,5,"Makanannya enak-enak , suasanannya bagus banget sangat di sarankan untuk makan bersama keluarga apalagi di sanaat bulan ramadhan.  Apalagi kami di layani oleh kak mila yang sangat ramah.✨",setahun lalu,5,5,5,Saoenk Cobek Samata,Google Maps,2026-06-09 14:53:24
ChdDSUhNMG9nS0VJQ0FnTUNROUthMXhBRRAB,this personal chika,5,"pelayanan top, makanan juga enak",setahun lalu,5,5,5,Saoenk Cobek Samata,Google Maps,2026-06-09 14:53:24
ChdDSUhNMG9nS0VJQ0FnTUNRaU9iTXpnRRAB,Ainun Munawwarah,5,Mba lisa melakukan pelayanan yang ramah,setahun lalu,5,5,5,Saoenk Cobek Samata,Google Maps,2026-06-09 14:53:24
ChdDSUhNMG9nS0VJQ0FnTUNROE51VXBRRRAB,Dewi Purwita,4,,setahun lalu,4,4,4,Saoenk Cobek Samata,Google Maps,2026-06-09 14:53:24
ChZDSUhNMG9nS0VJQ0FnTURnajlhY1ZBEAE,Renalda Rena,5,Pelayanannya bgus dan cepat merespon pelayannya atas nma lisa,setahun lalu,5,5,5,Saoenk Cobek Samata,Google Maps,2026-06-09 14:53:24
ChZDSUhNMG9nS0VJQ0FnTURnMTdiS1lnEAE,Muhammad Alfarizki,4,"Plynn aswin best, suasana best, siang hari terik tp ttp adem, but kualitas dan rasa mknn nya perlu di perbaiki lg. Tq",setahun lalu,3,4,5,Saoenk Cobek Samata,Google Maps,2026-06-09 14:53:24
ChZDSUhNMG9nS0VJQ0FnTURnMTVhOEdBEAE,Thi And,4,"okey menu banyak.
pelayan aswin okey..
tp mknn lbih fressh lg yach",setahun lalu,3,5,5,Saoenk Cobek Samata,Google Maps,2026-06-09 14:53:24
ChRDSUhNMG9nS0VJQ0FnTURnOF9OdRAB,Warsa Fyp,5,"Suasana nya bagus untuk acara keluarga dan acara sangat recomended, pegawai nya ramah terutama kak Aswin, keren",setahun lalu,5,5,5,Saoenk Cobek Samata,Google Maps,2026-06-09 14:53:24
ChZDSUhNMG9nS0VJQ0FnTURnMC02QllBEAE,ideas ciptadesain,5,"Pelayanan bagus , saya sangat puas Atas pelayanannya Next kami akan kembali lagi ya @iksan terima kasih pelayanannya sangat baik",setahun lalu,5,5,5,Saoenk Cobek Samata,Google Maps,2026-06-09 14:53:24
ChZDSUhNMG9nS0VJQ0FnTURnMDdxT1pnEAE,Nurdiah Shaleh,5,"Alhamdulillah makanan sangat enak dan pelayanannya sangat ramah yg dilayani oleh Adik Alwin...
Berkah selalu...
#SaungcobekSamata🥰🙏",setahun lalu,5,5,5,Saoenk Cobek Samata,Google Maps,2026-06-09 14:53:44
ChZDSUhNMG9nS0VJQ0FnTURnMDlyY2RREAE,Aulia Hilda,5,Bersih,setahun lalu,5,5,5,Saoenk Cobek Samata,Google Maps,2026-06-09 14:53:44
ChZDSUhNMG9nS0VJQ0FnTURnazVpdGZnEAE,Muhamad Rizal,5,Mantapss kakak alwin pelayanannyaaa,setahun lalu,5,5,5,Saoenk Cobek Samata,Google Maps,2026-06-09 14:53:44
ChZDSUhNMG9nS0VJQ0FnTURnazRqSGRnEAE,Okky Wahyudi,5,Service oke dari Alwin,setahun lalu,5,5,5,Saoenk Cobek Samata,Google Maps,2026-06-09 14:53:44
ChdDSUhNMG9nS0VJQ0FnTURnNDRQTzBBRRAB,Riswan,5,Cocok banget buat makan santai. Pelayanan yg baik terima kasih Ikhsan.,setahun lalu,5,5,5,Saoenk Cobek Samata,Google Maps,2026-06-09 14:53:44
ChZDSUhNMG9nS0VJQ0FnTURnNDR6clN3EAE,Aan Saputra,1,,setahun lalu,,,,Saoenk Cobek Samata,Google Maps,2026-06-09 14:53:44
ChZDSUhNMG9nS0VJQ0FnTURncGJpQlp3EAE,Asmawati Singara,5,"Suasananya nyaman, tenang.. makanannya best.. makasih mba mila",setahun lalu,5,5,5,Saoenk Cobek Samata,Google Maps,2026-06-09 14:53:44
ChdDSUhNMG9nS0VJQ0FnTURnaGZyYS1RRRAB,SAHARUDDIN RAPI,5,"Makanannya enak, pelayanannya juga baik yang atas nama kak lisa",setahun lalu,5,5,5,Saoenk Cobek Samata,Google Maps,2026-06-09 14:53:44
ChZDSUhNMG9nS0VJQ0FnTURnMGNlYkxnEAE,Putri Andikaa,5,"Makanan nya enakk, tempatnya bersih dan pelayanan nya ramah terutama kasir nya yang bernama Rafika sangat ramah ke pengunjung saat melakukan transaksi.",setahun lalu,5,5,5,Saoenk Cobek Samata,Google Maps,2026-06-09 14:53:44
ChdDSUhNMG9nS0VJQ0FnTURnMFo3cnN3RRAB,Dede Kurnia Utami,5,"rasa makanannya memuaskan, pelayanan nya baik
Aswin",setahun lalu,5,5,5,Saoenk Cobek Samata,Google Maps,2026-06-09 14:53:44
ChdDSUhNMG9nS0VJQ0FnTURnMFo3eDhRRRAB,Jaechan 0806,5,"kuah ikan enak, dan makanannnya enak smua
Aswin",setahun lalu,5,5,5,Saoenk Cobek Samata,Google Maps,2026-06-09 14:54:05
ChdDSUhNMG9nS0VJQ0FnTURnMGZ6czl3RRAB,Syahril Syahril,5,"Luar biasa sih pelayanan hospitalitynya juara.. dari awal datang disambut dan di persilahkan dengan sangat baik oleh staf pelayannya kak ""Suci""..semua menu yg disajikan fresh dan sangat menggugah selera... Yang menariknya semua gazebo difasilitasi bell hingga semua requesan kami bisa terpenuhi dengan cepat,, nextt akan datang lagi .",setahun lalu,5,5,5,Saoenk Cobek Samata,Google Maps,2026-06-09 14:54:05
ChZDSUhNMG9nS0VJQ0FnTURna2JlOE93EAE,faizah khaeruddin,5,Makanan dan pelayanannya sangat memuaskan,setahun lalu,5,5,5,Saoenk Cobek Samata,Google Maps,2026-06-09 14:54:05
ChdDSUhNMG9nS0VJQ0FnTURna2JTMjVnRRAB,Muhammad Faruq ghazy,5,"Keren banget, makan enak , suasananya sejuk, pelayanan atas nama adek Fika mantap murah senyum",setahun lalu,5,5,5,Saoenk Cobek Samata,Google Maps,2026-06-09 14:54:05
ChdDSUhNMG9nS0VJQ0FnTURna2RqWnV3RRAB,Haerani Pratiwi,5,"Gak nyesel sih makan disini, makannya enak"" bgd, pemandangannya bagus, pelayanannya ok. Next makan rame"" sama besty""que❤️",setahun lalu,5,5,5,Saoenk Cobek Samata,Google Maps,2026-06-09 14:54:05
ChZDSUhNMG9nS0VJQ0FnTURnb2MyTEdREAE,Andhy Arwilyam,2,"Makanannya lumayan enak, tapi tolong air di kolamnya sebisa mungkin di ganti karena sudah berbau",setahun lalu,,,,Saoenk Cobek Samata,Google Maps,2026-06-09 14:54:05
ChZDSUhNMG9nS0VJQ0FnTURnb1pqNkt3EAE,Intan Saridewi Arfa,5,Mantap bgt makanannya aplagi pelayananya kak Alwin sangat ramah dan pengertian,setahun lalu,5,5,5,Saoenk Cobek Samata,Google Maps,2026-06-09 14:54:05
ChdDSUhNMG9nS0VJQ0FnTURnd2JtVG1BRRAB,muhammad yuyun,5,,setahun lalu,5,5,5,Saoenk Cobek Samata,Google Maps,2026-06-09 14:54:05
ChZDSUhNMG9nS0VJQ0FnTURnd1lhWUVnEAE,Nadya Rizki Umami,5,suasana tempat makannya sangat asri dan sejuk cocok untuk acara formal atau kumpul keluarga. pelayanan cepat dengan leader alwin yang sigap dalam menangani pelanggan ✨,setahun lalu,5,5,5,Saoenk Cobek Samata,Google Maps,2026-06-09 14:54:05
ChZDSUhNMG9nS0VJQ0FnTURnd2JDaGZ3EAE,Miftahul Madinah,5,"bagus, murah",setahun lalu,4,4,5,Saoenk Cobek Samata,Google Maps,2026-06-09 14:54:05
ChdDSUhNMG9nS0VJQ0FnTURnX3VyRDl3RRAB,Mjr Septiawan,5,"Pelayanannya cepat, baik dan ramah. pelayanan mila terbaik 🤩🤩",setahun lalu,5,5,5,Saoenk Cobek Samata,Google Maps,2026-06-09 14:54:26
ChdDSUhNMG9nS0VJQ0FnTURnbHBLODRRRRAB,Syaza Farah Adibah,5,,setahun lalu,5,5,5,Saoenk Cobek Samata,Google Maps,2026-06-09 14:54:26
ChZDSUhNMG9nS0VJQ0FnTURnbHB6U1BnEAE,Novika Kurniawati,5,"Rekomendasi untuk yang mau makan bareng keluarga, tempat yang nyaman serta makanan yang enak menambah moment bersama keluarga. Apalagi pelayanan yang super duper ramah terimakasih mbak fani",setahun lalu,,,,Saoenk Cobek Samata,Google Maps,2026-06-09 14:54:26
ChZDSUhNMG9nS0VJQ0FnTURnNXFLVE9REAE,Cassava Cassava,5,Matap,setahun lalu,5,5,5,Saoenk Cobek Samata,Google Maps,2026-06-09 14:54:26
ChZDSUhNMG9nS0VJQ0FnTURnNXR5dkRnEAE,MUH HASDY ASSIDDDIQ,5,"Hidangan bagus, makanannya enak dan pelayanannya sangat baik dan ramah",setahun lalu,5,5,5,Saoenk Cobek Samata,Google Maps,2026-06-09 14:54:26
ChdDSUhNMG9nS0VJQ0FnTURnNXNDSDdnRRAB,Christian Lv,5,"Tempat yang bagus untuk makan.
Terima kasih Pak Aswin atas pelayanannya. 👍🏻",setahun lalu,5,5,5,Saoenk Cobek Samata,Google Maps,2026-06-09 14:54:26
ChZDSUhNMG9nS0VJQ0FnTURncHVmUUFREAE,Asdar Mk,5,Enak tawwa makanannya dan pelayanan nya baik dan tidak cuek apalagi di layani mba fani,setahun lalu,5,5,5,Saoenk Cobek Samata,Google Maps,2026-06-09 14:54:26
ChZDSUhNMG9nS0VJQ0FnTURncHFmUVhREAE,Nur Fadillah,5,Sangat memuaskan... Mksihhh atas pelayananya milaa,setahun lalu,5,5,5,Saoenk Cobek Samata,Google Maps,2026-06-09 14:54:26
ChZDSUhNMG9nS0VJQ0FnTURncHNlYkdnEAE,Nuraeni Aeny,5,"Nyaman dan juga bersih, stafnya ramah"" apalagi leadernya",setahun lalu,5,5,5,Saoenk Cobek Samata,Google Maps,2026-06-09 14:54:26
ChdDSUhNMG9nS0VJQ0FnTURncG8yQm1nRRAB,Asyifah Nabila,5,"Tempat makan yang bersih dan asri serta makanan yang tentu saja enak, tempat yang recommended untuk dijadikan tmpat makan bersama kluarga, dan tentu saja tidak lupa pelayanannya sangat bagus trimakasih mba Mila",setahun lalu,,,,Saoenk Cobek Samata,Google Maps,2026-06-09 14:54:26
ChdDSUhNMG9nS0VJQ0FnTURncHE3ejZnRRAB,zulfikar kamal,5,"Makanannya Enak pelayanannya Ramah dan Baik
Kalau bisa Kasi Musik untuk mencairkan suasana hehe",setahun lalu,5,5,4,Saoenk Cobek Samata,Google Maps,2026-06-09 14:54:53
ChZDSUhNMG9nS0VJQ0FnTURncHBhQlFREAE,Yacobus Efesus,5,"Enak luar biasa nyaman
Kak lisa",setahun lalu,5,5,5,Saoenk Cobek Samata,Google Maps,2026-06-09 14:54:53
ChZDSUhNMG9nS0VJQ0FnTURncHVEZFFBEAE,Meyli Asdarina,5,"Tempat bersih, nyaman, menunya beragam dan pelayananan sangat ramah",setahun lalu,5,5,5,Saoenk Cobek Samata,Google Maps,2026-06-09 14:54:53
ChZDSUhNMG9nS0VJQ0FnTURneHBTaU1nEAE,A. Nur Syamsi Syam,5,Menu nya enak... Sambelnya dikurangi sedikit levelnya..,setahun lalu,5,5,5,Saoenk Cobek Samata,Google Maps,2026-06-09 14:54:53
ChdDSUhNMG9nS0VJQ0FnTURndXNTdW9RRRAB,HELMY RAHIM,5,"Makanannya enak semua dan pelayanannya ramah tadi pelayannya a.n Suci, masukannya mungkin bisa ditambahkan menu paket keluarga supaya bisa lebih hemat kalau makan bersama keluarga😁😁😁",setahun lalu,5,5,5,Saoenk Cobek Samata,Google Maps,2026-06-09 14:54:53
ChdDSUhNMG9nS0VJQ0FnTURna3J5RmhRRRAB,Triyanto,5,"Makananya enak bnget rekomendasi bnget deh pokoknya buat makan rame²
Pelayanan juga baik dan sopan , apalagi kasirnya sangat ramah².",setahun lalu,5,5,5,Saoenk Cobek Samata,Google Maps,2026-06-09 14:54:53
ChZDSUhNMG9nS0VJQ0FnTURnNHBXUFNBEAE,Riyadh Riyadh,5,"Tempatnya nyaman dan rekomend bnget untuk makan bersama keluarga, selain itu makananya juga enak poll pelayanannya super gercep🥰karyawannya yang ramah, untuk suasana lingkungannya bersih,dan menarik nya stiap gazebo udah ada wastafelnya, terjamin banget nihh kepuasan makan di saoenk cobek
Dari pelayanannya suasananya juga nyaman🥰🥰👍👍
Trimakasih sudah di layani dngn baikk,kami sekeluarga sangat puass👍🥰",setahun lalu,5,5,5,Saoenk Cobek Samata,Google Maps,2026-06-09 14:54:53
ChdDSUhNMG9nS0VJQ0FnTURnNHZ5ZXNRRRAB,Nurhayati,5,"Alhamdulillah tempat y bagus n nyaman ,apa lagi pas acara keluarga terutama arisan keluarga . Dan masakan y jga enak ,cocok di lidah ,semua anggota keluarga cocok sma masakan y . Terimakasih kak aswin n kak alwin pelayanan y sangat bagus n sat set 👍👍👍",setahun lalu,5,5,5,Saoenk Cobek Samata,Google Maps,2026-06-09 14:54:53
ChZDSUhNMG9nS0VJQ0FnTURnb29hNUNnEAE,Amika rizki Kaligrafi,5,pelayanan baik dan ramah lingkungan @Aswin,setahun lalu,5,5,5,Saoenk Cobek Samata,Google Maps,2026-06-09 14:54:53
ChdDSUhNMG9nS0VJQ0FnTURnd3FLS2tBRRAB,Siti Arlitha,5,"Pelayanannnya ramah, makann enakkkkk dan seafoodnya fresshh dan fasttt serve+++ hargaa sangatt terjangkauu, sangatt rekomenn🥳🥳

terimakasihh utk kak milaa yang melayanii sangatt ramahh🤍",setahun lalu,5,5,5,Saoenk Cobek Samata,Google Maps,2026-06-09 14:54:53
ChdDSUhNMG9nS0VJQ0FnTURnZ3BtS3p3RRAB,Shabisi _,5,pelayanan yang cepat dan pekerja yang ramah :>,setahun lalu,5,5,5,Saoenk Cobek Samata,Google Maps,2026-06-09 14:55:14
ChdDSUhNMG9nS0VJQ0FnTURnX1BPRXFRRRAB,Irma Arisanti,5,"Temptx bersih, bagus dan nyaman, maknnx enk dan sesuai selera sy. Pelayananx cepat. Tq leadr Alwin",setahun lalu,5,5,5,Saoenk Cobek Samata,Google Maps,2026-06-09 14:55:14
ChdDSUhNMG9nS0VJQ0FnTURnM0pXeGtRRRAB,Ahmad Fachryzal,1,"Cukup terakhir sy kesini, makanannya lama sekali datang. Itupun ternyata ada pesanan yg tdk masuk padhal sdh dulanh catatannya. Minta kecap tidak datang2 (alasannya pegawai nya salah bawa) padahal sy minta ke 3 pegawai berbeda.",setahun lalu,3,1,2,Saoenk Cobek Samata,Google Maps,2026-06-09 14:55:14
ChdDSUhNMG9nS0VJQ0FnTURnbkwyX3N3RRAB,Alfhy Fifi2003,5,Sangat puas enak bersih…tapi wakeend tdk tersedia nasi gorengnya,setahun lalu,5,5,5,Saoenk Cobek Samata,Google Maps,2026-06-09 14:55:14
ChZDSUhNMG9nS0VJQ0FnTURnME5lNkhREAE,Tetty Wahyuni Yunus,5,,setahun lalu,5,5,5,Saoenk Cobek Samata,Google Maps,2026-06-09 14:55:14
ChZDSUhNMG9nS0VJQ0FnTUNnbGJITUlBEAE,Husnul Amalia,5,Diorder sama ihsan,setahun lalu,5,5,5,Saoenk Cobek Samata,Google Maps,2026-06-09 14:55:14
ChdDSUhNMG9nS0VJQ0FnTUNnbGJIeC1nRRAB,suchy uchii,5,di order ihsan,setahun lalu,5,5,5,Saoenk Cobek Samata,Google Maps,2026-06-09 14:55:14
ChZDSUhNMG9nS0VJQ0FnTUNncGVtZE9BEAE,Andrias Schadikun,3,,setahun lalu,2,4,3,Saoenk Cobek Samata,Google Maps,2026-06-09 14:55:14
ChZDSUhNMG9nS0VJQ0FnTUNnaWZMUkp3EAE,ibnu hastomo,5,"Makanan enak, suasana enak

waiter Lisa sangat membantu",setahun lalu,5,5,5,Saoenk Cobek Samata,Google Maps,2026-06-09 14:55:14
ChdDSUhNMG9nS0VJQ0FnTUNnaWJMc3l3RRAB,hyronimus leke,5,Mantap pelayananan...LISA good job,setahun lalu,5,5,5,Saoenk Cobek Samata,Google Maps,2026-06-09 14:55:14
ChZDSUhNMG9nS0VJQ0FnTUNnaWNLNE5nEAE,Muh Nurhidayat,5,Aswin,setahun lalu,5,5,5,Saoenk Cobek Samata,Google Maps,2026-06-09 14:55:39
ChdDSUhNMG9nS0VJQ0FnTUNnMGJHcDhBRRAB,Andi AzwarHamid72,5,Mantap pelayanannya pak Alwin.. suasana adem dan tenang.. tetap dipertahankan,setahun lalu,5,5,5,Saoenk Cobek Samata,Google Maps,2026-06-09 14:55:39
ChdDSUhNMG9nS0VJQ0FnTUNnMGZEcGpRRRAB,Dewi Angraeni,5,"Mkanannya enak dan pelayannya bgus, thanks Milaa",setahun lalu,5,5,5,Saoenk Cobek Samata,Google Maps,2026-06-09 14:55:39
ChdDSUhNMG9nS0VJQ0FnTUNna2M2QnZBRRAB,saerah saerah,5,"Makannya enk suasana juga enak
Makasih mba uci",setahun lalu,5,5,5,Saoenk Cobek Samata,Google Maps,2026-06-09 14:55:39
ChdDSUhNMG9nS0VJQ0FnTUNnN3RUeTJ3RRAB,Nabilah Zuhaerah,5,"makanannya enak, apalagi sambel ijo nya enakk👍🏻👍🏻 tengkyuu kaka milaaa❤️❤️",setahun lalu,5,5,5,Saoenk Cobek Samata,Google Maps,2026-06-09 14:55:39
ChdDSUhNMG9nS0VJQ0FnTUNnanR6SW93RRAB,Mila Susanti,5,Makanan enak dan pelayanan bagus. Nama pelayanan lisa,setahun lalu,5,5,5,Saoenk Cobek Samata,Google Maps,2026-06-09 14:55:39
ChdDSUhNMG9nS0VJQ0FnTUNnMnNudGp3RRAB,Nita Not,5,"Pelayanannya cepat, ramah,makannnya enak2 aswin",setahun lalu,5,5,5,Saoenk Cobek Samata,Google Maps,2026-06-09 14:55:39
ChdDSUhNMG9nS0VJQ0FnTUNnNnB6eF9nRRAB,St. Naila Putri Zahwa Ali,5,"Makanannya enak, pelayanannya bagus diorder sama mbak mila",setahun lalu,5,5,5,Saoenk Cobek Samata,Google Maps,2026-06-09 14:55:39
ChdDSUhNMG9nS0VJQ0FnTUNnd3B6STdnRRAB,A. Rabbani azelya restu irvan,4,,setahun lalu,4,4,4,Saoenk Cobek Samata,Google Maps,2026-06-09 14:55:39
ChdDSUhNMG9nS0VJQ0FnTUNnX0p2WF9BRRAB,Nur aidah Fatimah,5,"makanannya enakk,pelayanannya baik ramah
makasi mba ucii",setahun lalu,5,5,5,Saoenk Cobek Samata,Google Maps,2026-06-09 14:55:39
ChZDSUhNMG9nS0VJQ0FnTUNnX042aVpREAE,Indra Dipanegara,5,Rasa mantap,setahun lalu,5,5,5,Saoenk Cobek Samata,Google Maps,2026-06-09 14:56:03
ChdDSUhNMG9nS0VJQ0FnTUNndk43Sjh3RRAB,Surya Anantatama Sembiring,5,Tempat cocok makanan bersama keluarga. Bersama pelayanan ibu itti di saoenk cobek samata. Terima kasih akan membawa keluarga dan kolega ke sini,setahun lalu,5,5,5,Saoenk Cobek Samata,Google Maps,2026-06-09 14:56:03
ChdDSUhNMG9nS0VJQ0FnTUNndk5qR2x3RRAB,hasnawati wati,5,Makanan yang disajikan semua enak dan pelayanan cepat,setahun lalu,5,5,5,Saoenk Cobek Samata,Google Maps,2026-06-09 14:56:03
ChZDSUhNMG9nS0VJQ0FnTUNnaElQMFNREAE,Astati Tati,5,,setahun lalu,5,5,5,Saoenk Cobek Samata,Google Maps,2026-06-09 14:56:03
ChdDSUhNMG9nS0VJQ0FnTURBaFkycHdBRRAB,CyrusMoms HDAI,4,"Suasana enak di malam hari
Pelayanan ramah waiters uci
Makanan cepat datang tidak menunggu lama 😬",setahun lalu,4,5,4,Saoenk Cobek Samata,Google Maps,2026-06-09 14:56:03
ChZDSUhNMG9nS0VJQ0FnTURBaGJhaExBEAE,Sri Rahayu Wijaya,5,"Makanannya sangat enak dan pelayanannya sabgat bagus
Thank u mba lisa (pelayan)",setahun lalu,5,5,5,Saoenk Cobek Samata,Google Maps,2026-06-09 14:56:03
ChdDSUhNMG9nS0VJQ0FnTURBN3VDRjRnRRAB,Wahyuni Puspitasari,5,,setahun lalu,5,5,5,Saoenk Cobek Samata,Google Maps,2026-06-09 14:56:03
ChdDSUhNMG9nS0VJQ0FnTURBN01xVXRRRRAB,ASRIANI ANI,5,"Suasananya nyaman,makananya enak recomended",setahun lalu,,,,Saoenk Cobek Samata,Google Maps,2026-06-09 14:56:03
ChdDSUhNMG9nS0VJQ0FnTURBako2TDZ3RRAB,Annisa Musdalifah,5,"Makanannya enak, Pelayannya  jugaa Ramah2",setahun lalu,5,5,5,Saoenk Cobek Samata,Google Maps,2026-06-09 14:56:03
ChZDSUhNMG9nS0VJQ0FnTURBaU1LRll3EAE,Muhammad Rezky,5,"Makanan nya enak smua dan tempat nya nyaman, mksih pelayanannya Milaa",setahun lalu,5,5,5,Saoenk Cobek Samata,Google Maps,2026-06-09 14:56:03
ChZDSUhNMG9nS0VJQ0FnTURBaUpEbE5nEAE,Adrian Sollong,5,Tempat dan suasananya sangat menarik sangat cocok buat acara keluarga serta pelayanannya yg sangat ramah... Makasih yaa mila,setahun lalu,5,5,5,Saoenk Cobek Samata,Google Maps,2026-06-09 14:56:27
ChZDSUhNMG9nS0VJQ0FnTUNBd2ZHV1J3EAE,Firmansyah Usman -Farel-,4,,setahun lalu,4,3,4,Saoenk Cobek Samata,Google Maps,2026-06-09 14:56:27
ChdDSUhNMG9nS0VJQ0FnTUNBd2M3TDVBRRAB,rabiatul husain,5,"Makanan enak, pelayanan cepat suasana nyaman, cocok kumpul keluarga. Ada musolla juga. Terima kasih pelayananannya staf kakak lisa 🙏😊",setahun lalu,5,5,4,Saoenk Cobek Samata,Google Maps,2026-06-09 14:56:27
ChZDSUhNMG9nS0VJQ0FnTUNBa3FUSEp3EAE,qadri nurdin,5,,setahun lalu,,,,Saoenk Cobek Samata,Google Maps,2026-06-09 14:56:27
ChdDSUhNMG9nS0VJQ0FnSURfcmFtQXRRRRAB,Widya Reski Cahyani Daulima,5,"Cocok untuk tempat makan keluarga, makanannya enak @mila",setahun lalu,5,5,5,Saoenk Cobek Samata,Google Maps,2026-06-09 14:56:27
ChdDSUhNMG9nS0VJQ0FnSURfcmNtdmt3RRAB,Nazhifah Muthmainnah,5,"Cocok untuk kumpul keluarga
@mila",setahun lalu,5,5,5,Saoenk Cobek Samata,Google Maps,2026-06-09 14:56:27
ChdDSUhNMG9nS0VJQ0FnSURfamF5VHJRRRAB,Sofyan Thayf,4,"Makanan enak, pelayanan enak, parkir yang kurang nyaman kalau lagi ramai. Mushallah di luar, tapi tempat wudhu air tidak jalan, jadi wudhu di dalam terus keluar ke mushallah, kalau hujan repot",setahun lalu,4,4,4,Saoenk Cobek Samata,Google Maps,2026-06-09 14:56:27
ChdDSUhNMG9nS0VJQ0FnSURfMlpiQ3J3RRAB,Winda Paulus,5,"Makanannya enak, suasananya sejuk!
Great service for mbak Uci..",setahun lalu,5,5,5,Saoenk Cobek Samata,Google Maps,2026-06-09 14:56:27
ChZDSUhNMG9nS0VJQ0FnSURfM3NLbVVBEAE,Amanda Rossy Novhanca Ramlan,5,Meja kotor,setahun lalu,5,5,5,Saoenk Cobek Samata,Google Maps,2026-06-09 14:56:27
ChZDSUhNMG9nS0VJQ0FnSURfanQtbVZnEAE,018_dini dwi putri Ibrahim,5,,setahun lalu,,,,Saoenk Cobek Samata,Google Maps,2026-06-09 14:56:27
ChZDSUhNMG9nS0VJQ0FnSUNfXzQycVh3EAE,Anika Tasrin,5,"Pelayanan oke bangett, tempatnya strategis juga, makanannya enak2, menu fav tiap ke sini selalu pesan kepiting saus padang, kak uci yang melayani saya sampai selesai, baik, dan ramah juga, tapi semua pelayannya baik2.",setahun lalu,5,5,5,Saoenk Cobek Samata,Google Maps,2026-06-09 14:56:54
ChdDSUhNMG9nS0VJQ0FnSUNfXzdENy1RRRAB,alivio maulana,5,"Pelayanan nya sangat memuaskan, makananya juga rekomendasi .
Terimakasih kak aswin",setahun lalu,5,5,5,Saoenk Cobek Samata,Google Maps,2026-06-09 14:56:54
ChdDSUhNMG9nS0VJQ0FnSUNfX2RHd2pRRRAB,Irma Yanti,5,makanannya enak dan waiters nya juga ramah dan murah senyum terimakasih mba Uci😊😊,setahun lalu,5,5,5,Saoenk Cobek Samata,Google Maps,2026-06-09 14:56:54
ChZDSUhNMG9nS0VJQ0FnSUNfX2VIVEN3EAE,Muh ALFAT ALFAT,5,"Suasananya nyaman,,",setahun lalu,5,4,5,Saoenk Cobek Samata,Google Maps,2026-06-09 14:56:54
ChdDSUhNMG9nS0VJQ0FnSUNfemNDazB3RRAB,Naurah fatiah amaliah,5,pelayanannya ramah dan cepat,setahun lalu,5,5,5,Saoenk Cobek Samata,Google Maps,2026-06-09 14:56:54
ChZDSUhNMG9nS0VJQ0FnSUNfbnUyOVZnEAE,Khuznul Hatima,5,Aswin,setahun lalu,5,5,5,Saoenk Cobek Samata,Google Maps,2026-06-09 14:56:54
ChdDSUhNMG9nS0VJQ0FnSUNfdHZTNGl3RRAB,Wawan Irzhawa,3,Cuma tempat shalatnya kejauhan..harus jalan kaki dulu keluar..kasihan buat orang tua yg sudah susah berjalan sendiri..,setahun lalu,4,4,5,Saoenk Cobek Samata,Google Maps,2026-06-09 14:56:54
ChZDSUhNMG9nS0VJQ0FnSUNfcW9qbUNREAE,EL gaming,5,"Tempat makan keluarga dengan nuansa Asri..
Sedikit saran,
Perawatan kolam termasuk filterisasi air mancur dll perlu di perhatikan..
Krn itu jadi salah satu saya tarik terbesar pelanggan akan datang kembali",setahun lalu,4,4,4,Saoenk Cobek Samata,Google Maps,2026-06-09 14:56:54
ChZDSUhNMG9nS0VJQ0FnSUNfb3EtMEt3EAE,itha syart itha,5,"Pelayanan ok, tempatnya bersih...

Terimakasih sdh dilayani dengan sangat baik oleh LISA",setahun lalu,5,5,5,Saoenk Cobek Samata,Google Maps,2026-06-09 14:56:54
ChZDSUhNMG9nS0VJQ0FnSUNfZ3VtcVRREAE,09. Fadhila Syahri Sya'ban,5,"pelayanannya bagus, makanannya enak. terutama pelayan atas nama Aswin, sangat sopan dan ramah.",setahun lalu,5,5,5,Saoenk Cobek Samata,Google Maps,2026-06-09 14:56:54
ChZDSUhNMG9nS0VJQ0FnSUNfX09PT0lnEAE,Mustamin Matutu,5,"Rekomen.. tempatnya nyaman.. makanannya enak,, apalagi pelayanannya tawwa mantap sekali.. klo kesini cari maki yg namanya Aswin, orangnya ramah + bagus tawwa pelayanannya.. sukses selalu..",setahun lalu,5,5,5,Saoenk Cobek Samata,Google Maps,2026-06-09 14:57:18
ChdDSUhNMG9nS0VJQ0FnSUNfak51d3RBRRAB,Purnama Hudawishuzrah,5,"Jangan pakai minyak kelapa palekkonya, dan palekkonya terlalu hancur dagingnya.

Tapi untuk services pelayanan kk aswin is the best sih beliau sopan, ramah dan murah senyum. Harusnya memang pelayanan seperti itusih supaya konsumen nyaman. Makasih loh kak aswin.",setahun lalu,4,5,4,Saoenk Cobek Samata,Google Maps,2026-06-09 14:57:18
ChdDSUhNMG9nS0VJQ0FnSUNfakpqMXd3RRAB,Waode syifa Nurlatifah,2,"Makanannyaa enak""",setahun lalu,5,4,4,Saoenk Cobek Samata,Google Maps,2026-06-09 14:57:18
ChdDSUhNMG9nS0VJQ0FnSUNfNkw3VDZ3RRAB,Sri Hardhiyanti,5,,setahun lalu,,,,Saoenk Cobek Samata,Google Maps,2026-06-09 14:57:18
ChZDSUhNMG9nS0VJQ0FnSURmM19uT1VnEAE,Ojha 168,5,,setahun lalu,5,5,5,Saoenk Cobek Samata,Google Maps,2026-06-09 14:57:18
ChZDSUhNMG9nS0VJQ0FnSURmbl9LWEZBEAE,Vina Nurvitasari,5,"Rasa makanan alhamdulillah enak skli..pelayanan jg cepat
Pelayanan mas aswin jg baik sekali dan ramah.... pokoknya rocomended",setahun lalu,,,,Saoenk Cobek Samata,Google Maps,2026-06-09 14:57:18
ChdDSUhNMG9nS0VJQ0FnSURmcjhITDVBRRAB,Sukma Wati,5,,setahun lalu,5,5,5,Saoenk Cobek Samata,Google Maps,2026-06-09 14:57:18
ChdDSUhNMG9nS0VJQ0FnSURmNDg2YzFBRRAB,Aditya Yudhi Prabowo,3,,setahun lalu,4,3,3,Saoenk Cobek Samata,Google Maps,2026-06-09 14:57:18
ChdDSUhNMG9nS0VJQ0FnSURmNmItMnh3RRAB,Asmaul Husna,5,,setahun lalu,,5,5,Saoenk Cobek Samata,Google Maps,2026-06-09 14:57:18
ChdDSUhNMG9nS0VJQ0FnSURmeXFuXzF3RRAB,Nur Hasana,5,"Makanannya rekomended pelayanan cepat dan ramah dilayani kak aswin, suasana family  friendly cocok untuk makan bersama keluarga",setahun lalu,5,5,5,Saoenk Cobek Samata,Google Maps,2026-06-09 14:57:18
ChdDSUhNMG9nS0VJQ0FnSURmeW9tQXVRRRAB,novita hardiyanti,5,"Pengalaman makan di saunk cobek samata pelayanannya cepat, dan pelayannya ramah dan murah senyum, makanannya enak2 juga, ..#mas aswin",setahun lalu,5,5,5,Saoenk Cobek Samata,Google Maps,2026-06-09 14:57:45
ChZDSUhNMG9nS0VJQ0FnSUNmMTVuY1BnEAE,Haslinda Hasbulla,5,"Suasana bagus, ikannya enak. Juga bisa sekalian kasih makan ikan di kolam. Pelayanannya mantap",setahun lalu,4,5,5,Saoenk Cobek Samata,Google Maps,2026-06-09 14:57:45
ChdDSUhNMG9nS0VJQ0FnSUNmczdteHR3RRAB,Fath Enoc,1,"orang kesini untuk makan, artinya lapar. Lapar baru tidak dilayani kira2 nda naik tae ballo mu? Haha makasih dih🤝",setahun lalu,,,,Saoenk Cobek Samata,Google Maps,2026-06-09 14:57:45
ChZDSUhNMG9nS0VJQ0FnSUNmbGJfaFFnEAE,Rahmi Ardani,5,Makanannya enak dan pelayanan cepat,setahun lalu,,,,Saoenk Cobek Samata,Google Maps,2026-06-09 14:57:45
ChZDSUhNMG9nS0VJQ0FnSUNmcWV5c2RREAE,Astrid Isnur,5,"Makanannya enak, pelayananya ramah murah senyum, mba uci",setahun lalu,5,5,5,Saoenk Cobek Samata,Google Maps,2026-06-09 14:57:45
ChZDSUhNMG9nS0VJQ0FnSUNmeWRxc1pBEAE,Ramlah Damayanti,5,"Tempatnya bagus, mkanan nya sngat mantap, disambut dengan baik dan ramah makasih pelayanan nya Mila",setahun lalu,5,5,5,Saoenk Cobek Samata,Google Maps,2026-06-09 14:57:45
ChZDSUhNMG9nS0VJQ0FnSUNmaWIyT0RnEAE,Muhammad Ridwan,5,rekomen,setahun lalu,5,5,5,Saoenk Cobek Samata,Google Maps,2026-06-09 14:57:45
ChZDSUhNMG9nS0VJQ0FnSUNmaVpHTUxREAE,Abd Rahim Kayyum,5,"Tempat yg begitu cozy dengan pelayanan prima yg diberikan mnjadikan tempat ini masuk dalam list rumah makan favorit kami sekeluarga..

Terima ksih crew saoenk cobek.. Aswin,Lisa,Fany, dan Alwin",setahun lalu,,,,Saoenk Cobek Samata,Google Maps,2026-06-09 14:57:45
ChZDSUhNMG9nS0VJQ0FnSUNmaVlIZVdBEAE,Syarifah Hijrah Febrianti,5,"Tempatnya Nyaman, bersih, dan memiliki dekorasi yang unik.Rasa sangat lezat, terutama Kepiting nampan. Porsi pas dan harga terjangkau.
Oh iya kami dilayani mbak suci pelayanan yang Ramah, cepat dan profesional.
Tempat ini juga Cocok untuk ngeDate bareng keluarga, dan keluarga.
Wajib kalian Cobain sih!!",setahun lalu,5,5,5,Saoenk Cobek Samata,Google Maps,2026-06-09 14:57:45
ChZDSUhNMG9nS0VJQ0FnSUNmaWZxZEZREAE,Fhatwr Jeka,5,"saoenk cobek salah satu tempat yang recomended banget si buat ngumpul sama keluarga, apalagi suasananya yang nyaman. dan untuk pelayanannya, kami dilayani oleh pak alwin. pelayananya bagus dan cepat tanggap, semoga tetap konsisten untuk keramahannya mas. senyum kalian adalah hal yang sangat berarti buat para pelanggan",setahun lalu,5,5,5,Saoenk Cobek Samata,Google Maps,2026-06-09 14:57:45
ChdDSUhNMG9nS0VJQ0FnSUNmOGFLeHFRRRAB,Yhana Arief,5,"Sangat puasss ,
Muhammad aswin",setahun lalu,5,5,5,Saoenk Cobek Samata,Google Maps,2026-06-09 14:58:12
ChdDSUhNMG9nS0VJQ0FnSUNmc2ZfMDR3RRAB,Kar Mila,5,"Tempatnya nyaman, makanannya enak terus pelayanan nya jg oke👍🏻👍🏻👍🏻",setahun lalu,5,5,5,Saoenk Cobek Samata,Google Maps,2026-06-09 14:58:12
ChZDSUhNMG9nS0VJQ0FnSUNmc2JfM1NREAE,Nurfadliah Lia,5,Semua makanannya juara,setahun lalu,5,5,5,Saoenk Cobek Samata,Google Maps,2026-06-09 14:58:12
ChZDSUhNMG9nS0VJQ0FnSUNmN3BHZlhBEAE,Andi yustika manrimawagau,5,Suasana oke. Nyaman. Pelayanan baik.,setahun lalu,5,5,5,Saoenk Cobek Samata,Google Maps,2026-06-09 14:58:12
ChZDSUhNMG9nS0VJQ0FnSUNmcnRPMUpBEAE,Rahmia Ishari,5,"Tempat makan yg cocok buat keluarga.. Ada paketan juga yg menunya bervariasi, tempatnya juga nyaman, makanannya enak2.. Untuk waitressnya, kami dilayani oleh mba Suci, mbanya ramah dan saat butuh bantuan.. Tetap konsisten yah mba keramahannya, senyum kamu sangat berarti buat para pelanggan. 👍",setahun lalu,5,5,5,Saoenk Cobek Samata,Google Maps,2026-06-09 14:58:12
ChdDSUhNMG9nS0VJQ0FnSUNmcnBHd2tnRRAB,fadya zashilya,5,pelayanan baik waiters kak uci,setahun lalu,5,5,5,Saoenk Cobek Samata,Google Maps,2026-06-09 14:58:12
ChdDSUhNMG9nS0VJQ0FnSUNmcnNHNTZRRRAB,Muhammad Afdhal Ramlan,5,"Bagus ji, enak rasanya, waiters atas nama Mila",setahun lalu,5,5,5,Saoenk Cobek Samata,Google Maps,2026-06-09 14:58:12
ChZDSUhNMG9nS0VJQ0FnSUNmem8tS2NnEAE,Syeila Arsyla,5,"Konsep rumah makan bernuansa alam ada kolam ikan yg memanjakan mata kita.. sangat sejuk, bersih dan pelayanan yang sangat memuaskan diberikan oleh kak Lisa...",setahun lalu,5,5,5,Saoenk Cobek Samata,Google Maps,2026-06-09 14:58:12
ChZDSUhNMG9nS0VJQ0FnSUNmem9POVRnEAE,Astrid Palanggi,5,"Mantap makanannya, disambut ramah oleh pak Alwin.. makasih nak Mila pelayanannya best",setahun lalu,5,5,5,Saoenk Cobek Samata,Google Maps,2026-06-09 14:58:12
ChZDSUhNMG9nS0VJQ0FnSUNmenRIdlpnEAE,Risnawati Risnawati,5,"Tempatnya bagus, dingin dan pelayanan ramah (suci)",setahun lalu,5,5,5,Saoenk Cobek Samata,Google Maps,2026-06-09 14:58:12
ChdDSUhNMG9nS0VJQ0FnSUNmeHFfYTNRRRAB,Fhatma Fanya,5,"Mantap, tempat nyaman, pelayanan garcep, terimakasi buat mba uci yg sudah melayani sepenuh hati. Sehat dan sukses selalu",setahun lalu,5,5,5,Saoenk Cobek Samata,Google Maps,2026-06-09 14:58:40
ChdDSUhNMG9nS0VJQ0FnSUNmeHZ6X2pBRRAB,dokpimkejati sulsel,4,"Rumah makan terlengkap dan recomended di daerah samata gowa untuk didatangi bersama keluarga, temam, dan pasangan karena disugukan dengan makanan yang enak bersih dan pelayanan nya super duper ramah jadi inimi solusi kalau ada yang mau acara keluarga, arisan apalagi acara ulang tahun recommend sekali bestie👍
(Muhammad aswin syah)",setahun lalu,4,5,4,Saoenk Cobek Samata,Google Maps,2026-06-09 14:58:40
ChZDSUhNMG9nS0VJQ0FnSUNmaHZ1X0J3EAE,sins.,5,Muhammad aswin syah,setahun lalu,5,5,5,Saoenk Cobek Samata,Google Maps,2026-06-09 14:58:40
ChdDSUhNMG9nS0VJQ0FnSUNmaHR2enFnRRAB,Kartika Agustina,5,"pelayanannya bagus,orangnya ramah, makananya lumayan enak
Muhammad aswinsyah",setahun lalu,5,5,5,Saoenk Cobek Samata,Google Maps,2026-06-09 14:58:40
ChdDSUhNMG9nS0VJQ0FnSUNmaHIzYjdBRRAB,Dahlina Febriani,5,"Sangat baik
(MUH ASWIN)",setahun lalu,4,5,5,Saoenk Cobek Samata,Google Maps,2026-06-09 14:58:40
ChdDSUhNMG9nS0VJQ0FnSUNmaHFyR3BBRRAB,Reni lestari,5,"Makanan nya enak
Pelayanan bagus
Waiters mba uci",setahun lalu,5,5,5,Saoenk Cobek Samata,Google Maps,2026-06-09 14:58:40
ChZDSUhNMG9nS0VJQ0FnSUNmLXZUY0p3EAE,Fauri Islamuddin,5,"Pelayanan baik, makanan enak .. Dilayani oleh ikhsan",setahun lalu,4,4,4,Saoenk Cobek Samata,Google Maps,2026-06-09 14:58:40
ChZDSUhNMG9nS0VJQ0FnSUNmdXJfNlhnEAE,Dian Mentari,5,"Makanannya sangat enak,dan pelayanannya sangat baik,banyak terimakasih untuk kak uci🤗",setahun lalu,5,5,5,Saoenk Cobek Samata,Google Maps,2026-06-09 14:58:40
ChdDSUhNMG9nS0VJQ0FnSUNmdXJUVnNBRRAB,zapa andi,5,"Makanan enak pelayanannya juga bagus dan suasananya enak
Waiters nya kak uci",setahun lalu,5,5,5,Saoenk Cobek Samata,Google Maps,2026-06-09 14:58:40
ChdDSUhNMG9nS0VJQ0FnSUNmMnQtMG1nRRAB,fadly noer,5,"Pelayanan baguss, makanan enakk
Kak milaa",setahun lalu,5,5,5,Saoenk Cobek Samata,Google Maps,2026-06-09 14:58:40
ChdDSUhNMG9nS0VJQ0FnSUNmbW91RzdRRRAB,nurhidayah romi,5,"Makanannya enak dan pelayanannya ramah
@waiters atas nama Uci",setahun lalu,5,5,5,Saoenk Cobek Samata,Google Maps,2026-06-09 14:59:07
ChdDSUhNMG9nS0VJQ0FnSUNmbXYzNjZ3RRAB,Masita ilhanda Masita,5,Tempat dan pelayanannya cukup bagus recommend.Lisa,setahun lalu,5,5,5,Saoenk Cobek Samata,Google Maps,2026-06-09 14:59:07
ChdDSUhNMG9nS0VJQ0FnSUNmb3NHcHFRRRAB,Rina Inna159,5,"Makannya enak, pelayanan bagus, suasananya enak
Makasih mba uci",setahun lalu,5,5,5,Saoenk Cobek Samata,Google Maps,2026-06-09 14:59:07
ChdDSUhNMG9nS0VJQ0FnSUNmb3U2a3VnRRAB,fasya rhaffasya,5,Pelayanannya bagus tempat yang nyaman kak lizahh,setahun lalu,5,5,5,Saoenk Cobek Samata,Google Maps,2026-06-09 14:59:07
ChdDSUhNMG9nS0VJQ0FnSUNmd3NYRmpRRRAB,Isma Annisa,4,Pelayanannya ramah apalagi dilayani sama pelayan bernama kak nisa.. semoga dipertahankan lagi. Sukses selalu saunk cobek makanannya enak enak,setahun lalu,4,5,4,Saoenk Cobek Samata,Google Maps,2026-06-09 14:59:07
ChdDSUhNMG9nS0VJQ0FnSUNmX09tLWd3RRAB,Alifa Diva,5,"makanannya enak, pelayanan kak mila ramah.....",setahun lalu,5,5,5,Saoenk Cobek Samata,Google Maps,2026-06-09 14:59:07
ChZDSUhNMG9nS0VJQ0FnSUNmX01tT0d3EAE,Niny Salmin,5,"Makannya enak dan pelayanan ramah
Mkasih Mila🙏",setahun lalu,5,5,5,Saoenk Cobek Samata,Google Maps,2026-06-09 14:59:07
ChdDSUhNMG9nS0VJQ0FnSUNmX09IRF9RRRAB,Muthiah Atilhadiitsi,5,sangat bagus dengan pelayanannya oleh kak mila,setahun lalu,5,5,5,Saoenk Cobek Samata,Google Maps,2026-06-09 14:59:07
ChZDSUhNMG9nS0VJQ0FnSUNmX0w3OVpBEAE,Hasmira Hasmira,5,"Pelayannya ramah dan welcome dan makanannya enak

Muhammad Aswin Syah",setahun lalu,5,5,5,Saoenk Cobek Samata,Google Maps,2026-06-09 14:59:07
ChZDSUhNMG9nS0VJQ0FnSUNmdkxQRGRREAE,Ceriska Yusati Basampe,5,Aswin👍🏻,setahun lalu,5,5,5,Saoenk Cobek Samata,Google Maps,2026-06-09 14:59:07
ChdDSUhNMG9nS0VJQ0FnSUNmM0tPNXBnRRAB,Fahri Risma,5,"Tempatnya nyaman, gak lama nunggun makannya, menunya ok ok, pelayanannya ramah, apa lagi yang si Muh aswin syah baek bangett",setahun lalu,5,5,5,Saoenk Cobek Samata,Google Maps,2026-06-09 14:59:35
ChZDSUhNMG9nS0VJQ0FnSUNmMUx5SUt3EAE,Alika Zafa Delinda,5,"makanan nya enak pelayanan ramah dan murah senyum
Mba lisa",setahun lalu,5,5,5,Saoenk Cobek Samata,Google Maps,2026-06-09 14:59:35
ChZDSUhNMG9nS0VJQ0FnSUNmeEozY0tREAE,Fajri Anto,5,Pelayanannya sopan dan ramah  atas nama m aswinsyah,setahun lalu,5,5,5,Saoenk Cobek Samata,Google Maps,2026-06-09 14:59:35
ChZDSUhNMG9nS0VJQ0FnSUR2N19lUWRBEAE,kartini tini,4,,setahun lalu,,,,Saoenk Cobek Samata,Google Maps,2026-06-09 14:59:35
ChdDSUhNMG9nS0VJQ0FnSUR2NzdXSGdnRRAB,Rien Lilitanty,5,Tempatnya menarik,setahun lalu,4,5,4,Saoenk Cobek Samata,Google Maps,2026-06-09 14:59:35
ChZDSUhNMG9nS0VJQ0FnSUR2NzhiQVl3EAE,Adam Asgar,5,Pelayanan bagus dan cepat dan terimakasih atas servicenya Muhammad  Aswin Syah dari Saung cobe samata,setahun lalu,5,5,5,Saoenk Cobek Samata,Google Maps,2026-06-09 14:59:35
ChZDSUhNMG9nS0VJQ0FnSUR2Nzl5YWZnEAE,Revan Aditya,5,"pelayanan baguss tempat yang nyaman
kak lizahh",setahun lalu,5,5,5,Saoenk Cobek Samata,Google Maps,2026-06-09 14:59:35
ChZDSUhNMG9nS0VJQ0FnSUR2NzhUaEZREAE,Nurhayani Yani,5,"Bagus
Nurhalizah",setahun lalu,5,5,5,Saoenk Cobek Samata,Google Maps,2026-06-09 14:59:35
ChdDSUhNMG9nS0VJQ0FnSUR2NzlETmdBRRAB,Giskar Yudistira,5,"Suasana dan pelayanannya mantap..

Thanks pelayanannya, Mila.. 🙏",setahun lalu,4,5,5,Saoenk Cobek Samata,Google Maps,2026-06-09 14:59:35
ChdDSUhNMG9nS0VJQ0FnSUR2ci1tRGh3RRAB,Idza Aradha Pratiwi,4,,setahun lalu,4,4,4,Saoenk Cobek Samata,Google Maps,2026-06-09 14:59:35
ChZDSUhNMG9nS0VJQ0FnSUR2LV9DVUhnEAE,Nur fadhila Zahra,5,MUHAMMAD ASWIN SYAH PELAYANAN BAIKKK,setahun lalu,5,5,5,Saoenk Cobek Samata,Google Maps,2026-06-09 15:00:02
ChZDSUhNMG9nS0VJQ0FnSUR2MjQtcFp3EAE,Jihan Fatika,5,"Rumah makan terlengkap dan recomended untuk didatangi bersama keluarga, temam, dan pasangan karena disugukan dengan makanan yang enak bersih dan pelayanan nya super duper ramah jadi inimi solusi kalau ada yang mau acara keluarga, arisan dan lain lain 👍
(Muhammad aswin syah)",setahun lalu,5,5,5,Saoenk Cobek Samata,Google Maps,2026-06-09 15:00:02
ChZDSUhNMG9nS0VJQ0FnSUR2eTlySlFREAE,Almaira Nurafifah,5,"Makanannya enak dan pelayanannya bagus
Mba Uci",setahun lalu,5,5,5,Saoenk Cobek Samata,Google Maps,2026-06-09 15:00:02
ChdDSUhNMG9nS0VJQ0FnSUR2ZzRETXZBRRAB,VENAN SARA,5,"Pelayan bagus

Lizahh",setahun lalu,5,5,5,Saoenk Cobek Samata,Google Maps,2026-06-09 15:00:02
ChdDSUhNMG9nS0VJQ0FnSUR2dllpN2lRRRAB,najetstsixseven,5,"Makanannya enak, pelayanannya bagus
Terimakasih mbak suci",setahun lalu,5,5,5,Saoenk Cobek Samata,Google Maps,2026-06-09 15:00:02
ChZDSUhNMG9nS0VJQ0FnSUR2dmREcFhREAE,Semuanya Fens,5,"Makanannya enak,",setahun lalu,5,5,5,Saoenk Cobek Samata,Google Maps,2026-06-09 15:00:02
ChdDSUhNMG9nS0VJQ0FnSUR2MWVMejRnRRAB,Erick Saputra,5,"Makanan nya enak banget, tempat nya nyaman, dan fasilitas nya lengkap",setahun lalu,,,,Saoenk Cobek Samata,Google Maps,2026-06-09 15:00:02
ChdDSUhNMG9nS0VJQ0FnSUR2MWRqcjB3RRAB,HAERUDDIN 1985,4,Makanan nya lama,setahun lalu,4,4,4,Saoenk Cobek Samata,Google Maps,2026-06-09 15:00:02
ChZDSUhNMG9nS0VJQ0FnSUR2eGN5d0dnEAE,Radil Restama,5,aku ingin,setahun lalu,5,5,5,Saoenk Cobek Samata,Google Maps,2026-06-09 15:00:02
ChZDSUhNMG9nS0VJQ0FnSUR2aFpxNlhnEAE,Amirul Muqtadar,1,Enak elisa,setahun lalu,5,5,5,Saoenk Cobek Samata,Google Maps,2026-06-09 15:00:02
ChdDSUhNMG9nS0VJQ0FnSUR2aWNqNDJRRRAB,Ray Efendy,5,Pertama datang dan disambut dengan ramah oleh pak Alwin.. akan datang lagi,setahun lalu,5,5,5,Saoenk Cobek Samata,Google Maps,2026-06-09 15:00:30
ChdDSUhNMG9nS0VJQ0FnSUR2OGEzSjJBRRAB,Muhammad Nasrullah,5,pelayanan ramah dan kualitas rasa makanan bintang 5.. makasih kak mila,setahun lalu,5,5,5,Saoenk Cobek Samata,Google Maps,2026-06-09 15:00:30
ChdDSUhNMG9nS0VJQ0FnSUR2OFpYSGl3RRAB,Sam Suding,5,service exelent dari mas IKHSAN,setahun lalu,5,5,5,Saoenk Cobek Samata,Google Maps,2026-06-09 15:00:30
ChdDSUhNMG9nS0VJQ0FnSUR2c2FITXpBRRAB,unhy daffa,5,Lizahh,setahun lalu,5,5,5,Saoenk Cobek Samata,Google Maps,2026-06-09 15:00:30
ChdDSUhNMG9nS0VJQ0FnSUR2MGNHdDlBRRAB,nina mahfud,5,,setahun lalu,5,5,5,Saoenk Cobek Samata,Google Maps,2026-06-09 15:00:30
ChdDSUhNMG9nS0VJQ0FnSUR2OXNlTjZBRRAB,Nur Amaliah.R,5,"Sangat bagus
Lizah",setahun lalu,5,5,5,Saoenk Cobek Samata,Google Maps,2026-06-09 15:00:30
ChdDSUhNMG9nS0VJQ0FnSUR2OXU2VXJ3RRAB,Nuralisaputry Lisa,5,Lizah,setahun lalu,5,5,5,Saoenk Cobek Samata,Google Maps,2026-06-09 15:00:30
ChZDSUhNMG9nS0VJQ0FnSUR2dHFlQVJnEAE,Maria Ester Vania,5,Lizah,setahun lalu,5,5,5,Saoenk Cobek Samata,Google Maps,2026-06-09 15:00:30
ChdDSUhNMG9nS0VJQ0FnSUR2cXBlVDVBRRAB,Rini Kurniati,5,Recomended makanan dan tempatnya 👍🏻👍🏻,setahun lalu,5,5,5,Saoenk Cobek Samata,Google Maps,2026-06-09 15:00:30
ChdDSUhNMG9nS0VJQ0FnSURtOXJtTDFRRRAB,Yuhardin SSI,5,"Salah satu Saung (ReSto/Rumah Makan) terbaik Yang berada di sulawesi, menyajikan menu Seafood dan Palekko",Diedit setahun lalu,5,5,5,Saoenk Cobek Samata,Google Maps,2026-06-09 15:00:30
ChdDSUhNMG9nS0VJQ0FnSUN2M0pEN2tBRRAB,Anita Amalia,5,Makananx enak lokasi juga mudah dijangkau,setahun lalu,5,5,5,Saoenk Cobek Samata,Google Maps,2026-06-09 15:01:00
ChdDSUhNMG9nS0VJQ0FnSUN2Z0p1cDd3RRAB,Jamal,5,,setahun lalu,5,5,5,Saoenk Cobek Samata,Google Maps,2026-06-09 15:01:00
ChZDSUhNMG9nS0VJQ0FnSURQdXNtX2JBEAE,Sri Mulyati,4,"T4 lumayan asri, makanan juga lumayan",setahun lalu,4,4,4,Saoenk Cobek Samata,Google Maps,2026-06-09 15:01:00
ChdDSUhNMG9nS0VJQ0FnSUNQckxmbW93RRAB,Inayah Nauliah,5,,setahun lalu,5,4,4,Saoenk Cobek Samata,Google Maps,2026-06-09 15:01:00
ChZDSUhNMG9nS0VJQ0FnSUNQNkwtYUh3EAE,winda risalah,5,Tempat Nyaman dan Makanannya Enak. Apalagi yang menu Cumi Asam Manisnya. Pokoknya recommended bagi keluarga yang pengen ngumpul sambil makan makan,setahun lalu,,,,Saoenk Cobek Samata,Google Maps,2026-06-09 15:01:00
ChdDSUhNMG9nS0VJQ0FnSUMzdHZmMmxnRRAB,AshokAie Channel,5,Tempat yang bagus,setahun lalu,4,4,4,Saoenk Cobek Samata,Google Maps,2026-06-09 15:01:00
ChdDSUhNMG9nS0VJQ0FnSURYX0lHcXRnRRAB,Imiss Youdear,5,Disesuaikan dengan selera lokal,setahun lalu,5,5,5,Saoenk Cobek Samata,Google Maps,2026-06-09 15:01:00
ChdDSUhNMG9nS0VJQ0FnSURYME0ybTRRRRAB,Nanna Zhafira,5,"Dokter dan perawatx ramah banget,free cemilan dan air mineral🥰",setahun lalu,5,5,5,Saoenk Cobek Samata,Google Maps,2026-06-09 15:01:00
ChZDSUhNMG9nS0VJQ0FnSUNYazV6d0ZREAE,UDesign pictures,5,"Pelayanan bagus, rasa yang mantaabb dan tema resto yg iconik.. ada kolah ikan ditepi gazebo sepanjang resto",setahun lalu,5,5,5,Saoenk Cobek Samata,Google Maps,2026-06-09 15:01:00
ChdDSUhNMG9nS0VJQ0FnSUNYamFPdHhRRRAB,nuralam nure,5,,setahun lalu,5,5,5,Saoenk Cobek Samata,Google Maps,2026-06-09 15:01:00
ChdDSUhNMG9nS0VJQ0FnSUNYcE1qZXVnRRAB,Abdul Gafur,5,Tempat makan dgn kolam ikan dibawahnya. Setiap area ada colokan u charge hp dan wastafel nya. Menu nya lumayan bervariasi. Rasa ok. Untuk menu pilih y paketan klo berkeluarga.,setahun lalu,5,4,4,Saoenk Cobek Samata,Google Maps,2026-06-09 15:01:27
ChdDSUhNMG9nS0VJQ0FnSURub1A2MjVRRRAB,K i K i,5,"Tempatnya nyaman, makannya harga sesuai lah dengan porsinya. Cuma sedikit lebih lama menunggu makanan datang",setahun lalu,4,4,5,Saoenk Cobek Samata,Google Maps,2026-06-09 15:01:27
ChZDSUhNMG9nS0VJQ0FnSUNuaDZDSVpBEAE,andi citra,1,"Makanan terlalu mahal porsinya sangat sedikit
Tidak worth it menurutku
Tidak untuk keduakalinya kesana",setahun lalu,1,5,3,Saoenk Cobek Samata,Google Maps,2026-06-09 15:01:27
ChZDSUhNMG9nS0VJQ0FnSURIaF9DNVNnEAE,Andhika Mahendra,5,,setahun lalu,,,,Saoenk Cobek Samata,Google Maps,2026-06-09 15:01:27
ChdDSUhNMG9nS0VJQ0FnSURIdXRiYTVRRRAB,Rhifky Prazetya,5,,setahun lalu,,,,Saoenk Cobek Samata,Google Maps,2026-06-09 15:01:27
ChdDSUhNMG9nS0VJQ0FnSURINE9qSjdnRRAB,Dede Tarufay,5,,setahun lalu,5,5,5,Saoenk Cobek Samata,Google Maps,2026-06-09 15:01:27
ChZDSUhNMG9nS0VJQ0FnSURId01HZmNnEAE,Akhirunnisa Triwidarti,5,,setahun lalu,5,5,5,Saoenk Cobek Samata,Google Maps,2026-06-09 15:01:27
ChZDSUhNMG9nS0VJQ0FnSUNINXZMTmN3EAE,Nurul wahida aprilya,4,,setahun lalu,4,4,4,Saoenk Cobek Samata,Google Maps,2026-06-09 15:01:27
ChdDSUhNMG9nS0VJQ0FnSUNIeU5hSDJRRRAB,Raihan abi Saputra,1,"Pelayanan lambat,pesanan lambat,",setahun lalu,1,1,1,Saoenk Cobek Samata,Google Maps,2026-06-09 15:01:27
ChdDSUhNMG9nS0VJQ0FnSUQ3aF9QM29BRRAB,nimah nur,4,,setahun lalu,,,,Saoenk Cobek Samata,Google Maps,2026-06-09 15:01:27
ChZDSUhNMG9nS0VJQ0FnSUQ3akoyZEdREAE,Hikmatyar Ibrahim,5,,setahun lalu,4,4,3,Saoenk Cobek Samata,Google Maps,2026-06-09 15:01:53
ChZDSUhNMG9nS0VJQ0FnSUQ3MktEamVBEAE,Najiah Afifah,4,,setahun lalu,,,,Saoenk Cobek Samata,Google Maps,2026-06-09 15:01:53
ChdDSUhNMG9nS0VJQ0FnSUM3Ml9EU3dRRRAB,"andika syahputra, S.H",5,Enak,setahun lalu,,,,Saoenk Cobek Samata,Google Maps,2026-06-09 15:01:53
ChdDSUhNMG9nS0VJQ0FnSUM3dWQzNjdnRRAB,Kusriyadi Zainuddin,5,,setahun lalu,,,,Saoenk Cobek Samata,Google Maps,2026-06-09 15:01:53
ChdDSUhNMG9nS0VJQ0FnSUM3NHFhMDNnRRAB,Dian Amelia Abdi,1,,setahun lalu,,,,Saoenk Cobek Samata,Google Maps,2026-06-09 15:01:53
ChZDSUhNMG9nS0VJQ0FnSURibXAzb1VREAE,Dera Niu Niu,5,,setahun lalu,5,5,5,Saoenk Cobek Samata,Google Maps,2026-06-09 15:01:53
ChZDSUhNMG9nS0VJQ0FnSURiM09fX01nEAE,Pratik Tondare,5,,setahun lalu,,,,Saoenk Cobek Samata,Google Maps,2026-06-09 15:01:53
ChdDSUhNMG9nS0VJQ0FnSURibU5uYjZ3RRAB,raden mulyati,3,,setahun lalu,3,4,3,Saoenk Cobek Samata,Google Maps,2026-06-09 15:01:53
ChZDSUhNMG9nS0VJQ0FnSUNicnREVlhBEAE,Wahyu nusantara Haji,5,Mantap,setahun lalu,5,5,5,Saoenk Cobek Samata,Google Maps,2026-06-09 15:01:53
ChdDSUhNMG9nS0VJQ0FnSUNienRLVHdBRRAB,Rezkiyanti 3010,1,Pelayanannnya sangat lambattt,setahun lalu,,1,,Saoenk Cobek Samata,Google Maps,2026-06-09 15:01:53
ChdDSUhNMG9nS0VJQ0FnSURyejRtQ2xnRRAB,Caca El Cuervo,5,Tempat makan dengan suasana sangat nyaman.,setahun lalu,5,5,5,Saoenk Cobek Samata,Google Maps,2026-06-09 15:02:21
ChdDSUhNMG9nS0VJQ0FnSURyemRlQS13RRAB,Achmad abdi Amsir,4,Makanannya sebenarnya bintang 5. Tapi kucingnya bintang 3... 😅,setahun lalu,5,4,3,Saoenk Cobek Samata,Google Maps,2026-06-09 15:02:21
ChdDSUhNMG9nS0VJQ0FnSURyNUpYSl9RRRAB,Fara Andani,3,"Makanannya manis semua , apa chef nya ga tau garam yah 😭",setahun lalu,2,4,5,Saoenk Cobek Samata,Google Maps,2026-06-09 15:02:21
ChZDSUhNMG9nS0VJQ0FnSURydU1lbE9nEAE,Milo Montang,3,"Pertama, untuk lokasi menurut saya oke dan cukup nyaman saungnya. Ada bel sangat membantu. Parkiran juga cukup.

Kedua, untuk pelayanan sangat baik. Staff ramah dan helpful.

Ketiga, makanan yang saya pesan sebenarnya enak, cocok lah di lidah saya. Bumbu parape oke manisnya dan rica nya oke banget pedes gurihnya. Sayangnya, yang fatal banget buat penilaian saya adalah ikan yang tidak dibersihkan sisiknya. Kotor dan mengganggu sekali saat makan, hampir juga keselek karena sisik tersebut.

Semoga bisa diperbaiki ya. Sukses selalu thank you",setahun lalu,3,5,4,Saoenk Cobek Samata,Google Maps,2026-06-09 15:02:21
ChdDSUhNMG9nS0VJQ0FnSURyb05mbl93RRAB,Hasmadani Ahmad,4,"Tempat ini bisa menjadi pilihan untuk menikmati kuliner lezat, termasuk Palekko.",setahun lalu,4,4,5,Saoenk Cobek Samata,Google Maps,2026-06-09 15:02:21
ChdDSUhNMG9nS0VJQ0FnSUNyNjdfZDN3RRAB,Ghazi Al Ghifari,5,Pelayanannya ramah kualitas makanannya tinggi sama tempatnya yang estetik,setahun lalu,5,5,5,Saoenk Cobek Samata,Google Maps,2026-06-09 15:02:21
ChZDSUhNMG9nS0VJQ0FnSUNyM2VEMVhnEAE,SYAMSUL MAHDI,5,,setahun lalu,5,5,5,Saoenk Cobek Samata,Google Maps,2026-06-09 15:02:21
ChdDSUhNMG9nS0VJQ0FnSUNyN2NHQm9nRRAB,reskyy Damyanti,5,,setahun lalu,,,,Saoenk Cobek Samata,Google Maps,2026-06-09 15:02:21
ChdDSUhNMG9nS0VJQ0FnSURMM3IyUTJnRRAB,Ridzani Mukhtar,4,"Makanannya enak, ikannya segar,",setahun lalu,4,4,4,Saoenk Cobek Samata,Google Maps,2026-06-09 15:02:21
ChdDSUhNMG9nS0VJQ0FnSUNMdF92Yy1RRRAB,Penjelajah Nusantara,3,Nunggu nasinya lama,setahun lalu,,,,Saoenk Cobek Samata,Google Maps,2026-06-09 15:02:21
ChdDSUhNMG9nS0VJQ0FnSUNMcnBQZW9RRRAB,Amby Bob,4,,setahun lalu,4,4,5,Saoenk Cobek Samata,Google Maps,2026-06-09 15:02:48
ChZDSUhNMG9nS0VJQ0FnSUR6eExtZkNBEAE,Aldi Saputra,5,,2 tahun lalu,5,5,5,Saoenk Cobek Samata,Google Maps,2026-06-09 15:02:48
ChdDSUhNMG9nS0VJQ0FnSUN6dzdERjdBRRAB,nurhaeni amir,5,Suka banget... tempat outdoor dengan gazebo di dekat kolam ikan...,2 tahun lalu,5,5,5,Saoenk Cobek Samata,Google Maps,2026-06-09 15:02:48
ChdDSUhNMG9nS0VJQ0FnSUN6ZzctSmtRRRAB,Greg,4,"Sangat bagus, kebanyakan orang akan memberi nilai 5, tetapi saya menyimpan nilai 5 untuk tempat yang benar-benar istimewa...",2 tahun lalu,4,4,4,Saoenk Cobek Samata,Google Maps,2026-06-09 15:02:48
ChZDSUhNMG9nS0VJQ0FnSUN6MU1hSkRnEAE,Muhammad Azhar Hairuddin,5,"Makanan enak cuma jika kesini sebaiknya booking menu dari awal, jika pesan di tempat menu tambahan akan lama menunggu",2 tahun lalu,5,5,5,Saoenk Cobek Samata,Google Maps,2026-06-09 15:02:48
ChdDSUhNMG9nS0VJQ0FnSURUdThTR3hnRRAB,Kurniawan Anshar,5,Mantap,2 tahun lalu,5,5,5,Saoenk Cobek Samata,Google Maps,2026-06-09 15:02:48
ChZDSUhNMG9nS0VJQ0FnSURUbTdhaUtBEAE,Muh Irfan Ismail,5,,2 tahun lalu,,,,Saoenk Cobek Samata,Google Maps,2026-06-09 15:02:48
ChZDSUhNMG9nS0VJQ0FnSURUc1lYYkRREAE,Kade Ade,5,,2 tahun lalu,5,5,5,Saoenk Cobek Samata,Google Maps,2026-06-09 15:02:48
ChZDSUhNMG9nS0VJQ0FnSURUNXBQZkNREAE,yusuf ismail,4,Cukup representatiflah.....,2 tahun lalu,3,3,3,Saoenk Cobek Samata,Google Maps,2026-06-09 15:02:48
ChdDSUhNMG9nS0VJQ0FnSURUd1BYS3lBRRAB,Thomi Thomi,4,,2 tahun lalu,,,,Saoenk Cobek Samata,Google Maps,2026-06-09 15:02:48
ChdDSUhNMG9nS0VJQ0FnSURUZ0kzY3d3RRAB,Maya Itasari,5,"Tempat makan yang cocok untuk keluarga, teman, dan kolega. Banyak menu makanan dan minuman jadi cocok untuk makan siang atau malam.
Makanannya enak, seafoodnya segar, dan porsinya jga pas. Sayur segar dan enak. Minuman jga oke.

Pelayanan sangat baik dan ramah.
Untuk Musholah dan toilet tidak tahu krna saat kesana cuma untuk makan.",2 tahun lalu,5,5,5,Saoenk Cobek Samata,Google Maps,2026-06-09 15:03:15
ChdDSUhNMG9nS0VJQ0FnSUNUbV9XOWhBRRAB,Angga Lintank,5,Mantap,2 tahun lalu,5,5,5,Saoenk Cobek Samata,Google Maps,2026-06-09 15:03:15
ChZDSUhNMG9nS0VJQ0FnSUM5eE9uNGVBEAE,Muhammad Zukri Malik,5,Tempat makan santai bersama keluarga,Diedit 2 tahun lalu,4,4,5,Saoenk Cobek Samata,Google Maps,2026-06-09 15:03:15
ChdDSUhNMG9nS0VJQ0FnSUNUX1p6UXR3RRAB,Jabal Akbar Nur,5,,2 tahun lalu,,,,Saoenk Cobek Samata,Google Maps,2026-06-09 15:03:15
ChdDSUhNMG9nS0VJQ0FnSUNUaVppbnpRRRAB,Anto Mard,5,,2 tahun lalu,5,5,5,Saoenk Cobek Samata,Google Maps,2026-06-09 15:03:15
ChZDSUhNMG9nS0VJQ0FnSUNUc3RqakxBEAE,Fauzi Triana Nurdin,5,,2 tahun lalu,,,,Saoenk Cobek Samata,Google Maps,2026-06-09 15:03:15
ChdDSUhNMG9nS0VJQ0FnSUNUM08tTjRnRRAB,heri wahyono,4,,2 tahun lalu,4,4,4,Saoenk Cobek Samata,Google Maps,2026-06-09 15:03:15
ChZDSUhNMG9nS0VJQ0FnSURqOFoyNEh3EAE,KATAKAN DAENG,5,,2 tahun lalu,5,5,5,Saoenk Cobek Samata,Google Maps,2026-06-09 15:03:15
ChZDSUhNMG9nS0VJQ0FnSURqa2ZPeFF3EAE,Bowo Prabowo,5,,2 tahun lalu,,,,Saoenk Cobek Samata,Google Maps,2026-06-09 15:03:15
ChZDSUhNMG9nS0VJQ0FnSURqMnN5ZVp3EAE,Dhydit Andrepati Mahaswara,5,,2 tahun lalu,,,,Saoenk Cobek Samata,Google Maps,2026-06-09 15:03:15
ChdDSUhNMG9nS0VJQ0FnSURqeE9yRTJBRRAB,Nur Achmad,4,,2 tahun lalu,4,4,4,Saoenk Cobek Samata,Google Maps,2026-06-09 15:03:42
ChZDSUhNMG9nS0VJQ0FnSURqb09iSk53EAE,Syadza Khumaira,5,,2 tahun lalu,5,5,5,Saoenk Cobek Samata,Google Maps,2026-06-09 15:03:42
ChZDSUhNMG9nS0VJQ0FnSUNqejVuOUxnEAE,Andi Ratna,5,"Pelayanan bagus, view nya juga sangat bagus, serta menunya juga rekomended untuk makan bersama rekan kerja, keluarga dan teman-teman",2 tahun lalu,4,4,4,Saoenk Cobek Samata,Google Maps,2026-06-09 15:03:42
ChZDSUhNMG9nS0VJQ0FnSUNqaC1LbFBREAE,Ahmad Gafur,5,,2 tahun lalu,,,,Saoenk Cobek Samata,Google Maps,2026-06-09 15:03:42
ChdDSUhNMG9nS0VJQ0FnSUNqMjh6ZjhRRRAB,Hikmah Ilyas,5,"Makanannya enak, tempat nya bagus dan nyaman, ada ayunan, kolam ikan dan parkiran luas",2 tahun lalu,,,,Saoenk Cobek Samata,Google Maps,2026-06-09 15:03:42
ChdDSUhNMG9nS0VJQ0FnSUNqdnZUZTVBRRAB,Inchi,4,Tempatnya perfect..tapi harga masih kemahalan saya rasa spt harga otak2 hingga 45rb an hanya 5 potong dan nasi goreng 40rb ..malah lbh murah dr dessert,2 tahun lalu,3,5,5,Saoenk Cobek Samata,Google Maps,2026-06-09 15:03:42
ChZDSUhNMG9nS0VJQ0FnSUNqanFTSEV3EAE,Nur Zafitriani,5,Mantap,2 tahun lalu,,,,Saoenk Cobek Samata,Google Maps,2026-06-09 15:03:42
ChZDSUhNMG9nS0VJQ0FnSUNqNHNxb0ZBEAE,Hafsah Asa,5,,2 tahun lalu,5,5,5,Saoenk Cobek Samata,Google Maps,2026-06-09 15:03:42
ChdDSUhNMG9nS0VJQ0FnSUNqZ3VPMHBRRRAB,Muslim Basyirun,5,,2 tahun lalu,5,5,5,Saoenk Cobek Samata,Google Maps,2026-06-09 15:03:42
ChZDSUhNMG9nS0VJQ0FnSUNqcklhTFR3EAE,tiOmy b adi,5,,2 tahun lalu,,,,Saoenk Cobek Samata,Google Maps,2026-06-09 15:03:42
ChdDSUhNMG9nS0VJQ0FnSUNqaUtteTFnRRAB,Sutami Mappasimbung,4,Menyenangkan,2 tahun lalu,4,4,4,Saoenk Cobek Samata,Google Maps,2026-06-09 15:04:09
ChZDSUhNMG9nS0VJQ0FnSUREeDd6dVVnEAE,Aswanti Ilham,5,Berbuka puasa bersama keluarga tempat ini merupakan pilihan yang tepat ....,2 tahun lalu,5,5,5,Saoenk Cobek Samata,Google Maps,2026-06-09 15:04:09
ChZDSUhNMG9nS0VJQ0FnSUREaF9QcmJ3EAE,Indra Nugraha,5,,2 tahun lalu,,,,Saoenk Cobek Samata,Google Maps,2026-06-09 15:04:09
ChZDSUhNMG9nS0VJQ0FnSUREdzRqa0lBEAE,Sardini Kadir,5,"Kerenki tawwa, tidak perlumi jauh2 yang warga samata pergi cari tempat bagus untuk makan beserta keluarga, adaji dekta sekali setelah bundaran samata",2 tahun lalu,5,5,5,Saoenk Cobek Samata,Google Maps,2026-06-09 15:04:09
ChZDSUhNMG9nS0VJQ0FnSUREMHJHVU5REAE,Suherman Abu Shafwah,5,"Mantap
Ramah orang yang melayani dan susananya sangat bagus.",2 tahun lalu,5,5,5,Saoenk Cobek Samata,Google Maps,2026-06-09 15:04:09
ChZDSUhNMG9nS0VJQ0FnSUREdkppalF3EAE,Reinkar_Alam,5,,2 tahun lalu,,,,Saoenk Cobek Samata,Google Maps,2026-06-09 15:04:09
ChZDSUhNMG9nS0VJQ0FnSUREelB6NlRBEAE,ACHMAD FIQHRI AQSA NOER,4,,2 tahun lalu,4,4,4,Saoenk Cobek Samata,Google Maps,2026-06-09 15:04:09
ChdDSUhNMG9nS0VJQ0FnSURENkppbGd3RRAB,Yunida Andriani,5,,2 tahun lalu,,5,5,Saoenk Cobek Samata,Google Maps,2026-06-09 15:04:09
ChZDSUhNMG9nS0VJQ0FnSURENE5pNU5REAE,Basri La Pabbaja,5,Salah satu tempat makan yang cocok untuk tamu dari luar daerah.,2 tahun lalu,4,5,5,Saoenk Cobek Samata,Google Maps,2026-06-09 15:04:09
ChdDSUhNMG9nS0VJQ0FnSUNEcjYtYXlnRRAB,ronny Dion,4,,2 tahun lalu,5,4,4,Saoenk Cobek Samata,Google Maps,2026-06-09 15:04:09
ChZDSUhNMG9nS0VJQ0FnSUNEOVA3V0pREAE,muhammad yusran,5,,2 tahun lalu,,,,Saoenk Cobek Samata,Google Maps,2026-06-09 15:04:36
ChZDSUhNMG9nS0VJQ0FnSUNEbU43MmV3EAE,East Surya88,5,,2 tahun lalu,,,,Saoenk Cobek Samata,Google Maps,2026-06-09 15:04:36
ChZDSUhNMG9nS0VJQ0FnSUQ5MWZXZmVREAE,Eman Hermanzah,5,Suasana yang nyaman,2 tahun lalu,5,5,5,Saoenk Cobek Samata,Google Maps,2026-06-09 15:04:36
ChZDSUhNMG9nS0VJQ0FnSUQ5eklTSElnEAE,Lukman Hairuddin,4,"Saung cobek tun abdurazak, bisa dijadikan tempat favorit kuliner di makassar",2 tahun lalu,4,4,4,Saoenk Cobek Samata,Google Maps,2026-06-09 15:04:36
ChZDSUhNMG9nS0VJQ0FnSUQ5Mk82VEJREAE,Devy Soselisa,3,Tempatnya agak masuk kedalam jadi gak terlalu bising suasana dgn adanya kolam ikan jadi asik.. Makanannya juga lumayan,2 tahun lalu,3,3,4,Saoenk Cobek Samata,Google Maps,2026-06-09 15:04:36
ChdDSUhNMG9nS0VJQ0FnSUM5LTh5a3VBRRAB,Dinda Rezeky,5,,2 tahun lalu,4,5,5,Saoenk Cobek Samata,Google Maps,2026-06-09 15:04:36
ChZDSUhNMG9nS0VJQ0FnSURCOXRXdkR3EAE,HASLYANTI JALIL MAKASSAR_SULSEL,5,"Udah langganan makan di tempat ini, makanannya enak, tempatnya nyaman, dan pelayanannya ramah👍🏻😊",Diedit 2 tahun lalu,5,5,5,Saoenk Cobek Samata,Google Maps,2026-06-09 15:04:36
ChdDSUhNMG9nS0VJQ0FnSUM5dTlDTzZnRRAB,ssabia syeda,5,Bagus,2 tahun lalu,,,,Saoenk Cobek Samata,Google Maps,2026-06-09 15:04:36
ChZDSUhNMG9nS0VJQ0FnSUM5czRIa2NBEAE,rezha gila,5,,2 tahun lalu,,,,Saoenk Cobek Samata,Google Maps,2026-06-09 15:04:36
ChZDSUhNMG9nS0VJQ0FnSUM5b2JpM1BnEAE,nasaruddin haris,5,,2 tahun lalu,,,,Saoenk Cobek Samata,Google Maps,2026-06-09 15:04:36
ChZDSUhNMG9nS0VJQ0FnSURkdWJyZVB3EAE,Supriadi Adi,5,,2 tahun lalu,,,,Saoenk Cobek Samata,Google Maps,2026-06-09 15:05:06
ChZDSUhNMG9nS0VJQ0FnSURkNU1lWVNREAE,Bidol Bidol311290,5,,2 tahun lalu,,,,Saoenk Cobek Samata,Google Maps,2026-06-09 15:05:06
ChZDSUhNMG9nS0VJQ0FnSUNkNDdLNERBEAE,Andi Fatimah,5,,2 tahun lalu,5,5,5,Saoenk Cobek Samata,Google Maps,2026-06-09 15:05:06
ChZDSUhNMG9nS0VJQ0FnSUNkaktTQVBnEAE,Andi Mariati,4,,2 tahun lalu,5,4,5,Saoenk Cobek Samata,Google Maps,2026-06-09 15:05:06
ChdDSUhNMG9nS0VJQ0FnSUNkLUt1dHJRRRAB,Mochamad Asryl Aziz,5,,2 tahun lalu,5,4,4,Saoenk Cobek Samata,Google Maps,2026-06-09 15:05:06
ChdDSUhNMG9nS0VJQ0FnSUR0bjcySnZBRRAB,Rusdi Husen,4,Mantap dan enaknya,2 tahun lalu,4,4,4,Saoenk Cobek Samata,Google Maps,2026-06-09 15:05:06
ChZDSUhNMG9nS0VJQ0FnSUR0al9lbEJBEAE,Rian Adrian,1,,2 tahun lalu,5,5,5,Saoenk Cobek Samata,Google Maps,2026-06-09 15:05:06
ChdDSUhNMG9nS0VJQ0FnSUR0NXRtcnd3RRAB,Vonny Mei,4,,2 tahun lalu,,,,Saoenk Cobek Samata,Google Maps,2026-06-09 15:05:06
ChZDSUhNMG9nS0VJQ0FnSUR0X01YWVlREAE,Andi Muhammad Rizal,5,Tempat nyaman,2 tahun lalu,5,5,5,Saoenk Cobek Samata,Google Maps,2026-06-09 15:05:06
ChdDSUhNMG9nS0VJQ0FnSUR0OEpfVjBnRRAB,jayadi jaharman,5,,2 tahun lalu,,5,5,Saoenk Cobek Samata,Google Maps,2026-06-09 15:05:06
ChdDSUhNMG9nS0VJQ0FnSUN0aE82Zl9RRRAB,Winah,5,,2 tahun lalu,5,5,5,Saoenk Cobek Samata,Google Maps,2026-06-09 15:05:36
ChZDSUhNMG9nS0VJQ0FnSUROMHByME13EAE,Ilham Andi,5,,2 tahun lalu,5,5,5,Saoenk Cobek Samata,Google Maps,2026-06-09 15:05:36
ChZDSUhNMG9nS0VJQ0FnSUNOLWFyeFF3EAE,Sartika G. P.,5,Suka suasananya,2 tahun lalu,4,5,5,Saoenk Cobek Samata,Google Maps,2026-06-09 15:05:36
ChdDSUhNMG9nS0VJQ0FnSUNOMHZDSy1nRRAB,ASWAR RAHMAN,5,,2 tahun lalu,5,5,5,Saoenk Cobek Samata,Google Maps,2026-06-09 15:05:36
ChZDSUhNMG9nS0VJQ0FnSUQxdjdxV1d3EAE,Tommy Rival,5,Asik,2 tahun lalu,5,5,5,Saoenk Cobek Samata,Google Maps,2026-06-09 15:05:36
ChZDSUhNMG9nS0VJQ0FnSUQxcmZtZU1REAE,Firman Dewan Saputra,5,,2 tahun lalu,5,5,5,Saoenk Cobek Samata,Google Maps,2026-06-09 15:05:36
ChZDSUhNMG9nS0VJQ0FnSUQxMGFPNFVBEAE,Aco Lobak,5,,2 tahun lalu,4,4,4,Saoenk Cobek Samata,Google Maps,2026-06-09 15:05:36
ChZDSUhNMG9nS0VJQ0FnSUQxenFMV1NnEAE,irwan lili,5,,2 tahun lalu,,,,Saoenk Cobek Samata,Google Maps,2026-06-09 15:05:36
ChdDSUhNMG9nS0VJQ0FnSUQxZ3U3VnRRRRAB,Arief Rahman,4,,2 tahun lalu,4,4,5,Saoenk Cobek Samata,Google Maps,2026-06-09 15:05:36
ChZDSUhNMG9nS0VJQ0FnSUMxMGZ1SGR3EAE,ahmad syahrir,5,Lumayan untuk ngumpul keluarga,2 tahun lalu,5,5,5,Saoenk Cobek Samata,Google Maps,2026-06-09 15:05:36
ChZDSUhNMG9nS0VJQ0FnSUMxenFMSk1nEAE,Nial Einstein,5,,2 tahun lalu,5,5,5,Saoenk Cobek Samata,Google Maps,2026-06-09 15:06:06
ChdDSUhNMG9nS0VJQ0FnSUMxaW9QT3pRRRAB,Selvy Syarif,5,,2 tahun lalu,5,5,5,Saoenk Cobek Samata,Google Maps,2026-06-09 15:06:06
ChZDSUhNMG9nS0VJQ0FnSUMxdkxHVVl3EAE,Zul Kifli,5,Bgus tawwa dan enak,2 tahun lalu,5,5,5,Saoenk Cobek Samata,Google Maps,2026-06-09 15:06:06
ChZDSUhNMG9nS0VJQ0FnSUMxM0xUU2VREAE,firman saleh,5,,2 tahun lalu,,,,Saoenk Cobek Samata,Google Maps,2026-06-09 15:06:06
ChdDSUhNMG9nS0VJQ0FnSUMxNk51dzdnRRAB,Alya Jaya,5,,2 tahun lalu,,,,Saoenk Cobek Samata,Google Maps,2026-06-09 15:06:06
ChdDSUhNMG9nS0VJQ0FnSURWMjlERHNBRRAB,kaka aril,4,Suasana oke,2 tahun lalu,3,5,5,Saoenk Cobek Samata,Google Maps,2026-06-09 15:06:06
ChdDSUhNMG9nS0VJQ0FnSURWN0k3MHdBRRAB,Azmalaeni Rifkah,5,,2 tahun lalu,,,,Saoenk Cobek Samata,Google Maps,2026-06-09 15:06:06
ChZDSUhNMG9nS0VJQ0FnSURWdEtuNWJnEAE,Nurman Tjahyono,5,Rasa lumayan dan tempat nyaman serta gak susah cari parkiran tapi harga relatif mahal.,2 tahun lalu,,,,Saoenk Cobek Samata,Google Maps,2026-06-09 15:06:06
ChZDSUhNMG9nS0VJQ0FnSUNWcGRxeFd3EAE,Al Hasbi,4,,2 tahun lalu,4,5,5,Saoenk Cobek Samata,Google Maps,2026-06-09 15:06:06
ChZDSUhNMG9nS0VJQ0FnSUNWdkw3OFd3EAE,Febrianto Syam,5,,2 tahun lalu,5,5,5,Saoenk Cobek Samata,Google Maps,2026-06-09 15:06:06
ChdDSUhNMG9nS0VJQ0FnSURsX3I2V2tnRRAB,Rizka Amaliap,3,tempat nya oke tapi makanan dan minum nya lama bgt datengnya.kalau rasa sih enak.,2 tahun lalu,,,,Saoenk Cobek Samata,Google Maps,2026-06-09 15:06:36
ChZDSUhNMG9nS0VJQ0FnSURsMk56YVhnEAE,Achi Baik,4,Anak2 suka,2 tahun lalu,4,4,4,Saoenk Cobek Samata,Google Maps,2026-06-09 15:06:36
ChZDSUhNMG9nS0VJQ0FnSUNsMDhyZWNREAE,Intan Sugiarti,5,"Seneng bangett kalo weekend nya disini bareng suamikk hehe.. Makanannya enak enak, tempatnya seruu, nyaman & parkiran luaasss.",2 tahun lalu,5,5,5,Saoenk Cobek Samata,Google Maps,2026-06-09 15:06:36
ChZDSUhNMG9nS0VJQ0FnSUNLbGV2bmRREAE,mr mhangun,4,Lumayanlah,Diedit 2 tahun lalu,4,4,4,Saoenk Cobek Samata,Google Maps,2026-06-09 15:06:36
ChZDSUhNMG9nS0VJQ0FnSUNsZzY2dEh3EAE,Nur Aeni,2,,2 tahun lalu,2,5,5,Saoenk Cobek Samata,Google Maps,2026-06-09 15:06:36
ChZDSUhNMG9nS0VJQ0FnSUNsNVo2NmRBEAE,Sulastri Arsyad,5,,2 tahun lalu,4,4,4,Saoenk Cobek Samata,Google Maps,2026-06-09 15:06:36
ChZDSUhNMG9nS0VJQ0FnSUNsLWJPcll3EAE,Muhammad Arsyad,5,"Tempat menikmati kuliner yang memanjakan lidah .... tempat parkir luas .... pernah saya datang juga pada saat hujan, tempat parkirnya tergenang, sehingga menjadi masalah tersendiri bagi pengunjung",2 tahun lalu,5,5,4,Saoenk Cobek Samata,Google Maps,2026-06-09 15:06:36
ChdDSUhNMG9nS0VJQ0FnSUNsdWVUemdBRRAB,Ayu Saraswati,4,,2 tahun lalu,4,5,5,Saoenk Cobek Samata,Google Maps,2026-06-09 15:06:36
ChZDSUhNMG9nS0VJQ0FnSUNsc1pqd0p3EAE,Anang Sahprie,4,"Untuk makanan dan minumannya lumayan enak, cuman pelayanannya yang perlu dipercepat lagi, jangan sampai pengujung terlalu lama menunggu pesanannya.",2 tahun lalu,,,,Saoenk Cobek Samata,Google Maps,2026-06-09 15:06:36
ChdDSUhNMG9nS0VJQ0FnSUNsanVlbnJ3RRAB,ijahakun 10,5,,2 tahun lalu,5,5,5,Saoenk Cobek Samata,Google Maps,2026-06-09 15:06:36
ChZDSUhNMG9nS0VJQ0FnSUNsOXJqS1ZnEAE,daeng bantang16,5,,2 tahun lalu,,,,Saoenk Cobek Samata,Google Maps,2026-06-09 15:07:07
ChZDSUhNMG9nS0VJQ0FnSUNsMXVpQ1pREAE,mukhtar lantong,3,"Tempat strategis, Asri, indah dan servis memuaskan",2 tahun lalu,3,3,4,Saoenk Cobek Samata,Google Maps,2026-06-09 15:07:07
ChZDSUhNMG9nS0VJQ0FnSURGMzRDdk1REAE,Siti Fatimah w,5,,2 tahun lalu,4,5,5,Saoenk Cobek Samata,Google Maps,2026-06-09 15:07:07
ChdDSUhNMG9nS0VJQ0FnSURGNjludXJ3RRAB,HERIYANTO HERIYANTO,5,Suasana makan tenamg dan nyaman,2 tahun lalu,5,5,5,Saoenk Cobek Samata,Google Maps,2026-06-09 15:07:07
ChZDSUhNMG9nS0VJQ0FnSURGbnBXbE5nEAE,Syarifuddin,5,,2 tahun lalu,,,,Saoenk Cobek Samata,Google Maps,2026-06-09 15:07:07
ChdDSUhNMG9nS0VJQ0FnSURGc0p1QzN3RRAB,Andi Hariyanti,5,,2 tahun lalu,5,5,5,Saoenk Cobek Samata,Google Maps,2026-06-09 15:07:07
ChZDSUhNMG9nS0VJQ0FnSUNGNmVDNEVBEAE,andi satria ramadhani,5,,2 tahun lalu,5,5,5,Saoenk Cobek Samata,Google Maps,2026-06-09 15:07:07
ChZDSUhNMG9nS0VJQ0FnSUQ1d092T0VBEAE,Ishak,5,Mantap betul... Ludessss,2 tahun lalu,5,5,5,Saoenk Cobek Samata,Google Maps,2026-06-09 15:07:07
ChZDSUhNMG9nS0VJQ0FnSUM1b1kyeUN3EAE,Puspayanti Andi,4,Enak sekali dan tim pelayanannya sangat sabar.. Bagus sekali.,Diedit 2 tahun lalu,3,4,4,Saoenk Cobek Samata,Google Maps,2026-06-09 15:07:07
ChZDSUhNMG9nS0VJQ0FnSUM1OU5hd1Z3EAE,Verial Vee,5,,2 tahun lalu,4,5,5,Saoenk Cobek Samata,Google Maps,2026-06-09 15:07:07
ChZDSUhNMG9nS0VJQ0FnSUM1dUxUVVR3EAE,Aceel Sebastian,4,mantap tempatnya,2 tahun lalu,4,4,4,Saoenk Cobek Samata,Google Maps,2026-06-09 15:07:40
ChdDSUhNMG9nS0VJQ0FnSURaalpEWDZnRRAB,Herling Dg Nyampa,5,Oke,2 tahun lalu,5,5,5,Saoenk Cobek Samata,Google Maps,2026-06-09 15:07:40
ChZDSUhNMG9nS0VJQ0FnSURaNVllWUxBEAE,Nurwahidah Tahir Tompo,5,Makanannya enak. Sebaiknya reservasi terlebih dahulu. Pelayanan bagus. Lokasi berada di kab Gowa.,2 tahun lalu,5,5,4,Saoenk Cobek Samata,Google Maps,2026-06-09 15:07:40
ChZDSUhNMG9nS0VJQ0FnSURac2EzNmJBEAE,Ayana Ayana,5,,2 tahun lalu,5,5,5,Saoenk Cobek Samata,Google Maps,2026-06-09 15:07:40
ChdDSUhNMG9nS0VJQ0FnSURaMW9xY3V3RRAB,iLham,4,"Makanannya enak

Suasana nyaman",2 tahun lalu,4,5,5,Saoenk Cobek Samata,Google Maps,2026-06-09 15:07:40
ChZDSUhNMG9nS0VJQ0FnSURadXN2V1hREAE,Isdar,5,,2 tahun lalu,,,,Saoenk Cobek Samata,Google Maps,2026-06-09 15:07:40
ChdDSUhNMG9nS0VJQ0FnSURaeXR2Z3lRRRAB,Hent Tanzil,4,,2 tahun lalu,4,5,4,Saoenk Cobek Samata,Google Maps,2026-06-09 15:07:40
ChZDSUhNMG9nS0VJQ0FnSURaOHZIbkxREAE,Lemi Bheku,5,Mantap,2 tahun lalu,5,5,5,Saoenk Cobek Samata,Google Maps,2026-06-09 15:07:40
ChZDSUhNMG9nS0VJQ0FnSURacUl6QUt3EAE,Nurfika Ramdani,5,,2 tahun lalu,4,4,4,Saoenk Cobek Samata,Google Maps,2026-06-09 15:07:40
ChZDSUhNMG9nS0VJQ0FnSURaeVBDamJREAE,Diah Wandansari,5,Cocok mi,2 tahun lalu,5,5,5,Saoenk Cobek Samata,Google Maps,2026-06-09 15:07:40
ChZDSUhNMG9nS0VJQ0FnSURaOE5yNEZnEAE,Rina Yusrina,5,,2 tahun lalu,5,5,5,Saoenk Cobek Samata,Google Maps,2026-06-09 15:08:10
ChZDSUhNMG9nS0VJQ0FnSURab1BLVkxBEAE,Wawan Muhammad,5,,2 tahun lalu,3,3,5,Saoenk Cobek Samata,Google Maps,2026-06-09 15:08:10
ChZDSUhNMG9nS0VJQ0FnSUNabjg2eVJ3EAE,Basir Bate,5,,2 tahun lalu,5,5,5,Saoenk Cobek Samata,Google Maps,2026-06-09 15:08:10
ChZDSUhNMG9nS0VJQ0FnSUNadF9YNVlREAE,Syaharuddin Syahar,2,,2 tahun lalu,2,2,2,Saoenk Cobek Samata,Google Maps,2026-06-09 15:08:10
ChdDSUhNMG9nS0VJQ0FnSUNabDVuUm53RRAB,Syarifah Arwini,2,,2 tahun lalu,,,,Saoenk Cobek Samata,Google Maps,2026-06-09 15:08:10
ChZDSUhNMG9nS0VJQ0FnSUNaeS1MV1ZBEAE,Andi Amriani,5,Suasananya bagus apalagi saat malam.,2 tahun lalu,4,4,4,Saoenk Cobek Samata,Google Maps,2026-06-09 15:08:10
ChdDSUhNMG9nS0VJQ0FnSUNabmZpczlnRRAB,Defreni Mardatillah,4,"Tipe masakan yang agak manis, jadi gurih dan pedesnya malah kurang berasa karna dominan rasa manis, padahal olahan seafood, tapi lumayan masih bisa diterima di lidahku. Tempatnya nyaman, bersih, ada mushola juga. Pelayannya ramah dan cepat respon",2 tahun lalu,4,5,5,Saoenk Cobek Samata,Google Maps,2026-06-09 15:08:10
ChdDSUhNMG9nS0VJQ0FnSUNaamFfX3dBRRAB,Fadhil,1,"Food: cah kangkung ada rumput liar yg ikut termasak, tahu hambar, tempe terlalu tebal dan hambar 👎

Service: mejanya kotor dan berminyak tidak dibersihkan dengan baik bekas makan pelanggan sebelumnya, mau pindah ke meja sebelah tapi debunya sangat tebal tidak pernah dibersihkan 👎

Atmosphere: kolam ikannya bau seperti tidak pernah dibersihkan sangat mengganggu saat makan 👎",2 tahun lalu,1,1,1,Saoenk Cobek Samata,Google Maps,2026-06-09 15:08:10
ChZDSUhNMG9nS0VJQ0FnSUNaam83ekVREAE,Oki Syafruddin,5,,2 tahun lalu,5,5,5,Saoenk Cobek Samata,Google Maps,2026-06-09 15:08:10
ChdDSUhNMG9nS0VJQ0FnSUNaanNLRTBRRRAB,Mitha Fara,5,,2 tahun lalu,,,,Saoenk Cobek Samata,Google Maps,2026-06-09 15:08:10
ChZDSUhNMG9nS0VJQ0FnSUNaN01lZUJnEAE,loek man,5,,2 tahun lalu,,,,Saoenk Cobek Samata,Google Maps,2026-06-09 15:08:40
ChdDSUhNMG9nS0VJQ0FnSUNaMU4zUzd3RRAB,Nurul Aini Izzah Pratiwi,5,,2 tahun lalu,,,,Saoenk Cobek Samata,Google Maps,2026-06-09 15:08:40
ChdDSUhNMG9nS0VJQ0FnSURweDdpN3RBRRAB,laila syahidan,3,,2 tahun lalu,,,,Saoenk Cobek Samata,Google Maps,2026-06-09 15:08:40
ChdDSUhNMG9nS0VJQ0FnSURwNjVlQXd3RRAB,Haikal Rezky,5,,2 tahun lalu,5,5,5,Saoenk Cobek Samata,Google Maps,2026-06-09 15:08:40
ChdDSUhNMG9nS0VJQ0FnSURwbmJyUjRRRRAB,anis manggasa,5,,2 tahun lalu,5,5,5,Saoenk Cobek Samata,Google Maps,2026-06-09 15:08:40
ChdDSUhNMG9nS0VJQ0FnSURwdEkyVnVnRRAB,rifqi pratama,5,,2 tahun lalu,,,,Saoenk Cobek Samata,Google Maps,2026-06-09 15:08:40
ChZDSUhNMG9nS0VJQ0FnSURwcEktMlJ3EAE,Imha Fatimah,4,,2 tahun lalu,4,4,4,Saoenk Cobek Samata,Google Maps,2026-06-09 15:08:40
ChZDSUhNMG9nS0VJQ0FnSURwLU5YZ0JREAE,daffa diffa,5,Mantapp,2 tahun lalu,5,5,5,Saoenk Cobek Samata,Google Maps,2026-06-09 15:08:40
ChZDSUhNMG9nS0VJQ0FnSURwaU1DM1h3EAE,Pramudita Febriyanti,5,,2 tahun lalu,,,,Saoenk Cobek Samata,Google Maps,2026-06-09 15:08:40
ChZDSUhNMG9nS0VJQ0FnSURwd1BMOGF3EAE,PT INDOPROPERTI SUKSES GEMILANG,5,Perumahan Subsidi yg berkualitas dekat sana sini,2 tahun lalu,,5,,Saoenk Cobek Samata,Google Maps,2026-06-09 15:08:40
ChZDSUhNMG9nS0VJQ0FnSUNwdjdiQmVnEAE,Anjung Sirajuddin,5,,2 tahun lalu,5,5,5,Saoenk Cobek Samata,Google Maps,2026-06-09 15:09:10
ChZDSUhNMG9nS0VJQ0FnSUNwdzZQY2JBEAE,Arie Indiarto,5,"Nice place untuk makan bersama keluarga, teman dan kolega suasana adem banget dibawah saung ada kolam dengan ikan2 hias. Harga lumayan tapi ga kecewa kok dengan rasa dan kualitasnya seimbang banget.",2 tahun lalu,4,5,5,Saoenk Cobek Samata,Google Maps,2026-06-09 15:09:10
ChdDSUhNMG9nS0VJQ0FnSUNwN2RIby1BRRAB,Michael Recky,5,,2 tahun lalu,,,,Saoenk Cobek Samata,Google Maps,2026-06-09 15:09:10
ChdDSUhNMG9nS0VJQ0FnSUNwLW9Yem9nRRAB,Lisa Maharani,5,Bnyk ikan mas di kolam cm air y kotor....lumayan buat ngumpul bareng ...,Diedit 2 tahun lalu,4,4,4,Saoenk Cobek Samata,Google Maps,2026-06-09 15:09:10
ChdDSUhNMG9nS0VJQ0FnSUNwckluenl3RRAB,Whin,5,,2 tahun lalu,,,,Saoenk Cobek Samata,Google Maps,2026-06-09 15:09:10
ChZDSUhNMG9nS0VJQ0FnSURKMjlhM0F3EAE,Muhammad Ahsan,5,,2 tahun lalu,4,5,3,Saoenk Cobek Samata,Google Maps,2026-06-09 15:09:10
ChdDSUhNMG9nS0VJQ0FnSURKNHBTQ3FRRRAB,dzulfiqar ihwan,5,Makanan lumayan enak. Porsi paket banyak,Diedit 2 tahun lalu,5,5,5,Saoenk Cobek Samata,Google Maps,2026-06-09 15:09:10
ChdDSUhNMG9nS0VJQ0FnSURKOGF5czh3RRAB,ILFINA SYAIR,3,"Maaf sebelumnya,kami sering makan di saoenk cobek sebelum kami jalan2 psti singgah makan disini,baru kali ini kami sangat kecewa krn rasa makanan,porsinya jg berkurang dan harga tdk sesuai,rasanya tdk seperti yg lalu2 bahkan hrg jg naik,tdk masalah ada kenaikan harga tp rasa harus di pertahankan",2 tahun lalu,1,4,4,Saoenk Cobek Samata,Google Maps,2026-06-09 15:09:10
ChdDSUhNMG9nS0VJQ0FnSURKOU42M2l3RRAB,muhammad surachman,5,tempat makan lesehan cocok untuk keluarga. ada kolam ikan koi tepat dibawah tempat kita makan. kalo nasi sisa bisa buat beri makan kepada ikan. menu enak. harga sesuai.,Diedit 2 tahun lalu,5,5,5,Saoenk Cobek Samata,Google Maps,2026-06-09 15:09:10
ChZDSUhNMG9nS0VJQ0FnSURKa29PSWFnEAE,Sinar CITTA Online TV,1,,2 tahun lalu,1,5,4,Saoenk Cobek Samata,Google Maps,2026-06-09 15:09:10
ChdDSUhNMG9nS0VJQ0FnSURKdU4ybS13RRAB,Princess Firha,5,Overall ok yah.. Sambalnya mgkin bs lbh di kreatif kan jgn cm 2 macam aja dan lbh bagusnya raca mangganya free donk seperti restaurant lainnya dan lbh diperbaiki rasanya spy sambalnya lbh gurih..Dan paling utama yg perlu dijaga itu kucing jgn sampai masuk area makan apalg yg di duduk di gazebo atau lesehan.. SANGAT MENGGANGGU apalg klo kucingnya lompat naik kegazebo..,2 tahun lalu,5,5,4,Saoenk Cobek Samata,Google Maps,2026-06-09 15:09:40
ChZDSUhNMG9nS0VJQ0FnSUNKajlXRFpBEAE,Andre Munawar,4,,2 tahun lalu,5,5,3,Saoenk Cobek Samata,Google Maps,2026-06-09 15:09:40
ChZDSUhNMG9nS0VJQ0FnSUNKLTlxQlh3EAE,Irhaz Harifin Naba,5,,2 tahun lalu,5,5,5,Saoenk Cobek Samata,Google Maps,2026-06-09 15:09:40
ChZDSUhNMG9nS0VJQ0FnSUNKcGVfS0lnEAE,Muh. Rifqi,5,Makanannya enak dan suasananya nyaman...,2 tahun lalu,5,5,5,Saoenk Cobek Samata,Google Maps,2026-06-09 15:09:40
ChZDSUhNMG9nS0VJQ0FnSUNKbWVpaFl3EAE,Fugil Slankuters,5,Mantap,2 tahun lalu,,5,5,Saoenk Cobek Samata,Google Maps,2026-06-09 15:09:40
ChZDSUhNMG9nS0VJQ0FnSUNKdnBxd1dBEAE,Andi Farhan,5,,2 tahun lalu,,,,Saoenk Cobek Samata,Google Maps,2026-06-09 15:09:40
ChdDSUhNMG9nS0VJQ0FnSUNKcnRfM3dBRRAB,Fatah Hidayat,5,,2 tahun lalu,5,5,5,Saoenk Cobek Samata,Google Maps,2026-06-09 15:09:40
ChdDSUhNMG9nS0VJQ0FnSUQtdlBIVTJnRRAB,fatra tata,5,"Makanan enak, suasana menyenangkan..",Diedit 2 tahun lalu,5,5,5,Saoenk Cobek Samata,Google Maps,2026-06-09 15:09:40
ChZDSUhNMG9nS0VJQ0FnSUNKd28yV1hnEAE,Yohanes Perwira,5,Tempat lesehan makanan enak dan sesuai ada kolam ikan nyaman utk keluarga,2 tahun lalu,5,5,5,Saoenk Cobek Samata,Google Maps,2026-06-09 15:09:40
ChdDSUhNMG9nS0VJQ0FnSUNKOE1QS3FBRRAB,inha ikky,5,,2 tahun lalu,5,3,4,Saoenk Cobek Samata,Google Maps,2026-06-09 15:09:40
ChZDSUhNMG9nS0VJQ0FnSUNKME95UVNBEAE,Evicing Liwang,4,"Tempat kumpul nyaman di Gazebo, penyajian makanan sekarang lumayan bagus.",2 tahun lalu,4,4,4,Saoenk Cobek Samata,Google Maps,2026-06-09 15:10:11
ChZDSUhNMG9nS0VJQ0FnSUR4ajdqREtREAE,satriani oktavia,4,,2 tahun lalu,4,4,5,Saoenk Cobek Samata,Google Maps,2026-06-09 15:10:11
ChdDSUhNMG9nS0VJQ0FnSUR4a2Vfd2lBRRAB,Andi Maswar Atmar,5,,2 tahun lalu,5,5,5,Saoenk Cobek Samata,Google Maps,2026-06-09 15:10:11
ChdDSUhNMG9nS0VJQ0FnSUR4bHBtbC1BRRAB,Mhira Luphyou,5,,3 tahun lalu,,,,Saoenk Cobek Samata,Google Maps,2026-06-09 15:10:11
ChdDSUhNMG9nS0VJQ0FnSUN4ajZlMTF3RRAB,Eka Damayanti,5,Saya suka suasana dan makanannya enak,3 tahun lalu,5,5,5,Saoenk Cobek Samata,Google Maps,2026-06-09 15:10:11
ChZDSUhNMG9nS0VJQ0FnSUN4cmZuTFBREAE,Suharni,5,,3 tahun lalu,5,5,5,Saoenk Cobek Samata,Google Maps,2026-06-09 15:10:11
ChZDSUhNMG9nS0VJQ0FnSUN4cFpMeEJREAE,Irma Yani,5,,3 tahun lalu,,,,Saoenk Cobek Samata,Google Maps,2026-06-09 15:10:11
ChdDSUhNMG9nS0VJQ0FnSUN4cGFLNGp3RRAB,Latif Prasetyohadi,5,"Tempatnya bagus, pelayan ramah, makanan enak dengan harga terjangkau, salah satu menu khas disini adalah Ikan Kudu-Kudu,
Minus disini adalah parkir mobil, tidak mengakomodir kendaraan yang parkir dengan baik, tempat sholat juga kurang, tapi secara keseluruhan direkomendasikan sebagai tempat makan bersama keluarga",3 tahun lalu,5,5,5,Saoenk Cobek Samata,Google Maps,2026-06-09 15:10:11
ChdDSUhNMG9nS0VJQ0FnSUN4aGVHZnNRRRAB,muhlis masin,3,,3 tahun lalu,3,4,4,Saoenk Cobek Samata,Google Maps,2026-06-09 15:10:11
ChZDSUhNMG9nS0VJQ0FnSUN4dWJYZVFnEAE,Rocky Lumunon,5,,3 tahun lalu,,,,Saoenk Cobek Samata,Google Maps,2026-06-09 15:10:11
ChZDSUhNMG9nS0VJQ0FnSUN4OGJPWGR3EAE,rustiati ningsih,5,"Suasana nya enak, ada gazebo",3 tahun lalu,5,5,5,Saoenk Cobek Samata,Google Maps,2026-06-09 15:10:41
ChZDSUhNMG9nS0VJQ0FnSUN4OGU3SUlnEAE,Misbawati Fitri,5,,3 tahun lalu,5,,5,Saoenk Cobek Samata,Google Maps,2026-06-09 15:10:41
ChdDSUhNMG9nS0VJQ0FnSUN4bnJ1cjVBRRAB,M.yunus Nawir,4,,3 tahun lalu,4,4,4,Saoenk Cobek Samata,Google Maps,2026-06-09 15:10:41
ChdDSUhNMG9nS0VJQ0FnSUN4dU9xQl9BRRAB,Anca Bonang,4,,3 tahun lalu,5,5,5,Saoenk Cobek Samata,Google Maps,2026-06-09 15:10:41
ChdDSUhNMG9nS0VJQ0FnSUN4aU9HZzhBRRAB,Alamsyah Husain,5,,3 tahun lalu,5,4,5,Saoenk Cobek Samata,Google Maps,2026-06-09 15:10:41
ChdDSUhNMG9nS0VJQ0FnSUN4aUtDbHVRRRAB,Bro Yoedha,5,,3 tahun lalu,5,4,4,Saoenk Cobek Samata,Google Maps,2026-06-09 15:10:41
ChdDSUhNMG9nS0VJQ0FnSUN4d0tXR2hnRRAB,SYARIF AMRAN,4,,3 tahun lalu,4,4,5,Saoenk Cobek Samata,Google Maps,2026-06-09 15:10:41
ChZDSUhNMG9nS0VJQ0FnSURSdi1yVlBREAE,Muhammad Nur,4,,3 tahun lalu,,,,Saoenk Cobek Samata,Google Maps,2026-06-09 15:10:41
ChdDSUhNMG9nS0VJQ0FnSURSbjRQeV93RRAB,Rambo usa,3,"Saung cobek bagus hanya pelayanan makin kurang, tidak seperti awalnya, sudah hampir sejam duduk tapi tidak ada karyawan atau pelayanan yg samperin, Sy berharap saung cobek seperti awal pelayanannya. aamiin",3 tahun lalu,,,,Saoenk Cobek Samata,Google Maps,2026-06-09 15:10:41
ChZDSUhNMG9nS0VJQ0FnSURScDVIYVlREAE,Abu Muhammad,4,,3 tahun lalu,,,,Saoenk Cobek Samata,Google Maps,2026-06-09 15:10:41
ChZDSUhNMG9nS0VJQ0FnSURSeDh1X0h3EAE,maulidina yuliastri,3,,3 tahun lalu,,,,Saoenk Cobek Samata,Google Maps,2026-06-09 15:11:14
ChZDSUhNMG9nS0VJQ0FnSURScWJlQlhREAE,Nuraisyah Arsyad,5,Rekomended,Diedit 3 tahun lalu,5,5,5,Saoenk Cobek Samata,Google Maps,2026-06-09 15:11:14
ChdDSUhNMG9nS0VJQ0FnSUNSbC1tczJ3RRAB,AR. Yani,5,klo ditanya mau balik kesini lagi gak? jawabnya Mauuuu...sukses saung cobek,Diedit 3 tahun lalu,4,4,4,Saoenk Cobek Samata,Google Maps,2026-06-09 15:11:14
ChZDSUhNMG9nS0VJQ0FnSURSa19laFRnEAE,Thia Syafran,4,"Makanannya enak sesuai harga, cepat penyajiannya dan tempatnya bersij",3 tahun lalu,4,5,5,Saoenk Cobek Samata,Google Maps,2026-06-09 15:11:14
ChZDSUhNMG9nS0VJQ0FnSURSellMMGRBEAE,Coby Maelissa,4,,3 tahun lalu,,,,Saoenk Cobek Samata,Google Maps,2026-06-09 15:11:14
ChZDSUhNMG9nS0VJQ0FnSURSLVl5b1hBEAE,NYC Channel,1,Kasirnya tidak teliti harusnya bayar 1 jutaan jadi disuruh bayar 12 jutaan padahal orang tua saya sudah umur. Tolong diperhatikan masalah pembayaran ini sangat riskan. Meskipun berjanji bakal ditangani dana dikembalikan segera cuma saya sangat kurang berkenan dengan komunikasi dari staffnya,3 tahun lalu,,,,Saoenk Cobek Samata,Google Maps,2026-06-09 15:11:14
ChdDSUhNMG9nS0VJQ0FnSUNHX3RPVmdBRRAB,zaza ridwan,5,"Tempat favorit saya ketika lapar melanda. Skrg Saoenk Cobek juga ada di Kabupaten Bone, lho 👍👏👏",Diedit 3 tahun lalu,5,5,5,Saoenk Cobek Samata,Google Maps,2026-06-09 15:11:14
ChdDSUhNMG9nS0VJQ0FnSURSbnN5NnBBRRAB,Nurul Rizka,5,,3 tahun lalu,4,4,5,Saoenk Cobek Samata,Google Maps,2026-06-09 15:11:14
ChdDSUhNMG9nS0VJQ0FnSURSOXFYZ2t3RRAB,Alfredo dragneel,1,"Tempat banyak Lalat, banyak kucing, pelayanan sungguh lama...
Makanan datang 1 per 1 dgn durasi sgt lama 15 menitan
Makanan semua dingin ketika datang...

Sangat mengecewakan, dn tidak berencana utk dtang kedua kali",3 tahun lalu,,,,Saoenk Cobek Samata,Google Maps,2026-06-09 15:11:14
ChdDSUhNMG9nS0VJQ0FnSURSbXBUbnRBRRAB,Hardianti anti,5,,3 tahun lalu,,,,Saoenk Cobek Samata,Google Maps,2026-06-09 15:11:14
ChdDSUhNMG9nS0VJQ0FnSURSNnMtSHlBRRAB,Aswira Janty,5,Pas untuk meet up atau reuni kecil2an. Tidak terganggu dengan keramaian karena gazebo terpisah dengan gazebo lainnya. Rekomendid. Semoga bisa dipertahankan.,3 tahun lalu,5,4,5,Saoenk Cobek Samata,Google Maps,2026-06-09 15:11:47
ChdDSUhNMG9nS0VJQ0FnSURSdkthdzFRRRAB,Reul Naufal,5,,3 tahun lalu,,,,Saoenk Cobek Samata,Google Maps,2026-06-09 15:11:47
ChZDSUhNMG9nS0VJQ0FnSURSM0tlWEhREAE,Muammar Paradipta,1,"Makanannya dibuat sangat lama, padahal sudah DP dan pesan makanannya via WA, 3 jam sebelum datang kesana👎👎👎",3 tahun lalu,3,1,3,Saoenk Cobek Samata,Google Maps,2026-06-09 15:11:47
ChdDSUhNMG9nS0VJQ0FnSURSNVB6THB3RRAB,Rahmat Pannyiwi,5,"Utk layanan, mungkin perlu di percepat lg tp ok lah",3 tahun lalu,,,,Saoenk Cobek Samata,Google Maps,2026-06-09 15:11:47
ChZDSUhNMG9nS0VJQ0FnSURSLU5TY2NnEAE,Syawal Fadrilul Fiqhi,5,,3 tahun lalu,,,,Saoenk Cobek Samata,Google Maps,2026-06-09 15:11:47
ChZDSUhNMG9nS0VJQ0FnSURSb04yaFNREAE,Andi Syari,5,"Ayamnya tidak juicy, menu udangnya kurang gurih dan kurang bumbu, perkedel jagungnya okelah... Butuh banyak improve dari segi rasa makanan 🙏",3 tahun lalu,3,4,4,Saoenk Cobek Samata,Google Maps,2026-06-09 15:11:47
ChZDSUhNMG9nS0VJQ0FnSURSZ05QZmRBEAE,sindy firdauzi,5,"Bagus tempatnya, makananya enak, cocok buat pertemuan keluarga, cuma ketika bukber kemaren saya kan baru datang dan makanan sudah siap di meja, itu hampir ada kucing yang makan makanannya😫 untungnya sy buru buru usir, tapi sebelum saya datang kan gatau yaak apa yg terjadi dgn kucing dan makanannya hhahahahaha 🤡",3 tahun lalu,4,4,5,Saoenk Cobek Samata,Google Maps,2026-06-09 15:11:47
ChdDSUhNMG9nS0VJQ0FnSUNSbjl1TWl3RRAB,A. Nirwana 80,5,,3 tahun lalu,5,5,5,Saoenk Cobek Samata,Google Maps,2026-06-09 15:11:47
ChZDSUhNMG9nS0VJQ0FnSUNSOTdiVktREAE,vincent,5,,3 tahun lalu,,,,Saoenk Cobek Samata,Google Maps,2026-06-09 15:11:47
ChdDSUhNMG9nS0VJQ0FnSUNSdV95czJnRRAB,Fera Iskandar,5,Suka dengan suasanax,3 tahun lalu,5,5,5,Saoenk Cobek Samata,Google Maps,2026-06-09 15:11:47
ChZDSUhNMG9nS0VJQ0FnSUNSdzZLSFRnEAE,Haidir Fatta,5,Tempatx nyaman dekat dari kota,3 tahun lalu,,,,Saoenk Cobek Samata,Google Maps,2026-06-09 15:12:20
ChZDSUhNMG9nS0VJQ0FnSUNSM2RyU1FnEAE,Camelia Nur,5,"suasana makan yg menyenangkan, bersih, rapi dan ramah pelayanannya",3 tahun lalu,5,5,5,Saoenk Cobek Samata,Google Maps,2026-06-09 15:12:20
ChZDSUhNMG9nS0VJQ0FnSUNSNmEyRUxBEAE,luth perkasa,5,,3 tahun lalu,,,,Saoenk Cobek Samata,Google Maps,2026-06-09 15:12:20
ChdDSUhNMG9nS0VJQ0FnSUNSMGV6bHV3RRAB,Ibnu Winardy,5,Lokasi Kavlingnya Strategis,3 tahun lalu,,5,,Saoenk Cobek Samata,Google Maps,2026-06-09 15:12:20
ChZDSUhNMG9nS0VJQ0FnSUNSa2F1bktnEAE,Shanty Novita,5,,3 tahun lalu,,,,Saoenk Cobek Samata,Google Maps,2026-06-09 15:12:20
ChZDSUhNMG9nS0VJQ0FnSUNSN3Z6eldBEAE,Pattiroi Patau,5,,3 tahun lalu,5,5,5,Saoenk Cobek Samata,Google Maps,2026-06-09 15:12:20
ChZDSUhNMG9nS0VJQ0FnSUNSenZXWmVREAE,Andi Bunga Tongeng,5,Menu beragam dan enak. Ada musholla yang cukup luas. Suasanya nyaman,3 tahun lalu,5,5,5,Saoenk Cobek Samata,Google Maps,2026-06-09 15:12:20
ChdDSUhNMG9nS0VJQ0FnSUNSeE1fWXp3RRAB,Wahyudin Latif,5,,3 tahun lalu,5,5,5,Saoenk Cobek Samata,Google Maps,2026-06-09 15:12:20
ChZDSUhNMG9nS0VJQ0FnSUNSeExpY1FnEAE,fredy goardy,5,,3 tahun lalu,5,5,5,Saoenk Cobek Samata,Google Maps,2026-06-09 15:12:20
ChdDSUhNMG9nS0VJQ0FnSUNSdUt5Nm1RRRAB,Muljono Damopolii,5,,3 tahun lalu,5,5,5,Saoenk Cobek Samata,Google Maps,2026-06-09 15:12:20
ChZDSUhNMG9nS0VJQ0FnSURoaDVIbVNREAE,Hillarius Sadewo,1,Kalo gak bisa pesan via grab silahkan di nonaktifkan,3 tahun lalu,,,,Saoenk Cobek Samata,Google Maps,2026-06-09 15:12:53
ChdDSUhNMG9nS0VJQ0FnSURoLTlMMzFRRRAB,Zulviani Ummu Afifah,1,Maasyaa Allah tempatnya bagus cocok untuk berkumpul dengan keluarga,3 tahun lalu,4,4,4,Saoenk Cobek Samata,Google Maps,2026-06-09 15:12:53
ChdDSUhNMG9nS0VJQ0FnSURoX1o2THJBRRAB,Fitri Azzahra,5,Sangat cocok untuk makan bersama keluarga besar dan menu yg tersedia juga cukup lengkap,3 tahun lalu,5,5,5,Saoenk Cobek Samata,Google Maps,2026-06-09 15:12:53
ChdDSUhNMG9nS0VJQ0FnSURoeU52b3RBRRAB,MUNAJAT AKBAR RACHMAN,5,,Diedit 3 tahun lalu,5,5,5,Saoenk Cobek Samata,Google Maps,2026-06-09 15:12:53
ChdDSUhNMG9nS0VJQ0FnSURoaG91SjdBRRAB,sugi hartono,5,,3 tahun lalu,5,5,5,Saoenk Cobek Samata,Google Maps,2026-06-09 15:12:53
ChZDSUhNMG9nS0VJQ0FnSURoaXNYTWVBEAE,L,5,,3 tahun lalu,5,5,5,Saoenk Cobek Samata,Google Maps,2026-06-09 15:12:53
ChdDSUhNMG9nS0VJQ0FnSURodktmazVBRRAB,yayat hidayat nur,5,"Bagus menu dan suasananya
Tpi wc kurang banyak, costumer antri lama hanya masalah Wc",3 tahun lalu,,,,Saoenk Cobek Samata,Google Maps,2026-06-09 15:12:53
ChZDSUhNMG9nS0VJQ0FnSURocUpHRUt3EAE,Insana Rauf,5,Ok. Bersih,3 tahun lalu,,,,Saoenk Cobek Samata,Google Maps,2026-06-09 15:12:53
ChZDSUhNMG9nS0VJQ0FnSUNoMjRmYUZ3EAE,Chaidir Nursan,5,,3 tahun lalu,,,,Saoenk Cobek Samata,Google Maps,2026-06-09 15:12:53
ChdDSUhNMG9nS0VJQ0FnSUNoaTdDM2l3RRAB,Syamsuhar Malik,5,,3 tahun lalu,5,5,5,Saoenk Cobek Samata,Google Maps,2026-06-09 15:12:53
ChdDSUhNMG9nS0VJQ0FnSUNoODd2VS13RRAB,Hiskiah Rappak,5,"Suasana mendukung, makanan enak, rebersi lebih cepat karna kadang ramai",3 tahun lalu,5,5,5,Saoenk Cobek Samata,Google Maps,2026-06-09 15:13:27
ChZDSUhNMG9nS0VJQ0FnSUNodlpPSUtBEAE,Muhammad (UPHYK),5,"Bismillah,,Sangat membantu menunjukkan titik lokasi Kavling kami.🙏 …",3 tahun lalu,,,,Saoenk Cobek Samata,Google Maps,2026-06-09 15:13:27
ChdDSUhNMG9nS0VJQ0FnSUNodHRubGdnRRAB,Muhlis Uhlis,5,,3 tahun lalu,5,5,5,Saoenk Cobek Samata,Google Maps,2026-06-09 15:13:27
ChdDSUhNMG9nS0VJQ0FnSUNobHVtUjRBRRAB,yurika rusli,5,,3 tahun lalu,5,5,5,Saoenk Cobek Samata,Google Maps,2026-06-09 15:13:27
ChZDSUhNMG9nS0VJQ0FnSUNoNHAzc0JnEAE,Octovianus Salipadang,5,"Tempat nya nyaman, bersih besar dan ada kolam ikannya dan sangat cocok untuk keluarga, untuk makanan terjangkau dan sangat recommended",3 tahun lalu,5,5,5,Saoenk Cobek Samata,Google Maps,2026-06-09 15:13:27
ChZDSUhNMG9nS0VJQ0FnSUNoNHQ3b1lnEAE,KLINIK UCI,5,Tempatnya cozy,3 tahun lalu,5,5,5,Saoenk Cobek Samata,Google Maps,2026-06-09 15:13:27
ChZDSUhNMG9nS0VJQ0FnSUNoaE9LRkpnEAE,Sandy Alaska08,4,,3 tahun lalu,,,,Saoenk Cobek Samata,Google Maps,2026-06-09 15:13:27
ChdDSUhNMG9nS0VJQ0FnSUNoaEx6d2hnRRAB,Muhammad Taufan,5,,3 tahun lalu,,,,Saoenk Cobek Samata,Google Maps,2026-06-09 15:13:27
ChZDSUhNMG9nS0VJQ0FnSURCMzhxY0xREAE,NURUL AZIZAH IMRAN,5,"Makanan : Banyak pilihan menu makanan yg enak.
Layanan : Yah standar pada umumnya tempat makan.
Suasananya cukup nyaman, outdoor lesehan adem tapi klo hujan lumayan bikin basah, dan yg perhatian adalah dikelilingi kolam ikan mas yg bisa d beri pakan yg di beli seharga 5k.
Fasilitas : Mushollah, wc umum, area main anak, spot foto, parkiran luas, dan kolam ikan.
Harga : Cukup mahal tapi sesuai dengan yg disajikan, sewajarnya.
Bisa reservasi untuk acara2 atau kumpul keluarga besar.",3 tahun lalu,5,5,5,Saoenk Cobek Samata,Google Maps,2026-06-09 15:13:27
ChdDSUhNMG9nS0VJQ0FnSURCcjRxU25BRRAB,Rezz,5,,3 tahun lalu,,,,Saoenk Cobek Samata,Google Maps,2026-06-09 15:13:27
ChZDSUhNMG9nS0VJQ0FnSURCMTZLS1FnEAE,Syahrani,1,"Tolong yang bagian layanan membungkus lebih gesit jngan lemot,masa sdh order jam 11 smpai dsna nunggu lgi 30 menit lebih,,parah nyita waktu bnget",3 tahun lalu,,1,,Saoenk Cobek Samata,Google Maps,2026-06-09 15:14:00
ChZDSUhNMG9nS0VJQ0FnSURCMi1UR2ZnEAE,Ojhis Buccu,5,Enak dan mantap semua menu,3 tahun lalu,4,4,4,Saoenk Cobek Samata,Google Maps,2026-06-09 15:14:00
ChdDSUhNMG9nS0VJQ0FnSURCbThXajVnRRAB,"bunda , Ros",5,Nyamangi,3 tahun lalu,5,5,5,Saoenk Cobek Samata,Google Maps,2026-06-09 15:14:00
ChdDSUhNMG9nS0VJQ0FnSURCZ1pDcGdBRRAB,Kawasan Agropolitan Maros,5,Luar biasa 👍,3 tahun lalu,5,5,5,Saoenk Cobek Samata,Google Maps,2026-06-09 15:14:00
ChZDSUhNMG9nS0VJQ0FnSURCbnZ2VE13EAE,Nur Jannah,5,,3 tahun lalu,,,,Saoenk Cobek Samata,Google Maps,2026-06-09 15:14:00
ChdDSUhNMG9nS0VJQ0FnSURCb29idm1BRRAB,Irna Bontoala,5,,3 tahun lalu,5,5,5,Saoenk Cobek Samata,Google Maps,2026-06-09 15:14:00
ChdDSUhNMG9nS0VJQ0FnSURCdUxYbl9BRRAB,Ihsan Ramadhan,5,,3 tahun lalu,,,,Saoenk Cobek Samata,Google Maps,2026-06-09 15:14:00
ChZDSUhNMG9nS0VJQ0FnSURCaU1MU0dBEAE,Ananda Cell,5,WA woowww... Mantaaaapp...,3 tahun lalu,,,,Saoenk Cobek Samata,Google Maps,2026-06-09 15:14:00
ChdDSUhNMG9nS0VJQ0FnSUNCdjUzWjZRRRAB,Akmal Enre,5,,3 tahun lalu,5,5,5,Saoenk Cobek Samata,Google Maps,2026-06-09 15:14:00
ChZDSUhNMG9nS0VJQ0FnSUNCbDhEd1NREAE,AIYA KENZEI,4,,Diedit 3 tahun lalu,4,4,4,Saoenk Cobek Samata,Google Maps,2026-06-09 15:14:00
ChdDSUhNMG9nS0VJQ0FnSUNCbTVhSHNBRRAB,Indra Jaya,1,Terlalu lama menunggu penyajian makanannya...lama menunggu makanan keluar...,3 tahun lalu,4,1,4,Saoenk Cobek Samata,Google Maps,2026-06-09 15:14:33
ChdDSUhNMG9nS0VJQ0FnSUNCczhPXzhBRRAB,rusuli JunusM,5,Baru kunjungan ke 2...👍,3 tahun lalu,5,5,5,Saoenk Cobek Samata,Google Maps,2026-06-09 15:14:33
ChZDSUhNMG9nS0VJQ0FnSUNCdmJUdUJnEAE,aang andi,4,"Rumah makan pinggir kota yang menyediakan berbagai menu makanan menarik. Konsep ruangnya terdiri dari bermacam gazebo untuk makan atau berkumpul bersama keluarga. Ada dua pilihan gazebo, ada yang kecil kapasitas empat hingga delapan orang dan gazebo besar kapasitas delapan hingga lima belas orang.",3 tahun lalu,4,4,4,Saoenk Cobek Samata,Google Maps,2026-06-09 15:14:33
ChZDSUhNMG9nS0VJQ0FnSUNCcmZDbERnEAE,Kakak Ullyk,1,Pelayanan lambat 2 jam nunggu baru di layani,3 tahun lalu,5,1,3,Saoenk Cobek Samata,Google Maps,2026-06-09 15:14:33
ChZDSUhNMG9nS0VJQ0FnSUNCemJlSVpnEAE,Afantri Jusuf,3,,3 tahun lalu,3,3,4,Saoenk Cobek Samata,Google Maps,2026-06-09 15:14:33
ChZDSUhNMG9nS0VJQ0FnSUNCbGZxb1NBEAE,syammi iap,5,Harga Standarlah.. Soal Rasa.. Enak Tawwa,3 tahun lalu,,,,Saoenk Cobek Samata,Google Maps,2026-06-09 15:14:33
ChZDSUhNMG9nS0VJQ0FnSUNCMmFPRlJ3EAE,Fadli Mubarak,4,,3 tahun lalu,5,5,3,Saoenk Cobek Samata,Google Maps,2026-06-09 15:14:33
ChZDSUhNMG9nS0VJQ0FnSUNCeWRyVk5nEAE,Hadi Prasetyo,5,"Tempat/suasana baik sederhana namun asyik adem..
Buat keluarga dan teman teman baik akan menyenagkan makan bareng disini..
Ada juga sensasi ngasih makan ikan di kolam
Karena kita ada di atas kolam 😁😁😁",3 tahun lalu,5,5,5,Saoenk Cobek Samata,Google Maps,2026-06-09 15:14:33
ChdDSUhNMG9nS0VJQ0FnSUNCMGQzQWd3RRAB,Hajar Only,5,Ada kolam ikan asyik tuk keluarga,3 tahun lalu,5,5,5,Saoenk Cobek Samata,Google Maps,2026-06-09 15:14:33
ChZDSUhNMG9nS0VJQ0FnSUNCNGZmdlVBEAE,Wawan Eriyanto,5,"Masakannya enak, sangat direkomendasikan..",3 tahun lalu,,,,Saoenk Cobek Samata,Google Maps,2026-06-09 15:14:33
ChdDSUhNMG9nS0VJQ0FnSUNCcnBHMHh3RRAB,tangguh satrianto,5,,3 tahun lalu,5,5,5,Saoenk Cobek Samata,Google Maps,2026-06-09 15:15:07
ChdDSUhNMG9nS0VJQ0FnSUNCcnNLaXNRRRAB,Muh Iqra,5,,3 tahun lalu,,,,Saoenk Cobek Samata,Google Maps,2026-06-09 15:15:07
ChZDSUhNMG9nS0VJQ0FnSUNCanVURU13EAE,Andi Odha,4,Enak tawwa,3 tahun lalu,4,4,4,Saoenk Cobek Samata,Google Maps,2026-06-09 15:15:07
ChdDSUhNMG9nS0VJQ0FnSUNCMHFPOHpRRRAB,Usman Tahang,5,,3 tahun lalu,,,,Saoenk Cobek Samata,Google Maps,2026-06-09 15:15:07
ChdDSUhNMG9nS0VJQ0FnSUQtaDZHaF9RRRAB,risnawati idris,5,,Diedit 3 tahun lalu,5,5,4,Saoenk Cobek Samata,Google Maps,2026-06-09 15:15:07
ChZDSUhNMG9nS0VJQ0FnSUQtczdLQmZBEAE,Muhammad Tahnur Tahir,3,Mudah diakses,3 tahun lalu,4,4,4,Saoenk Cobek Samata,Google Maps,2026-06-09 15:15:07
ChZDSUhNMG9nS0VJQ0FnSUQtbzk3ZkZ3EAE,Dwidary Mulyaningrum,5,,3 tahun lalu,,,,Saoenk Cobek Samata,Google Maps,2026-06-09 15:15:07
ChZDSUhNMG9nS0VJQ0FnSUQtM2NmbEtBEAE,Jumiati 0911,5,,3 tahun lalu,,,,Saoenk Cobek Samata,Google Maps,2026-06-09 15:15:07
ChZDSUhNMG9nS0VJQ0FnSUQtdWV2M1hnEAE,Perie Bagoes Handoko,5,Tempat makan dengan suasana yang nyaman,3 tahun lalu,5,5,5,Saoenk Cobek Samata,Google Maps,2026-06-09 15:15:07
ChdDSUhNMG9nS0VJQ0FnSUQtNlluUi1nRRAB,Arief,5,,3 tahun lalu,5,5,5,Saoenk Cobek Samata,Google Maps,2026-06-09 15:15:07
ChdDSUhNMG9nS0VJQ0FnSUQtaHZ5MGpRRRAB,hamka hanafi,5,,Diedit 3 tahun lalu,5,5,5,Saoenk Cobek Samata,Google Maps,2026-06-09 15:15:40
ChZDSUhNMG9nS0VJQ0FnSUQtX3V5U0JnEAE,W. Eriyanto,5,"Makanan enak, rasa yang lezat.",3 tahun lalu,,,,Saoenk Cobek Samata,Google Maps,2026-06-09 15:15:40
ChdDSUhNMG9nS0VJQ0FnSUQtX3JqYmh3RRAB,Muh Asrandi,5,,3 tahun lalu,,,,Saoenk Cobek Samata,Google Maps,2026-06-09 15:15:40
ChZDSUhNMG9nS0VJQ0FnSUQtdHR2eEVBEAE,Yogie Pratiknyo,5,"1. Lokasi strategis.
2. Ikan bakar khas Makassar nya juara.
3. Udang telur asin nya uenak.
4. Affordable price.
5. Parkir luas.
6. Dekat musholla.",3 tahun lalu,5,5,5,Saoenk Cobek Samata,Google Maps,2026-06-09 15:15:40
ChdDSUhNMG9nS0VJQ0FnSUQtMHFLMzlRRRAB,AL Mujid Nawati,5,,3 tahun lalu,,,,Saoenk Cobek Samata,Google Maps,2026-06-09 15:15:40
ChZDSUhNMG9nS0VJQ0FnSUQtZ3NHR2Z3EAE,M H,5,"Enak sekali, terima kasih.",3 tahun lalu,5,5,5,Saoenk Cobek Samata,Google Maps,2026-06-09 15:15:40
ChZDSUhNMG9nS0VJQ0FnSUQtdk9QcWZnEAE,smallbites daily,5,"✅Semua menu makanan berat yang pernah saya coba di sini rasanya memuaskan, mulai dari ikan bakar, ikan palumara, udang, kerang, cumi, sampai sayur-sayuran.

❌Kecuali dessert/makanan dan minuman manisnya so-so, ehehe. Masih bisa dimaklumi, karena kelihatannya Saoenk Cobek memang spesialiasinya seafood, ya.

👍Paling pas ke sini malam, karena vibes saung yang teduh dikeliling kolam lebih terasa. Ada musalla di bagian luar, area parkir juga sangat lega.",3 tahun lalu,5,5,5,Saoenk Cobek Samata,Google Maps,2026-06-09 15:15:40
ChdDSUhNMG9nS0VJQ0FnSUQtN0t6NXBBRRAB,Ani Badawi,5,,3 tahun lalu,,,,Saoenk Cobek Samata,Google Maps,2026-06-09 15:15:40
ChZDSUhNMG9nS0VJQ0FnSUQtMUtiTFZBEAE,MUH Herman,5,,3 tahun lalu,,,,Saoenk Cobek Samata,Google Maps,2026-06-09 15:15:40
ChdDSUhNMG9nS0VJQ0FnSUMtcDhMbm5BRRAB,azran zailan,5,Enak lah,3 tahun lalu,5,5,5,Saoenk Cobek Samata,Google Maps,2026-06-09 15:15:40
ChdDSUhNMG9nS0VJQ0FnSUMteDV6Rml3RRAB,Fadlan Akbar,5,"Sangat istimewa menu2 nya.

Suasananya juga sangat indah berkesan.",3 tahun lalu,,,,Saoenk Cobek Samata,Google Maps,2026-06-09 15:16:14
ChZDSUhNMG9nS0VJQ0FnSUMtbTduUFN3EAE,Billy Regino Mardhy,5,Tempat makan seafood yang enak dan terjangkau di Makassar,3 tahun lalu,5,4,5,Saoenk Cobek Samata,Google Maps,2026-06-09 15:16:14
ChZDSUhNMG9nS0VJQ0FnSUMtNDkzQ0dREAE,Ahmad Muhammad,5,,3 tahun lalu,5,5,5,Saoenk Cobek Samata,Google Maps,2026-06-09 15:16:14
ChdDSUhNMG9nS0VJQ0FnSUMtclpfeXJnRRAB,Ali - Rusydi,4,,3 tahun lalu,,,,Saoenk Cobek Samata,Google Maps,2026-06-09 15:16:14
ChZDSUhNMG9nS0VJQ0FnSUMtemFELVZBEAE,olda budiman,3,,3 tahun lalu,3,4,4,Saoenk Cobek Samata,Google Maps,2026-06-09 15:16:14
ChdDSUhNMG9nS0VJQ0FnSUMtNGRlc25nRRAB,Edil Wijaya Nur,5,,3 tahun lalu,5,5,5,Saoenk Cobek Samata,Google Maps,2026-06-09 15:16:14
ChdDSUhNMG9nS0VJQ0FnSUMtdHJEajRBRRAB,Copral Choi,3,,3 tahun lalu,,,,Saoenk Cobek Samata,Google Maps,2026-06-09 15:16:14
ChZDSUhNMG9nS0VJQ0FnSUMtLW82dlpnEAE,salsabani kahfi,4,,3 tahun lalu,,,,Saoenk Cobek Samata,Google Maps,2026-06-09 15:16:14
ChZDSUhNMG9nS0VJQ0FnSUMteXEzRGFBEAE,Ria Anggriani,5,,3 tahun lalu,,,,Saoenk Cobek Samata,Google Maps,2026-06-09 15:16:14
ChdDSUhNMG9nS0VJQ0FnSUMtMHJuOW9nRRAB,Syahratu Annisa idris,5,,3 tahun lalu,,,,Saoenk Cobek Samata,Google Maps,2026-06-09 15:16:14
ChdDSUhNMG9nS0VJQ0FnSUMtZ3ZLVmxnRRAB,Astuti Asri,1,"Management tdk bagus, tdk ada koordinasi dan komunikasi. Kaptennya tdk tau mengkoordinir timnya dan tdk ada etika ke customer.",3 tahun lalu,,,,Saoenk Cobek Samata,Google Maps,2026-06-09 15:16:47
ChZDSUhNMG9nS0VJQ0FnSUMtOU52Z1VREAE,Azwar Sasman,5,,3 tahun lalu,5,5,5,Saoenk Cobek Samata,Google Maps,2026-06-09 15:16:47
ChZDSUhNMG9nS0VJQ0FnSUMtOU5HT1B3EAE,Nur Indah Sary Dinda,5,,3 tahun lalu,,,,Saoenk Cobek Samata,Google Maps,2026-06-09 15:16:47
ChdDSUhNMG9nS0VJQ0FnSUMtbUtfVzhnRRAB,Nurul Destianti,5,,3 tahun lalu,5,5,5,Saoenk Cobek Samata,Google Maps,2026-06-09 15:16:47
ChZDSUhNMG9nS0VJQ0FnSUMtbUp5ZU1BEAE,Sudirman Tare,5,"Makanannya enak2, sy pesan bandeng bakar rica parape, sayur cah kangkung toge, bebek palekko dan bebek goreng ( cmn ada miss... bebek goreng kami pesan 1 potong, nah yg dtg 1 ekor alhasil bayarnya jd bengkak). Recomanded.... TOP
Cuman sambelnya dikasinya sedikit",3 tahun lalu,5,4,4,Saoenk Cobek Samata,Google Maps,2026-06-09 15:16:47
ChdDSUhNMG9nS0VJQ0FnSUMtc01iaTd3RRAB,Nurul Kasih Insani,5,,3 tahun lalu,,,,Saoenk Cobek Samata,Google Maps,2026-06-09 15:16:47
ChZDSUhNMG9nS0VJQ0FnSUMta1B1YWNnEAE,Arumy Bakery,5,,3 tahun lalu,5,5,5,Saoenk Cobek Samata,Google Maps,2026-06-09 15:16:47
ChZDSUhNMG9nS0VJQ0FnSUMtd0xQZVBREAE,fadhil fathurrahman,5,,3 tahun lalu,5,5,5,Saoenk Cobek Samata,Google Maps,2026-06-09 15:16:47
ChZDSUhNMG9nS0VJQ0FnSURlbi02OUZnEAE,Testia,5,,3 tahun lalu,,,,Saoenk Cobek Samata,Google Maps,2026-06-09 15:16:47
ChZDSUhNMG9nS0VJQ0FnSURldWZmR0ZREAE,Abdi Gunawan Djafar,5,,3 tahun lalu,5,5,5,Saoenk Cobek Samata,Google Maps,2026-06-09 15:16:47
ChdDSUhNMG9nS0VJQ0FnSURlMlotZzd3RRAB,Khumaerah,4,"Tempatnya bagus, parkiran luas ada toilet dan tempat ibadah. Parkiran tolong diperhatikan lagi karena ada genangan air di tempat parkiran setelah hujan",3 tahun lalu,5,4,5,Saoenk Cobek Samata,Google Maps,2026-06-09 15:17:21
ChdDSUhNMG9nS0VJQ0FnSURlLXVEZ2lRRRAB,Naldie Martinus Saroinsong,5,,3 tahun lalu,,,,Saoenk Cobek Samata,Google Maps,2026-06-09 15:17:21
ChdDSUhNMG9nS0VJQ0FnSURldXRPNzFBRRAB,Alice Thomas,4,"Tempatnya oke. Makanannya juga enak enak. Ada yg agak over-priced jika membandingkan harga dengan porsinya. Pelayanannya bagus, ramah dan responnya cepat. Walaupun agak jauh dari pusat kota karena sudah masuk wilayah gowa tapi okelah buat kumpul dan makan akhir pekan.",3 tahun lalu,,,,Saoenk Cobek Samata,Google Maps,2026-06-09 15:17:21
ChZDSUhNMG9nS0VJQ0FnSURlZ3Zld2FnEAE,Vochalzaholic,5,"Cobain buncis salted egg nya, di jamin maknyuz",3 tahun lalu,,,,Saoenk Cobek Samata,Google Maps,2026-06-09 15:17:21
ChdDSUhNMG9nS0VJQ0FnSURlX0t6anpBRRAB,Rahmi Amie,5,,3 tahun lalu,,,,Saoenk Cobek Samata,Google Maps,2026-06-09 15:17:21
ChZDSUhNMG9nS0VJQ0FnSURlNktlZlF3EAE,agus masuri,3,,3 tahun lalu,,,,Saoenk Cobek Samata,Google Maps,2026-06-09 15:17:21
ChdDSUhNMG9nS0VJQ0FnSURlNkpHYXB3RRAB,Reena Izzati,5,,3 tahun lalu,,,,Saoenk Cobek Samata,Google Maps,2026-06-09 15:17:21
ChdDSUhNMG9nS0VJQ0FnSURlcU0tZWhBRRAB,Budi Arto,5,"Tempat luas, parkir teratur, suasana nyaman dan tenang. Menu variatif, lumayan cocok di lidah sy. Pelayanan ramah. Recommended 👍👍",3 tahun lalu,,,,Saoenk Cobek Samata,Google Maps,2026-06-09 15:17:21
ChZDSUhNMG9nS0VJQ0FnSURlOE1EaUFREAE,Muslimin Yunus Badaruzzaman,4,,3 tahun lalu,,,,Saoenk Cobek Samata,Google Maps,2026-06-09 15:17:21
ChZDSUhNMG9nS0VJQ0FnSUNlbC1Pb2ZnEAE,Jusnimanala Manala,5,Mantap,3 tahun lalu,,,,Saoenk Cobek Samata,Google Maps,2026-06-09 15:17:21
ChdDSUhNMG9nS0VJQ0FnSUNlNTdmU3B3RRAB,Yuliana Laino,3,"Pelayanannya sangat buruk,kemarin kami pesan ayam bakar madu tapi kami minta dadanya waktu kami pesan pelayan nya TDK bilang kalo dada kosong,terus pelayan kembali memberi tahu kami kalo dada kosong yg ada cuma paha karena berhubung sy TDK suka paha makanya sy mau ganti menu dgn menu mie kuah eh masa kita tdk boleh cancel nasi sama sayur kangkung mana ada orang makan mie kuah pake kangkung cah mana mie  kuahnya lagi sangat TDK recommended persis mie instan yg jadi pertanyaan sy masa dadanya habis sedangkan masih jam 12 siang dan sy lihat pelanggan disebelah kami yg lebih dulu kami yang datang di kasih dada ayam, sungguh pengalaman yg sangat menjengkelkan kapok datang kesitu lagi",3 tahun lalu,,,,Saoenk Cobek Samata,Google Maps,2026-06-09 15:17:54
ChdDSUhNMG9nS0VJQ0FnSUNlNTRmdzhRRRAB,fajar satria,5,,3 tahun lalu,,,,Saoenk Cobek Samata,Google Maps,2026-06-09 15:17:54
ChdDSUhNMG9nS0VJQ0FnSUNlLS1MRjNnRRAB,Chakofah,5,,3 tahun lalu,,,,Saoenk Cobek Samata,Google Maps,2026-06-09 15:17:54
ChdDSUhNMG9nS0VJQ0FnSUNlM1l5aWxBRRAB,ir wandi,5,Rumah makan yg sangat cocok dgn keluarga,3 tahun lalu,,,,Saoenk Cobek Samata,Google Maps,2026-06-09 15:17:54
ChZDSUhNMG9nS0VJQ0FnSURHak9hN1p3EAE,Agus Jaya Wuisan,4,"Restoran kecil, meskipun hidangannya cukup enak. Namun harganya agak mahal.",Diedit 3 tahun lalu,,,,Saoenk Cobek Samata,Google Maps,2026-06-09 15:17:54
ChdDSUhNMG9nS0VJQ0FnSUNlbmRpRV9BRRAB,Phy Andri Yani,5,,3 tahun lalu,,,,Saoenk Cobek Samata,Google Maps,2026-06-09 15:17:54
ChdDSUhNMG9nS0VJQ0FnSUNldGVlZDlBRRAB,Lhina Ijhal,5,Tempatnya asik untuk bersama keluarga,3 tahun lalu,,,,Saoenk Cobek Samata,Google Maps,2026-06-09 15:17:54
ChdDSUhNMG9nS0VJQ0FnSUNldGR1bWdRRRAB,Rha Joe,4,,3 tahun lalu,,,,Saoenk Cobek Samata,Google Maps,2026-06-09 15:17:54
ChZDSUhNMG9nS0VJQ0FnSUNlMGU3dGFREAE,Andi Fatryanto,5,,3 tahun lalu,,,,Saoenk Cobek Samata,Google Maps,2026-06-09 15:17:54
ChdDSUhNMG9nS0VJQ0FnSUNlNE5Ub3ZBRRAB,Sumarni MRM,5,,3 tahun lalu,,,,Saoenk Cobek Samata,Google Maps,2026-06-09 15:17:54
ChZDSUhNMG9nS0VJQ0FnSUR1NDR5eFFBEAE,muhammad faikal,1,,3 tahun lalu,,,,Saoenk Cobek Samata,Google Maps,2026-06-09 15:18:27
ChZDSUhNMG9nS0VJQ0FnSUR1bzRlc0RnEAE,hasan uddin,5,,3 tahun lalu,,,,Saoenk Cobek Samata,Google Maps,2026-06-09 15:18:27
ChdDSUhNMG9nS0VJQ0FnSUR1NWNLajRBRRAB,Shanty Octaviautami,5,"Makanannya enak sekali. Ada aneka ayam, daging, cumi, ikan, udang, kepiting, dll. Suasana nyaman sekali. Parkir luas. Ada ayunan untuk kiddos. Ada kolam ikannya. Pokoke haunjeeek. Bon apetite.",3 tahun lalu,,,,Saoenk Cobek Samata,Google Maps,2026-06-09 15:18:27
ChZDSUhNMG9nS0VJQ0FnSUR1cGMtbVVREAE,PAPA MUDA,5,,3 tahun lalu,,,,Saoenk Cobek Samata,Google Maps,2026-06-09 15:18:27
ChdDSUhNMG9nS0VJQ0FnSUR1eGFQUXZnRRAB,Aswar As,5,,3 tahun lalu,,,,Saoenk Cobek Samata,Google Maps,2026-06-09 15:18:27
ChdDSUhNMG9nS0VJQ0FnSUR1bWFDbDJnRRAB,Irwansyah Sukarana,5,,3 tahun lalu,,,,Saoenk Cobek Samata,Google Maps,2026-06-09 15:18:27
ChZDSUhNMG9nS0VJQ0FnSUR1NmJLTVdREAE,Alwi Mosaja,5,,3 tahun lalu,,,,Saoenk Cobek Samata,Google Maps,2026-06-09 15:18:27
ChZDSUhNMG9nS0VJQ0FnSUR1OGRITlJREAE,Hengki Rajaliu,5,Ikannya segar,3 tahun lalu,,,,Saoenk Cobek Samata,Google Maps,2026-06-09 15:18:27
ChdDSUhNMG9nS0VJQ0FnSUR1LXA2cndRRRAB,iksan Vagetoz,5,Tempat yg lumayan bagus dari segi lokasi sangat indah untuk makan bersama keluarga.,3 tahun lalu,,,,Saoenk Cobek Samata,Google Maps,2026-06-09 15:18:27
ChZDSUhNMG9nS0VJQ0FnSUR1c3ZxOGZBEAE,Angriyana S.Pd.,5,Menu recommended ... Pelayanan lumayan lah,3 tahun lalu,,,,Saoenk Cobek Samata,Google Maps,2026-06-09 15:18:27
ChZDSUhNMG9nS0VJQ0FnSUR1a3JldlZ3EAE,Yudha Arya Candra,5,"Pas kesini reservasi di awal sebab cukup banyak teman-teman yang ikut makan bareng di sini. Tambahan menu di luar reservasi masih bisa dilakukan dan alhamdulillah pesanan sesuau dan tidak salah, meaki pesennya bertambah terus.",3 tahun lalu,,,,Saoenk Cobek Samata,Google Maps,2026-06-09 15:19:00
ChdDSUhNMG9nS0VJQ0FnSUR1cktxNGtnRRAB,Ijha Sweet,5,Sangat memuaskan,3 tahun lalu,,,,Saoenk Cobek Samata,Google Maps,2026-06-09 15:19:00
ChdDSUhNMG9nS0VJQ0FnSUR1OU9lZTZ3RRAB,Asrianhy Andi Mappisangka,5,,3 tahun lalu,,,,Saoenk Cobek Samata,Google Maps,2026-06-09 15:19:00
ChZDSUhNMG9nS0VJQ0FnSUR1dVBXSlJBEAE,Arfan Laeke,3,,3 tahun lalu,,,,Saoenk Cobek Samata,Google Maps,2026-06-09 15:19:00
ChdDSUhNMG9nS0VJQ0FnSUR1MkllR2pBRRAB,"Heri Gunawan SE, CTT CBDS CAMP CFAP CPFI CTEM",5,,3 tahun lalu,,,,Saoenk Cobek Samata,Google Maps,2026-06-09 15:19:00
ChdDSUhNMG9nS0VJQ0FnSUR1MlBPVnpRRRAB,Wahyu S. Basri,5,,3 tahun lalu,,,,Saoenk Cobek Samata,Google Maps,2026-06-09 15:19:00
ChdDSUhNMG9nS0VJQ0FnSUR1cUtuQW53RRAB,Luqman Hakim Almakassariy,1,,3 tahun lalu,,,,Saoenk Cobek Samata,Google Maps,2026-06-09 15:19:00
ChZDSUhNMG9nS0VJQ0FnSUN1di16bEt3EAE,Fakhruddin Basir,5,"tempatnya nyaman, pelayanannya mantap",3 tahun lalu,,,,Saoenk Cobek Samata,Google Maps,2026-06-09 15:19:00
ChdDSUhNMG9nS0VJQ0FnSUN1ai15SGhnRRAB,MUKI TALK,4,Tempatnya keren,3 tahun lalu,,,,Saoenk Cobek Samata,Google Maps,2026-06-09 15:19:00
ChdDSUhNMG9nS0VJQ0FnSUN1bTZLZ29nRRAB,andhie alamsyah,4,"Untuk parkiran cukup luas , makanan bolehlah",3 tahun lalu,,,,Saoenk Cobek Samata,Google Maps,2026-06-09 15:19:00
ChdDSUhNMG9nS0VJQ0FnSUNtZ3ZxdGlRRRAB,Dian Islamiyah,5,"Bagus banget woeee. Rekomendet bnget di tengah2 daerah yang padat ada spot makan yang lumayan terjangkau dan enakkk. dengan segala fasilitasnya. Nyaman, adem, ikan2x cantik, bersih, karyawannya ramah dan gercep. Mantap lah pokonya..",Diedit 3 tahun lalu,,,,Saoenk Cobek Samata,Google Maps,2026-06-09 15:19:18
ChdDSUhNMG9nS0VJQ0FnSUN1OVlMV3JRRRAB,Indra Gunawan,5,Aali manis dengan ikan.,3 tahun lalu,,,,Saoenk Cobek Samata,Google Maps,2026-06-09 15:19:18
ChdDSUhNMG9nS0VJQ0FnSUN1NWIyaXFRRRAB,Ridwan Rauf,5,,3 tahun lalu,,,,Saoenk Cobek Samata,Google Maps,2026-06-09 15:19:18
ChZDSUhNMG9nS0VJQ0FnSUN1bVlmeEtnEAE,Alna Setiawan Amdat,5,Recommended tenpatnya..,3 tahun lalu,,,,Saoenk Cobek Samata,Google Maps,2026-06-09 15:19:18
ChdDSUhNMG9nS0VJQ0FnSUN1dm9ldGt3RRAB,Oei Herman,4,Suasana santai n live music daerah Gowa sulsel,3 tahun lalu,,,,Saoenk Cobek Samata,Google Maps,2026-06-09 15:19:18
ChZDSUhNMG9nS0VJQ0FnSUN1b2ZqVlpnEAE,F Falah,5,"Makan sambil menikmati suasana kolam ikan , makan ikan sambil kasi makan ikan",3 tahun lalu,,,,Saoenk Cobek Samata,Google Maps,2026-06-09 15:19:18
ChZDSUhNMG9nS0VJQ0FnSUN1cHR5VVJnEAE,Dhian Mariska,5,,3 tahun lalu,,,,Saoenk Cobek Samata,Google Maps,2026-06-09 15:19:18
ChdDSUhNMG9nS0VJQ0FnSUN1dXYyTHpRRRAB,Alamsyah Ahmad,5,Bagus,3 tahun lalu,,,,Saoenk Cobek Samata,Google Maps,2026-06-09 15:19:18
ChZDSUhNMG9nS0VJQ0FnSUN1bXNhZUtnEAE,Muhyardan Muhtadi,5,,3 tahun lalu,,,,Saoenk Cobek Samata,Google Maps,2026-06-09 15:19:18
ChdDSUhNMG9nS0VJQ0FnSUN1bXJycTBnRRAB,AHMAD 02,5,,3 tahun lalu,,,,Saoenk Cobek Samata,Google Maps,2026-06-09 15:19:18
ChZDSUhNMG9nS0VJQ0FnSUN1bXRxUVdnEAE,Hamsar assalamualaikum,5,,3 tahun lalu,,,,Saoenk Cobek Samata,Google Maps,2026-06-09 15:19:51
ChZDSUhNMG9nS0VJQ0FnSUN1bXFLa0h3EAE,Nyamuk Bhawel,5,,3 tahun lalu,,,,Saoenk Cobek Samata,Google Maps,2026-06-09 15:19:51
ChZDSUhNMG9nS0VJQ0FnSUN1c3BXMkVBEAE,Usman Tahang,5,Makanannya sangat enak dengan susana yang sangat mendulung,3 tahun lalu,,,,Saoenk Cobek Samata,Google Maps,2026-06-09 15:19:51
ChdDSUhNMG9nS0VJQ0FnSUN1cElyWjNRRRAB,Almiana Sari,5,"Makanannya enak, tempatnya nyaman. Cocok utk makan bersama keluarga besar.",3 tahun lalu,,,,Saoenk Cobek Samata,Google Maps,2026-06-09 15:19:51
ChdDSUhNMG9nS0VJQ0FnSUN1aFAyTXBBRRAB,Explore With me,5,"Makanan dan minuman beragam, penyajian makanannya bisa dicustom, harga cukup terjangkau dan pelayanannya ramah",3 tahun lalu,,,,Saoenk Cobek Samata,Google Maps,2026-06-09 15:19:51
ChZDSUhNMG9nS0VJQ0FnSUN1LU5lWU9nEAE,Nila Sari,5,,3 tahun lalu,,,,Saoenk Cobek Samata,Google Maps,2026-06-09 15:19:51
ChZDSUhNMG9nS0VJQ0FnSURPejhESFV3EAE,Oei Herman,4,Suasana santai live misic n buka sampai 22.00 wita,3 tahun lalu,,,,Saoenk Cobek Samata,Google Maps,2026-06-09 15:19:51
ChZDSUhNMG9nS0VJQ0FnSURPMV9UYUZREAE,Retno Puspaningtyas,5,"Tempatnya nyaman, pelayanan sangat baik dan ramah 👍👍 makanannya enak.. good service, good food..👌 …",3 tahun lalu,,,,Saoenk Cobek Samata,Google Maps,2026-06-09 15:19:51
ChZDSUhNMG9nS0VJQ0FnSURPLTVpeVJnEAE,Surya Anti,5,,3 tahun lalu,,,,Saoenk Cobek Samata,Google Maps,2026-06-09 15:19:51
ChZDSUhNMG9nS0VJQ0FnSURPMlk2Z2FBEAE,Silent Crow,5,,3 tahun lalu,,,,Saoenk Cobek Samata,Google Maps,2026-06-09 15:19:51
ChZDSUhNMG9nS0VJQ0FnSURPbWFmUEd3EAE,Muh Ma'sum Mulyoto,4,"Tempatnya bagus, bersih, ada kolam² ikannya, pelayanannya bagus, jumlah karyawan yang banyak sangat dimaksimalkan. Rasa ikan bakarnya enak. Parkiran mobil cukup bagus, disarankan makan di situ di jam makan siang ke atas yakni jam 12 ke atas agar dapat menghindari matahari. Minusnya ada di harganya yang tergolong premium, saya makan berdua keluar sampai 200rb lebih Harganya premium. Jadi manfaatkan dengan baik informasi ini, hehe",3 tahun lalu,,,,Saoenk Cobek Samata,Google Maps,2026-06-09 15:20:24
ChZDSUhNMG9nS0VJQ0FnSURPOFppSUpBEAE,Rizka A'yuna Fuadiyah,1,"Sisik ikan bkr nya ga dibuang😭 mohon maaf lebih baik dikonfirmasi aturan pemesanannya secara detail pilihan2nya, saya merasa kurang worth it dg harga segitu dan harus pisahkn sisik ikan satu persatu sehingga kurg menikmati mknn nya …",3 tahun lalu,,,,Saoenk Cobek Samata,Google Maps,2026-06-09 15:20:24
ChdDSUhNMG9nS0VJQ0FnSUMyOG96ZmpRRRAB,Sudaryanto Fisio,5,Enak ikan dan seafoodnya,Diedit 3 tahun lalu,,,,Saoenk Cobek Samata,Google Maps,2026-06-09 15:20:24
ChZDSUhNMG9nS0VJQ0FnSURPdm9ieE5REAE,Acd Vv,5,Bebek palekko nya eeeenaaaakk. Nasi putihnya pulen. Tempat nya nyaman 😍 …,3 tahun lalu,,,,Saoenk Cobek Samata,Google Maps,2026-06-09 15:20:24
ChZDSUhNMG9nS0VJQ0FnSURPN3ZHbE1BEAE,Repli Arsix,5,"Mudah dijangkau dan tempatnya adem.
Sangat cocok untuk acara keluarga dan arisan",3 tahun lalu,,,,Saoenk Cobek Samata,Google Maps,2026-06-09 15:20:24
ChZDSUhNMG9nS0VJQ0FnSURPcHZUSFRREAE,kurniawan H,5,Pokoknya recommended..,3 tahun lalu,,,,Saoenk Cobek Samata,Google Maps,2026-06-09 15:20:24
ChdDSUhNMG9nS0VJQ0FnSURPcG9DcXpnRRAB,Rumpoko Setyo,5,,3 tahun lalu,,,,Saoenk Cobek Samata,Google Maps,2026-06-09 15:20:24
ChdDSUhNMG9nS0VJQ0FnSUNHNnBTcTNnRRAB,Arnold Soen,5,"Rasa mantap, harga terjangkau, tempat teduh, pelayanan ramah, banyak ikan koi untk memancing perhatian anak dan menambah keharmonisan suasana,..👍👍👍pasti dtng lg …",Diedit 3 tahun lalu,,,,Saoenk Cobek Samata,Google Maps,2026-06-09 15:20:24
ChdDSUhNMG9nS0VJQ0FnSURPeFBQdzBnRRAB,Abi Almubaraq,5,,3 tahun lalu,,,,Saoenk Cobek Samata,Google Maps,2026-06-09 15:20:24
ChZDSUhNMG9nS0VJQ0FnSURPa1AzX2R3EAE,Tina Hastuti Zulkarnain,5,,3 tahun lalu,,,,Saoenk Cobek Samata,Google Maps,2026-06-09 15:20:24
ChdDSUhNMG9nS0VJQ0FnSURPb01xTDVBRRAB,Nirlasari Tasrief,5,2x kesini lumayan tidak mengecewakan,3 tahun lalu,,,,Saoenk Cobek Samata,Google Maps,2026-06-09 15:20:58
ChZDSUhNMG9nS0VJQ0FnSURPZ09yQ1BnEAE,Bismo,5,,3 tahun lalu,,,,Saoenk Cobek Samata,Google Maps,2026-06-09 15:20:58
ChdDSUhNMG9nS0VJQ0FnSUNPejlMc3JnRRAB,una tatan,5,,3 tahun lalu,,,,Saoenk Cobek Samata,Google Maps,2026-06-09 15:20:58
ChZDSUhNMG9nS0VJQ0FnSUNPMDRlUWZBEAE,Rizal Hasma,5,,3 tahun lalu,,,,Saoenk Cobek Samata,Google Maps,2026-06-09 15:20:58
ChZDSUhNMG9nS0VJQ0FnSUNPMC1MZWRnEAE,St.ibrah Mustafa Kamal,4,"Pelayanann *****
Makanan **** (otak-otak bakar ***, Sayurnya *****, ayam ***, udang*****, sambel ****, ikan****)
Minuman *** (Es Jeruk, Es Kelapa dan Es teh yang sy pesan)
Parkiran **** (bayar parkir)

Ada ruangan VIP ber AC d lantai 2, cocok untuk meeting juga.. bisa smpe15-20org..

Lantai 1, saung ada yg besar dan ada yg ukuran kecil.. walau di pinggir jalan, suasananya nyaman untuk makan bersama kolega dan keluarga.",3 tahun lalu,,,,Saoenk Cobek Samata,Google Maps,2026-06-09 15:20:58
ChZDSUhNMG9nS0VJQ0FnSUNPemR5akFREAE,Ajeng Djoeddawi,4,,3 tahun lalu,,,,Saoenk Cobek Samata,Google Maps,2026-06-09 15:20:58
ChdDSUhNMG9nS0VJQ0FnSUNPbWNHdGpBRRAB,Muarief Darmawan,5,,3 tahun lalu,,,,Saoenk Cobek Samata,Google Maps,2026-06-09 15:20:58
ChdDSUhNMG9nS0VJQ0FnSUNPc0x5SXF3RRAB,Haslindah Said,4,,4 tahun lalu,,,,Saoenk Cobek Samata,Google Maps,2026-06-09 15:20:58
ChdDSUhNMG9nS0VJQ0FnSUNPa09YN2t3RRAB,Alinda Hamdiana,5,,4 tahun lalu,,,,Saoenk Cobek Samata,Google Maps,2026-06-09 15:20:58
ChZDSUhNMG9nS0VJQ0FnSUNPb0xxQ1VnEAE,Sary Annisa,5,,4 tahun lalu,,,,Saoenk Cobek Samata,Google Maps,2026-06-09 15:20:58
ChZDSUhNMG9nS0VJQ0FnSUQydTlyOFVnEAE,Nurbaety Samsul,4,Suka dengan otak-otaknya,4 tahun lalu,,,,Saoenk Cobek Samata,Google Maps,2026-06-09 15:21:16
ChdDSUhNMG9nS0VJQ0FnSUQyamF5Vnh3RRAB,faraz baby,5,,4 tahun lalu,,,,Saoenk Cobek Samata,Google Maps,2026-06-09 15:21:16
ChZDSUhNMG9nS0VJQ0FnSUQyc2U2Y1p3EAE,Andi Cici Amalia,3,"Resto ini terletak agak jauh dari perkotaan Makassar.  Suasannya cukup menenangkan. Tersedia indoor dan outdoor. Harga makanannya cukup terjangkau. Cocok untuk arisan, acara keluarga atau lainnya.",4 tahun lalu,,,,Saoenk Cobek Samata,Google Maps,2026-06-09 15:21:16
ChZDSUhNMG9nS0VJQ0FnSUQya2Z6WGNnEAE,Irmha Saharuddin,5,,4 tahun lalu,,,,Saoenk Cobek Samata,Google Maps,2026-06-09 15:21:16
ChZDSUhNMG9nS0VJQ0FnSUQyb1p1cExREAE,Real,4,Racca mangganya luar biasa,4 tahun lalu,,,,Saoenk Cobek Samata,Google Maps,2026-06-09 15:21:16
ChdDSUhNMG9nS0VJQ0FnSUQybm9TQ2x3RRAB,Sri Astuti,5,,4 tahun lalu,,,,Saoenk Cobek Samata,Google Maps,2026-06-09 15:21:16
ChdDSUhNMG9nS0VJQ0FnSUQyN3RTTndRRRAB,sunarto randa,5,Tempatnya sejuk khusus ut no 12,4 tahun lalu,,,,Saoenk Cobek Samata,Google Maps,2026-06-09 15:21:16
ChZDSUhNMG9nS0VJQ0FnSUQyenU3WlZnEAE,Ashari Masse,5,,4 tahun lalu,,,,Saoenk Cobek Samata,Google Maps,2026-06-09 15:21:16
ChdDSUhNMG9nS0VJQ0FnSUQyaG9tdF9nRRAB,rachma tya,5,,4 tahun lalu,,,,Saoenk Cobek Samata,Google Maps,2026-06-09 15:21:16
ChZDSUhNMG9nS0VJQ0FnSUQybXQycUtnEAE,vivi juwita,5,Enak sambelnya jg enak 😍😍 …,4 tahun lalu,,,,Saoenk Cobek Samata,Google Maps,2026-06-09 15:21:16
ChZDSUhNMG9nS0VJQ0FnSUQyNnZMWUR3EAE,Nur Azizah Amiluddin,3,,4 tahun lalu,,,,Saoenk Cobek Samata,Google Maps,2026-06-09 15:21:34
ChdDSUhNMG9nS0VJQ0FnSUQyeXJ6SjdBRRAB,Riesta P Prince,5,,4 tahun lalu,,,,Saoenk Cobek Samata,Google Maps,2026-06-09 15:21:34
ChZDSUhNMG9nS0VJQ0FnSUQya3ZLUGNnEAE,Anto Ahmad,5,,4 tahun lalu,,,,Saoenk Cobek Samata,Google Maps,2026-06-09 15:21:34
ChdDSUhNMG9nS0VJQ0FnSUQydElqTXZRRRAB,Kania Anastasya Nurlita Utami A,5,,4 tahun lalu,,,,Saoenk Cobek Samata,Google Maps,2026-06-09 15:21:34
ChZDSUhNMG9nS0VJQ0FnSUQyeEtmU1NBEAE,Tim Wiwin,5,Pilihan menu nya beragam,4 tahun lalu,,,,Saoenk Cobek Samata,Google Maps,2026-06-09 15:21:34
ChZDSUhNMG9nS0VJQ0FnSUQyLU1yOUJREAE,Whien Celebes,3,"Cukup bagus t4x, suasana Desa dlm Kota",4 tahun lalu,,,,Saoenk Cobek Samata,Google Maps,2026-06-09 15:21:34
ChdDSUhNMG9nS0VJQ0FnSUQyc0lmZGxRRRAB,Wawha Ide,1,T4 makan tdk rekomended. Pelayanan asli lama. Percuma di beri bell di setiap t4. Tp tdk di gubris. Parah,4 tahun lalu,,,,Saoenk Cobek Samata,Google Maps,2026-06-09 15:21:34
ChZDSUhNMG9nS0VJQ0FnSUQyd0pySmVREAE,Jacky Gojek,5,Tempat yg asiek buat nongkrong..,4 tahun lalu,,,,Saoenk Cobek Samata,Google Maps,2026-06-09 15:21:34
ChZDSUhNMG9nS0VJQ0FnSUMybDl2N01BEAE,Theo Gasong,4,,4 tahun lalu,,,,Saoenk Cobek Samata,Google Maps,2026-06-09 15:21:34
ChdDSUhNMG9nS0VJQ0FnSUMyZzVqNXhRRRAB,Nur wirawati,5,,4 tahun lalu,,,,Saoenk Cobek Samata,Google Maps,2026-06-09 15:21:34
ChZDSUhNMG9nS0VJQ0FnSUMyalp1MGNBEAE,ibnu azaim,4,"Woowww tempatnya keren, parkiran cukup luas. Lebih baik reservasi sebelum kesini selalu full soalnya hihi",4 tahun lalu,,,,Saoenk Cobek Samata,Google Maps,2026-06-09 15:21:52
ChdDSUhNMG9nS0VJQ0FnSUMyMmIyMXVBRRAB,Mony Muchtar,5,,4 tahun lalu,,,,Saoenk Cobek Samata,Google Maps,2026-06-09 15:21:52
ChdDSUhNMG9nS0VJQ0FnSUMyNlp1MXVBRRAB,Asgaf dc,5,"Mantap, suasana out door. Maknyus makanannya",4 tahun lalu,,,,Saoenk Cobek Samata,Google Maps,2026-06-09 15:21:52
ChdDSUhNMG9nS0VJQ0FnSUMyeVpEVjBBRRAB,Soo 12,5,,4 tahun lalu,,,,Saoenk Cobek Samata,Google Maps,2026-06-09 15:21:52
ChZDSUhNMG9nS0VJQ0FnSUMya2JMRVZBEAE,Us Suwarjans,4,"Tempat luas, pelayanan nya bagus,,makanan lumayan, over all nice place",4 tahun lalu,,,,Saoenk Cobek Samata,Google Maps,2026-06-09 15:21:52
ChdDSUhNMG9nS0VJQ0FnSUMyM3EzX2tRRRAB,Reni Novrianti,4,Asin nasi gorengnya..,4 tahun lalu,,,,Saoenk Cobek Samata,Google Maps,2026-06-09 15:21:52
ChZDSUhNMG9nS0VJQ0FnSUMyOW91MU5BEAE,Rezky Amalia Hamka,5,,4 tahun lalu,,,,Saoenk Cobek Samata,Google Maps,2026-06-09 15:21:52
ChZDSUhNMG9nS0VJQ0FnSUMydHV5R1N3EAE,Rio antonio Jacob,5,Tempat yang bagus untuk makan malam atau makan siang bersama keluarga,4 tahun lalu,,,,Saoenk Cobek Samata,Google Maps,2026-06-09 15:21:52
ChZDSUhNMG9nS0VJQ0FnSUMyeG9XeFF3EAE,Ekbess Wulandari,5,Makanannya enak terutama udang saos asam manis,4 tahun lalu,,,,Saoenk Cobek Samata,Google Maps,2026-06-09 15:21:52
ChZDSUhNMG9nS0VJQ0FnSUMydlBLTld3EAE,Wahyuni Uni,5,"Rumah makan yg memiliki beberapa saung yg cocok buat ngumpul sama keluarga, teman, sahabat, dan pelayan yg ramah dan lumayan cepat penyajian makanannya...
Dan juga saung dikelilingi kolam ikan yg menambah nuansa kekeluargaan di tempat makan ini...",4 tahun lalu,,,,Saoenk Cobek Samata,Google Maps,2026-06-09 15:21:52
ChdDSUhNMG9nS0VJQ0FnSUM2dU0zVXZRRRAB,Anto Taurus,5,Mantap makanannya,Diedit 4 tahun lalu,,,,Saoenk Cobek Samata,Google Maps,2026-06-09 15:22:26
ChZDSUhNMG9nS0VJQ0FnSUMyelA3RVRBEAE,Alea Aish,5,"Tempatnya bagus, pas buat ngumpul keluarga",4 tahun lalu,,,,Saoenk Cobek Samata,Google Maps,2026-06-09 15:22:26
ChZDSUhNMG9nS0VJQ0FnSUMyOE5fUFhREAE,erwin syah,4,,4 tahun lalu,,,,Saoenk Cobek Samata,Google Maps,2026-06-09 15:22:26
ChdDSUhNMG9nS0VJQ0FnSUNLX2F1LW1RRRAB,Zainuddin,5,Buka puasa😄😃👍👍👍 …,Diedit 4 tahun lalu,,,,Saoenk Cobek Samata,Google Maps,2026-06-09 15:22:26
ChdDSUhNMG9nS0VJQ0FnSUMyNElhTTRBRRAB,Fitriani vivi,5,,4 tahun lalu,,,,Saoenk Cobek Samata,Google Maps,2026-06-09 15:22:26
ChZDSUhNMG9nS0VJQ0FnSURXM19yX0ZREAE,Marlina Lina,5,Mantafffffff,4 tahun lalu,,,,Saoenk Cobek Samata,Google Maps,2026-06-09 15:22:26
ChdDSUhNMG9nS0VJQ0FnSURXOTR1bzhBRRAB,M Kahar A Palinrungi,5,,4 tahun lalu,,,,Saoenk Cobek Samata,Google Maps,2026-06-09 15:22:26
ChZDSUhNMG9nS0VJQ0FnSURXdF91bFN3EAE,Ceviks Iglesiaz,4,,4 tahun lalu,,,,Saoenk Cobek Samata,Google Maps,2026-06-09 15:22:26
ChZDSUhNMG9nS0VJQ0FnSURXbTVYd0h3EAE,Nurul Fadhilah IA,4,"- Tempat : Sangat nyaman di setiap gazebonya. Masing-masing gazebo di lengkapi dengan wastafel dan penghawaan buatan (kipas angin). Sangat cocok dijadikan tempat makan keluarga, rekan kerja bahkan kegiatan rapat maupun arisan. Lumayan sejuk dengan penerapan konsep open space. Mata juga di terapi dengan pemandangan kolam ikan di samping Gazebo. Cukup membeli pakan ikan seharga Rp.5.000 sudah bisa menyenangkan anak-anak agar tidak mudah bosan. Di lantai 2 juga ada area makan yang lebih modern

- Pelayanan : Sebaiknya lakukan reservasi lebih dahulu untuk menghindari jamuan makanan yang lebih lama dan ketersediaan tempat. Pelayannya ramah-ramah dan gesit.

- Harga : Lumayan mahal. Jika datang berombongan, sebaiknya memesan menu paket agar lebih hemat.

- Rasa : Bagi saya yang pertama kali makan di sini, paling suka ikan bakar parape rica, udang saus telur asin, capcay kuah, dan pallumara.

- Free Parkir

- Free Es batu (jika minta)

*Saran :
1. Menu pelengkap ikan bakarnya seperti sambel bisa ditambah lebih banyak
2. Untuk ukuran botol minuman mineral menu paket sebaiknya di up ukurannya 😂 soalnya cepat habis.",4 tahun lalu,,,,Saoenk Cobek Samata,Google Maps,2026-06-09 15:22:26
ChZDSUhNMG9nS0VJQ0FnSURXMDhHS09REAE,ASRUL MUSTAFAGANI,5,Asik Ada kolom ikannya,4 tahun lalu,,,,Saoenk Cobek Samata,Google Maps,2026-06-09 15:22:26
ChdDSUhNMG9nS0VJQ0FnSURXbzhEcGtnRRAB,Asnandar Abubakar,5,Tempat yang nyaman untuk bersantai atau bertemu kolega (kerabat). Makanannya enak dengan menu yg bervariasi. Harga bersaing.,4 tahun lalu,,,,Saoenk Cobek Samata,Google Maps,2026-06-09 15:22:59
ChZDSUhNMG9nS0VJQ0FnSURXZzhhZEhnEAE,Firman Tapak,4,,4 tahun lalu,,,,Saoenk Cobek Samata,Google Maps,2026-06-09 15:22:59
ChdDSUhNMG9nS0VJQ0FnSURXM2VUN3JnRRAB,hadani khairun,5,"Lokasi cukup strategis,nyaman...menux enak...ke depanx semoga t4x bisa di perluas & pelayananx lbh di maksimalkan dari segi penyiapan makananx...",4 tahun lalu,,,,Saoenk Cobek Samata,Google Maps,2026-06-09 15:22:59
ChdDSUhNMG9nS0VJQ0FnSURXMWFTMXZRRRAB,Nirwana Rahman,5,,4 tahun lalu,,,,Saoenk Cobek Samata,Google Maps,2026-06-09 15:22:59
ChZDSUhNMG9nS0VJQ0FnSURXbGVmbU9REAE,muhaiminun a.syahrir,5,,4 tahun lalu,,,,Saoenk Cobek Samata,Google Maps,2026-06-09 15:22:59
ChZDSUhNMG9nS0VJQ0FnSURXbGZ5ZGNnEAE,Lisa Mery,5,"Untuk yang mau makan bersama keluarga, Kolega dan Sahabat bisa datang ke Soenk Cobek, dkt perempatan menuju Kampus UIN Samata...
Hidangannya enak, ada pilihan Ikan Masak Woku, Ikan Bakar Parape, dan aneka sayur dan juice...enak...",4 tahun lalu,,,,Saoenk Cobek Samata,Google Maps,2026-06-09 15:22:59
ChdDSUhNMG9nS0VJQ0FnSURXNWQyWm1RRRAB,Thoriq Andi,2,,4 tahun lalu,,,,Saoenk Cobek Samata,Google Maps,2026-06-09 15:22:59
ChZDSUhNMG9nS0VJQ0FnSURXNmJtS2J3EAE,Risma,5,,4 tahun lalu,,,,Saoenk Cobek Samata,Google Maps,2026-06-09 15:22:59
ChZDSUhNMG9nS0VJQ0FnSURXNmJiRVl3EAE,Fitriani Karyadi,5,"Tempatx nyaman , menux oke , pelayananx the best",4 tahun lalu,,,,Saoenk Cobek Samata,Google Maps,2026-06-09 15:22:59
ChZDSUhNMG9nS0VJQ0FnSURXNmNMLWRBEAE,adhe rsh,4,,4 tahun lalu,,,,Saoenk Cobek Samata,Google Maps,2026-06-09 15:22:59
ChdDSUhNMG9nS0VJQ0FnSURxOTlpbTB3RRAB,Ekafadly Jusuf,5,Best food dan rasa yg konsisten,Diedit 4 tahun lalu,,,,Saoenk Cobek Samata,Google Maps,2026-06-09 15:23:32
ChdDSUhNMG9nS0VJQ0FnSURXb1o2ODFnRRAB,Samii smakcy,5,"Tempat nya bagus, makanannya enak, dan bersih",4 tahun lalu,,,,Saoenk Cobek Samata,Google Maps,2026-06-09 15:23:32
ChdDSUhNMG9nS0VJQ0FnSURXNXFlQ3F3RRAB,Muhfida Hasyim,4,,4 tahun lalu,,,,Saoenk Cobek Samata,Google Maps,2026-06-09 15:23:32
ChZDSUhNMG9nS0VJQ0FnSURXbXFlWVRBEAE,Syafran Daeng Romo,4,boleh lah,4 tahun lalu,,,,Saoenk Cobek Samata,Google Maps,2026-06-09 15:23:32
ChdDSUhNMG9nS0VJQ0FnSURXc3FHd3pBRRAB,sabar muhammad,5,,4 tahun lalu,,,,Saoenk Cobek Samata,Google Maps,2026-06-09 15:23:32
ChZDSUhNMG9nS0VJQ0FnSURXc3VqUFJBEAE,Ardiansyah Ardiansyah,4,,4 tahun lalu,,,,Saoenk Cobek Samata,Google Maps,2026-06-09 15:23:32
ChZDSUhNMG9nS0VJQ0FnSURXMHR2c1R3EAE,Agus Salim,4,"Tempat Ok, ramai dan ramah..",4 tahun lalu,,,,Saoenk Cobek Samata,Google Maps,2026-06-09 15:23:32
ChdDSUhNMG9nS0VJQ0FnSURXbEthUmtnRRAB,Neni Umar,4,,4 tahun lalu,,,,Saoenk Cobek Samata,Google Maps,2026-06-09 15:23:32
ChdDSUhNMG9nS0VJQ0FnSURXNVB6by1nRRAB,Kakak Adik,1,"Makanannya rasanya kurang enak
1.pesan ikan baronang parape (ikannya masih amis banget, rasanya jg anehh, gak kayak resto lainnya yg menyajikan menu yg sama). Ikan kecil banget 95.000 (di Rindu alam / dewi sri harga segitu udah dpt ikan gede dan rasa jauh lebih enak)
2. ayam bakar madu rasanya biasa aja, daging blm terlalu matang didalam (pesan 3 tp disatukan dan sambalnya cuma 1tempat dikit banget, pelit bgt)
3. cah kangkung (baru pertama makan cah kangkung rasa gitu, masak yg enaka dong)
4. es campur (harga mahal dengan mangkok kecil)

untuk harga sangat mahal, saya tidak rekomendasi. rasanya biasa aja
kalau saya bandingkan sama saung rindu alam / dewi sri, lebih baik pegi ke2 tempat itu. harga lebih murah dan makanan jauhhhhh lebih enak......",4 tahun lalu,,,,Saoenk Cobek Samata,Google Maps,2026-06-09 15:23:32
ChdDSUhNMG9nS0VJQ0FnSURXeE5TdG13RRAB,Alam -,4,"Saungnya variatif dari kapasitas kecil (+/- 4  org dewasa) sampai saung dengan kapasitas besar untuk pengunjung yang agak banyak (+/- 15 org) selain saung juga terdapat ruangan yang disiapkan pengelola dengan kapasitas yg lebih  besar, untuk rate makanan kurang lebih sama dengan restoran lainnya yg sejenis.
Parkiran cukup lowong.",4 tahun lalu,,,,Saoenk Cobek Samata,Google Maps,2026-06-09 15:23:32
ChdDSUhNMG9nS0VJQ0FnSURXLU1uMnp3RRAB,I_25 A. Amrullah. T,5,,4 tahun lalu,,,,Saoenk Cobek Samata,Google Maps,2026-06-09 15:24:05
ChZDSUhNMG9nS0VJQ0FnSURXbU1XX0dREAE,Syahria,5,,4 tahun lalu,,,,Saoenk Cobek Samata,Google Maps,2026-06-09 15:24:05
ChdDSUhNMG9nS0VJQ0FnSURXcU56NWl3RRAB,Ayu Azhariyah,5,"Lokasinya lumayan jauh dari rumah,, tempat makannya nyaman,,",4 tahun lalu,,,,Saoenk Cobek Samata,Google Maps,2026-06-09 15:24:05
ChdDSUhNMG9nS0VJQ0FnSURXOFBELXR3RRAB,Jibril Teo,5,,4 tahun lalu,,,,Saoenk Cobek Samata,Google Maps,2026-06-09 15:24:05
ChZDSUhNMG9nS0VJQ0FnSURXc0pYOEJnEAE,abang marshall,3,Tempat nyaman karena terdiri dari gasebo2 diatas kolam ikan  cocok untuk acara kumpul2 keluarga dan arisan2,4 tahun lalu,,,,Saoenk Cobek Samata,Google Maps,2026-06-09 15:24:05
ChdDSUhNMG9nS0VJQ0FnSUNHeXAtRnJBRRAB,Lena,5,😄👍 …,Diedit 4 tahun lalu,,,,Saoenk Cobek Samata,Google Maps,2026-06-09 15:24:05
ChdDSUhNMG9nS0VJQ0FnSUNXcjVLNjFBRRAB,Rini Pratiwi,5,Nyaman dan enak,4 tahun lalu,,,,Saoenk Cobek Samata,Google Maps,2026-06-09 15:24:05
ChZDSUhNMG9nS0VJQ0FnSUNXOTVtU1l3EAE,Bang Ceky,4,Biasa saja,4 tahun lalu,,,,Saoenk Cobek Samata,Google Maps,2026-06-09 15:24:05
ChZDSUhNMG9nS0VJQ0FnSUNXbThtZldnEAE,nini adiany,5,,4 tahun lalu,,,,Saoenk Cobek Samata,Google Maps,2026-06-09 15:24:05
ChdDSUhNMG9nS0VJQ0FnSUNXZy1hTW5RRRAB,Ishaq Marzuki,5,Makanannya enak dgn harga yg sesuai kualitas,4 tahun lalu,,,,Saoenk Cobek Samata,Google Maps,2026-06-09 15:24:05
ChZDSUhNMG9nS0VJQ0FnSUNXemR5VE5BEAE,ulya witsqa,5,,4 tahun lalu,,,,Saoenk Cobek Samata,Google Maps,2026-06-09 15:24:39
ChZDSUhNMG9nS0VJQ0FnSUNXenQtelNnEAE,Dwi Yy,1,"pelayanan lama, makanan yg keluar sdh dingin semua lgs hilang lapar tdk selera makan",4 tahun lalu,,,,Saoenk Cobek Samata,Google Maps,2026-06-09 15:24:39
ChdDSUhNMG9nS0VJQ0FnSUNXeHZIdTBRRRAB,Syafril Muhammad,5,,4 tahun lalu,,,,Saoenk Cobek Samata,Google Maps,2026-06-09 15:24:39
ChZDSUhNMG9nS0VJQ0FnSUNXMm9uRFRREAE,mahmuddin Semad,5,,4 tahun lalu,,,,Saoenk Cobek Samata,Google Maps,2026-06-09 15:24:39
ChZDSUhNMG9nS0VJQ0FnSUNXa3FPaVNREAE,Kuddus Alwie,5,,4 tahun lalu,,,,Saoenk Cobek Samata,Google Maps,2026-06-09 15:24:39
ChZDSUhNMG9nS0VJQ0FnSURLbHRIYkJBEAE,syahbudin budi,4,"Lokasi tepat di samping RS Muhammadiyah dan menyediakan banyak menu makanan khas. Bagi suka yang sea food, tempat ini recommended pakai Banget. 👍👍 …",Diedit 4 tahun lalu,,,,Saoenk Cobek Samata,Google Maps,2026-06-09 15:24:39
ChdDSUhNMG9nS0VJQ0FnSUNXdktPcnJ3RRAB,Andi Baswan,4,Makanannya enak,4 tahun lalu,,,,Saoenk Cobek Samata,Google Maps,2026-06-09 15:24:39
ChZDSUhNMG9nS0VJQ0FnSUNXNk1fdkh3EAE,chlf,5,Suasananya nyaman ada gasebonya,4 tahun lalu,,,,Saoenk Cobek Samata,Google Maps,2026-06-09 15:24:39
ChdDSUhNMG9nS0VJQ0FnSUNXeUtmenNnRRAB,Dian SiDiQ,5,"Tempat nyaman, makanan enak, harga murah meriah.",4 tahun lalu,,,,Saoenk Cobek Samata,Google Maps,2026-06-09 15:24:39
ChZDSUhNMG9nS0VJQ0FnSUNXZ0xmSkZnEAE,nwn_ nunaiidaily,5,,4 tahun lalu,,,,Saoenk Cobek Samata,Google Maps,2026-06-09 15:24:39
ChZDSUhNMG9nS0VJQ0FnSURtcjY3WmVBEAE,Dian Ekasari,5,,4 tahun lalu,,,,Saoenk Cobek Samata,Google Maps,2026-06-09 15:25:12
ChdDSUhNMG9nS0VJQ0FnSURtcjQ2S3FnRRAB,Novita Dewi Kumalasari,4,Pelayanan bagus dan cepat...,4 tahun lalu,,,,Saoenk Cobek Samata,Google Maps,2026-06-09 15:25:12
ChZDSUhNMG9nS0VJQ0FnSURtcl9hcFlREAE,ardi widiyanto,5,"Tempat nyamam, meski ndk dapat di saungnya dapat di lantai dua (2) view nya luas,
Pengunjung ramai karena makan nya enak, ikanya segar
Sekian review dari saya semoga SAOENG COBEK makin sukses dan laris manis",4 tahun lalu,,,,Saoenk Cobek Samata,Google Maps,2026-06-09 15:25:12
ChdDSUhNMG9nS0VJQ0FnSURtMTVmb3NBRRAB,Fahri Yusuf,1,Pelayanannya kurang baik,4 tahun lalu,,,,Saoenk Cobek Samata,Google Maps,2026-06-09 15:25:12
ChdDSUhNMG9nS0VJQ0FnSURtdS0zUzlnRRAB,Aisyah Wallpaper,5,,4 tahun lalu,,,,Saoenk Cobek Samata,Google Maps,2026-06-09 15:25:12
ChZDSUhNMG9nS0VJQ0FnSURtaTVxSFJnEAE,Hasan Apandi,5,"Nyaman tempat, dan menu juga rasanya mantaap",4 tahun lalu,,,,Saoenk Cobek Samata,Google Maps,2026-06-09 15:25:12
ChdDSUhNMG9nS0VJQ0FnSURtN2R1XzJ3RRAB,Akyas Khaqqi Maulana,4,Utamakan reservasi dan pastikan reservasi valid.,4 tahun lalu,,,,Saoenk Cobek Samata,Google Maps,2026-06-09 15:25:12
ChZDSUhNMG9nS0VJQ0FnSURtN2JPN1hREAE,Arief Febrianto,5,,4 tahun lalu,,,,Saoenk Cobek Samata,Google Maps,2026-06-09 15:25:12
ChZDSUhNMG9nS0VJQ0FnSURtamJpRklREAE,Hasmi,4,"Cukup nyaman, lumayan enak dgn harga yg sesuai.",4 tahun lalu,,,,Saoenk Cobek Samata,Google Maps,2026-06-09 15:25:12
ChdDSUhNMG9nS0VJQ0FnSURtOWFieXNRRRAB,sono harsono,5,Enak,4 tahun lalu,,,,Saoenk Cobek Samata,Google Maps,2026-06-09 15:25:12
ChdDSUhNMG9nS0VJQ0FnSURtNWR2R3hBRRAB,Rusli D,4,Standar,4 tahun lalu,,,,Saoenk Cobek Samata,Google Maps,2026-06-09 15:25:47
ChZDSUhNMG9nS0VJQ0FnSURteGZDcmNBEAE,Mutiara Dwi Wahyuni,5,,4 tahun lalu,,,,Saoenk Cobek Samata,Google Maps,2026-06-09 15:25:47
ChdDSUhNMG9nS0VJQ0FnSURtaFpmRHRRRRAB,Hutomo Mandala,3,Segi tempat nyaman tapi dari segi makanan kurang memuaskan,4 tahun lalu,,,,Saoenk Cobek Samata,Google Maps,2026-06-09 15:25:47
ChdDSUhNMG9nS0VJQ0FnSURtaGJUMTRnRRAB,renhal dwi,5,,4 tahun lalu,,,,Saoenk Cobek Samata,Google Maps,2026-06-09 15:25:47
ChdDSUhNMG9nS0VJQ0FnSURtLVpMWGh3RRAB,Mr. Agus,5,Menu makanan nya sangat enak,4 tahun lalu,,,,Saoenk Cobek Samata,Google Maps,2026-06-09 15:25:47
ChdDSUhNMG9nS0VJQ0FnSURtOGJ2eS13RRAB,Eka Octavianus,5,"Makanan nya enak, terutama cumi goreng tepung nya, garing, gak alot",4 tahun lalu,,,,Saoenk Cobek Samata,Google Maps,2026-06-09 15:25:47
ChdDSUhNMG9nS0VJQ0FnSURtOFlTYm13RRAB,Muhammad Nasir,5,Masakannya enak poooolll,4 tahun lalu,,,,Saoenk Cobek Samata,Google Maps,2026-06-09 15:25:47
ChdDSUhNMG9nS0VJQ0FnSURtNGFtOTBRRRAB,Nur fahmi Dhani,5,"Bagus suasananya, nyaman jga tempatnya service nya juga sangat memuaskan",4 tahun lalu,,,,Saoenk Cobek Samata,Google Maps,2026-06-09 15:25:47
ChZDSUhNMG9nS0VJQ0FnSURtNGNuMVRREAE,Dahlia Sanggalangi,5,,4 tahun lalu,,,,Saoenk Cobek Samata,Google Maps,2026-06-09 15:25:47
ChdDSUhNMG9nS0VJQ0FnSURtX29PdS13RRAB,Ahmad lala,5,Sup ikannya Enak banget.,4 tahun lalu,,,,Saoenk Cobek Samata,Google Maps,2026-06-09 15:25:47
ChZDSUhNMG9nS0VJQ0FnSURtNXZlT0VREAE,Arif Usman,5,"Satu lagi restoran yang bisa menjadi pilihan Anda di bilangan Jl Tun Abdul Razak, yakni Saoenk Cobek.

Apalagi bagi anda penggemar menu seafood. Semua pilihan tersedia dengan beragam varian masakan. Mau bakar atau goreng, ada semuanya.

Selamat mencoba.",4 tahun lalu,,,,Saoenk Cobek Samata,Google Maps,2026-06-09 15:26:21
ChdDSUhNMG9nS0VJQ0FnSURtcHJuRzJ3RRAB,Heldy Bahar,4,Direkomendasikan. 👍 …,4 tahun lalu,,,,Saoenk Cobek Samata,Google Maps,2026-06-09 15:26:21
ChZDSUhNMG9nS0VJQ0FnSURtLXFUZlFBEAE,Faisal Fahrul,4,"Semalam baru coba makan di tempat ini, lumayan sih ambil menu paket ber5, varian sambelnya banyak, makanannya oke lah pokoknya",4 tahun lalu,,,,Saoenk Cobek Samata,Google Maps,2026-06-09 15:26:21
ChdDSUhNMG9nS0VJQ0FnSURtbXRpYXFBRRAB,Ira Azka,5,,4 tahun lalu,,,,Saoenk Cobek Samata,Google Maps,2026-06-09 15:26:21
ChdDSUhNMG9nS0VJQ0FnSURtOHZuWm9RRRAB,Didik Rozak,4,"Makan atau santai,sendiri atau dg keluarga. Tempat ini sangat tepat.",4 tahun lalu,,,,Saoenk Cobek Samata,Google Maps,2026-06-09 15:26:21
ChZDSUhNMG9nS0VJQ0FnSURtOHRHZ2VnEAE,Ernayanti Umar,4,Empek2 nya enak,4 tahun lalu,,,,Saoenk Cobek Samata,Google Maps,2026-06-09 15:26:21
ChdDSUhNMG9nS0VJQ0FnSURtMHNmcXZ3RRAB,Syahrul Syam,5,"Mantappp banget Makanannya, siappp rekomendasikan ke teman2",4 tahun lalu,,,,Saoenk Cobek Samata,Google Maps,2026-06-09 15:26:21
ChZDSUhNMG9nS0VJQ0FnSURtd3AyUFZnEAE,Rianti Densi,5,,4 tahun lalu,,,,Saoenk Cobek Samata,Google Maps,2026-06-09 15:26:21
ChdDSUhNMG9nS0VJQ0FnSURtX056Y3VnRRAB,Andi Imelda,5,,4 tahun lalu,,,,Saoenk Cobek Samata,Google Maps,2026-06-09 15:26:21
ChdDSUhNMG9nS0VJQ0FnSURtOUtLRi1RRRAB,herlina Lina,5,,4 tahun lalu,,,,Saoenk Cobek Samata,Google Maps,2026-06-09 15:26:21
ChZDSUhNMG9nS0VJQ0FnSURtdFBpeVh3EAE,Sri Astina Amin,5,Kerennn,4 tahun lalu,,,,Saoenk Cobek Samata,Google Maps,2026-06-09 15:26:54
ChZDSUhNMG9nS0VJQ0FnSURtcEtLeGN3EAE,Muhammad Zein Al-Hadii,5,,4 tahun lalu,,,,Saoenk Cobek Samata,Google Maps,2026-06-09 15:26:54
ChZDSUhNMG9nS0VJQ0FnSURtdU9ucUd3EAE,Arif Fuddin Usman,5,"Dari namanya, teridentifikasi sebagai rumah makan asal Sunda. Saoenk Cobek. Saung adalah rumah-rumah kecil atau gubuk kecil dalam bahasa Sunda.

Sedangkan Cobek, dalam banyak bahasa dikenal sebagai peralatan dapur yang dipakai untuk mengulek lombok atau bumbu-bumbu masakan.

Namun demikian, jangan Anda berharap makanan asal Sunda di rumah makan yang berada di bilangan Jl Tun Abdul razak, Kelurahan Samata, Kabupaten Gowa ini.

Pasalnya, menu-menu yang ditawarkan aslinya serba makanan asal Sulawesi Selatan. Terutama menu-menu ikan laut hingga binatang yang biasa hidup di laut.

Mau yang dibakar atau yang digoreng, Anda tinggal memilihnya. Mau menu kampung seperti lawa, tumis kangkung, capcai, dan lainnya serba tersedia. Anda tinggal pilih.

Bagi yang tak mau repot memilah-memilih, terdapat pula menu paket utk 5 porsi orang dewasa komplit. Harganya juga terjangkau. Tak sampai jutaaan dibayar. Selamat mencoba",4 tahun lalu,,,,Saoenk Cobek Samata,Google Maps,2026-06-09 15:26:54
ChZDSUhNMG9nS0VJQ0FnSURtMkt5aUhnEAE,harmiasih masjhoer,5,,4 tahun lalu,,,,Saoenk Cobek Samata,Google Maps,2026-06-09 15:26:54
ChZDSUhNMG9nS0VJQ0FnSURteU8tLUR3EAE,Rahmat Fuadi,5,,4 tahun lalu,,,,Saoenk Cobek Samata,Google Maps,2026-06-09 15:26:54
ChZDSUhNMG9nS0VJQ0FnSURteU96QkF3EAE,Andrisasmita Rachmat,4,masih kewalahan kalau ada lebih banyak orang,4 tahun lalu,,,,Saoenk Cobek Samata,Google Maps,2026-06-09 15:26:54
ChZDSUhNMG9nS0VJQ0FnSURtc0pYSVlREAE,Fayzal Amri Rustan,5,"Rasa sesuai dengan harga, suasananya bikin makan makin nyaman.",4 tahun lalu,,,,Saoenk Cobek Samata,Google Maps,2026-06-09 15:26:54
ChZDSUhNMG9nS0VJQ0FnSURtd0lHLVN3EAE,Agus syamsuddin,5,,4 tahun lalu,,,,Saoenk Cobek Samata,Google Maps,2026-06-09 15:26:54
ChdDSUhNMG9nS0VJQ0FnSUNtejg2ZS1BRRAB,Iswan,5,"Makanannya enak, jangan pernah ragu ke sini",4 tahun lalu,,,,Saoenk Cobek Samata,Google Maps,2026-06-09 15:26:54
ChZDSUhNMG9nS0VJQ0FnSUNtNTlXZ09BEAE,Wardah Mustari,5,"Pelayanan cepat,ramah ,bersih , cocok buat rame2",4 tahun lalu,,,,Saoenk Cobek Samata,Google Maps,2026-06-09 15:26:54
ChZDSUhNMG9nS0VJQ0FnSUNtaDR2cVpREAE,Jenny Mandagie,5,"Tempatnya nyaman,menu2nya enak,harganya jg tidak mahal & pelayanannya Oke👍🏻 …",4 tahun lalu,,,,Saoenk Cobek Samata,Google Maps,2026-06-09 15:27:28
ChdDSUhNMG9nS0VJQ0FnSUNtaDYzMDlBRRAB,Nur Syamsi,5,,4 tahun lalu,,,,Saoenk Cobek Samata,Google Maps,2026-06-09 15:27:28
ChdDSUhNMG9nS0VJQ0FnSUNtLTZfdjBnRRAB,Mamak Luna,4,"Tempatnya bersih dan sejuk, pelayanan ramah dan tepat. Harga makanan juga sangat bersahabat, sangat cocok dijadikan tempat makan bersama keluarga dan teman teman.",4 tahun lalu,,,,Saoenk Cobek Samata,Google Maps,2026-06-09 15:27:28
ChdDSUhNMG9nS0VJQ0FnSUNteTZLSnpnRRAB,ilham bakran,4,,4 tahun lalu,,,,Saoenk Cobek Samata,Google Maps,2026-06-09 15:27:28
ChdDSUhNMG9nS0VJQ0FnSUNtaTdmRnN3RRAB,Ismha Lovely,5,Suasana nan indah dan bersih,4 tahun lalu,,,,Saoenk Cobek Samata,Google Maps,2026-06-09 15:27:28
ChdDSUhNMG9nS0VJQ0FnSUNtMDVxdzBBRRAB,yudo kuncoro,5,,4 tahun lalu,,,,Saoenk Cobek Samata,Google Maps,2026-06-09 15:27:28
ChdDSUhNMG9nS0VJQ0FnSUNtdzlTd3B3RRAB,Riva Elkholily,5,,4 tahun lalu,,,,Saoenk Cobek Samata,Google Maps,2026-06-09 15:27:28
ChdDSUhNMG9nS0VJQ0FnSUNtZzZIbjd3RRAB,Iccank Gacks,5,"Tempatnya sejuk, pelayanan termasuk cepat. Bagus untuk tempat makan keluarga. Menunya lumayan, kadang ada yg kosong jd mengurangi variasi menu",4 tahun lalu,,,,Saoenk Cobek Samata,Google Maps,2026-06-09 15:27:28
ChdDSUhNMG9nS0VJQ0FnSUNtZzdDTzN3RRAB,Acho Domba,5,,4 tahun lalu,,,,Saoenk Cobek Samata,Google Maps,2026-06-09 15:27:28
ChZDSUhNMG9nS0VJQ0FnSUNtX1ozbEJBEAE,Sulastrio M. Sawal,4,ikannya enak dan lezat,4 tahun lalu,,,,Saoenk Cobek Samata,Google Maps,2026-06-09 15:27:28
ChZDSUhNMG9nS0VJQ0FnSUNtM1pUcllBEAE,meilani dwi astuti,5,,4 tahun lalu,,,,Saoenk Cobek Samata,Google Maps,2026-06-09 15:28:01
ChdDSUhNMG9nS0VJQ0FnSUNtOWFfOV9RRRAB,Wirda Ningsih,5,Mantap ikan masak woku,4 tahun lalu,,,,Saoenk Cobek Samata,Google Maps,2026-06-09 15:28:01
ChdDSUhNMG9nS0VJQ0FnSUNtOWRYbWdBRRAB,Ulfah S. Kuba,5,,4 tahun lalu,,,,Saoenk Cobek Samata,Google Maps,2026-06-09 15:28:01
ChdDSUhNMG9nS0VJQ0FnSUNtMVlxVG5nRRAB,Nur ilham mersyisya,5,,4 tahun lalu,,,,Saoenk Cobek Samata,Google Maps,2026-06-09 15:28:01
ChZDSUhNMG9nS0VJQ0FnSUNtcGE2emNREAE,Sangkuru Wira,1,Pesan tempat di serobot orang kita di kasih saung lain tapi masih makan sudah di minta pulang,4 tahun lalu,,,,Saoenk Cobek Samata,Google Maps,2026-06-09 15:28:01
ChZDSUhNMG9nS0VJQ0FnSUNtLWJhMUt3EAE,Andi Tabriah,4,Tempatnya bagus untuk bersantai bersama keluarga. Gazebo dan kolam ikan koi tersedia,4 tahun lalu,,,,Saoenk Cobek Samata,Google Maps,2026-06-09 15:28:01
ChZDSUhNMG9nS0VJQ0FnSUNtdWNDTFN3EAE,En-En Kasim,5,,4 tahun lalu,,,,Saoenk Cobek Samata,Google Maps,2026-06-09 15:28:01
ChZDSUhNMG9nS0VJQ0FnSUNtcWNQVFN3EAE,Rosnani Asrul,5,,4 tahun lalu,,,,Saoenk Cobek Samata,Google Maps,2026-06-09 15:28:01
ChdDSUhNMG9nS0VJQ0FnSUNtcWZHcDZBRRAB,Wikly Khesav,5,Tempatnya bagus dan bersih.,4 tahun lalu,,,,Saoenk Cobek Samata,Google Maps,2026-06-09 15:28:01
ChdDSUhNMG9nS0VJQ0FnSUNtOGFhU3dBRRAB,didikr rozak,5,Saunk ygcocok untuk bersantai dg keluerga,4 tahun lalu,,,,Saoenk Cobek Samata,Google Maps,2026-06-09 15:28:01
ChZDSUhNMG9nS0VJQ0FnSUNtc1plUll3EAE,Yulian Indrianto,4,makan siang,4 tahun lalu,,,,Saoenk Cobek Samata,Google Maps,2026-06-09 15:28:34
ChdDSUhNMG9nS0VJQ0FnSUNtX3Z1aXRRRRAB,ARSYAM TV,4,,4 tahun lalu,,,,Saoenk Cobek Samata,Google Maps,2026-06-09 15:28:34
ChZDSUhNMG9nS0VJQ0FnSUNtbnNtSUdREAE,Park TMYn,1,,4 tahun lalu,,,,Saoenk Cobek Samata,Google Maps,2026-06-09 15:28:34
ChZDSUhNMG9nS0VJQ0FnSUNtNnMtY0lnEAE,adabulkis,5,Wokunya mantap,Diedit 4 tahun lalu,,,,Saoenk Cobek Samata,Google Maps,2026-06-09 15:28:34
ChZDSUhNMG9nS0VJQ0FnSUNtNnFpOEZREAE,Erik Rifyal M.Y,4,,4 tahun lalu,,,,Saoenk Cobek Samata,Google Maps,2026-06-09 15:28:34
ChZDSUhNMG9nS0VJQ0FnSUNteXJlMFBREAE,Syamsul Nur,5,Suasananya nyaman utk keluarga,4 tahun lalu,,,,Saoenk Cobek Samata,Google Maps,2026-06-09 15:28:34
ChdDSUhNMG9nS0VJQ0FnSUNtOHR2TW53RRAB,Candra Galuh,4,"Tempatnya bagus dan bersih, bisa pilih tempat makan di saung atau didalam ruangan AC, tempat parkir ada, toilet ada, hanya sayang kran di wastafel sering mati untuk cuci tangannys",4 tahun lalu,,,,Saoenk Cobek Samata,Google Maps,2026-06-09 15:28:34
ChZDSUhNMG9nS0VJQ0FnSUNtOHUyN1ZREAE,Khaidir,5,"Pelayanannya baik, makanan yang disajikan pun sangat lezat, harga untuk setiap masakan tergolong murah. Kualitas tempatnya pun cukup baik di tengah² daerah yang panas, tp di dalam terasa nyaman.",4 tahun lalu,,,,Saoenk Cobek Samata,Google Maps,2026-06-09 15:28:34
ChZDSUhNMG9nS0VJQ0FnSUNtd3BHT1RnEAE,An war,5,Mantap ikan bakarnya,4 tahun lalu,,,,Saoenk Cobek Samata,Google Maps,2026-06-09 15:28:34
ChdDSUhNMG9nS0VJQ0FnSUNtM01MVXhRRRAB,Mentari mulyopratiwi,5,,4 tahun lalu,,,,Saoenk Cobek Samata,Google Maps,2026-06-09 15:28:34
ChZDSUhNMG9nS0VJQ0FnSUNtM0xDRWJBEAE,Aswaliaty Anwar (Chan),4,,4 tahun lalu,,,,Saoenk Cobek Samata,Google Maps,2026-06-09 15:29:08
ChZDSUhNMG9nS0VJQ0FnSUNtN091aFJREAE,Sahabat Pak Edy,4,Menu makanannya Lumayan enak dan suasana romantisnya dapat tawwa,4 tahun lalu,,,,Saoenk Cobek Samata,Google Maps,2026-06-09 15:29:08
ChdDSUhNMG9nS0VJQ0FnSUNtbElLa253RRAB,Houseof Minu,5,"Suasana adem, makanan enak, ada tempat buat meeting, layanan bagus, tempat yg cocok buat keluarga",4 tahun lalu,,,,Saoenk Cobek Samata,Google Maps,2026-06-09 15:29:08
ChZDSUhNMG9nS0VJQ0FnSUNtbFB6NVFREAE,kreativitas tanpa batas,5,"Masya Allah....the best pallumara nya.. dan menu lainnya semua point 8.5

Recomended buat acara keluarga atau rombongan.",4 tahun lalu,,,,Saoenk Cobek Samata,Google Maps,2026-06-09 15:29:08
ChdDSUhNMG9nS0VJQ0FnSUNtbEl5SHVBRRAB,Saparuddin Gaffar,4,Makanannya enak dan tempatnya nyaman 👍 …,4 tahun lalu,,,,Saoenk Cobek Samata,Google Maps,2026-06-09 15:29:08
ChdDSUhNMG9nS0VJQ0FnSUNtb0tPZHNRRRAB,muhammad adyanilmany,5,,4 tahun lalu,,,,Saoenk Cobek Samata,Google Maps,2026-06-09 15:29:08
ChZDSUhNMG9nS0VJQ0FnSURHajZQaWNnEAE,fauzy ardhani,5,,4 tahun lalu,,,,Saoenk Cobek Samata,Google Maps,2026-06-09 15:29:08
ChdDSUhNMG9nS0VJQ0FnSURHcDZ6UHVRRRAB,Muhammad Qadri Tappi,5,,4 tahun lalu,,,,Saoenk Cobek Samata,Google Maps,2026-06-09 15:29:08
ChdDSUhNMG9nS0VJQ0FnSURHcTdfR2dnRRAB,RYP,5,,4 tahun lalu,,,,Saoenk Cobek Samata,Google Maps,2026-06-09 15:29:08
ChZDSUhNMG9nS0VJQ0FnSURHaTVEcUZ3EAE,Chamdar Nur,5,Mantap masakannya...,4 tahun lalu,,,,Saoenk Cobek Samata,Google Maps,2026-06-09 15:29:08
ChZDSUhNMG9nS0VJQ0FnSURHdlpMUU1BEAE,Hamka Baru,5,Enak tawwa ikannya,4 tahun lalu,,,,Saoenk Cobek Samata,Google Maps,2026-06-09 15:29:42
ChdDSUhNMG9nS0VJQ0FnSURHeGN1Y3lBRRAB,Asdar Munandar,4,Makanannya enak. Harga sesuai lah dengan kualotas makanannya yang enak. Memang agak mahal dikit tapi dijamin puas sama rasanya.,4 tahun lalu,,,,Saoenk Cobek Samata,Google Maps,2026-06-09 15:29:42
ChZDSUhNMG9nS0VJQ0FnSURHMmJla1NREAE,Radhitya Erlangga,3,,4 tahun lalu,,,,Saoenk Cobek Samata,Google Maps,2026-06-09 15:29:42
ChdDSUhNMG9nS0VJQ0FnSURHMnFPWjlRRRAB,Ishlah Gunawan,5,Mantap,4 tahun lalu,,,,Saoenk Cobek Samata,Google Maps,2026-06-09 15:29:42
ChZDSUhNMG9nS0VJQ0FnSURHa3JpZmJ3EAE,Fajri_ Rhiri,5,"Pelayanan Prima Baik, Ramah & Santun, Menux dari Makanan & Minuman Lumayan Enak, Higyenis, Bersih, & HRGA Ramah dKntong, T4x Bersih, Ada Kolam Ikan & Gazebo tuk nyantai duduk sambil nunggu makananx dsediakn, t4x Adem, Nyaman, Ada Kipas Angin, Musholah t4 Sholat & ada jg t4 Parkirx👌👌👌👍🏻👍🏻👍🏻💞 …",4 tahun lalu,,,,Saoenk Cobek Samata,Google Maps,2026-06-09 15:29:42
ChZDSUhNMG9nS0VJQ0FnSURHb3FuOEFREAE,Sri Haryaningsi,3,Pertama kali ke sana.. maap yah di aku kesannya kurang baik. Mungkin karena pengunjungnya meluap kali yah jadi pelayanannya sangat kurang. Sampai saya pencel bell call 3x kagak ada pelayan yg datang. Alhasil mas mas yg lewat aja yg aku tanyain. Selebihnya tempatnya bagus. Cuma kzl aja pas mau order lama banget. Makanannya enak.. tapi gak cocok di kantong aku kalau tiap hari makan di sana 😅,4 tahun lalu,,,,Saoenk Cobek Samata,Google Maps,2026-06-09 15:29:42
ChZDSUhNMG9nS0VJQ0FnSURHM09lREpBEAE,Faisal Gassing,5,Makananya enak harga termasuk mahal,4 tahun lalu,,,,Saoenk Cobek Samata,Google Maps,2026-06-09 15:29:42
ChZDSUhNMG9nS0VJQ0FnSURHek1yUmZBEAE,amy imti,5,"Tempat adem dan bersih, pelayanan nya juga ramah..",4 tahun lalu,,,,Saoenk Cobek Samata,Google Maps,2026-06-09 15:29:42
ChZDSUhNMG9nS0VJQ0FnSURHbEtpNlpnEAE,sari wilda,5,,4 tahun lalu,,,,Saoenk Cobek Samata,Google Maps,2026-06-09 15:29:42
ChZDSUhNMG9nS0VJQ0FnSURHaE1pbFNnEAE,syukran subaek,5,"InsyaAllah, aman, nyaman, tenang, dan bernuansa Islami",4 tahun lalu,,,,Saoenk Cobek Samata,Google Maps,2026-06-09 15:29:42
ChZDSUhNMG9nS0VJQ0FnSUNHMzRfa2NREAE,Bulan April,5,,4 tahun lalu,,,,Saoenk Cobek Samata,Google Maps,2026-06-09 15:30:15
ChZDSUhNMG9nS0VJQ0FnSUNHcjhuTk1BEAE,Nur Fitriani,4,,4 tahun lalu,,,,Saoenk Cobek Samata,Google Maps,2026-06-09 15:30:15
ChZDSUhNMG9nS0VJQ0FnSUNHcl9TaFVREAE,Woro Bagaskara,4,,4 tahun lalu,,,,Saoenk Cobek Samata,Google Maps,2026-06-09 15:30:15
ChdDSUhNMG9nS0VJQ0FnSUNHbDlIZG1RRRAB,Suryani Yusuf,5,,4 tahun lalu,,,,Saoenk Cobek Samata,Google Maps,2026-06-09 15:30:15
ChdDSUhNMG9nS0VJQ0FnSUNHeDVEZThRRRAB,Perkasa Dwi Ramadhan,5,Favorit!!! Selalu enakkkkk 👍👍👍👍 …,4 tahun lalu,,,,Saoenk Cobek Samata,Google Maps,2026-06-09 15:30:15
ChdDSUhNMG9nS0VJQ0FnSUNHMjZXS29BRRAB,Muhamad Iqbal Sambas,5,,4 tahun lalu,,,,Saoenk Cobek Samata,Google Maps,2026-06-09 15:30:15
ChZDSUhNMG9nS0VJQ0FnSUNHaTl6dmR3EAE,Irma Andriyanie,5,,4 tahun lalu,,,,Saoenk Cobek Samata,Google Maps,2026-06-09 15:30:15
ChdDSUhNMG9nS0VJQ0FnSUNHX2VqR3BBRRAB,Muaz Aqaz,4,,4 tahun lalu,,,,Saoenk Cobek Samata,Google Maps,2026-06-09 15:30:15
ChZDSUhNMG9nS0VJQ0FnSUNHdlluQkJREAE,Karimah Bachmid,3,,4 tahun lalu,,,,Saoenk Cobek Samata,Google Maps,2026-06-09 15:30:15
ChZDSUhNMG9nS0VJQ0FnSUNHN2Z6X01REAE,Umiyanti Umar,5,,4 tahun lalu,,,,Saoenk Cobek Samata,Google Maps,2026-06-09 15:30:15
ChdDSUhNMG9nS0VJQ0FnSUNHN1pEcXFBRRAB,Diana Susanti jemita,5,,4 tahun lalu,,,,Saoenk Cobek Samata,Google Maps,2026-06-09 15:30:48
ChZDSUhNMG9nS0VJQ0FnSUNHZ2NqUlFBEAE,Ricko,4,Bagus. Parkiran nya sj yg agak membingungkan. Semoga sukses terus...,4 tahun lalu,,,,Saoenk Cobek Samata,Google Maps,2026-06-09 15:30:48
ChdDSUhNMG9nS0VJQ0FnSUNHM3BEbHpRRRAB,Firman Fauzie,5,Makanan dan suasananya luar biasa.,4 tahun lalu,,,,Saoenk Cobek Samata,Google Maps,2026-06-09 15:30:48
ChdDSUhNMG9nS0VJQ0FnSUNHenFyS3p3RRAB,Silver White,5,,4 tahun lalu,,,,Saoenk Cobek Samata,Google Maps,2026-06-09 15:30:48
ChZDSUhNMG9nS0VJQ0FnSUNHOXNEeWN3EAE,Amalia Reski,5,Seru,4 tahun lalu,,,,Saoenk Cobek Samata,Google Maps,2026-06-09 15:30:48
ChdDSUhNMG9nS0VJQ0FnSUNHdXBDeW53RRAB,budi siswati marmin,5,Tempatnya nyaman dan makanan2 nya enak dan yummi,4 tahun lalu,,,,Saoenk Cobek Samata,Google Maps,2026-06-09 15:30:48
ChZDSUhNMG9nS0VJQ0FnSUNHMnNMa1NnEAE,Auraevadne Kusumadiarto,5,,4 tahun lalu,,,,Saoenk Cobek Samata,Google Maps,2026-06-09 15:30:48
ChdDSUhNMG9nS0VJQ0FnSUNHcXFMTjdnRRAB,Rachmiany,5,,4 tahun lalu,,,,Saoenk Cobek Samata,Google Maps,2026-06-09 15:30:48
ChdDSUhNMG9nS0VJQ0FnSUNHeXNDdG1BRRAB,muh iksan,5,"Tempat bagus makanan juga enak, pokoknya mantap.",4 tahun lalu,,,,Saoenk Cobek Samata,Google Maps,2026-06-09 15:30:48
ChZDSUhNMG9nS0VJQ0FnSUNHMHVhTVBREAE,fajar nursetyo,4,Tempat yg nyaman makanan yg enak serta Pelayanan yg diberikan juga Berkelas membuat suasana makan semakin Menyenangkan,4 tahun lalu,,,,Saoenk Cobek Samata,Google Maps,2026-06-09 15:30:48
ChZDSUhNMG9nS0VJQ0FnSUNHX05pcFd3EAE,sahrul muslim,5,,4 tahun lalu,,,,Saoenk Cobek Samata,Google Maps,2026-06-09 15:31:22
ChZDSUhNMG9nS0VJQ0FnSUNHM00zWU9nEAE,andi mahdur afdal,5,,4 tahun lalu,,,,Saoenk Cobek Samata,Google Maps,2026-06-09 15:31:22
ChZDSUhNMG9nS0VJQ0FnSUNHM0pXNGVnEAE,sri satria,5,,4 tahun lalu,,,,Saoenk Cobek Samata,Google Maps,2026-06-09 15:31:22
ChZDSUhNMG9nS0VJQ0FnSUNHck1QcmRREAE,lisa rahmi,3,,4 tahun lalu,,,,Saoenk Cobek Samata,Google Maps,2026-06-09 15:31:22
ChZDSUhNMG9nS0VJQ0FnSUNHekxXaldnEAE,asmara wahyudi,5,,4 tahun lalu,,,,Saoenk Cobek Samata,Google Maps,2026-06-09 15:31:22
ChdDSUhNMG9nS0VJQ0FnSUNHdUxQcTZBRRAB,Nurcaya Amir,5,,4 tahun lalu,,,,Saoenk Cobek Samata,Google Maps,2026-06-09 15:31:22
ChdDSUhNMG9nS0VJQ0FnSUNHcUt2MzRRRRAB,Rahmat Faisal,5,,4 tahun lalu,,,,Saoenk Cobek Samata,Google Maps,2026-06-09 15:31:22
ChdDSUhNMG9nS0VJQ0FnSUNHcUtMcmpnRRAB,M Junaedy S (Edy),2,"Toilet butuh pengharum, pesanan sangat lama, Harus tingkatkan lagi pelayanannya.",4 tahun lalu,,,,Saoenk Cobek Samata,Google Maps,2026-06-09 15:31:22
ChZDSUhNMG9nS0VJQ0FnSUQ2bTZqU2ZnEAE,Zainab,4,Makanan enak tapi banyak lalat🥲 …,4 tahun lalu,,,,Saoenk Cobek Samata,Google Maps,2026-06-09 15:31:22
ChdDSUhNMG9nS0VJQ0FnSUQ2azZ2cDd3RRAB,Sutriadi Adi,5,Pokok eee mantap,4 tahun lalu,,,,Saoenk Cobek Samata,Google Maps,2026-06-09 15:31:22
ChdDSUhNMG9nS0VJQ0FnSUQ2ay1LcXdnRRAB,Julisman Rachman Sjah,4,Bagus,4 tahun lalu,,,,Saoenk Cobek Samata,Google Maps,2026-06-09 15:31:55
ChdDSUhNMG9nS0VJQ0FnSUQ2M2I2eWdnRRAB,La Makkuraga ᨒᨆᨀᨘᨑᨁ,5,,4 tahun lalu,,,,Saoenk Cobek Samata,Google Maps,2026-06-09 15:31:55
ChdDSUhNMG9nS0VJQ0FnSUQ2bGNMbWpRRRAB,Uwin's day,5,"My second time, kesini awalnya meeting sambil belajar edit video, sekarang datang memang untuk menikmati hidangan makan siang yah sebanyak itu😁

Favorit banget sama udang goreng telur asinnya..kek g mau berpaling ke menu yang lain..... Tapi yang lainnya g kalah enak.

Menu ayam, menu seafood ada juga katanya palekonya juga andalan, tapi tadi gak sempat cobain keburu kenyang gengs, selain itu ada menu ringan seperti otak-otak ikan ada yang panggang dan ada juga yang goreng, yang pasti pisang dengan aneka toping dan cocolan sambel ada.

Yang paling membahagiakan, harganya worth it banget lah gak bikin sobek sobek tuh dompet, dengan suasana yang nyaman serta di tambah pelayanan yang penuh keramah tamahan, ini mah juara klo hospitality nomor satu😘

📢@saoenkcobek
📍Jln. Tun Abdul Razak Gowa (Samping Rumah Sakit Muhammadiyah Unismuh Makassar)",4 tahun lalu,,,,Saoenk Cobek Samata,Google Maps,2026-06-09 15:31:55
ChZDSUhNMG9nS0VJQ0FnSUQ2aWJuSlZREAE,Fat-hun Fakhrul Shafaatullah,5,"Suasana yg baik u/ kumpul keluarga, harga jg ckup terjangkau",4 tahun lalu,,,,Saoenk Cobek Samata,Google Maps,2026-06-09 15:31:55
ChdDSUhNMG9nS0VJQ0FnSUQ2MGZDbC1RRRAB,Rahmawati Reezeck,4,,4 tahun lalu,,,,Saoenk Cobek Samata,Google Maps,2026-06-09 15:31:55
ChdDSUhNMG9nS0VJQ0FnSUQ2NFozaGpBRRAB,Rakha Raisya,4,Mantablah... Oke menunya,4 tahun lalu,,,,Saoenk Cobek Samata,Google Maps,2026-06-09 15:31:55
ChdDSUhNMG9nS0VJQ0FnSUQ2N3AtemhRRRAB,pangki sobati,4,Makanan bagis ramah dan recomended,4 tahun lalu,,,,Saoenk Cobek Samata,Google Maps,2026-06-09 15:31:55
ChdDSUhNMG9nS0VJQ0FnSUQ2cnBpYmpBRRAB,Tenriyola Arifin,5,,4 tahun lalu,,,,Saoenk Cobek Samata,Google Maps,2026-06-09 15:31:55
ChdDSUhNMG9nS0VJQ0FnSUQ2am9pemdBRRAB,Erwin Tandi,5,Keren... Mantap buat makan sama kluarga,4 tahun lalu,,,,Saoenk Cobek Samata,Google Maps,2026-06-09 15:31:55
ChdDSUhNMG9nS0VJQ0FnSUQ2NXBlQWpnRRAB,Muh Ramdhani Alam Nasrah,5,,4 tahun lalu,,,,Saoenk Cobek Samata,Google Maps,2026-06-09 15:31:55
ChdDSUhNMG9nS0VJQ0FnSUQ2c3J2T19RRRAB,Lushi Pasaribu,5,"Sangat puas dengan pelayanannya, gercep ga pake lelet, teratur antriannya, makanannya enak, suasananya sangat nyaman dan harga terjangkau.",4 tahun lalu,,,,Saoenk Cobek Samata,Google Maps,2026-06-09 15:32:29
ChZDSUhNMG9nS0VJQ0FnSUQ2N0lhbEl3EAE,Suci Nurlaeli,4,"Tenpatnya lumayan enak, lahan terbatas tp bisa makan disaung dan ada air nya. Harga menurut sy overprice tp makannya enak dan cocok untuk family lunch/dinner",4 tahun lalu,,,,Saoenk Cobek Samata,Google Maps,2026-06-09 15:32:29
ChdDSUhNMG9nS0VJQ0FnSUQ2elBxM3hBRRAB,Nur Anita Kaimuddin,5,"Tempatnya sangat Nyaman, elegant dan keren, Juga bersih cocok di jadikan tempat nongki, Gazebonya juga lumayan luas, terus mata terasa nyaman ketika melihat ikan yang ada di kolam, udaranya juga sejuk karena berada di luar ruangan pengen rasanya berlama-lama di situ. banyak juga spot fotonya. Soal makanan jangan di tanyakan lagi semuanya enak, mulai dari masakan Seafood maupun non seafood semua tersaji di sana, harganya sesuai dengan kualitasnya. pelayannya juga ramah-ramah. pokoknya recomended banget degh .",4 tahun lalu,,,,Saoenk Cobek Samata,Google Maps,2026-06-09 15:32:29
ChZDSUhNMG9nS0VJQ0FnSUQ2MklubUd3EAE,Zulhak Muhammad,5,,4 tahun lalu,,,,Saoenk Cobek Samata,Google Maps,2026-06-09 15:32:29
ChZDSUhNMG9nS0VJQ0FnSUQ2b0tPV1pnEAE,david sàlvinus,4,Makan seafood yg nyaman,4 tahun lalu,,,,Saoenk Cobek Samata,Google Maps,2026-06-09 15:32:29
ChZDSUhNMG9nS0VJQ0FnSUM2XzZPOVVBEAE,JinsungHa,4,,4 tahun lalu,,,,Saoenk Cobek Samata,Google Maps,2026-06-09 15:32:29
ChdDSUhNMG9nS0VJQ0FnSUM2eDlDRnlBRRAB,asrya sam,5,,4 tahun lalu,,,,Saoenk Cobek Samata,Google Maps,2026-06-09 15:32:29
ChdDSUhNMG9nS0VJQ0FnSUM2aDZmYnBnRRAB,xX Aan SRS xX,5,"Pallumara nya enak dan recommended ikannya tanpa tulang/duri. Biasanya malas makan ikan bandeng karena banyak duri baru kali ini suka. Rasa nya kuat. Udang saus telur asinnya juga patut dicoba. Kangkung dan cah toge lumayan. Makanan dan minuman nya macam². Gazebo nya cukup luas untuk family, tersedia musholla, parkiran luas. Pelayanannya sangat welcome serasa dilayani bagai Sultan . Ada juga tempat meetingnya sepertinya bisa disewa oleh corporate utk meeting sekaligus kuliner.",4 tahun lalu,,,,Saoenk Cobek Samata,Google Maps,2026-06-09 15:32:29
ChZDSUhNMG9nS0VJQ0FnSUM2dTdDekJBEAE,Aminullah Amin,5,,4 tahun lalu,,,,Saoenk Cobek Samata,Google Maps,2026-06-09 15:32:29
ChZDSUhNMG9nS0VJQ0FnSUM2eThPUldBEAE,DiR Galery,4,Lumayan,4 tahun lalu,,,,Saoenk Cobek Samata,Google Maps,2026-06-09 15:32:29
ChdDSUhNMG9nS0VJQ0FnSUM2MDVPTjdRRRAB,Mega mutia Ridwan,5,,4 tahun lalu,,,,Saoenk Cobek Samata,Google Maps,2026-06-09 15:33:03
ChZDSUhNMG9nS0VJQ0FnSUM2a19hTldBEAE,Murtanto Mohamad (Murtanto),3,Biasa saja,4 tahun lalu,,,,Saoenk Cobek Samata,Google Maps,2026-06-09 15:33:03
ChdDSUhNMG9nS0VJQ0FnSUM2Z19ILXBBRRAB,Anjas Azis,5,baik,4 tahun lalu,,,,Saoenk Cobek Samata,Google Maps,2026-06-09 15:33:03
ChZDSUhNMG9nS0VJQ0FnSUM2clk2N1F3EAE,Ahmad Aldiansyah,5,,4 tahun lalu,,,,Saoenk Cobek Samata,Google Maps,2026-06-09 15:33:03
ChZDSUhNMG9nS0VJQ0FnSUM2c1l2cEtBEAE,Andi Aswar Nawawi,5,"Makanannya enak, cobeknya mantap. Lingkungan bersih, udaranya segar, airnya lancar, suasana nya tenang, ada kolam ikan, pelayanannya ramah dan cepat.",4 tahun lalu,,,,Saoenk Cobek Samata,Google Maps,2026-06-09 15:33:03
ChdDSUhNMG9nS0VJQ0FnSUM2M3BhMnZ3RRAB,Jaden CH,5,,4 tahun lalu,,,,Saoenk Cobek Samata,Google Maps,2026-06-09 15:33:03
ChdDSUhNMG9nS0VJQ0FnSUM2MnQ3Ui1nRRAB,Fenny Wilyanti,5,,4 tahun lalu,,,,Saoenk Cobek Samata,Google Maps,2026-06-09 15:33:03
ChZDSUhNMG9nS0VJQ0FnSUM2a3FtY1VnEAE,riska rabiana,4,Alhamdulillah lumayan bagus,4 tahun lalu,,,,Saoenk Cobek Samata,Google Maps,2026-06-09 15:33:03
ChdDSUhNMG9nS0VJQ0FnSUM2Z29xcnB3RRAB,Mur Guide,5,"Tempat makan yang menyediakan menu makanan yang lezat, pelayanan yang ramah dan parkiran luas. Tempat ini juga menyediakan tempat untuk meeting serta tak kalah penting musholla yang bagus dan sudah masuk kategori masjid. Rumah makan restoran ini juga letaknya strategis dan tidak terlalu padat kendaraan.",4 tahun lalu,,,,Saoenk Cobek Samata,Google Maps,2026-06-09 15:33:03
ChdDSUhNMG9nS0VJQ0FnSURhMzlYcWdnRRAB,Fitrahmadhany KM,3,"terbilang masih baru, pas disamping RS. banyak gazebo dan ada kolam ikan juga, rasanya B aja. perlu ditingkatkan",4 tahun lalu,,,,Saoenk Cobek Samata,Google Maps,2026-06-09 15:33:03
ChZDSUhNMG9nS0VJQ0FnSURhNWRyMk53EAE,Suwandi Lukas,5,Tempat makan yang recommended,4 tahun lalu,,,,Saoenk Cobek Samata,Google Maps,2026-06-09 15:33:37
ChZDSUhNMG9nS0VJQ0FnSURhOFpMaGRREAE,Mochamad Latif,5,Mantap suasananya keren,4 tahun lalu,,,,Saoenk Cobek Samata,Google Maps,2026-06-09 15:33:37
ChZDSUhNMG9nS0VJQ0FnSURhbnNMY0d3EAE,pita kus,4,"T4 bersih dan nyaman, makanan cepat disajikan, rasa sambal n seafood masih kurang nampol, perlu diperkuat lg citarasanya, minuman sdh enak dan pelayanan gercep, lokasi mudah dijangkau",4 tahun lalu,,,,Saoenk Cobek Samata,Google Maps,2026-06-09 15:33:37
ChZDSUhNMG9nS0VJQ0FnSURhaXJDNklREAE,Arnold Manurung,5,Tempat bagus rasanya juga lumayan enak,4 tahun lalu,,,,Saoenk Cobek Samata,Google Maps,2026-06-09 15:33:37
ChdDSUhNMG9nS0VJQ0FnSURhMHR1UjFBRRAB,Suci Multazam Kurnia,4,,4 tahun lalu,,,,Saoenk Cobek Samata,Google Maps,2026-06-09 15:33:37
ChdDSUhNMG9nS0VJQ0FnSURheEo3ZDRRRRAB,Davin Irawan,5,"Tempat nya masuk agak dalam dari jalanan jadi lebih tenang, suasananya juga enak",4 tahun lalu,,,,Saoenk Cobek Samata,Google Maps,2026-06-09 15:33:37
ChdDSUhNMG9nS0VJQ0FnSUNhaF9TYW9BRRAB,muh fajar,5,,4 tahun lalu,,,,Saoenk Cobek Samata,Google Maps,2026-06-09 15:33:37
ChZDSUhNMG9nS0VJQ0FnSUNhd19hM1R3EAE,Marlin Willar,5,"Makanannya lumayan enak, hrg terjangkau, pelayanannya sangat baik, dan ramah. Saluut buat mas² dan mbak²nya yg baik hati.",4 tahun lalu,,,,Saoenk Cobek Samata,Google Maps,2026-06-09 15:33:37
ChZDSUhNMG9nS0VJQ0FnSUNheXZuYlVREAE,Inha Jamilah,3,Baguslah👍😊 …,4 tahun lalu,,,,Saoenk Cobek Samata,Google Maps,2026-06-09 15:33:37
ChZDSUhNMG9nS0VJQ0FnSUNhckxPU09BEAE,Ichonk Mail,4,Harga terjangkau,4 tahun lalu,,,,Saoenk Cobek Samata,Google Maps,2026-06-09 15:33:37
ChdDSUhNMG9nS0VJQ0FnSURxdDZlQnFBRRAB,Putra KosongNamblast,5,,4 tahun lalu,,,,Saoenk Cobek Samata,Google Maps,2026-06-09 15:34:11
ChdDSUhNMG9nS0VJQ0FnSURxX095dHRnRRAB,Amir,5,"Makanannya mantap,  layanannya juga ok suasana bisa diandalkan",4 tahun lalu,,,,Saoenk Cobek Samata,Google Maps,2026-06-09 15:34:11
ChZDSUhNMG9nS0VJQ0FnSUNxdV9yTE13EAE,Audrey Leman,5,,4 tahun lalu,,,,Saoenk Cobek Samata,Google Maps,2026-06-09 15:34:11
ChdDSUhNMG9nS0VJQ0FnSUNxbzd2QThRRRAB,Kristian Wijanarko,5,,4 tahun lalu,,,,Saoenk Cobek Samata,Google Maps,2026-06-09 15:34:11
ChdDSUhNMG9nS0VJQ0FnSUNxdnJXTTVRRRAB,Uleng Utari,5,,5 tahun lalu,,,,Saoenk Cobek Samata,Google Maps,2026-06-09 15:34:11
ChdDSUhNMG9nS0VJQ0FnSUNxOXFYTzJBRRAB,Hasrul Harun,3,Asyik,5 tahun lalu,,,,Saoenk Cobek Samata,Google Maps,2026-06-09 15:34:11
ChZDSUhNMG9nS0VJQ0FnSUNxNHFxYmZBEAE,NHP,4,"Pertama kali, saya suka rasa makanannya di sini, mereka menyajikan menu dengan cepat, tidak perlu menunggu lama.

Direkomendasikan, silakan pesan tempat terlebih dahulu.",Diedit 5 tahun lalu,,,,Saoenk Cobek Samata,Google Maps,2026-06-09 15:34:11
ChdDSUhNMG9nS0VJQ0FnSUNxek1QRTlRRRAB,Ni Made Ari Pratiwi,5,nyamnyam,5 tahun lalu,,,,Saoenk Cobek Samata,Google Maps,2026-06-09 15:34:11
ChdDSUhNMG9nS0VJQ0FnSURLbjVUUHZRRRAB,Athiyyah Rizki Salsabilah,4,"Tempatnya lumayan, makanannya lumayan tapi taronya manis banget dan udang telur asinnya kurang telur asin, pelayanannya cepat, harganya lumayan",5 tahun lalu,,,,Saoenk Cobek Samata,Google Maps,2026-06-09 15:34:11
ChRDSUhNMG9nS0VJQ0FnSURLamNZWhAB,Hajar Aswad,4,"Makanan enak.. tempat bersih dan apik... tapi waiternya terburu buru minta pesanan, dan pas mau pulang, kyk udah mau buru buru bersihkan.. padahal masih mau menikmati suasananya..",5 tahun lalu,,,,Saoenk Cobek Samata,Google Maps,2026-06-09 15:34:11
ChdDSUhNMG9nS0VJQ0FnSURLeXNQa3h3RRAB,Farell Andrezto,5,Makanannya enak,5 tahun lalu,,,,Saoenk Cobek Samata,Google Maps,2026-06-09 15:34:46
ChdDSUhNMG9nS0VJQ0FnSURLX05XVXFnRRAB,Ahmad Bayu,4,,5 tahun lalu,,,,Saoenk Cobek Samata,Google Maps,2026-06-09 15:34:46
ChdDSUhNMG9nS0VJQ0FnSURLX0pUMGxnRRAB,Masytaa,5,"Tempat makan baru, bisa meetup sama keluarga ,teman dll . Makanannya juga enak2",5 tahun lalu,,,,Saoenk Cobek Samata,Google Maps,2026-06-09 15:34:46
ChdDSUhNMG9nS0VJQ0FnSURLcEpTYnBnRRAB,Syamsuddin MaYa,4,,5 tahun lalu,,,,Saoenk Cobek Samata,Google Maps,2026-06-09 15:34:46
ChdDSUhNMG9nS0VJQ0FnSURLaU1hNnR3RRAB,HEXA PROJECT,5,harga kaki lima rasa bintang lima,5 tahun lalu,,,,Saoenk Cobek Samata,Google Maps,2026-06-09 15:34:46
ChdDSUhNMG9nS0VJQ0FnSURLb0tQV3FBRRAB,M I Aryo S,4,"makanannya enak, sambelnya mantap  tempatnya keren untuk acara kluarga tau kumpul dengan teman-teman, pelayanannya ramah-ramah, ada mushollah. yg. minus toilet cuman 1",5 tahun lalu,,,,Saoenk Cobek Samata,Google Maps,2026-06-09 15:34:46
ChZDSUhNMG9nS0VJQ0FnSURLb056Y01nEAE,Ihsan Ahmad,4,Menuju kesempurnaan sarana prasarana... semoga ke depab lebih baik lagi. Musholla on proses. Parkir juga patut di perhatikan. Makannyq sih sudah standar.... lumayanlah,5 tahun lalu,,,,Saoenk Cobek Samata,Google Maps,2026-06-09 15:34:46
ChZDSUhNMG9nS0VJQ0FnSUNLdjVHT1VREAE,Siti Nurlina,5,Makanannya asli enaaaaak,5 tahun lalu,,,,Saoenk Cobek Samata,Google Maps,2026-06-09 15:34:46
ChdDSUhNMG9nS0VJQ0FnSUNLdjZ5VGd3RRAB,Rizki Silla,5,"Rumah makan seafood alternatif, dengan konsep gazebo outdoor membantu makan dengan rasa aman di masa pandemi. Aneka masakan tersedia dengan harga bersaing. Pelayan ramah, cepat dan tentunya menerapkan protocol kesehatan. Highly Recommended",5 tahun lalu,,,,Saoenk Cobek Samata,Google Maps,2026-06-09 15:34:46
ChZDSUhNMG9nS0VJQ0FnSUNLajlXTGR3EAE,Muhammad Sahhar,5,,5 tahun lalu,,,,Saoenk Cobek Samata,Google Maps,2026-06-09 15:34:46
ChZDSUhNMG9nS0VJQ0FnSUNLNDYtTU5REAE,Momishary,5,Direkomendasikan,5 tahun lalu,,,,Saoenk Cobek Samata,Google Maps,2026-06-09 15:35:38
ChdDSUhNMG9nS0VJQ0FnSUNLdWNQVTdBRRAB,Muhammad Ramadhani,2,,5 tahun lalu,,,,Saoenk Cobek Samata,Google Maps,2026-06-09 15:35:38
ChdDSUhNMG9nS0VJQ0FnSUNLdVlqTWpnRRAB,Chef erwin once,5,Bersih..nyaman...murah,5 tahun lalu,,,,Saoenk Cobek Samata,Google Maps,2026-06-09 15:35:38
ChZDSUhNMG9nS0VJQ0FnSUNLcWQtMU1nEAE,isna kumalasari,5,"Tempat oke, makanan dan hrgnya jg oke.",5 tahun lalu,,,,Saoenk Cobek Samata,Google Maps,2026-06-09 15:35:38
ChZDSUhNMG9nS0VJQ0FnSUNLMGJfUWZ3EAE,Hasymi Arif,5,Tempatnya keren. Sangat cocok untuk tempat ngumpul. Makanannya juga enak enak,5 tahun lalu,,,,Saoenk Cobek Samata,Google Maps,2026-06-09 15:35:38
ChZDSUhNMG9nS0VJQ0FnSUNLb2FYZkpBEAE,yudhi gunawan,4,,5 tahun lalu,,,,Saoenk Cobek Samata,Google Maps,2026-06-09 15:35:38
ChdDSUhNMG9nS0VJQ0FnSUNLX29MUHZBRRAB,Ashari Masse,5,Delicious n Maknyoss pokoke,5 tahun lalu,,,,Saoenk Cobek Samata,Google Maps,2026-06-09 15:35:38
ChZDSUhNMG9nS0VJQ0FnSUNLLXRYNkJnEAE,Agistaril Woki,5,Adem ayem..,5 tahun lalu,,,,Saoenk Cobek Samata,Google Maps,2026-06-09 15:35:38
ChZDSUhNMG9nS0VJQ0FnSUNLaExTZWR3EAE,Rezky Ayu Andira (Diera),5,Tempat yang oke untuk makan dan bersantai dengan keluarga. Letaknya tidak jauh dari rumah saya. Jadi lumayanlah. Makanan dan minumannya banyak pilihan. Rasa cukup bisa dinikmati. Keramahan pegawainya tetap di jaga yah... Dan smoga mushollahnya bisa segera selesai.,5 tahun lalu,,,,Saoenk Cobek Samata,Google Maps,2026-06-09 15:35:38
ChdDSUhNMG9nS0VJQ0FnSUNLaExEWHJBRRAB,Eq Moela,4,"Lokasi deket bundaran Samata, utk menu so lumayan masuk sama rasa kita yg org jawa, utk pelayan klu menurut aku lebih baik nunggu semua selesai dimasak baru diantar, ini selesai 1 diantar. Trus utk satu hal yg membuat kami kurang nyaman saat kita makan ditungguin disaung sampingnya sambil diliatin, seakan"" kita akan kabur tanpa bayar setelah makan,  jd kesannya gimana gt, ya mudah""an aja ini bentuk kesigapan aja dr pelayan jika sewaktu"" dibutuhkan, sekedar usul aja klu memang perlu prepare mending nungguinya di pintu masuk dpn atau yg samping itu, jd kita santai saat menikmati makanan🙏",5 tahun lalu,,,,Saoenk Cobek Samata,Google Maps,2026-06-09 15:35:38
ChZDSUhNMG9nS0VJQ0FnSUNLMklQMmJ3EAE,Rahayu Az-Zahra 89,5,Enak sekali 👍👍 …,5 tahun lalu,,,,Saoenk Cobek Samata,Google Maps,2026-06-09 15:36:12
ChdDSUhNMG9nS0VJQ0FnSUNLeUtPajdBRRAB,Syahrul Ramadhani,4,"Menunya lumayanlah, lokasinya dekat dari rumah....",5 tahun lalu,,,,Saoenk Cobek Samata,Google Maps,2026-06-09 15:36:12
ChdDSUhNMG9nS0VJQ0FnSUR5dS1hM3NRRRAB,mansyur natsir,5,"MAKANAN ENAK
TEMPAT INDAH DAN NYAMAN",5 tahun lalu,,,,Saoenk Cobek Samata,Google Maps,2026-06-09 15:36:12
ChdDSUhNMG9nS0VJQ0FnSUR5bTd1a3Z3RRAB,Ahmad Musa Said,5,,5 tahun lalu,,,,Saoenk Cobek Samata,Google Maps,2026-06-09 15:36:12
ChZDSUhNMG9nS0VJQ0FnSUR5aTV5NUdnEAE,Iccank Pajokka,4,"Berkunjung ke sini untuk memenuhi rasa penasaran ingin tahu tempat kulineran yang baru di Makassar apalagi lokasi nya tidak terlalu jauh dari rumah. Saung ini belum sepenuhnya siap karena masih banyak fasilitas nya yang belum ada atau belum jadi dan masih dalam tahap perampungan seperti mushalla, indoor room, area parkiran dan tamannya. Untuk menu dan rasa makanannya saya pikir so..so..lah dengan yang lainnya nothing special.",Diedit 5 tahun lalu,,,,Saoenk Cobek Samata,Google Maps,2026-06-09 15:36:12
ChZDSUhNMG9nS0VJQ0FnSUR5aGF2eEx3EAE,Thamsil Linrung,5,,5 tahun lalu,,,,Saoenk Cobek Samata,Google Maps,2026-06-09 15:36:12
