review_id,nama_pengguna,rating,komentar,tanggal,rating_makanan,rating_layanan,rating_suasana,cabang,platform,tanggal_scraping
Ci9DQUlRQUNvZENodHljRjlvT2xneWRYQmFNbEJSWmtoUGExaGhZMnBwTFVkaFEzYxAB,andi kasfaditha,5,"MasyaAllah.. Suasana nya Nyaman,.makanan nya enak ..Dan pelayanan nya juga Ok Dan Ramah ,Rekomen juga untuk bawa anak soalnya bisa kasi makan ikan pasti anak suka deeeh…
…
…

Makasih sudah melayani dngan Baik @Yuli",5 hari lalu,5,5,5,Saoenk Cobek Perintis,Google Maps,2026-05-14 18:49:30
Ci9DQUlRQUNvZENodHljRjlvT201SFIyZEdXVFJCYkdOSVIyTkRjVEV0YWtGb1RtYxAB,Ria Rezeki Sudarmin,5,"Meeting berjalan lancar dengan fasilitas yg nyaman, sarana mendukung,dan makanan yg enak dari saoenk cobek, pelayanan atas nama Ambar sangat bagus",5 hari lalu,5,5,5,Saoenk Cobek Perintis,Google Maps,2026-05-14 18:49:30
Ci9DQUlRQUNvZENodHljRjlvT2w5b1pGUkRURk5KUzBadVpHczVXRUpLVjNwMlkxRRAB,Store Online001,5,,5 hari lalu,5,5,5,Saoenk Cobek Perintis,Google Maps,2026-05-14 18:49:30
Ci9DQUlRQUNvZENodHljRjlvT2pkQlNDMUdOR2RMYW5aWmFqSk9MVkJNVkhWd2JHYxAB,ANDERIAS KADI,5,,6 hari lalu,,,,Saoenk Cobek Perintis,Google Maps,2026-05-14 18:49:30
Ci9DQUlRQUNvZENodHljRjlvT2taak0zWmlielEwTFdWS1dXWXdjbkpTU2tkQ04zYxAB,dian maya,3,Pesan ayam bakar madu tapi yg datang ayam bakar madu dingin.. gag ada hangat2nya..  🙃🫠,seminggu lalu,3,4,4,Saoenk Cobek Perintis,Google Maps,2026-05-14 18:49:30
Ci9DQUlRQUNvZENodHljRjlvT2poaE1VTTRRMUkxZUVoeFRsOWlVRzkyVjFGbmVVRRAB,Masunggang Kristina,5,"Semua makanan enak dengan rasa dan aroma yg sedap, tempat parkir luas,dan kapasitas pengunjung banyak cocok untuk berbagai acara",2 minggu lalu,5,5,5,Saoenk Cobek Perintis,Google Maps,2026-05-14 18:49:30
Ci9DQUlRQUNvZENodHljRjlvT2tKT1lXZERSMkU0ZGxoR1oyVmFkRFZUUzJ4cVVrRRAB,Masna Abadi,5,Gazebo bagus di kelilingi kolam ikan. Makanan enak semua,3 minggu lalu,5,5,5,Saoenk Cobek Perintis,Google Maps,2026-05-14 18:49:30
Ci9DQUlRQUNvZENodHljRjlvT21VMVVVOVVWRE56YW1kV1NXZzFXRU00UWtOU2JXYxAB,Amelisa Amel,5,,3 minggu lalu,,,,Saoenk Cobek Perintis,Google Maps,2026-05-14 18:49:30
Ci9DQUlRQUNvZENodHljRjlvT2xKR1ZGZDRNR2xDVnpCcU4wcFFNVzFDZDBOc1pIYxAB,Natan tamberong,5,Saemua makanan nya maknyuussss,sebulan lalu,5,5,5,Saoenk Cobek Perintis,Google Maps,2026-05-14 18:49:30
Ci9DQUlRQUNvZENodHljRjlvT25walFuaFJNa2RQYVZSVExUaFZPRkF3WjB0WmNuYxAB,Nurul Ramadhana,5,,sebulan lalu,5,5,5,Saoenk Cobek Perintis,Google Maps,2026-05-14 18:49:30
Ci9DQUlRQUNvZENodHljRjlvT21SaGFVTmtOMnBoY2tsNlRYSnhRV016VWpsRlRFRRAB,adhim zm,5,Rekomended,sebulan lalu,5,5,5,Saoenk Cobek Perintis,Google Maps,2026-05-14 18:49:51
Ci9DQUlRQUNvZENodHljRjlvT2pGaVRuQnhhMGd0TjFWVlJuWlliMnB1VWxSTlExRRAB,RADIO POKA,4,Makannaua juga asik,sebulan lalu,4,4,4,Saoenk Cobek Perintis,Google Maps,2026-05-14 18:49:51
Ci9DQUlRQUNvZENodHljRjlvT2poVFIyMHdRek14UlRoeGVYYzBhMHhNVG5WSVpVRRAB,Salwa Nurul Alifah,5,,sebulan lalu,5,5,5,Saoenk Cobek Perintis,Google Maps,2026-05-14 18:49:51
Ci9DQUlRQUNvZENodHljRjlvT2tOcVpsWnJXRVJUWHpSRU9EZFlORlozUVhGMmNtYxAB,Umar Arabah,5,,sebulan lalu,,,,Saoenk Cobek Perintis,Google Maps,2026-05-14 18:49:51
Ci9DQUlRQUNvZENodHljRjlvT2tocFprRmhXbFowYkVWb2NrNUtTa016Vm1VME9HYxAB,mais c'est la vie,1,"Pelayanan lelet, tidak recommended.
Tempat sempit, panas, dan lembab
Tidak sesuai di aplikasi, nda sesuai ekspektasi",sebulan lalu,1,1,1,Saoenk Cobek Perintis,Google Maps,2026-05-14 18:49:51
Ci9DQUlRQUNvZENodHljRjlvT21KU2FqazVVbmcwYzJsRlMyRnNUWEZpWDFwSGFtYxAB,ruslan rasyid,1,Pelayanan yang sangat buruk,sebulan lalu,3,1,5,Saoenk Cobek Perintis,Google Maps,2026-05-14 18:49:51
Ci9DQUlRQUNvZENodHljRjlvT25oV1RFSlBOakJrUTFaT1ltZ3lRMjQwTlc1TmVYYxAB,Hendaryono N (Bowz),4,,sebulan lalu,4,4,4,Saoenk Cobek Perintis,Google Maps,2026-05-14 18:49:51
Ci9DQUlRQUNvZENodHljRjlvT25GdU9USTRkbGcwVldwUVlqVTBSRzlDV0hNMlgxRRAB,Chansas Sadewa,5,,sebulan lalu,,,,Saoenk Cobek Perintis,Google Maps,2026-05-14 18:49:51
Ci9DQUlRQUNvZENodHljRjlvT21kU2EwTXlOR0p3ZVdKRU1VUjNaR0pTV21sMlFtYxAB,Anas Husaini,3,,sebulan lalu,3,2,3,Saoenk Cobek Perintis,Google Maps,2026-05-14 18:49:51
Ci9DQUlRQUNvZENodHljRjlvT214WloyUmhVR1l4YUY5Q2VGYzBhMDlPZDIwd1UyYxAB,Zulham Umar,5,,sebulan lalu,,,,Saoenk Cobek Perintis,Google Maps,2026-05-14 18:49:51
Ci9DQUlRQUNvZENodHljRjlvT25CeGVuaENlVzluUnpVeGJUVnphR05vTWpFMU0yYxAB,Hendrico Delon Timang,1,pelayanan jelek,sebulan lalu,,,,Saoenk Cobek Perintis,Google Maps,2026-05-14 18:50:11
Ci9DQUlRQUNvZENodHljRjlvT2s5VmJUQkdkVjlZWVhSNWNscHNlSFkyVUdsSU9VRRAB,anisa ramadhany,5,,sebulan lalu,,,,Saoenk Cobek Perintis,Google Maps,2026-05-14 18:50:11
Ci9DQUlRQUNvZENodHljRjlvT2tsdVVXNXRSVTFOU204M1IwdDBOazlHY0hBemRsRRAB,Statistics Smart Solutions,2,"Masukan buat resto, kalau belum ada SOP buat karyawan baiknya buat SOP dulu. Kalau sudah ada tolong dievaluasi lagi SOP dan/atau penerapan SOP nya",sebulan lalu,3,1,5,Saoenk Cobek Perintis,Google Maps,2026-05-14 18:50:11
Ci9DQUlRQUNvZENodHljRjlvT21GbU0wZzRPRUo2Y0UxQ1prWlBWbFJvTTJKVWJHYxAB,Andi Mursidil,5,,sebulan lalu,5,5,5,Saoenk Cobek Perintis,Google Maps,2026-05-14 18:50:11
Ci9DQUlRQUNvZENodHljRjlvT2xKRGJWbHphRlJpWTJOaFVEbFZiRWh3VkZOVGIyYxAB,M.Khairan Rahmat,5,Tempat yang Direkomendasikan untuk Makan Siang dan Makan Malam!,sebulan lalu,5,4,4,Saoenk Cobek Perintis,Google Maps,2026-05-14 18:50:11
Ci9DQUlRQUNvZENodHljRjlvT2t4R2JHWnVOMHN0V1RkTk4weDJWVUpRTmpjNVprRRAB,Sakriana Nurdin,1,"Tidak sesuai ekspektasi, porsi kecil harga mahal.",sebulan lalu,,,,Saoenk Cobek Perintis,Google Maps,2026-05-14 18:50:11
Ci9DQUlRQUNvZENodHljRjlvT2tOdVdERlpkV2sxTVRkcExXWkZPRzVKZEdkQk1IYxAB,diah aja,4,,sebulan lalu,,,,Saoenk Cobek Perintis,Google Maps,2026-05-14 18:50:11
Ci9DQUlRQUNvZENodHljRjlvT210eGEwMHlTbVEzVEdsb1lVNVdVa2xhY2s5UGQxRRAB,Zahra salsabilah,5,Mantab,2 bulan lalu,,,,Saoenk Cobek Perintis,Google Maps,2026-05-14 18:50:11
Ci9DQUlRQUNvZENodHljRjlvT25oQ1ExWm5UelphT1hvdFdtOXhUREJqZDJWMFRYYxAB,andi nurul adha,5,nasi goreng ayam asapnya mantap,2 bulan lalu,5,5,5,Saoenk Cobek Perintis,Google Maps,2026-05-14 18:50:11
Ci9DQUlRQUNvZENodHljRjlvT2pnNWFUaHdMVXBYVmkweFNUaGtaMHRFZVd4UFRWRRAB,Geetree Kids,5,,2 bulan lalu,5,5,5,Saoenk Cobek Perintis,Google Maps,2026-05-14 18:50:11
Ci9DQUlRQUNvZENodHljRjlvT201UlFXdEVWMWhtYjJOSGJtMVZlazg1UkVGd1dFRRAB,Andi Sulastri Sultan,5,Tempat yang nyaman untuk makan bersama keluarga,2 bulan lalu,5,5,5,Saoenk Cobek Perintis,Google Maps,2026-05-14 18:50:31
Ci9DQUlRQUNvZENodHljRjlvT25aMVdqTmxkRkZhV0dGM1ZWa3hVRlI2TjBOVU9HYxAB,Ainun saprida,5,"Untuk pelayan yuyun dan ifa,best banget pelayanan cepat tempat nya family banget",2 bulan lalu,4,5,5,Saoenk Cobek Perintis,Google Maps,2026-05-14 18:50:31
Ci9DQUlRQUNvZENodHljRjlvT2tsWFJYbG1iRkphYTNkMVdUbElhalZwTTNGdFpWRRAB,Fany Tasya Rompe,5,"pelayanan baik dan ramah
azizah & ifah",2 bulan lalu,,,,Saoenk Cobek Perintis,Google Maps,2026-05-14 18:50:31
Ci9DQUlRQUNvZENodHljRjlvT2pGdlpsOU1RbTloT1VwalJWOWpTVWhuYUZCV1UwRRAB,sugi hartono,5,,2 bulan lalu,5,5,5,Saoenk Cobek Perintis,Google Maps,2026-05-14 18:50:31
Ci9DQUlRQUNvZENodHljRjlvT21wcFZqbHVPRmxFZEd4MFJVMVVVSGRQU1RneGJVRRAB,Triwahyuddin,1,"Pelayanan buruk, biar sendok makan tidak ada. Semoga jadi evaluasi untuk pelayanannya 🙏",2 bulan lalu,,1,,Saoenk Cobek Perintis,Google Maps,2026-05-14 18:50:31
Ci9DQUlRQUNvZENodHljRjlvT2tONFJ6WXRiVGxPVTFnd2FsZHhZeloyTjNSMVMzYxAB,Djhay Azis,5,,2 bulan lalu,,,,Saoenk Cobek Perintis,Google Maps,2026-05-14 18:50:31
Ci9DQUlRQUNvZENodHljRjlvT2tSTVptVjROa0ZVY1dSNkxYY3RlbGwxVVhCeVFtYxAB,Dilla amelia,5,,2 bulan lalu,5,5,5,Saoenk Cobek Perintis,Google Maps,2026-05-14 18:50:31
Ci9DQUlRQUNvZENodHljRjlvT25GeGJrdFlOMkptTVhkZmVUbGFjbVJpVEhScFJFRRAB,Nurul Fadhillah,5,,2 bulan lalu,5,5,5,Saoenk Cobek Perintis,Google Maps,2026-05-14 18:50:31
Ci9DQUlRQUNvZENodHljRjlvT201SlVGaEVaRTlzYTBGUVgyeDZObTltYzBOUFlVRRAB,Jumadi999 Madi999,5,Enak Sekali sumpah wkwk,2 bulan lalu,5,5,5,Saoenk Cobek Perintis,Google Maps,2026-05-14 18:50:31
Ci9DQUlRQUNvZENodHljRjlvT2xOS1VsUXdVVkZKTUhBMGEzQTBjamhxU0dGaWRVRRAB,Muh Surahman Al-Ashar,5,"Makanannya enak, makanannya pas keluarnya tdk lama pas, cocok buat keluarga dan tmn pelayanan Vita baik makasih semua😊",2 bulan lalu,5,5,5,Saoenk Cobek Perintis,Google Maps,2026-05-14 18:50:31
Ci9DQUlRQUNvZENodHljRjlvT2paeFZtTldZamhXYm5oRlpGbzJNWHBwV0drd1gyYxAB,Afrijal Hasanuddin,5,Tempat yg pas buat ngabuburit sambil memberi makan ikan,2 bulan lalu,5,5,5,Saoenk Cobek Perintis,Google Maps,2026-05-14 18:50:52
Ci9DQUlRQUNvZENodHljRjlvT2twYVozaDNjM2wyWm1KVFNtdHNkV0o1ZDFGQ1duYxAB,Virah V,5,"Improve banget dari tahun lalu makan disini. Makanan enak, penyajian cepat dan kasir dan Waitress supriadi sangat ramah. Recommended",2 bulan lalu,5,5,5,Saoenk Cobek Perintis,Google Maps,2026-05-14 18:50:52
Ci9DQUlRQUNvZENodHljRjlvT21GVmVIbG1SelY2ZVZWVFRVWnpNWGRIZVZOcU5tYxAB,Selvianti Pasak Yerio,5,Terimah kasih pelayanannya kak vidya dan vita,2 bulan lalu,5,5,5,Saoenk Cobek Perintis,Google Maps,2026-05-14 18:50:52
Ci9DQUlRQUNvZENodHljRjlvT25kVWRtWlhYMWRJYTNocFRXaGhlazB0VXpVeWNrRRAB,Ayu Triaji,5,Pelyan bgus wtwrs supriadi dan kapnya rmah,2 bulan lalu,5,5,5,Saoenk Cobek Perintis,Google Maps,2026-05-14 18:50:52
Ci9DQUlRQUNvZENodHljRjlvT2poVFVEVXdkVVo0U1hOblNqQmxSRFowZEY5dFVWRRAB,Risna Yhu,5,,2 bulan lalu,,,,Saoenk Cobek Perintis,Google Maps,2026-05-14 18:50:52
Ci9DQUlRQUNvZENodHljRjlvT2xNeVpHSnJVVmg2Ymtoc05tTnFNMGRZVkRaMmVtYxAB,Akhiong Pratama,1,Kurang grecep...tinggal saja...lgs ke tempat lain.,2 bulan lalu,,1,1,Saoenk Cobek Perintis,Google Maps,2026-05-14 18:50:52
Ci9DQUlRQUNvZENodHljRjlvT2sxZmNUZEtialZIYzE5UlVIUjZiRmRZU1ZwNmFrRRAB,Ayu Putri,5,Pelayanan ramah dari azizah dan ifa,2 bulan lalu,5,5,,Saoenk Cobek Perintis,Google Maps,2026-05-14 18:50:52
Ci9DQUlRQUNvZENodHljRjlvT25WNmNqQk5jR055WjB0alpHbEdUMkZ3VldsRVlXYxAB,Muti'ah Faradillah B,5,,2 bulan lalu,5,5,5,Saoenk Cobek Perintis,Google Maps,2026-05-14 18:50:52
Ci9DQUlRQUNvZENodHljRjlvT25sTE5YSmhaR04wWVMxQmVuY3pXWEJPU2t0MWRuYxAB,Muhammad Hamka,5,Bintang yang berbicara,2 bulan lalu,5,5,5,Saoenk Cobek Perintis,Google Maps,2026-05-14 18:50:52
Ci9DQUlRQUNvZENodHljRjlvT2psVGVVSkJjVkY1UkMxSldHRmFlRGxCV0RsQ00zYxAB,Reqsi,5,Pelayanan memuaskan dari supriadi dan ifa,3 bulan lalu,5,5,5,Saoenk Cobek Perintis,Google Maps,2026-05-14 18:50:52
Ci9DQUlRQUNvZENodHljRjlvT21oTFJFOXJNMmRSWWt4U1JFeGFaa3hGUTNsVFkzYxAB,Yusuf Adhi Mustaqim,5,Mantap lah,3 bulan lalu,5,5,5,Saoenk Cobek Perintis,Google Maps,2026-05-14 18:51:12
Ci9DQUlRQUNvZENodHljRjlvT2pOaUxUSkNVMjl5TWsxNlZXRk9Wa1JuVW1GTU4zYxAB,Qire Suto,5,Seru buat rame²,3 bulan lalu,5,5,5,Saoenk Cobek Perintis,Google Maps,2026-05-14 18:51:12
Ci9DQUlRQUNvZENodHljRjlvT21rd2RuWmlNalJQUnpsTFVVbGZNR1pYVmtWYVlWRRAB,Agung Wijaya,5,Pelayanannya bagus makanannya enak enak,3 bulan lalu,5,5,5,Saoenk Cobek Perintis,Google Maps,2026-05-14 18:51:12
Ci9DQUlRQUNvZENodHljRjlvT2xKb0xVMURXWGxpZW1WMVRXaDFlbll3ZUZvMmFsRRAB,Kaysan Akif,5,Pelayanan mantap (Yuyu dan Ifa),3 bulan lalu,5,5,5,Saoenk Cobek Perintis,Google Maps,2026-05-14 18:51:12
Ci9DQUlRQUNvZENodHljRjlvT2xwalVVTkNVMUF6WWtsclZFNWpUVFpXUmt4emNXYxAB,herman kossi,3,"Ternyata disini closed order pukul 22.00, jd tdk recommended untuk jam tersebut",3 bulan lalu,3,3,3,Saoenk Cobek Perintis,Google Maps,2026-05-14 18:51:12
Ci9DQUlRQUNvZENodHljRjlvT201a1ZYaENXVTl3WTFKQlFUaEtjelI1UjJaNFZFRRAB,Nurul Utami Rusli,5,Terima kasih vidya dan danil pelayanannya bagus,3 bulan lalu,5,5,5,Saoenk Cobek Perintis,Google Maps,2026-05-14 18:51:12
Ci9DQUlRQUNvZENodHljRjlvT2w4eU1uSnNPVjlRYTFsM1dqRm1YMjVUY25GUVQyYxAB,ISMULAHUDDIN ISMAIL,5,Pelayanan dari karyawan supriadi dan IPA sangat baik dan ramah .....suasana makan di sana lumayan baik n bersih.. Rekomended tuk makan bersama keluarga,3 bulan lalu,5,5,4,Saoenk Cobek Perintis,Google Maps,2026-05-14 18:51:12
Ci9DQUlRQUNvZENodHljRjlvT210dU1YY3lNVWQ2VEVGSVVTMTROVFJGYzB0QmMxRRAB,aisyahh. hasputtee12,5,"tempatnya nyaman dan rasanya enak, pelayanan azam dan citra sangat ramah",3 bulan lalu,5,5,5,Saoenk Cobek Perintis,Google Maps,2026-05-14 18:51:12
Ci9DQUlRQUNvZENodHljRjlvT2tRdFJYWllOM0ZxV0VWR01tUmFZbUUzUlZvd1psRRAB,Febri Anti,5,"pelayanan an azizah dan ifa sangat baik ramah, gercep",3 bulan lalu,5,5,5,Saoenk Cobek Perintis,Google Maps,2026-05-14 18:51:12
Ci9DQUlRQUNvZENodHljRjlvT21ONVRWcGZjMDVTYW1VdGFsOXNWVE4zUWtkUFUyYxAB,Musdalifah Putri Cahyani,5,,3 bulan lalu,4,5,5,Saoenk Cobek Perintis,Google Maps,2026-05-14 18:51:12
Ci9DQUlRQUNvZENodHljRjlvT2pCRGVqZFFVa2x1VW5Bd1UwTnpZbko1YTJKRmRIYxAB,Triyon Putradi Samawati,5,,3 bulan lalu,4,4,5,Saoenk Cobek Perintis,Google Maps,2026-05-14 18:51:33
Ci9DQUlRQUNvZENodHljRjlvT2xSYVdTMXhaV1pOZFRGQlZXUkxkakpRTmtoRFZVRRAB,Lindsay Sambira,5,"Makannya enak, servicenya baikkk",3 bulan lalu,4,5,5,Saoenk Cobek Perintis,Google Maps,2026-05-14 18:51:33
Ci9DQUlRQUNvZENodHljRjlvT20xcVNERmlSalF0ZWxreWJXUmlabDlpUjJadlUzYxAB,Zahra Ramadhani,5,,3 bulan lalu,5,5,5,Saoenk Cobek Perintis,Google Maps,2026-05-14 18:51:33
Ci9DQUlRQUNvZENodHljRjlvT21aWk56TTRVVjltZEhZd2VrVm1SV3Q1VTBSa1drRRAB,Agus Gugli,5,Pelayanan bagus buat iva fan vita,3 bulan lalu,,,,Saoenk Cobek Perintis,Google Maps,2026-05-14 18:51:33
Ci9DQUlRQUNvZENodHljRjlvT2tRNVRrZHZVMTlhVkZkRlFXSnNZM28yT1c1aFVrRRAB,paul cakra,4,"Bagus... Direkomendasikan,",3 bulan lalu,4,4,4,Saoenk Cobek Perintis,Google Maps,2026-05-14 18:51:33
Ci9DQUlRQUNvZENodHljRjlvT2pGRVpXaFBNalUzWjFoUFJVZEpkRlU0WmpoNFRYYxAB,Winny Tasin Tanduklangi,5,"worth it sih...
makasih pelayanannya kak waiterd Azizah dan kak Widya🤍",3 bulan lalu,5,5,5,Saoenk Cobek Perintis,Google Maps,2026-05-14 18:51:33
Ci9DQUlRQUNvZENodHljRjlvT2paT1VEVXdhMlJQVjNKNVFuVm5ka0ZvVFc5ZlIyYxAB,Okta Viyani,5,"Mantap dan pelayanan juga ok
Azizah dan vidya",3 bulan lalu,5,5,5,Saoenk Cobek Perintis,Google Maps,2026-05-14 18:51:33
Ci9DQUlRQUNvZENodHljRjlvT2tsQ2NTMDNVMXBoVUZKamRXZzNTV3RtYWxsUE1uYxAB,Irma Wati,5,Terima kasih pelayanannya kak vidya dan azizah,3 bulan lalu,5,5,5,Saoenk Cobek Perintis,Google Maps,2026-05-14 18:51:33
Ci9DQUlRQUNvZENodHljRjlvT2psa1NqUXpWVlEyYUVsU1FrcHJlRUZOU3pCdlZtYxAB,Mayke Amalia,5,"Menu woku nya the best di sini, sering2 ma saya kesini sama keluarga atau sama teman. Suka pelayanan nya yg cepat, paling suka dengan kasir nya ramah, senyum terus, manis juga klo ndk salah nama nya ifa. Pokoknya the best lah",3 bulan lalu,5,5,5,Saoenk Cobek Perintis,Google Maps,2026-05-14 18:51:33
Ci9DQUlRQUNvZENodHljRjlvT214cGNFOXRZa1p2TjBSZlFXWktOVXhGY1cxa2NHYxAB,Fatma Irwan,5,"Deh tempat makan andalan keluargaku d sini, menu andalan ikan woku mantap ki tawwa, puas, pelayanan nya juga bgs, kasir nya juga ramah. Suka deh",3 bulan lalu,5,5,5,Saoenk Cobek Perintis,Google Maps,2026-05-14 18:51:33
Ci9DQUlRQUNvZENodHljRjlvT2pCME1UVnpkbFpQUkZGdmFWUnlZVWxCUW0xdmNWRRAB,Sukma Jaya,5,Pelayanan baik a/n daniel dna ifah,3 bulan lalu,5,5,5,Saoenk Cobek Perintis,Google Maps,2026-05-14 18:51:53
Ci9DQUlRQUNvZENodHljRjlvT210SGFtZFFVM1JhYlhsSmVtdzBSMGw2Tm5CbU4yYxAB,Rn Mimi,4,"Suasananya nyaman dan pelayanan baik,soal makanan enak hanya saja Ikan bakar bandeng kurang kering buat selera aku 🙂",3 bulan lalu,4,4,4,Saoenk Cobek Perintis,Google Maps,2026-05-14 18:51:53
Ci9DQUlRQUNvZENodHljRjlvT2xvMlFucFFkRkZrWlUxNldtUmtVeTExTmtNMVQxRRAB,Kartika Saridewi,3,"Mohon maaf, yg mengecewakan krna air di toiletnya berwarna kuning, sampe harus nahan pipis hingga acara selesai sama anak-anak krna gak kuat liat air di toilet nya, gak berpikir mo singgah lagi klo airnya belum diselesaikan..
Untuk rasa makanannya enak, recommended asal tdk ke toiletnya saja..",3 bulan lalu,4,2,3,Saoenk Cobek Perintis,Google Maps,2026-05-14 18:51:53
Ci9DQUlRQUNvZENodHljRjlvT2pkV1pXOU9jVk5RV1d4aVRrOXZNekpUTmpSaFdYYxAB,Lady Khii,5,"Pertama kali makan disini. Suka sekali suasananya yang sejuk, suara percikan air dari kolam bikin tenang, ikan-ikan yang berenang menambah sejuk suasana. Makanannya aman, enak, sesuai selera, porsi pas, cepat datang, pelayanannya ramah. Love love uat kakak Danil dan Kakak Vidya.",3 bulan lalu,5,5,5,Saoenk Cobek Perintis,Google Maps,2026-05-14 18:51:53
Ci9DQUlRQUNvZENodHljRjlvT2t4elpGZEtNMkZaZWtoU1JHZEVUMGROUzJkT2JXYxAB,Opi Midha Titania,5,"Pelayanan memuaskan, pelayan atas kak azam dan kak vidya",3 bulan lalu,5,5,5,Saoenk Cobek Perintis,Google Maps,2026-05-14 18:51:53
Ci9DQUlRQUNvZENodHljRjlvT2poVmJWTkNibGxEYW1rMU5GTjZRVk5mY0VZeE9WRRAB,sheny hawais,5,"Makanan enak, suasana enak, pelayanan baik",3 bulan lalu,5,5,5,Saoenk Cobek Perintis,Google Maps,2026-05-14 18:51:53
Ci9DQUlRQUNvZENodHljRjlvT2tab1UzaHFkM0kyZEdoeVUzZEJjV1ZPTTE5d1YxRRAB,Ai Qiyanti,5,Keren dan enak. Waiters atas nama Azam dan fidya keren dan baik. 🤗 …,3 bulan lalu,,,,Saoenk Cobek Perintis,Google Maps,2026-05-14 18:51:53
Ci9DQUlRQUNvZENodHljRjlvT2tRM1dsbHFjVVJ5UlUwNE1GUk5jMlp2T1VGaVprRRAB,Putri Ayu Ningrum,5,"Pelayanannya bagus sekali, makannya enak, ka ifa juga ramah sekali. Next balik lagi kesini💗 …",3 bulan lalu,,,,Saoenk Cobek Perintis,Google Maps,2026-05-14 18:51:53
Ci9DQUlRQUNvZENodHljRjlvT2xKMlZ6SkxkV3gwZW01Q1NuZDNaMFI2Y3pOdVdrRRAB,Ullah Safrullah,5,,3 bulan lalu,,,,Saoenk Cobek Perintis,Google Maps,2026-05-14 18:51:53
Ci9DQUlRQUNvZENodHljRjlvT2pSeU1GSXRhMDVrUkdoMk1IQXRiV2hDVDBOV1luYxAB,Andi Mallombasang,5,,3 bulan lalu,,,,Saoenk Cobek Perintis,Google Maps,2026-05-14 18:51:53
Ci9DQUlRQUNvZENodHljRjlvT2tSalNIQk1hSFZyZUdkVmRtaFNXa1p6ZFRJeFVWRRAB,Dwijayanti,3,"pesan udang telur asin, udang tdk dikupas. not recomended.

otak2 enak, yang lain biasa",3 bulan lalu,,,,Saoenk Cobek Perintis,Google Maps,2026-05-14 18:52:14
Ci9DQUlRQUNvZENodHljRjlvT21oRVpXTjJaVVZXTkROSE5HbDFXVWN5VTNkd2RVRRAB,andi miftahuddin,5,"Pelayanan atas nama fidya dan danil super nyaman, makanan enak, cepat tersaji dan lingkungan bersih",3 bulan lalu,5,5,4,Saoenk Cobek Perintis,Google Maps,2026-05-14 18:52:14
Ci9DQUlRQUNvZENodHljRjlvT25WaWJ6TndVbkI0UW5WM2IzZDNia2c0UkhJNGVuYxAB,Andi Ulhy,5,Makasih pelayanannya kak vidya🙂,3 bulan lalu,5,5,5,Saoenk Cobek Perintis,Google Maps,2026-05-14 18:52:14
Ci9DQUlRQUNvZENodHljRjlvT21FMVRsUm5RV1J4U1c5WlpERnFhV2xTWHkxM1VVRRAB,Fardi Arif,5,Semua bagus dan mantap,3 bulan lalu,5,5,5,Saoenk Cobek Perintis,Google Maps,2026-05-14 18:52:14
Ci9DQUlRQUNvZENodHljRjlvT2todVlubEtiMnRWUTJ0eVRHTjVlalEzV2psVmJVRRAB,nahdliyanti anti,5,Pelayanannya bagus kak vidya dan kak supriadi,3 bulan lalu,5,5,5,Saoenk Cobek Perintis,Google Maps,2026-05-14 18:52:14
Ci9DQUlRQUNvZENodHljRjlvT21WeVFtcEdiakE1Ykdnek5IZEhWMVJLUW13NVpXYxAB,Galuh Nastassja,5,"makanan enak, tempat cozy, fair price, staff ramah (fidya dan daniel)",3 bulan lalu,5,5,5,Saoenk Cobek Perintis,Google Maps,2026-05-14 18:52:14
Ci9DQUlRQUNvZENodHljRjlvT25wUmVWRmpZV2hIWTJwWU0zTmxTVkZDVjBWbk1VRRAB,Edi Suyuti,5,,3 bulan lalu,5,5,5,Saoenk Cobek Perintis,Google Maps,2026-05-14 18:52:14
Ci9DQUlRQUNvZENodHljRjlvT2pKUlowRm9UVEUzVURsUk5UQTJRWEptWWpoa04wRRAB,Sartika Puspitasari,5,Good mbak ifha,3 bulan lalu,5,5,5,Saoenk Cobek Perintis,Google Maps,2026-05-14 18:52:14
Ci9DQUlRQUNvZENodHljRjlvT2xvMlgxZE9kVkJtYmkxblZGQmlPQzFqU3pkRlUzYxAB,Andi We Tenri Batari,5,"Makanannya sangat rekomended, pelayanan dari kak ifa juga baikk besttt🫶🏻",3 bulan lalu,5,5,5,Saoenk Cobek Perintis,Google Maps,2026-05-14 18:52:14
Ci9DQUlRQUNvZENodHljRjlvT2pGWlgyNXJiRXBPWmtaeE5XdFVWRkE1VXpFMWRsRRAB,Putri Oktaviani,5,"Pelayanan supriadi dan kak vidya sangat baik, makasih",3 bulan lalu,4,5,4,Saoenk Cobek Perintis,Google Maps,2026-05-14 18:52:14
Ci9DQUlRQUNvZENodHljRjlvT25jd2FEaFNWRUUzV0RoaGVuWkRVVVJ1VVdOa1JYYxAB,PC PAFI SINJAI,5,Pelayanan sangat baik. Thank you Ifah.,3 bulan lalu,5,5,5,Saoenk Cobek Perintis,Google Maps,2026-05-14 18:52:34
Ci9DQUlRQUNvZENodHljRjlvT2tsd2R6UkdUREV5ZDBoclpIQllOVlpqVTJwM09VRRAB,Bregess Jii,5,,3 bulan lalu,5,4,5,Saoenk Cobek Perintis,Google Maps,2026-05-14 18:52:34
Ci9DQUlRQUNvZENodHljRjlvT2t0M1IybHVRMnA0YnpaMmVXZFVVMnRpWkhkdmJFRRAB,Hj. Sulaeha,1,"Mudah2an ini bisa jadi masukan,pelayanannya lambat padahal pada saat makan meja lain pada kosong,dan pesan udang telur asin,kulit udangnya nda dibuka,langsung digoreng dengan tepung",3 bulan lalu,,,,Saoenk Cobek Perintis,Google Maps,2026-05-14 18:52:34
Ci9DQUlRQUNvZENodHljRjlvT2pOaFZsSjBWamN0TjJaa2NGWldNM2hhVkVWWFRsRRAB,Yoseph Siagian,3,"Lumayan, tapi ta ada cobeknya🙈",3 bulan lalu,4,4,4,Saoenk Cobek Perintis,Google Maps,2026-05-14 18:52:34
Ci9DQUlRQUNvZENodHljRjlvT2psVlFqRTJlVEJPZGprMU5ubFplRGRLWDI5UVZIYxAB,Willy Ntelok,5,Bagus dan sejuk adem pelayanan nya ramah dan baik sopan,3 bulan lalu,5,5,5,Saoenk Cobek Perintis,Google Maps,2026-05-14 18:52:34
Ci9DQUlRQUNvZENodHljRjlvT2xJd2NrcE5jSFpJWWtkdFIyMUhaekpmUlRWQ2RVRRAB,Arifa Kurbaniya,5,Pelayanan sangat ramah apalagi serves atas nama alfaris,3 bulan lalu,5,5,5,Saoenk Cobek Perintis,Google Maps,2026-05-14 18:52:34
Ci9DQUlRQUNvZENodHljRjlvT2xCRFgwcDRMV2hMTmtSeU5WYzNOR05UZGpSWlJXYxAB,Sartika Siburian,5,"Makanan nya enak sekaliiii, karyawan nya baik sekali
Saya suka di saoenk cobek perintis
Bawa anak anak juga asik karna ada kolam ikan hias",3 bulan lalu,5,5,5,Saoenk Cobek Perintis,Google Maps,2026-05-14 18:52:34
Ci9DQUlRQUNvZENodHljRjlvT2xCQlNuVkxiV3h3VjFCM01URXdPVmd4WXkxWWJHYxAB,Andi Nurhawaidah,5,Alfaris dengan pelayanan yg baik dan ramah,3 bulan lalu,4,5,5,Saoenk Cobek Perintis,Google Maps,2026-05-14 18:52:34
Ci9DQUlRQUNvZENodHljRjlvT21KVloyaE5SbDlNT0ROM2IwbHdWM1pOTlhOVVNVRRAB,boysboys Bbb,5,drih pnyambutan bgus pluan rahmah dan dirahkan ke kaseboh untuk ddk top plnyanan supriadi,3 bulan lalu,5,5,5,Saoenk Cobek Perintis,Google Maps,2026-05-14 18:52:34
Ci9DQUlRQUNvZENodHljRjlvT21oVFRsVkNTMUJMTVZOTVQzVmtNR0phVTI5R09FRRAB,Nataniel Nataniel,5,,3 bulan lalu,5,5,5,Saoenk Cobek Perintis,Google Maps,2026-05-14 18:52:34
Ci9DQUlRQUNvZENodHljRjlvT25WTlEwZHNlbFF6YVVkTlVHOUtiVzFVTW0xUmRWRRAB,Ekawati Ibrahim Saleh,5,,4 bulan lalu,5,5,5,Saoenk Cobek Perintis,Google Maps,2026-05-14 18:52:54
Ci9DQUlRQUNvZENodHljRjlvT2t4MlNrNXhXalZ2VW5kM1lVaHNVbU4yUm1Kd1NIYxAB,Korian Isa,5,,4 bulan lalu,4,4,4,Saoenk Cobek Perintis,Google Maps,2026-05-14 18:52:54
Ci9DQUlRQUNvZENodHljRjlvT2xveFEwRnlPWEpLV1VWVE5TMUdXV1ppTTNJMk1GRRAB,Najiah Afifah,5,,4 bulan lalu,5,5,5,Saoenk Cobek Perintis,Google Maps,2026-05-14 18:52:54
Ci9DQUlRQUNvZENodHljRjlvT2xVeWMydFhhMEZFTTA1NGVVSXlOR2Q2ZGpjeFFrRRAB,naim syaputrasb,4,,4 bulan lalu,,,,Saoenk Cobek Perintis,Google Maps,2026-05-14 18:52:54
Ci9DQUlRQUNvZENodHljRjlvT21jemRFNXRVMEUzV21kQ2FWTTViVjl6TWpKWVpHYxAB,Azrawaty Azis,5,,4 bulan lalu,5,5,5,Saoenk Cobek Perintis,Google Maps,2026-05-14 18:52:54
Ci9DQUlRQUNvZENodHljRjlvT25RNGNsTXRWbFZhVGpSTWRHVlBWMEZPVkdNM1RrRRAB,Devia Purnamasari,5,"Menu makanannya  lebih enak disini di bandingkan cabang yg lain
Apa lagi kakap masak woku dan buncis telur asin selalu bikin nagih untuk balik lagi kesini🥰",4 bulan lalu,5,5,5,Saoenk Cobek Perintis,Google Maps,2026-05-14 18:52:54
Ci9DQUlRQUNvZENodHljRjlvT2xjemIybEhTSGxPVmtwcWR6TXpOamsyYUVOdVIyYxAB,Fathimah Az zahra,5,,4 bulan lalu,5,5,5,Saoenk Cobek Perintis,Google Maps,2026-05-14 18:52:54
Ci9DQUlRQUNvZENodHljRjlvT2pkSlJrcEZMWE5UYTFaM2QxYzVNRGhNVGt4S1ZuYxAB,ARIADY ARSAL,1,"Saya makan di Saunk Cobek Perintis Makassar bersama, niatnya makan siang yg nyaman bersama tim sekalian rapt. Sayangnya saat pesanan tiba tidak sesuai, makanan tidak enak, porsi nasi terlalu dipaksakan jumbo, ayakm potongan terlalu besar, tidak enak lagi. Sayur asam, isinya hanya kuah yg banyak, isi sayurnya sangat sedikit. Sayang tempat yang bagus tidak sesuai dengan kayanan. Pas bayar-harganya sangat tidak wajar. Sangat banyak restoran lain yang jauh lebih enak dan nyaman. Saya tidak rekomendasikan untuk makan ditempat ini",4 bulan lalu,,,,Saoenk Cobek Perintis,Google Maps,2026-05-14 18:52:54
Ci9DQUlRQUNvZENodHljRjlvT21JdFZVNXlkM3BOVms4eVoybHFaSEp3YjNnNFRIYxAB,chelo claudya,5,,4 bulan lalu,,,,Saoenk Cobek Perintis,Google Maps,2026-05-14 18:52:54
Ci9DQUlRQUNvZENodHljRjlvT2twdk5HbE1Va3BZZGpSSWVIazNlSEk1TFZwMmFYYxAB,Firman Juang,5,Bagus utk acara keluarga besar ruangannya bagus suasana mendukung,4 bulan lalu,4,5,4,Saoenk Cobek Perintis,Google Maps,2026-05-14 18:52:54
Ci9DQUlRQUNvZENodHljRjlvT21keFUwNUthbVp3VkhCV1pFdEllbmxZUTFGSVMxRRAB,SEKATA Creative,5,"Pelayanan sangat bagus dan makanannya enak..

Daniel",4 bulan lalu,5,5,5,Saoenk Cobek Perintis,Google Maps,2026-05-14 18:53:15
Ci9DQUlRQUNvZENodHljRjlvT21GbFRIZEtWRUZFUmtGWmJubERXWEkwT1Zsc01rRRAB,Iskandar Zulkarnaen,5,Tempat yg cukup bagus untuk makan bersama keluarga,4 bulan lalu,,,,Saoenk Cobek Perintis,Google Maps,2026-05-14 18:53:15
Ci9DQUlRQUNvZENodHljRjlvT21WTGNVdHNSbEpqY0dWclJEVk1jbkZHTjI1TmMwRRAB,Munira Moon,1,"Pelayanan lama, pengunjung menunggu lama namun tidak dihampiri",4 bulan lalu,,,,Saoenk Cobek Perintis,Google Maps,2026-05-14 18:53:15
Ci9DQUlRQUNvZENodHljRjlvT2pGcVRHbzBTbTgyY1ZSTmNVUXplbE40V1Y4MlJYYxAB,Andi Mardaya,5,,4 bulan lalu,5,5,5,Saoenk Cobek Perintis,Google Maps,2026-05-14 18:53:15
Ci9DQUlRQUNvZENodHljRjlvT2xGYVVIbFVMVVJQTm1wMVRscFBVVlJyZUVWMFFtYxAB,Helmy Maulawi,5,tempat sejuk dan suasananya nyaman,4 bulan lalu,5,5,5,Saoenk Cobek Perintis,Google Maps,2026-05-14 18:53:15
Ci9DQUlRQUNvZENodHljRjlvT25kb1NtODJOMlJXTFMxSGJEaGlPVkZKTW5CRExYYxAB,Ahmad Shidiq Baihaqi,5,Makanann enaakk worth itt,4 bulan lalu,5,5,5,Saoenk Cobek Perintis,Google Maps,2026-05-14 18:53:15
Ci9DQUlRQUNvZENodHljRjlvT2sxTk0wWjVNRWQ0U2xkbVpYQmlSekZDY2xGNlZFRRAB,Uwais Al Qarni,5,,4 bulan lalu,5,5,5,Saoenk Cobek Perintis,Google Maps,2026-05-14 18:53:15
Ci9DQUlRQUNvZENodHljRjlvT2sxNlUwTTRWVFZ2UTI1WFIycG1OMUI1VkUxNWVsRRAB,Dewi Rospianti,5,"Pelayanan sangat bagus,, tempatnya luas, ada indoor dan outdoornya, trus ada gazebonya juga.. untuk hindangannya sangat enak,, cocok buat acara arisan yang rame2,, bisa request sound utk karaoke jg",4 bulan lalu,5,5,5,Saoenk Cobek Perintis,Google Maps,2026-05-14 18:53:15
Ci9DQUlRQUNvZENodHljRjlvT2sxT1kyeG1SV2RhUzJWblNuUmFWbGhETFRaUlRtYxAB,DzW Corporation,5,wc dan toilet di perbaiki pada saat hujan begini mepet,4 bulan lalu,5,5,3,Saoenk Cobek Perintis,Google Maps,2026-05-14 18:53:15
Ci9DQUlRQUNvZENodHljRjlvT2pkakxXOWpabk5QVERkMmFEZFBWRGgwZDBaaVJuYxAB,Rahmat Syahrir,5,,5 bulan lalu,,,,Saoenk Cobek Perintis,Google Maps,2026-05-14 18:53:15
Ci9DQUlRQUNvZENodHljRjlvT2xSQ05uQnZXVk55VkVkNGJucHNRazlFTjNkUVVVRRAB,Rezki Nurhandayani,5,Bagus tempatnya. Makanannya juga lumayan,5 bulan lalu,5,,,Saoenk Cobek Perintis,Google Maps,2026-05-14 18:53:35
Ci9DQUlRQUNvZENodHljRjlvT2tJMFNYTmtiVXh4VTJ0aVltNWtTM2hNTldsalFrRRAB,Wulan Purnamasari,5,"Tempat sangat nyaman dan luas, makanan juga enak, ikan bakarnya segar dan sambel parapenya enak, anak² bisa makan, pelayannya juga baik
Harga sesuai
Porsi besar",5 bulan lalu,5,5,5,Saoenk Cobek Perintis,Google Maps,2026-05-14 18:53:35
Ci9DQUlRQUNvZENodHljRjlvT2t0UVNUUlFSRzQzZVRaUWFWZFVhMDFHUzFWaE9YYxAB,Ismi Ariani,5,supriadi plyan matap,5 bulan lalu,5,5,5,Saoenk Cobek Perintis,Google Maps,2026-05-14 18:53:35
Ci9DQUlRQUNvZENodHljRjlvT2xaQlEzcGhTemRaVTAxeFluUm5la2M0VFU1alUyYxAB,Nursanti Bulango,5,Baik,5 bulan lalu,5,5,5,Saoenk Cobek Perintis,Google Maps,2026-05-14 18:53:35
Ci9DQUlRQUNvZENodHljRjlvT2pob2VpMWlUelpqYUdKTFZsOHRWbkpVU0c1QldIYxAB,aputri rasyid,5,,5 bulan lalu,,,,Saoenk Cobek Perintis,Google Maps,2026-05-14 18:53:35
Ci9DQUlRQUNvZENodHljRjlvT201SlRrUm1OMjVsV0dGdVRFdFFla3d5U3poZmJGRRAB,Yuliani Hafizh,5,Suasananya enak makanannya juga lumayan sih walaupun kurang garam aja sayur sop-nya,5 bulan lalu,4,4,5,Saoenk Cobek Perintis,Google Maps,2026-05-14 18:53:35
Ci9DQUlRQUNvZENodHljRjlvT2sxeGVITlNObFkxVFhFeFgyNHlTVTl5WTA5R1ZtYxAB,Ahmad Pergiawan,5,"mantap, pelngganya ramah,",5 bulan lalu,5,5,5,Saoenk Cobek Perintis,Google Maps,2026-05-14 18:53:35
Ci9DQUlRQUNvZENodHljRjlvT25kd1EzTnViRWxoVDBkRU9FWm5aRU5hYzFFMGRFRRAB,Zaifah Firayanti,5,makanan enak dan terjangkau,5 bulan lalu,5,5,5,Saoenk Cobek Perintis,Google Maps,2026-05-14 18:53:35
Ci9DQUlRQUNvZENodHljRjlvT2tseU9YQkhhWGhQYzBsek4yOXZNbUpDUkVScVVHYxAB,Saka Castano,5,"pelayanankak  sinta dan kak dewi bagus, ramah, sopan, makanannya sangat enak dan tempatnya bersih dan estetik",5 bulan lalu,5,5,5,Saoenk Cobek Perintis,Google Maps,2026-05-14 18:53:35
Ci9DQUlRQUNvZENodHljRjlvT25VMldVMVBla1pyWlhWNU5VUnFUSEV0U1hoelgzYxAB,Yusuf Faisal,5,,5 bulan lalu,5,5,5,Saoenk Cobek Perintis,Google Maps,2026-05-14 18:53:35
Ci9DQUlRQUNvZENodHljRjlvT21ZMVpIWTVRMDFzYTJvdFptZG1ibGhYUTJRMlVFRRAB,Cite Uni,5,Enak,5 bulan lalu,5,5,5,Saoenk Cobek Perintis,Google Maps,2026-05-14 18:53:56
Ci9DQUlRQUNvZENodHljRjlvT2xsdU0wbERaSGhFU0Zac2JIZE1OV2RtWWtaSGQxRRAB,RJ Arje,5,"Dekat dengan Unhas. Halaman parkir luas. Semua tipe ruangan terbuka. Ada yang duduk di kursi. Ada juga yang lesehan. Semua ada kipas anginnya. Layanan ramah. Ikan aneka rupa, cumi, dan udang; dan tinggal pilih. Semuanya segar. Aneka masakan: pedas dan manis. Tidak lama semua masakan terhidang cepat. Rasanya? Endol surendol... enakkk. Toiletnya cukup bersih. Ada mushola juga.",5 bulan lalu,5,5,4,Saoenk Cobek Perintis,Google Maps,2026-05-14 18:53:56
Ci9DQUlRQUNvZENodHljRjlvT21GMkxWSk1RMUJ1UzAxT2RrbHliRlJvT0VOd1RsRRAB,Nurwati Japar,5,"Makannya enak
Dilla",5 bulan lalu,5,5,5,Saoenk Cobek Perintis,Google Maps,2026-05-14 18:53:56
Ci9DQUlRQUNvZENodHljRjlvT2prMGMwNTVOalUwTjFOYVIxWkRiVGRRUVVaa1dGRRAB,Dina Vitri,5,Enak semua klo bisa voucher nya ditambah,5 bulan lalu,5,5,5,Saoenk Cobek Perintis,Google Maps,2026-05-14 18:53:56
Ci9DQUlRQUNvZENodHljRjlvT25KR2RYWlVRMFJUV1ROMGVETnNaMFpyWjBGclVYYxAB,Khafifah Indri,5,,5 bulan lalu,5,5,5,Saoenk Cobek Perintis,Google Maps,2026-05-14 18:53:56
Ci9DQUlRQUNvZENodHljRjlvT2sxaVIzVmtjREV3UjJaTlNDMWhSWEJrTkRFM01tYxAB,Fitrah Hayati,5,Enak,5 bulan lalu,5,5,5,Saoenk Cobek Perintis,Google Maps,2026-05-14 18:53:56
Ci9DQUlRQUNvZENodHljRjlvT2tscFpUZHVXbHB6WjFoMFJHaGxlSGwzT0hKNFVVRRAB,Aryunnisaa,5,"Ke sini healing makan enak sambil lihat ikan. Secara keseluruhan makanannya enak, rasa pas dan waktu tunggunya tidak lama dan tidak berasa karena bisa  lihat2 kolam dan kasih makan ikan ☺ harga tergolong terjangkau utk resto yg menawarkan suasana yg seperti ini. Di setiap gazebo disediakan kipas angin dan juga perangkap nyamuk (ini penting sekali, krn restonya outdoor). Pengunjung juga boleh bawa kue ulang tahun kalau memang mau merayakan ultah di sini. Apalagi skrg ada programnya disc 15% dan free ayam bawang putih utk yg berulang tahun. Insyaa Allah akan jadi pilihan bagi keluarga utk makan bersama ☺🥰❤‍🔥🙏🏻",5 bulan lalu,5,5,5,Saoenk Cobek Perintis,Google Maps,2026-05-14 18:53:56
Ci9DQUlRQUNvZENodHljRjlvT20welduUm9MWEZHZDFaemFFVkxObE5CV0U1WFkyYxAB,Mika Pawara,5,Enak semua,5 bulan lalu,5,5,5,Saoenk Cobek Perintis,Google Maps,2026-05-14 18:53:56
Ci9DQUlRQUNvZENodHljRjlvT2twYVNtbElXRVZ3YlVRdGEwdHVWVGxwUVhKYWIzYxAB,rama Pauallo,5,Semua enak cuma ad satu ikan bakar kurang segar,5 bulan lalu,5,5,5,Saoenk Cobek Perintis,Google Maps,2026-05-14 18:53:56
Ci9DQUlRQUNvZENodHljRjlvT2tSTWNscE1Wek4xTm5ONGFUa3RlR1J3VG05WmFVRRAB,Daeng Raja',5,Aku mencintaimu sepenuhnya,5 bulan lalu,5,5,5,Saoenk Cobek Perintis,Google Maps,2026-05-14 18:53:56
Ci9DQUlRQUNvZENodHljRjlvT20xcFVFMVVPV3hNYzJSdmMyeFhSekZCWldaR2RtYxAB,Andi Rifqie31,1,Sementara makan lampux mati..tp pelayanx pada cuek😏,5 bulan lalu,3,1,3,Saoenk Cobek Perintis,Google Maps,2026-05-14 18:54:16
Ci9DQUlRQUNvZENodHljRjlvT2paeGEyMVFiMFZ1UlhjNVR6azBSbkl6UVZBeE1rRRAB,Anugrah lestari,1,baguss enak recommend,5 bulan lalu,5,5,5,Saoenk Cobek Perintis,Google Maps,2026-05-14 18:54:16
Ci9DQUlRQUNvZENodHljRjlvT2xSUU1qWmtTVW96UkcxTGFsTnpOMUJXUWxZNFlXYxAB,AR 1101,5,"Enak banget, makanannya enak, pelayanan cepat, rekomended deh pokoknya",5 bulan lalu,5,5,5,Saoenk Cobek Perintis,Google Maps,2026-05-14 18:54:16
Ci9DQUlRQUNvZENodHljRjlvT2xkeFJGOWhjSEF6TmxCellWbHNkRzQ1T0dGSE5IYxAB,Hidup baru Ok,5,Tempatnya Asri Bersih pelayanan cepat prgawai ramah parkiran luas sangat nyaman untuk santai bersama keluarga,5 bulan lalu,4,5,5,Saoenk Cobek Perintis,Google Maps,2026-05-14 18:54:16
Ci9DQUlRQUNvZENodHljRjlvT2xKV01scHhZVWRXZUhVeFNUbFBWRVo2WVVSZlFVRRAB,Akun Hp,5,,6 bulan lalu,5,5,5,Saoenk Cobek Perintis,Google Maps,2026-05-14 18:54:16
Ci9DQUlRQUNvZENodHljRjlvT25BeU0zUmxTM0ZCVEdwTVIwOHRTVWRNT1ZoaVVHYxAB,Ontiti Ontiti,1,"Ayam digoreng dengan minyak yang sudah tidak layak, ayam digoreng beserta bulu ayamnya. Pelayanan yang sangattt burukkkkk!!!!",Diedit 6 bulan lalu,1,1,2,Saoenk Cobek Perintis,Google Maps,2026-05-14 18:54:16
Ci9DQUlRQUNvZENodHljRjlvT2tSYWVESkRNWEpqTm5wRGFGOWxTRmhuV2sxNVQxRRAB,Silatuirahmi Ira,5,Pelayanan sangat ramah @whyne,6 bulan lalu,5,5,5,Saoenk Cobek Perintis,Google Maps,2026-05-14 18:54:16
Ci9DQUlRQUNvZENodHljRjlvT2tsYU0wTkxkV3RtZFZnemNIUnBVbk4wWkRaNFpVRRAB,Andi ira Wtp,5,Pelayanan sangat ramah@whyne,6 bulan lalu,5,5,5,Saoenk Cobek Perintis,Google Maps,2026-05-14 18:54:16
Ci9DQUlRQUNvZENodHljRjlvT2kxNU9WVlVhM0J0ZHpGMFdVOU1XWE5DUzJzMmQxRRAB,Muh Ikhsan Rizaldi,5,"Enak buat makan keluarga, makanan cukup oke, harga lumayan terjangkau, ada kolam untuk liat ikan koi, ada kipas dan lampu jdi aman aja harusnya",6 bulan lalu,5,5,5,Saoenk Cobek Perintis,Google Maps,2026-05-14 18:54:16
Ci9DQUlRQUNvZENodHljRjlvT2tKU1FUaHlibGxFVm5ReFVuUk1iM1l3TjBsS05tYxAB,Nasruddin DL,5,"Tempat yg bagus untuk makan sambil menikmati ikan di kolamnya... pelayanan cukup baik dari para pelayannya..
Tersedia tempat parkir dan ruang shalat yang memadai.. saran agar pelayan menggunakan seragam khusus agar beda dengan pengunjung. Tks",6 bulan lalu,5,5,4,Saoenk Cobek Perintis,Google Maps,2026-05-14 18:54:16
Ci9DQUlRQUNvZENodHljRjlvT2pNM1N6ZEpMWEJTT1daeVpDMVNRM2RtZFhKNmMwRRAB,ady sambara,5,"Terimakasih, Makanan dan layanannya juga memuaskan. Dapat Discount Ulang tahun lagi krn kami rayakan ulang tahun anak disini.",6 bulan lalu,5,5,5,Saoenk Cobek Perintis,Google Maps,2026-05-14 18:54:37
Ci9DQUlRQUNvZENodHljRjlvT2taTk1HeGlXbGh0VWt0ck9GZHVYMUI0ZEcxallXYxAB,Dewi Mustika Rahman,5,Menunya rasanya enak sekali.,6 bulan lalu,5,5,5,Saoenk Cobek Perintis,Google Maps,2026-05-14 18:54:37
Ci9DQUlRQUNvZENodHljRjlvT2tGTVUwNHhSVGxVUVhGdWNWQjNTbXh4YlRGRWJuYxAB,Dewangga Alfarani,5,,6 bulan lalu,5,5,5,Saoenk Cobek Perintis,Google Maps,2026-05-14 18:54:37
Ci9DQUlRQUNvZENodHljRjlvT21WT2RWRnFiV1I0YnpGNVgyMUpibmhQWm1ScFNWRRAB,Alif,2,,6 bulan lalu,2,1,4,Saoenk Cobek Perintis,Google Maps,2026-05-14 18:54:37
Ci9DQUlRQUNvZENodHljRjlvT2xJNVkwVmtPRzVwZVVzMVlWUXpXVXhZWkRRelNYYxAB,ELLA ROSELLA,5,Mantap,6 bulan lalu,5,5,5,Saoenk Cobek Perintis,Google Maps,2026-05-14 18:54:37
Ci9DQUlRQUNvZENodHljRjlvT2sxUlQwVmpiRGRJTldNMWFXZzNNVUZHYzJWa2NHYxAB,Nur irzal saputra,5,"makanannya enak,layanannya juga baik dan susananya sangat baik",6 bulan lalu,5,5,5,Saoenk Cobek Perintis,Google Maps,2026-05-14 18:54:37
Ci9DQUlRQUNvZENodHljRjlvT2xndGJEWktNM2d0UW10TE9HUlJNbXRETjFGbkxWRRAB,kasman bakry,5,,6 bulan lalu,5,5,5,Saoenk Cobek Perintis,Google Maps,2026-05-14 18:54:37
Ci9DQUlRQUNvZENodHljRjlvT25jMlJVOTJORlV3TTBGd2QzZHZibmszY2xWVWVIYxAB,Rezzz,5,enak makanan nyaaa,6 bulan lalu,5,5,5,Saoenk Cobek Perintis,Google Maps,2026-05-14 18:54:37
Ci9DQUlRQUNvZENodHljRjlvT2pORVZIbGZiRFZ0ZGtoNlprczFRa1pTVm1GaGNHYxAB,rizki fauziya,5,,6 bulan lalu,5,5,5,Saoenk Cobek Perintis,Google Maps,2026-05-14 18:54:37
Ci9DQUlRQUNvZENodHljRjlvT21aUlIyNWhjV1pGVFVsWGRYZ3RjamRUYVZvMVFYYxAB,Amell 266,5,"Suasana mendukung bnget buat makan bareng kluarga, pelayanan yg sangat ramah, menu makanannya enak enak, trutama Udang saos Padang favorite bnget",6 bulan lalu,5,5,5,Saoenk Cobek Perintis,Google Maps,2026-05-14 18:54:37
Ci9DQUlRQUNvZENodHljRjlvT2pKVVZrOXpXazl0U1VObk5FVlhTUzA0TUZCeFpWRRAB,Benazir Wafiek Siddik,5,"Tempat yang tepat untuk menikmati makan malam dengan suasana adem dan refreshing melihat ikan-ikan dikolam. Pelayanan sangat baik, sekali bell langsung datang, meja dibersihkan lebih dahulu. Untuk makanan, sengaja tidak pesan woku karena woku biasanya berkuah pedas tapi ternyata kuah pallumaranya juga pedas karena banyak lombok bijinya yang meletus jadi tidak bisa dimakan sama suami dan anak-anak, ikan bakar parapenya enak dan udang asam manis juga enak. Untuk harga lumayan pricey untuk ukuran ikan yang dianggap XL namun ukuran tidak begitu besar. But Thank you for the services. Terima kasih untuk Daniel atas keramahan dan gercep melayani kami.",6 bulan lalu,4,5,5,Saoenk Cobek Perintis,Google Maps,2026-05-14 18:54:57
Ci9DQUlRQUNvZENodHljRjlvT2xWVWJWTk9lVjlOUzA5Q0xXOVBjM2Q0ZW5wRFRVRRAB,Doniji Dom,5,Enak,6 bulan lalu,5,5,5,Saoenk Cobek Perintis,Google Maps,2026-05-14 18:54:57
Ci9DQUlRQUNvZENodHljRjlvT25aMGEyMVNVMDFhVlZGelZEQklZVEF3WkdWeWRsRRAB,Jihan Aulia yusuf,5,,6 bulan lalu,5,5,5,Saoenk Cobek Perintis,Google Maps,2026-05-14 18:54:57
Ci9DQUlRQUNvZENodHljRjlvT21WalJGRkVkbTFGYjJ4a2NIZ3RNMWhrYnpKZldVRRAB,Sitti nur Fajriah,5,waiters ramah (Daniel),6 bulan lalu,5,5,5,Saoenk Cobek Perintis,Google Maps,2026-05-14 18:54:57
Ci9DQUlRQUNvZENodHljRjlvT25RM1UzSmpZbWxOZERKU1NHcFVSRXRaTFd4dFEyYxAB,Herman Satya,5,Mantap,6 bulan lalu,,,,Saoenk Cobek Perintis,Google Maps,2026-05-14 18:54:57
Ci9DQUlRQUNvZENodHljRjlvT2xsSVRrRXdZVXN6U1d4dmNYaFFibFF3U2psWWJsRRAB,Maulana Rezi,5,Enak dan rekomen.,6 bulan lalu,5,5,5,Saoenk Cobek Perintis,Google Maps,2026-05-14 18:54:57
Ci9DQUlRQUNvZENodHljRjlvT2twWmJEQnBNemgxWWpsNldHTXhkMk41YlRkMFJFRRAB,Faizan Farzani,1,,7 bulan lalu,1,1,1,Saoenk Cobek Perintis,Google Maps,2026-05-14 18:54:57
Ci9DQUlRQUNvZENodHljRjlvT25GQ2FsTnhNMW95UVZVMlVtVmZjekZyWXpSbFlXYxAB,Rezky Nurmuqtadir,5,"Suasana sangat nyaman, tempatnya juga bersih dan sangatt direkomendasikan buatt kumpul kluarga ataupun acara2 kluaraga🩷 pelayanan sangat memuaskan dan melayani dengan ramah oleh kak vita🩷🩷",7 bulan lalu,5,5,5,Saoenk Cobek Perintis,Google Maps,2026-05-14 18:54:57
Ci9DQUlRQUNvZENodHljRjlvT2tGNVJtMUtaM2hTU2s1eGVpMW5WRVpGTTNaU1NIYxAB,Yusriani yus,5,Makannya enak,7 bulan lalu,5,5,5,Saoenk Cobek Perintis,Google Maps,2026-05-14 18:54:57
Ci9DQUlRQUNvZENodHljRjlvT25Sc2EyWm5TVTFhWjFGdFExazFlWFp3YzNCSU5HYxAB,Muh Faruq,5,,7 bulan lalu,5,5,5,Saoenk Cobek Perintis,Google Maps,2026-05-14 18:54:57
Ci9DQUlRQUNvZENodHljRjlvT25FdFEyZEdUWFZ1UTJsME5WVlRXbmM0YTBGT09WRRAB,SYAHRAN SATRIA RAMADHAN,5,,7 bulan lalu,5,5,5,Saoenk Cobek Perintis,Google Maps,2026-05-14 18:55:18
Ci9DQUlRQUNvZENodHljRjlvT2pWaFgweGxaVVZKYWpVdGRXZENNMDlzWjNWS1psRRAB,۸۸_ محمد نور أدزان,5,,7 bulan lalu,,,,Saoenk Cobek Perintis,Google Maps,2026-05-14 18:55:18
Ci9DQUlRQUNvZENodHljRjlvT20xWFRGZDJOV04yV25wTGFGTTFTMjFCYlU5Q2RYYxAB,Irma Rafida,5,"Makannya enak pelayannya cepat
Makasih KA Vita",7 bulan lalu,5,5,5,Saoenk Cobek Perintis,Google Maps,2026-05-14 18:55:18
Ci9DQUlRQUNvZENodHljRjlvT2xsc1FVTkNOM05tVkVOdVZIUkRiM0pUVFZOb1ZWRRAB,syekar amri,5,"Terimakasih Vita 🙂 tempatnya bersih makanan enak cepat kluar dan cocok buat acara"" kumpul keluarga",7 bulan lalu,5,5,5,Saoenk Cobek Perintis,Google Maps,2026-05-14 18:55:18
Ci9DQUlRQUNvZENodHljRjlvT214UGExOXZUWGxhYUROa1MwaEZVa3hZTXpOaWJsRRAB,Hj Hasna,5,"terimakasih plyananya vita,semua makanan di sini enak cocok dtg beramai""",7 bulan lalu,5,5,5,Saoenk Cobek Perintis,Google Maps,2026-05-14 18:55:18
Ci9DQUlRQUNvZENodHljRjlvT2taYU5WWjNlVVZaTm01VWFXdEJPR3N6Y1hkWVdHYxAB,Azisah Satriani,2,"Kecewa dengan management resto nya. Kami sudah reservasi 4 hari sebelumnya ruangan VIP ber-AC untuk salah satu acara. Kontak yang dihubungi sudah acc. Tapi hari-H kami ditempatkan di cafe ber-AC yang ditempati perokok dan bukan tempat ber AC yang kami inginkan karena tempat ber AC itu sudah dipesan orang lain. Tidak ada pemberitahuan sebelumnya, dan kami baru diinfokan di hari H, benar-benar mengecewakan pelanggan. Seharusnya, bila ruangan yang kami inginkan sudah dipakai berilah kami tawaran untuk di daerah luar yang bergazebo atau tanyakan kesediaan kami terlebih dahulu untuk lokasinya. Tentunya kami merasa lebih dihargai bila seperti itu, jangan mengambil keputusan sendiri seakan-akan kalian tim manajemen resto yang punya acara. Kalau saya tau lokasinya seperti ini saya akan pindah lah, sayangnya undangan sudah tersebar, untung makanannya tidak memalukan. Kami sudah cukup kecewa",7 bulan lalu,3,2,4,Saoenk Cobek Perintis,Google Maps,2026-05-14 18:55:18
Ci9DQUlRQUNvZENodHljRjlvT2xSZlVVeFFkMkUyZVRJemVrZEtkbUpMTjIwMFJVRRAB,Kurooo,4,"Salah satu cabang restoran saoenk cobek di Makassar, terletak di pinggir jalan perintis dekat universitas dipa. Tempat makan cukup luas, dengan beberapa saung yang bisa di book. Tersedia ruangan ber ac juga, berkunjung saat makan siang makan di saung cukup sejuk. Pilihan makanan cukup variatif tersedia olahan ayam dan seafood. Harga sebanding dengan rasa, rasa cukup enak. Tempat parkir cukup luas, rekomendasi bawa keluarga maupun bersama teman. Ada fasilitas memberi makan ikan untuk anak-anak.",7 bulan lalu,4,5,5,Saoenk Cobek Perintis,Google Maps,2026-05-14 18:55:18
Ci9DQUlRQUNvZENodHljRjlvT2xaUGVWaFlUSHB5VFVwQ1NXUllVV1JIUzJkNE1sRRAB,Syarif Hidayat,5,,7 bulan lalu,5,5,5,Saoenk Cobek Perintis,Google Maps,2026-05-14 18:55:18
Ci9DQUlRQUNvZENodHljRjlvT25CQlRqZElOalJ3YTFkTFpqaExTMUpxTVVzNE5tYxAB,Mj Ranger,1,"Terlalu lama makanan jadi, tidak cocok dikunjungi dalam keadaan lapar.",7 bulan lalu,3,1,4,Saoenk Cobek Perintis,Google Maps,2026-05-14 18:55:18
Ci9DQUlRQUNvZENodHljRjlvT2paQmVYSlNhMUU0T0hWdlRIUjZOVmxaVDJ4WWJIYxAB,Nhenk Smile,1,Lama amat makanannya yg lapar jangan coba2 ke sini,7 bulan lalu,,,,Saoenk Cobek Perintis,Google Maps,2026-05-14 18:55:18
Ci9DQUlRQUNvZENodHljRjlvT25WdldrZDJSWFZmTkdGa1pUQm1UbGhCUTFSR1ozYxAB,Romantic Parau_99,3,"Tempat oke bagus luas, namun perlu diliat lagi detail kebersihan nya, dan kualitas makanannya yg rasanya menurut saya biasa saja, thanks",7 bulan lalu,2,4,5,Saoenk Cobek Perintis,Google Maps,2026-05-14 18:55:38
Ci9DQUlRQUNvZENodHljRjlvT2pSTlIwNVhTVkpxY25NeVEweHRVbEV3UjFveExVRRAB,Adilah Nasyifah,1,,7 bulan lalu,1,1,1,Saoenk Cobek Perintis,Google Maps,2026-05-14 18:55:38
Ci9DQUlRQUNvZENodHljRjlvT2sxVGJESkhlbE56V0hSMFgxWnFZV2R0VG5NMlZGRRAB,Oktovianus Adynugraha Putra,1,Pelayanan lama,7 bulan lalu,1,1,1,Saoenk Cobek Perintis,Google Maps,2026-05-14 18:55:38
Ci9DQUlRQUNvZENodHljRjlvT25oNk1HVldWalJyVWxWWWVreFRURUpXVEhCaWVrRRAB,Zulkifli Daeng,5,,7 bulan lalu,,,,Saoenk Cobek Perintis,Google Maps,2026-05-14 18:55:38
Ci9DQUlRQUNvZENodHljRjlvT2pKdmFXcGFORGRVTFRKTE5rWmFRWGxRVmxwNExVRRAB,Nur Anggraeni Aprilianti,5,"makanannya enak enak, susana nya juga nyaman  cocok untuk makan bersama keluarga, dapat pelayanan yang ramah juga dari fitri",7 bulan lalu,4,5,5,Saoenk Cobek Perintis,Google Maps,2026-05-14 18:55:38
Ci9DQUlRQUNvZENodHljRjlvT21rM2JXNXRSWG81TFc5MVNqaEVTRzgyTWpaNWIxRRAB,Jhon Kennedy,5,Apakah yang terbaik?,7 bulan lalu,5,5,5,Saoenk Cobek Perintis,Google Maps,2026-05-14 18:55:38
Ci9DQUlRQUNvZENodHljRjlvT25KcVRuQnphVkpxTFdOd2IwMTRUemRXTW1oamFuYxAB,anneke khong,5,"Nyamuk banyak
Pelayanan ok",7 bulan lalu,5,5,5,Saoenk Cobek Perintis,Google Maps,2026-05-14 18:55:38
Ci9DQUlRQUNvZENodHljRjlvT2xRelIzVnNaa1UxUTBaWGVISkJVRk5PUkVKWU5rRRAB,Anthon Parrangan,5,"Pelayana ramah makannya tidak lama menunggu
Supriadi",7 bulan lalu,5,5,5,Saoenk Cobek Perintis,Google Maps,2026-05-14 18:55:38
Ci9DQUlRQUNvZENodHljRjlvT2tONVZ6bHRRMmh0ZG1GTFQxRnliMlpPY0VScmFXYxAB,scsgudang sudiang,5,,8 bulan lalu,5,5,5,Saoenk Cobek Perintis,Google Maps,2026-05-14 18:55:38
Ci9DQUlRQUNvZENodHljRjlvT2poVlQySTBPVFJQVVRsSFRGRmpURlJGWlZSaVRXYxAB,Martin Luther,5,Restoran yang bagus sebelum naik bus 🚌 …,8 bulan lalu,,,,Saoenk Cobek Perintis,Google Maps,2026-05-14 18:55:38
Ci9DQUlRQUNvZENodHljRjlvT2pGcFIzTllTMkp3TjJKcFVGRnphMUpsUTJSWk0yYxAB,Sri Wulandaari,5,"makanannya enak, cepat, pelayanan ok. #april",8 bulan lalu,5,5,5,Saoenk Cobek Perintis,Google Maps,2026-05-14 18:55:59
Ci9DQUlRQUNvZENodHljRjlvT2tocVNVaGhSVlZuTTJSUVRURkZUbFZ1VVdwUmEyYxAB,PRIADI 026,5,,8 bulan lalu,5,5,5,Saoenk Cobek Perintis,Google Maps,2026-05-14 18:55:59
Ci9DQUlRQUNvZENodHljRjlvT25sTFZIWk1NWGRsZFZwaU5rbDBVRFZqVVZkaWRXYxAB,Asma Husni,5,Seru dan pelayanannya cepat,8 bulan lalu,5,5,5,Saoenk Cobek Perintis,Google Maps,2026-05-14 18:55:59
Ci9DQUlRQUNvZENodHljRjlvT2sxRGFuTjFhUzFFWDJWdGJHRnRNRlY2Y0c5bmRXYxAB,Zartod Nizar,1,Woii orang dapurmu jangan curi mangga yg dibelakang,8 bulan lalu,,,,Saoenk Cobek Perintis,Google Maps,2026-05-14 18:55:59
Ci9DQUlRQUNvZENodHljRjlvT21scU5FVlFkM0pOVDBwb2NWTnZXa2xIWW5ZMVUyYxAB,Fadlianur Syarif,5,Mantap sekali gathering di sini recomended,8 bulan lalu,5,5,5,Saoenk Cobek Perintis,Google Maps,2026-05-14 18:55:59
Ci9DQUlRQUNvZENodHljRjlvT21oMk5FUmtVV3BzTVcxRFp6WXdZbkZSWW1WblJYYxAB,sita karmila,5,Putri pelayanannya baik dan ramah.,8 bulan lalu,5,5,5,Saoenk Cobek Perintis,Google Maps,2026-05-14 18:55:59
Ci9DQUlRQUNvZENodHljRjlvT2t4MldqaHdNVEZ1TjJSSlEwSlVOM3BWVFRST2RGRRAB,Wulan Husain,5,"Makanannya enak, mushollah sejuk, tertutup untuk akhwat, toilet bersih, dulu nasinya agak keras, sekarang nasi nya pulen enak dimakan SM lauk dan sayur nya... Worthed lah",8 bulan lalu,5,5,5,Saoenk Cobek Perintis,Google Maps,2026-05-14 18:55:59
Ci9DQUlRQUNvZENodHljRjlvT21GSFYzRnViazExUTBsblkyMHhWalpVZUhKVldFRRAB,Maryam,5,Bagus ... Makanan nya enak .. pas datang di bulan ulang tahun dapat discount potongan makan ... Lumayan lah ... Suka pesan paket 500rban bisa di makan 6-7 org ... Cukup untuk 1 keluarga,8 bulan lalu,5,5,5,Saoenk Cobek Perintis,Google Maps,2026-05-14 18:55:59
Ci9DQUlRQUNvZENodHljRjlvT2poVlYySnhUWFF0UW0xa1VEbHpkWFJRZDFoU2NrRRAB,Restiana,1,"kami suka dengan suasana tempat makan ini, tapi mungkin bisa menambahkan sedikit dekorasi untuk meningkatkan kesan   dan bisa juga semacam kursi” gabus itu yang kecil agar lebih menarik dan nyaman soalnya tempat duduknya terlalu keras ( saran aja yah kak hehehe🙏🏻)
Makanannya enak 9,4/10 tapi mungkin bisa ditambahkan menu-menu yang vegetarian untuk memenuhi kebutuhan pelanggan yang lebih beragam
Minesnya kak Pelayananya sedikit lambat, tpi masih bisa ditoleransi mungkin krn masaknya yang lama.
(TIARA)",8 bulan lalu,4,3,5,Saoenk Cobek Perintis,Google Maps,2026-05-14 18:55:59
Ci9DQUlRQUNvZENodHljRjlvT2tjd1ZYcDBTVGxxVFRCNWVFZGZkMUkzTWxJMVZVRRAB,Supiyani Latjo,5,Suasana Humble n bersahabat guysss...,8 bulan lalu,5,5,5,Saoenk Cobek Perintis,Google Maps,2026-05-14 18:55:59
Ci9DQUlRQUNvZENodHljRjlvT21vMVNGWldkRjlsVVRodFQzazFaM0JOTjFGb1VuYxAB,joice mangedong,5,"Keren banget view nya , makanannya enak dan pelayanan ramah banget. Cocok untuk acara keluarga karna suasananya family vibes banget. Tapi alangkah baiknya untuk paket lengkap boleh di tambahkan beberapa es teh untuk pelengkapnya. Karna yg namanya paket lengkap harusnya lengkap dengan minum sesuai porsi yg tersedia",8 bulan lalu,5,5,5,Saoenk Cobek Perintis,Google Maps,2026-05-14 18:56:19
Ci9DQUlRQUNvZENodHljRjlvT25oQmFqUlFjMEp1TVVzdFVXWjNhVEZQTkhjMlFuYxAB,Andini Paramita,5,"Pelayanan atas nama Vita baik, fest respon, ramah, nyaman, ikan Koi nya lucuuu,",8 bulan lalu,5,5,5,Saoenk Cobek Perintis,Google Maps,2026-05-14 18:56:19
Ci9DQUlRQUNvZENodHljRjlvT21sNGFVTlVXWFZmVWt4TE9EVkxVRVZ3U1hVek9FRRAB,Aksyah Adira,5,Makanan lama,8 bulan lalu,5,4,5,Saoenk Cobek Perintis,Google Maps,2026-05-14 18:56:19
Ci9DQUlRQUNvZENodHljRjlvT2pGMllXcFNhSFJNYTFkMlJHbERTMDV4WkU4eVZGRRAB,Adrianus Suryadi,5,Makanan enak. pelayan baik. suasana nyaman,8 bulan lalu,5,5,5,Saoenk Cobek Perintis,Google Maps,2026-05-14 18:56:19
Ci9DQUlRQUNvZENodHljRjlvT2s1dlJHdFNWMjAwVEZkc1RFRnhNbFJGUWtrME1IYxAB,Heny Putri,5,"Vita pelayananya baik ramah, makananya saya suka suasanya adem. berkunjung kesini bagusnya jga ramai terimakasih 😊",8 bulan lalu,5,5,5,Saoenk Cobek Perintis,Google Maps,2026-05-14 18:56:19
Ci9DQUlRQUNvZENodHljRjlvT2xWUmVsa3hhVlpoVFU4elkzWTBlWE51WkdKaldFRRAB,Henny Nandang,5,Trimksih plyanannya danil,8 bulan lalu,4,5,5,Saoenk Cobek Perintis,Google Maps,2026-05-14 18:56:19
Ci9DQUlRQUNvZENodHljRjlvT25OdFl6VjVZakpoTUcxT1NrSlhlV2RtZFc1RFUzYxAB,Bayu Jhie,5,,8 bulan lalu,5,5,5,Saoenk Cobek Perintis,Google Maps,2026-05-14 18:56:19
Ci9DQUlRQUNvZENodHljRjlvT2tSM1dqUnZORXAwV2xCWVlVODBUbVppTlV0R01XYxAB,Adnan Faisal,5,"Pelayanannya cukup baik suasananya adem,sejuk dengan pemandangan yang indah.",8 bulan lalu,5,5,5,Saoenk Cobek Perintis,Google Maps,2026-05-14 18:56:19
Ci9DQUlRQUNvZENodHljRjlvT2tSTVpHMXpUbkZhUzFvNE1IbGtaVmxPV0ZkRGFXYxAB,Muhammad Asrar,5,"Pelayanan memuaskan, maknan enak, minuman pas rasanya, pelayanan oke",8 bulan lalu,5,5,5,Saoenk Cobek Perintis,Google Maps,2026-05-14 18:56:19
Ci9DQUlRQUNvZENodHljRjlvT2pWM1FreEhWR28zWDJwWGRVazJWVFJRYUZwVFlrRRAB,Heldy Evryanto,2,"Tdk rekomended untk yg lapar krena akan lama mnunggu, pas pesanan kluar malah tdk lengkap dengan sendok jd harus menunggu lg bbrpa hanya sekedar ambil sendok sj
👎",8 bulan lalu,3,1,3,Saoenk Cobek Perintis,Google Maps,2026-05-14 18:56:19
Ci9DQUlRQUNvZENodHljRjlvT25sRVdISnpUUzF5Vld0YWEyRlBOR0ZyZFU1MFZFRRAB,Orakk Arikk,5,,8 bulan lalu,5,5,5,Saoenk Cobek Perintis,Google Maps,2026-05-14 18:56:40
Ci9DQUlRQUNvZENodHljRjlvT2tGTlZubFZNVmR2ZFdOdk1rVlZSbXBDZG0xeGFGRRAB,dhamayanti fadjar,5,,8 bulan lalu,5,5,5,Saoenk Cobek Perintis,Google Maps,2026-05-14 18:56:40
Ci9DQUlRQUNvZENodHljRjlvT2w5U1RHZG1TemhHUmpCdE9FcFNlVkpEUzBaMGJuYxAB,Achmad Sohibul Fadilah,5,,8 bulan lalu,5,5,5,Saoenk Cobek Perintis,Google Maps,2026-05-14 18:56:40
Ci9DQUlRQUNvZENodHljRjlvT21oMWFsSkJhemM1UkVaVFVXZzRZM05hTUc1UWRuYxAB,Nadia Ilyas,5,"Mantap pelayanan oleh crew Daniel dan bagian burning nya jg oke smw nya ramah2,",8 bulan lalu,5,5,5,Saoenk Cobek Perintis,Google Maps,2026-05-14 18:56:40
Ci9DQUlRQUNvZENodHljRjlvT2xGbWJYcHFNSEZEZUV3MlRXNUlkbWhQT1c5NExYYxAB,noval mahardhika,5,suasana yang adem karena ada kolam ikan,8 bulan lalu,5,5,5,Saoenk Cobek Perintis,Google Maps,2026-05-14 18:56:40
Ci9DQUlRQUNvZENodHljRjlvT2s1T2Mxb3llRE5aZFd0dVdtaEJSR1JHV2pGUmNWRRAB,Tanadyo,5,"Vita pelayanannya baik, cepat respon dan sesuai dengan pesanan",8 bulan lalu,5,5,5,Saoenk Cobek Perintis,Google Maps,2026-05-14 18:56:40
Ci9DQUlRQUNvZENodHljRjlvT21sU2NqaHdOMGh4Y1ZadFNIaFRVMjVNT1RRMmQyYxAB,iniking Farel,5,Enak bnaget pelayanan super ramah,8 bulan lalu,5,5,5,Saoenk Cobek Perintis,Google Maps,2026-05-14 18:56:40
Ci9DQUlRQUNvZENodHljRjlvT2s5TVVUaHhSMEZwUldKelZYa3dWRkpwZGtkRVJGRRAB,andi asma,5,Pelayanan kak fita sangat memuaskan..,8 bulan lalu,5,5,5,Saoenk Cobek Perintis,Google Maps,2026-05-14 18:56:40
Ci9DQUlRQUNvZENodHljRjlvT2twMGN6Qm5SRlJMZWtKWFdUSkRNVkZrTFdSRFVuYxAB,Nur Hamdana S,4,"Tempatnya cozy, makanannya enak, cocok untuk kumpul keluarga",8 bulan lalu,5,4,5,Saoenk Cobek Perintis,Google Maps,2026-05-14 18:56:40
Ci9DQUlRQUNvZENodHljRjlvT2tOWWVXTTFOelIxU21KTWVXOW5VM2hoUm5WVk9IYxAB,Fajrin Hamka,5,pelayanan baik dari kak danil,8 bulan lalu,5,5,5,Saoenk Cobek Perintis,Google Maps,2026-05-14 18:56:40
Ci9DQUlRQUNvZENodHljRjlvT2tRMldISnVaalZ3VTNoT1QwcG5kM2REUjNOd2RrRRAB,Agus salim,5,Semua mulai dari playanan sampai makanan sangat memuaskan playanan atas nama supriayadi,8 bulan lalu,5,5,5,Saoenk Cobek Perintis,Google Maps,2026-05-14 18:57:01
Ci9DQUlRQUNvZENodHljRjlvT2t0VFFXMHhOVkJRWW5reFpuY3pMWE15VTB0cWIzYxAB,Yenny Paelongan,5,,8 bulan lalu,5,5,5,Saoenk Cobek Perintis,Google Maps,2026-05-14 18:57:01
Ci9DQUlRQUNvZENodHljRjlvT2xGdVNWUkJZVTQzUWtWNFgxaElaVGRsV21Ga1lWRRAB,andri prawira,5,Menyenangkan,8 bulan lalu,5,5,5,Saoenk Cobek Perintis,Google Maps,2026-05-14 18:57:01
Ci9DQUlRQUNvZENodHljRjlvT2pOd09XMTFTSGhGV2xnM2MxcE9VVmROY3psQmVGRRAB,Euis Nuryati,5,,8 bulan lalu,,,,Saoenk Cobek Perintis,Google Maps,2026-05-14 18:57:01
Ci9DQUlRQUNvZENodHljRjlvT25ZdFR6QlFUSFJXTmtSVVgyZEtWRVpaTWxwWFVFRRAB,Syahrul_ MD,1,"Suasana tenang damai, serasa berada di dekat sungai yang indah. Tapi makanan bisa di terbilang tidak enak, Mie kuah hambar, ayam bakar hambar, ayam asam manis di bagian luarnya agak panas namun di bagian dalam dingin seperti baru saja keluar dari lemari es. Nasi goreng tidak terasa bumbunya. Dan terakhir, tukang parkir ngotot harus dibayar 3.000 sementara saldo tunai cuma ada 2.000",8 bulan lalu,1,2,5,Saoenk Cobek Perintis,Google Maps,2026-05-14 18:57:01
Ci9DQUlRQUNvZENodHljRjlvT2pWbWJYcFVhSFJhU1ZkVk1HVnpiVVl4WjFwWlJHYxAB,teddy anugrah,1,"Banyak nyamuk, makanan B Aja Mie Hambar Nasgor Tidak Worth it
Pelayanan lama dipanggil tidak mendengar",8 bulan lalu,1,1,1,Saoenk Cobek Perintis,Google Maps,2026-05-14 18:57:01
Ci9DQUlRQUNvZENodHljRjlvT2pScWJuZzRVVEpJTjNoSU0wbHpSalJZZG1VeWRFRRAB,Rizal Aulia 62,5,Bisa diulang lagi datang ke tempat ini,9 bulan lalu,5,5,5,Saoenk Cobek Perintis,Google Maps,2026-05-14 18:57:01
Ci9DQUlRQUNvZENodHljRjlvT2pOdmNERXdXWFJoZERGTE5XVkpSMVE0VGs0d1JHYxAB,Tyas Virena,5,,9 bulan lalu,5,5,5,Saoenk Cobek Perintis,Google Maps,2026-05-14 18:57:01
Ci9DQUlRQUNvZENodHljRjlvT2xkTWVtWktaM3BoVTJ4TlRVaHFOVE5wWm1jMUxVRRAB,Riska Srianita Papalangi,4,,9 bulan lalu,4,4,4,Saoenk Cobek Perintis,Google Maps,2026-05-14 18:57:01
Ci9DQUlRQUNvZENodHljRjlvT2pkdGFVUlVTV0UzYlhoTE5rMXhiSGQxVEVzM05FRRAB,Muhammad Arqam,5,,9 bulan lalu,,,,Saoenk Cobek Perintis,Google Maps,2026-05-14 18:57:01
Ci9DQUlRQUNvZENodHljRjlvT2psVFNYVmFhRU5XYlhaaUxXc3lWV2xRYUhaV2JIYxAB,Hijra Rasyid,5,Daniel,9 bulan lalu,5,5,5,Saoenk Cobek Perintis,Google Maps,2026-05-14 18:57:21
Ci9DQUlRQUNvZENodHljRjlvT25SdWJHcEpORzlKUnpKTVYxYzFjMDVFVFVGMWRXYxAB,Emmayanti,5,,9 bulan lalu,5,5,5,Saoenk Cobek Perintis,Google Maps,2026-05-14 18:57:21
Ci9DQUlRQUNvZENodHljRjlvT2toRlEySnRkekpIWm5obFdsUXpNMVJvY21oQmFIYxAB,NABHIGAH_GEMING alana kadir,5,supriadi pelayanan bagus dan maksimal,9 bulan lalu,5,5,5,Saoenk Cobek Perintis,Google Maps,2026-05-14 18:57:21
Ci9DQUlRQUNvZENodHljRjlvT2psTkxYUmhRa1ZhYzBSUE9FMVNUMmRSUTFjeGVGRRAB,Jepalo Shop,5,"Makanan nya enak, pelayanan cepat dan suasananya nyaman",9 bulan lalu,5,5,5,Saoenk Cobek Perintis,Google Maps,2026-05-14 18:57:21
Ci9DQUlRQUNvZENodHljRjlvT25GdFdrazVjVTVPVkRWMlRFUklPVU5CZEhGNmJGRRAB,Murti Aminah Pratiwi,5,sangat nyaman,9 bulan lalu,5,5,5,Saoenk Cobek Perintis,Google Maps,2026-05-14 18:57:21
Ci9DQUlRQUNvZENodHljRjlvT25ONWRpMXlWM0Z2Y25CaGVtRjBjMFpTT0VwUVlrRRAB,hasna mohammadtang,5,,9 bulan lalu,5,5,5,Saoenk Cobek Perintis,Google Maps,2026-05-14 18:57:21
Ci9DQUlRQUNvZENodHljRjlvT2xNelMyNXRObTh0TVd0MmJHMU1ZMjVNY1djMVQxRRAB,Balqis Yury Shakina,5,Daniel,9 bulan lalu,5,5,5,Saoenk Cobek Perintis,Google Maps,2026-05-14 18:57:21
Ci9DQUlRQUNvZENodHljRjlvT2xoTVZWRldhbll6UXkxcGRITXRUM2RtY2pNdE9HYxAB,Wynarvin Katunde,5,"Kami makan disni dilayani sma kak serly, pelayanannya baik.. makanannya enak",9 bulan lalu,5,5,5,Saoenk Cobek Perintis,Google Maps,2026-05-14 18:57:21
Ci9DQUlRQUNvZENodHljRjlvT2xKUFJrdFpSVWxmU1RkdGFWcGxVRXBEVEdGSmFWRRAB,Nurjannah Karim,5,"Pelayanan terbaik atas nama danil, tingkatkann",9 bulan lalu,5,5,5,Saoenk Cobek Perintis,Google Maps,2026-05-14 18:57:21
Ci9DQUlRQUNvZENodHljRjlvT21JdFVXZENZazg1TFVKSU1qaExlVTlpV25NNFkzYxAB,Shanty Shanty,5,,9 bulan lalu,5,5,5,Saoenk Cobek Perintis,Google Maps,2026-05-14 18:57:21
Ci9DQUlRQUNvZENodHljRjlvT2tzeVFsUlNlbU4yUWtOa1RIVklVbVpaVTFwdFNXYxAB,ANDI RASDIANA,5,"makananya enak dan suasannya asri
serli",9 bulan lalu,5,5,5,Saoenk Cobek Perintis,Google Maps,2026-05-14 18:57:42
Ci9DQUlRQUNvZENodHljRjlvT200MWFsWTNSWGd6VlVGME56WkJWbk4xT0RNMlZWRRAB,Halsa Skincare,4,"Tempatnya bagus, makananya enak pelayanan ok recomended",9 bulan lalu,5,5,5,Saoenk Cobek Perintis,Google Maps,2026-05-14 18:57:42
Ci9DQUlRQUNvZENodHljRjlvT25kQmJGVlRWM1ExTkV3MVpqUm1SV3RsVFU5VGIwRRAB,irma wati,5,tempatnya nyaman,9 bulan lalu,5,5,5,Saoenk Cobek Perintis,Google Maps,2026-05-14 18:57:42
Ci9DQUlRQUNvZENodHljRjlvT214T1YwOUlNRXBDZWpSdWNEbDVVeTFHT0VwM1VXYxAB,bernadip umar,4,,9 bulan lalu,,,,Saoenk Cobek Perintis,Google Maps,2026-05-14 18:57:42
Ci9DQUlRQUNvZENodHljRjlvT2tveFZERnlSbFk1ZG04NFlVSjJVSE5pUm1sWWFuYxAB,Sudarmi,5,"Pelayanan bagus, an supriadi
Hanya butuh keryawan lebih untuk pelayanan ekstra",9 bulan lalu,5,5,5,Saoenk Cobek Perintis,Google Maps,2026-05-14 18:57:42
Ci9DQUlRQUNvZENodHljRjlvT210VWJrOXhla1ZCVDNGalVYTkRSSGxFWmsxa2RXYxAB,jean irwing lecerff,5,Penambahan pelayan dan karyawan!!,9 bulan lalu,5,5,5,Saoenk Cobek Perintis,Google Maps,2026-05-14 18:57:42
Ci9DQUlRQUNvZENodHljRjlvT2xCaFN6VnVNR2xrVFhka1N6Rnlaa2QwWTNWUE1IYxAB,Dian Ayuwardani,5,"di mohon pnbhan karywan
karna siksa wt hbya brapa
plyan mantap deh",9 bulan lalu,5,5,5,Saoenk Cobek Perintis,Google Maps,2026-05-14 18:57:42
Ci9DQUlRQUNvZENodHljRjlvT2twS09FcFRURXMzTlVaalYwZElaRnBaVFdSbVNYYxAB,nursakina daming,5,Pelayanan waiters a.n supriadi sangat baik,9 bulan lalu,,,,Saoenk Cobek Perintis,Google Maps,2026-05-14 18:57:42
Ci9DQUlRQUNvZENodHljRjlvT25KSFlqVmhNVTh6YkZVM2FUQlNZbmRCTkhGSFRGRRAB,Alya Syifani,5,pelayanan yang bagus salah satunya dari serly dan makanan ny juga enak dan memuaskn,9 bulan lalu,4,5,4,Saoenk Cobek Perintis,Google Maps,2026-05-14 18:57:42
Ci9DQUlRQUNvZENodHljRjlvT2swdE5XWTRhMlpuYlhwS1NHTkdOVEJOV2swMGQwRRAB,Febrian Ayub Kombong Lele,5,"tadi makan siang, makanannya enak enak dan dapat pelayanan yang baik sama kak fitri",9 bulan lalu,5,5,5,Saoenk Cobek Perintis,Google Maps,2026-05-14 18:57:42
Ci9DQUlRQUNvZENodHljRjlvT2toclZVeHZhVVZzT1RsZk4xSTVRMDVHWVZsbFdrRRAB,Mayada Salsabila,5,Baik,9 bulan lalu,5,5,5,Saoenk Cobek Perintis,Google Maps,2026-05-14 18:58:02
Ci9DQUlRQUNvZENodHljRjlvT21OeU9VbGZNRVE0Tkd0RmRHNUpiazB5WTFvM1YxRRAB,225_ Nabilah Saffanah Utami Anwar,5,Makanannya enak dan pelayan yang bernama mba fitri sangat ramah dan baik,9 bulan lalu,5,5,5,Saoenk Cobek Perintis,Google Maps,2026-05-14 18:58:02
Ci9DQUlRQUNvZENodHljRjlvT2pKak9GQXhNR2xMVmtzemRXSXpOVGhwUVVkVVZtYxAB,Hironimus Simarmata,5,Danil dan serlii pelayanan terbaikkk,9 bulan lalu,5,5,5,Saoenk Cobek Perintis,Google Maps,2026-05-14 18:58:02
Ci9DQUlRQUNvZENodHljRjlvT21WdGF6VTRhRXRXTUVZdE1VeFVlbFpQUkhBMlVIYxAB,Najamuddin,5,Plyan bgus untuk supriadi ikn yg segar dan besar,9 bulan lalu,5,5,5,Saoenk Cobek Perintis,Google Maps,2026-05-14 18:58:02
Ci9DQUlRQUNvZENodHljRjlvT2s4ek4wZFdlbEoxYzFWU05GcHRhVGw0WjNjeFFrRRAB,Muh Iqbal,5,"Supriadi, untuk pelayanan cepat dan untuk harga pun terjangkau apalagi kan ada pilihan paketnya untuk beberapa org",9 bulan lalu,5,5,5,Saoenk Cobek Perintis,Google Maps,2026-05-14 18:58:02
Ci9DQUlRQUNvZENodHljRjlvT21vd1JVTkhVbE5FWVMxcmEzbFBlamR1Um5GVGEzYxAB,Nur Qalby,5,Waiters danil melayani dengan sangat baik,9 bulan lalu,5,5,5,Saoenk Cobek Perintis,Google Maps,2026-05-14 18:58:02
Ci9DQUlRQUNvZENodHljRjlvT25sUU1UQlVhRTB4ZHpCb1RqazNla2hGY1ROeVgyYxAB,28_Andi apriana Basfin _B,5,"Enak , pelayanannya cpt , pelayannya ramah",9 bulan lalu,5,5,5,Saoenk Cobek Perintis,Google Maps,2026-05-14 18:58:02
Ci9DQUlRQUNvZENodHljRjlvT2pSNExUSTFUbHBFUlZVM1dGRkNRbmRCZVVFeFpHYxAB,Fadil Fathurrahman,5,Mantap,9 bulan lalu,5,5,5,Saoenk Cobek Perintis,Google Maps,2026-05-14 18:58:02
Ci9DQUlRQUNvZENodHljRjlvT2w5eVIwSkJOVVJVZFZCdFRVeFFRazQxVlcwME5HYxAB,Nisa Syarif,5,"Tempat yg nyaman dan makanan enak untuk kumpul bersama keluarga, terimakasih juga untuk pelayanan dari kak Supriadi",9 bulan lalu,5,5,5,Saoenk Cobek Perintis,Google Maps,2026-05-14 18:58:02
Ci9DQUlRQUNvZENodHljRjlvT2pKa1prUmhjbk15V0RSVFJGZGxUakZETjFSd2RWRRAB,Nur Hidayah,5,,9 bulan lalu,5,5,5,Saoenk Cobek Perintis,Google Maps,2026-05-14 18:58:02
Ci9DQUlRQUNvZENodHljRjlvT2xKWFdqaElia1JwVVRWcWJHWk1ZM0JLY2poMFdtYxAB,Didik Iskandar,5,"Makanan dan tempatnya bagus
Layanan fatur bagus.",9 bulan lalu,5,5,5,Saoenk Cobek Perintis,Google Maps,2026-05-14 18:58:23
Ci9DQUlRQUNvZENodHljRjlvT214TmJWOHlTWE51WTBOcFJraEliM0V5WW1WS2FsRRAB,Sofia Yuli Maula,5,,9 bulan lalu,5,5,5,Saoenk Cobek Perintis,Google Maps,2026-05-14 18:58:23
Ci9DQUlRQUNvZENodHljRjlvT2pFdFJpMVVUMnhHY0RSMlpYcEJabGMyYkZSQ2NuYxAB,Sarahhh Yanti,5,,9 bulan lalu,5,5,5,Saoenk Cobek Perintis,Google Maps,2026-05-14 18:58:23
Ci9DQUlRQUNvZENodHljRjlvT25sSVprVklSMVJGY3pSZlJuVm9URzVvVEVWUWVWRRAB,Fazmi Marssy,5,Pelayanan bagus semua Danie dkk,9 bulan lalu,5,5,5,Saoenk Cobek Perintis,Google Maps,2026-05-14 18:58:23
Ci9DQUlRQUNvZENodHljRjlvT2tGVllYbG1Ta05UWHpac1RsZFJNRGhCYkdKV1JuYxAB,Suriyati Djamaluddin,5,"Tempatnya nyaman, bersih, pelayananx cepat ga pake lama dan  makanannya juga lumayan enak. Dan kasirnya (Fatur) hambel",9 bulan lalu,5,5,5,Saoenk Cobek Perintis,Google Maps,2026-05-14 18:58:23
Ci9DQUlRQUNvZENodHljRjlvT2tnek1FRnZjRVk1T0V4clJuSTVUbXcxU1VWeGJYYxAB,Imelda Octavia,5,"Pelayanan atas nama kak ani, pelayanan nya luarr biasa, baik jugaa",9 bulan lalu,5,5,5,Saoenk Cobek Perintis,Google Maps,2026-05-14 18:58:23
Ci9DQUlRQUNvZENodHljRjlvT2xGaU4xYzJUbHAyYUhaeGRFNUtSREZCUzJSaWVHYxAB,Andi Rezky Annisa,5,Danil,9 bulan lalu,5,5,5,Saoenk Cobek Perintis,Google Maps,2026-05-14 18:58:23
Ci9DQUlRQUNvZENodHljRjlvT2pKcmJXZFRha1ZpYmxabmNUWmlhR1ZSZWtSRWNHYxAB,Fatimah Herman,5,,9 bulan lalu,5,5,5,Saoenk Cobek Perintis,Google Maps,2026-05-14 18:58:23
Ci9DQUlRQUNvZENodHljRjlvT2kxZk5uWXlhMU52VFdZelpHRmZkbGg0WkU5M2VsRRAB,Aya' Strawberry,5,"Makanan enak, pelayanan dari Fitri juga sangat baik, ramah, dan cepat bila ada yg ingin diminta tolongin lagi. Terima kasih buat Fitri.. ada mushola buat sholat, kamar mandi bersih, tempat agak lembab sedikit tp bisa ditolerin. Mantep deh 👍",9 bulan lalu,5,5,5,Saoenk Cobek Perintis,Google Maps,2026-05-14 18:58:23
Ci9DQUlRQUNvZENodHljRjlvT25kVVR6azJiazEyWlhoS1NFTTFSekpNUmxwaE5XYxAB,Yuni Arsyi,5,"Makanannya Enak
Layanan dr Kk Daniel baik dan sopan
Suasana nyaman
Saran : menu diatas sekian Rupiah sebaiknya dpt buah segar gratis. 😊🙏",9 bulan lalu,4,5,4,Saoenk Cobek Perintis,Google Maps,2026-05-14 18:58:23
Ci9DQUlRQUNvZENodHljRjlvT21SdlVYWjFaR2hJWjNGMWVsZGxWV3BWVUVaYVZYYxAB,Khaizuran A,1,pelayanan kurang bagus.,9 bulan lalu,,1,,Saoenk Cobek Perintis,Google Maps,2026-05-14 18:58:44
Ci9DQUlRQUNvZENodHljRjlvT2tzMVpHczFaRzh5ZWtaamVXTnJTVVo1UkVsMVVXYxAB,Muh. Qasim Saguni,5,"Warung Kuliner halal, lezat, ramah, sangat rekomended",9 bulan lalu,5,5,5,Saoenk Cobek Perintis,Google Maps,2026-05-14 18:58:44
Ci9DQUlRQUNvZENodHljRjlvT25sdU5IQkZiMUZrWVZwbkxYaHhiMUJXY3pRdFVHYxAB,Sopian yusup,5,Sejauh ini semuanya berjalan baik.,9 bulan lalu,5,5,5,Saoenk Cobek Perintis,Google Maps,2026-05-14 18:58:44
Ci9DQUlRQUNvZENodHljRjlvT210UFVqUnZlRk5JT0ZsZlVHWmlWMFEzT0dSU2RYYxAB,Isma Wati,5,"Makanannya enak. Pelayanan sangat baik. Suasana adem ada kolam ikan.
Tadi dapat pelayanan dari a.n. Azizah",9 bulan lalu,5,5,5,Saoenk Cobek Perintis,Google Maps,2026-05-14 18:58:44
Ci9DQUlRQUNvZENodHljRjlvT21KTmNETklNMHgzUm1OME1WTTBkbFJTVDBacVRtYxAB,Farida Mustafa,5,,9 bulan lalu,5,5,5,Saoenk Cobek Perintis,Google Maps,2026-05-14 18:58:44
Ci9DQUlRQUNvZENodHljRjlvT2tOaWFsbGZWbTlXWlhjNWFqSkdTbGxHYlRKR2IwRRAB,irjaz,5,"Tempat makan ikan lesehan dengan pemandangan kolam ikan koi.tempat parkir luas
Pelayanan toppp terutama kak serly yang ramah dan murah senyum 🙂🙂🙂🙂
Mantuuulllll..",9 bulan lalu,4,5,5,Saoenk Cobek Perintis,Google Maps,2026-05-14 18:58:44
Ci9DQUlRQUNvZENodHljRjlvT2xCR1VtODJRVmQ0Wm1FM2JYRjJNalUxUWtsRFZGRRAB,Ita Puspita,5,"makanan enak
pelayanan bagus
terima kasih

pelayanan: Supriyadi",9 bulan lalu,,,,Saoenk Cobek Perintis,Google Maps,2026-05-14 18:58:44
Ci9DQUlRQUNvZENodHljRjlvT2toWFdVVkJjRFZwWTJSdlR6Ukxlamc1YWtaa1dWRRAB,Sarah Valeria Ivercinthya Saija,5,"Terimakasih untuk pelayanannya. Makanannya juga enak, sudah datang kesini kesekian kali",9 bulan lalu,,,,Saoenk Cobek Perintis,Google Maps,2026-05-14 18:58:44
Ci9DQUlRQUNvZENodHljRjlvT2tveGRuWmZkRFYwVjB4NldrMVlWbWd5VGxCc09XYxAB,Naila Qanitah,5,"enak makanannya, pelayanannya juga cepat dan suasananya enak. kakak waitersnya (kak fatur) juga ramah dan komunikatif 😊 memuaskan 💯",9 bulan lalu,5,5,5,Saoenk Cobek Perintis,Google Maps,2026-05-14 18:58:44
Ci9DQUlRQUNvZENodHljRjlvT25RNWRWUm9TamhDVjFkSlQxUllVbWN6YVdoaU0zYxAB,julinten iman,5,"Pelayanan bagus dan makanannya enak sekali😍🫡
-pelayanan dari karyawan baik sekali (an. Daniel)",9 bulan lalu,5,5,5,Saoenk Cobek Perintis,Google Maps,2026-05-14 18:58:44
Ci9DQUlRQUNvZENodHljRjlvT21aclRuUkpWR051UkhsM1IxbDJXR1l3YzI1cWJrRRAB,Faravita Go,5,"Pelayanan kk Danil bagus, cepat dan kami puas 🌟🌟🌟🌟🌟",9 bulan lalu,5,5,5,Saoenk Cobek Perintis,Google Maps,2026-05-14 18:59:04
Ci9DQUlRQUNvZENodHljRjlvT2xSWGEyeGhSVVYzYUd4MlJFdENSMlJWVFVWUmJsRRAB,Fatma Wati,5,,9 bulan lalu,5,5,5,Saoenk Cobek Perintis,Google Maps,2026-05-14 18:59:04
Ci9DQUlRQUNvZENodHljRjlvT21ReFJuaFlUR3RXTjFKTlNEUnZOV3N6VTJnNE9IYxAB,nunuxey,5,,9 bulan lalu,5,5,5,Saoenk Cobek Perintis,Google Maps,2026-05-14 18:59:04
Ci9DQUlRQUNvZENodHljRjlvT25sNVJXNVFXRTkwWldwM1lsbGZlVmRaVlhndE5rRRAB,Hanatasya Ahmad,5,"makanannya enak, layanan sangat baik dan yg atas nama danil yg layani saya sangat baik. suasanya pun bagus . ⭐️5 sih resto ini",9 bulan lalu,5,5,5,Saoenk Cobek Perintis,Google Maps,2026-05-14 18:59:04
Ci9DQUlRQUNvZENodHljRjlvT25kT1YzVkVaRGhWU3kxQ2JsbHlaR3BYT1c5T0xVRRAB,nuryani R.a.f,5,terimakasih untuk pelayanannya yang ramah kak fitri,9 bulan lalu,5,5,5,Saoenk Cobek Perintis,Google Maps,2026-05-14 18:59:04
Ci9DQUlRQUNvZENodHljRjlvT2s5RVkxQk1SVGR2VUhCUVpXcG1jMnhCUlZSdFZsRRAB,abdul rahman,5,Pelayanan atas nama nunu sangat ramah,9 bulan lalu,5,5,5,Saoenk Cobek Perintis,Google Maps,2026-05-14 18:59:04
Ci9DQUlRQUNvZENodHljRjlvT21zMFFUZGFNV0ZrTTBGbE1HRmFTMFYyWDNZelJFRRAB,FullCTRL_ID,5,,9 bulan lalu,4,4,4,Saoenk Cobek Perintis,Google Maps,2026-05-14 18:59:04
Ci9DQUlRQUNvZENodHljRjlvT2xOTk56Vm1abmxQTjB0T1dEQXdNWEV5TTJrNVRrRRAB,Zoelqhivly Dj,4,"Datang baik-baik, pulang keringetan dan bahagia 🤧🔥
Cobeknya enggak main-main!",9 bulan lalu,4,4,4,Saoenk Cobek Perintis,Google Maps,2026-05-14 18:59:04
Ci9DQUlRQUNvZENodHljRjlvT25rMWNuQnRjRTk0TTFCRU4wWktXakkzZVY4NExVRRAB,Dionisius Pangalinan (Dion Pangalinan),5,"Tempatnya nyaman dan sejuk, pelayanannya ramah oleh Supriadi",9 bulan lalu,5,5,5,Saoenk Cobek Perintis,Google Maps,2026-05-14 18:59:04
Ci9DQUlRQUNvZENodHljRjlvT21oeFdrTTFlRkJ4ZURacmJXazNRVUl4VlRseWNYYxAB,Amiratu Assadia,5,Sangat enak dan mengenyangkan... Pelayanannya juga cepat dan sangat ramah. Serly,9 bulan lalu,5,5,5,Saoenk Cobek Perintis,Google Maps,2026-05-14 18:59:04
Ci9DQUlRQUNvZENodHljRjlvT2pCVFVFOTVjWE4zTWs5MFptTkpZVUZYY2xJMGFXYxAB,Wiwin Paduli,5,Daniel dan vidia pelayanannya okelah...,9 bulan lalu,5,5,5,Saoenk Cobek Perintis,Google Maps,2026-05-14 19:08:46
Ci9DQUlRQUNvZENodHljRjlvT2tGcGFYWTRZVzlTTm5SRUxXNHlSV0ZpWDFGTlFtYxAB,hj.syawalong pp,3,"Ikan  nampan keras  dan masih mentah
Dari pelayanan daniel  bagus dan ramah",9 bulan lalu,3,5,4,Saoenk Cobek Perintis,Google Maps,2026-05-14 19:08:46
Ci9DQUlRQUNvZENodHljRjlvT25WQ2IyRnZXa0pFTkhodGNVYzJiM2xITFVoUmJFRRAB,A_004_Jordy Aloysius Randa,5,Tempat nya nyaman dan pelayanan jg ramah yaitu  daniel,9 bulan lalu,4,5,5,Saoenk Cobek Perintis,Google Maps,2026-05-14 19:08:46
Ci9DQUlRQUNvZENodHljRjlvT2pVMU5EQlFhazVrVm5aclh6UlRUVkJOYzB4bmFtYxAB,Avrialdy Haeruddin,5,Dari segi pelayan sampai menu makanan bagus dan enak. Khusus kak supriadi terima kasih atas pelayanannya yang baik,9 bulan lalu,5,5,5,Saoenk Cobek Perintis,Google Maps,2026-05-14 19:08:46
Ci9DQUlRQUNvZENodHljRjlvT205NFkxOVVPV2hCWDBWMWNXNXhRMVJZT0hOc1ZYYxAB,jeff dario,5,"Terimakasih kak fitri untuk pelayanannya, sangat ramah dan baik",9 bulan lalu,4,5,5,Saoenk Cobek Perintis,Google Maps,2026-05-14 19:08:46
Ci9DQUlRQUNvZENodHljRjlvT2xGa1NtMVZZVXRFWDBsc1kzVk1Xa1JoYlUxR1NXYxAB,Bolank 93,5,"suasananya bagus, tenang,
pelayanannya baik banget
makanannya enak-enak

untuk waiters Ani terima kasih.....",9 bulan lalu,5,5,5,Saoenk Cobek Perintis,Google Maps,2026-05-14 19:08:46
Ci9DQUlRQUNvZENodHljRjlvT210R1RsSk5aMlZqWkhWcVl6VlNhbmt3V1RoalZFRRAB,Fulaela Zhra,5,"Pelayanan Danil sangat luar biasa, dan cepat makanan worth it dngn harganya, tempat nyaman",9 bulan lalu,5,5,5,Saoenk Cobek Perintis,Google Maps,2026-05-14 19:08:46
Ci9DQUlRQUNvZENodHljRjlvT214UFpWZHphSEJFUlhkc1VqSkhTRGRWTW5GaVUwRRAB,Muhammad Syafrial,5,pelayanannya bagus makanan enak terutama kak ani hehe makasih kak ani🫰🏻🫰🏻,9 bulan lalu,5,5,5,Saoenk Cobek Perintis,Google Maps,2026-05-14 19:08:46
Ci9DQUlRQUNvZENodHljRjlvT25OTE1EQTVMVGhGU1VGcFgyZFBkMmhTYzBKeVRVRRAB,Usman Sailor,5,Enak dan tempat luas dan pelayanan cepat,9 bulan lalu,5,5,5,Saoenk Cobek Perintis,Google Maps,2026-05-14 19:08:46
Ci9DQUlRQUNvZENodHljRjlvT2pkdk1YaDBUa05NZERST1RrWjRiRGs0ZVZCQ1VYYxAB,Dedeh Yumi,5,"Makanan nya enak, suasana nya oke buat santai, pelayanan nya bagus dan mba sherlie nya yg anter makanan ke kita jg ramah dan sopan, ini rekomendasi banget bt makan bareng teman, pacar dan keluarga guys😍🥰",9 bulan lalu,5,5,5,Saoenk Cobek Perintis,Google Maps,2026-05-14 19:08:46
Ci9DQUlRQUNvZENodHljRjlvT2xOMFZVYzFXSGxFYm1wT01qZEZhM2xIUWkweFEyYxAB,KALVIN ADITHYA RAPANG,5,"Tempatnya nyaman, makanannya enak dan suasana nya cukup nyaman di temani oleh ikan koi yang cantik2. Untuk menu yg di rekomendasikan itu ada pada hidangan ikannya baik yang goreng maupun ikan bakar. Overall good. Siapkan recehan untuk kang parkir.",9 bulan lalu,5,5,4,Saoenk Cobek Perintis,Google Maps,2026-05-14 19:09:07
Ci9DQUlRQUNvZENodHljRjlvT2tKV2RrUmxWMnhYYzBRM1puTjFhalpSZFRKWlZYYxAB,Wati Sarmila,5,"Makanan enak
Pelayanan bagus
Serly",9 bulan lalu,5,5,5,Saoenk Cobek Perintis,Google Maps,2026-05-14 19:09:07
Ci9DQUlRQUNvZENodHljRjlvT21FeFNsUlJaMlpJVW1veWVFeHJTV2hrY0ZwQ1pXYxAB,Azhari Achmad,5,Cocok untuk acara keluarga. Terima kasih mba Fitri atas servicenya🫶,9 bulan lalu,5,5,5,Saoenk Cobek Perintis,Google Maps,2026-05-14 19:09:07
Ci9DQUlRQUNvZENodHljRjlvT21SUVgwTlhaR0Z3Vm01NVdtWkZkR05WU1ZsbmNVRRAB,Aswin Khaerul Awal,5,Enak tawwa.,9 bulan lalu,5,5,5,Saoenk Cobek Perintis,Google Maps,2026-05-14 19:09:07
Ci9DQUlRQUNvZENodHljRjlvT2pGaFlVTXpWbTlyY2xKeWJHWkpOWGg0WTBwdGFHYxAB,Rosalina Sapan,5,"Mantap, pelayanan cepat menu OK",9 bulan lalu,,,,Saoenk Cobek Perintis,Google Maps,2026-05-14 19:09:07
Ci9DQUlRQUNvZENodHljRjlvT2tKdlIyTlZSMVY2Y2xKRWQxUlBUMVF5ZGkxd05uYxAB,Nadila Citra Ashari,5,sangat bagus tempat dan makanannya.. pelayan waiter mas fatur juga baik 👌 sekali …,9 bulan lalu,,,,Saoenk Cobek Perintis,Google Maps,2026-05-14 19:09:07
Ci9DQUlRQUNvZENodHljRjlvT2pjd1QzWm5Ua3cwVEVwcU1ucHZTMnhJV25OS1IxRRAB,Muh. Fahri Ramadhan,5,Makannya enak pelayanan bagus waiters atas nama fitri,9 bulan lalu,5,5,5,Saoenk Cobek Perintis,Google Maps,2026-05-14 19:09:07
Ci9DQUlRQUNvZENodHljRjlvT2s5VlRrOWFWSGxPYkVWRWVYUkNWR1l0VDFOWVVFRRAB,Marissa Susanni Angela,5,"Supriadi
Pelayanan baik
Makanan enak",9 bulan lalu,5,5,5,Saoenk Cobek Perintis,Google Maps,2026-05-14 19:09:07
Ci9DQUlRQUNvZENodHljRjlvT2psd2NIZHNiVkZYU1ZrNGVqVjRYMmxSZW5RNVNHYxAB,farid addin,5,"Pelayannya cepat, makanan ya juga enak enak.
Terima kasih kak sherly dan pelayanan yg lain atas layanan ya.",9 bulan lalu,5,5,5,Saoenk Cobek Perintis,Google Maps,2026-05-14 19:09:07
Ci9DQUlRQUNvZENodHljRjlvT2tKU1JITlpRV3RqZEZoZlpURnZWMmxXU1VWbWFVRRAB,Ahmad Emil,5,Kesan baik pegawai atas nma daniell,9 bulan lalu,5,5,5,Saoenk Cobek Perintis,Google Maps,2026-05-14 19:09:07
Ci9DQUlRQUNvZENodHljRjlvT2poUlNEVmpURlJOYkc5Wk4wdHRhVUpPYm05RVNVRRAB,Muliati Syarif,4,,9 bulan lalu,4,4,4,Saoenk Cobek Perintis,Google Maps,2026-05-14 19:09:27
Ci9DQUlRQUNvZENodHljRjlvT2pWSFdWcHVjVmszTm10M1lubGlYMnhxVmt4eVRYYxAB,erni abubakar,5,"Pelayanannya baik, saat pertama duduk dilayani dengan baik oleh Bu Fitri, pesanan yang datang juga cepat dan enak mkanannya..rekomended apalagi suasana dan tempatnya bagus",9 bulan lalu,5,5,5,Saoenk Cobek Perintis,Google Maps,2026-05-14 19:09:27
Ci9DQUlRQUNvZENodHljRjlvT2pCZmVsOUpUMEZ3ZW5sWmRIaFZTVmx5UjBGQmFYYxAB,Putri Yunisa,5,Untuk kak ani pelayanan nya ramah dan cepat,9 bulan lalu,5,5,5,Saoenk Cobek Perintis,Google Maps,2026-05-14 19:09:27
Ci9DQUlRQUNvZENodHljRjlvT2xsUFVXSkNUVEJGVTFWaGQzVm1VMkUxWTBkM0xXYxAB,Aurelya putri,4,"Tmptnya bagus, overal enak sih cmn kurang pedes aja

-Serly",9 bulan lalu,,,,Saoenk Cobek Perintis,Google Maps,2026-05-14 19:09:27
Ci9DQUlRQUNvZENodHljRjlvT2taUFVsQTRNRFJ4V2tkTlYzbGpRVVZpVTIxSk1FRRAB,Uny Wahyuni,5,Layanan dan tempatnya nyaman bersama keluarga,9 bulan lalu,5,5,4,Saoenk Cobek Perintis,Google Maps,2026-05-14 19:09:27
Ci9DQUlRQUNvZENodHljRjlvT2twVVRUVndUREJqU2s5U2FXNWhRMHhmVlVneVgxRRAB,TRI AGUNG,5,Plyan supriadi sngat mntap👍🏻,9 bulan lalu,5,5,5,Saoenk Cobek Perintis,Google Maps,2026-05-14 19:09:27
Ci9DQUlRQUNvZENodHljRjlvT21sMlpURjRVVUZsVjFKemFrZGZjWEJoZUZSNWFFRRAB,Amina Syahwan,4,,9 bulan lalu,4,4,4,Saoenk Cobek Perintis,Google Maps,2026-05-14 19:09:27
Ci9DQUlRQUNvZENodHljRjlvT2pkVlVqTXRiMFp3VVRBNFZuWm9keTExYlVKc1FsRRAB,Queen,5,Terimakasih buat kak Supriadi,9 bulan lalu,5,5,5,Saoenk Cobek Perintis,Google Maps,2026-05-14 19:09:27
Ci9DQUlRQUNvZENodHljRjlvT2tNelZHcHlVVTVmVEhocU5UQjFja1ZHTURsR1FtYxAB,Angga rahma,1,,9 bulan lalu,1,5,5,Saoenk Cobek Perintis,Google Maps,2026-05-14 19:09:27
Ci9DQUlRQUNvZENodHljRjlvT21kb1VtbDFXR1ZOT0dkc2RtMW1NREpEZG5ONFQwRRAB,Hijau Merah,5,"Makanan nya enak, pelayan nya juga gesit dan murah senyum. Terimakasih buat kak fatur atas pelayanan nya",9 bulan lalu,5,5,5,Saoenk Cobek Perintis,Google Maps,2026-05-14 19:09:27
Ci9DQUlRQUNvZENodHljRjlvT2xOYVYyVnBUMFZDTkZSa05reFRPSEl0Ylhoc1pWRRAB,aldo Simanjuntak,4,,9 bulan lalu,3,3,3,Saoenk Cobek Perintis,Google Maps,2026-05-14 19:09:48
Ci9DQUlRQUNvZENodHljRjlvT21OblRETXdjMHBqVkZsemNFcGllVE5LTWs5R04zYxAB,Tanwir Suaebu,5,Makanan enak dan ramah pelayanannya : Danil xan Anik,9 bulan lalu,,,,Saoenk Cobek Perintis,Google Maps,2026-05-14 19:09:48
Ci9DQUlRQUNvZENodHljRjlvT25WR2JYcElibGROYUdWbVRIVnJibFJhVkU0M1RYYxAB,Rini Agastra,5,,9 bulan lalu,,,,Saoenk Cobek Perintis,Google Maps,2026-05-14 19:09:48
Ci9DQUlRQUNvZENodHljRjlvT25CQ2RHMUJOMUYwUVhsaFRHUXdRWGx2T0hoclRtYxAB,lyra_homestore,4,"Thank Daniel service nya mantep
Makanan enak, suasana tenang",9 bulan lalu,4,4,4,Saoenk Cobek Perintis,Google Maps,2026-05-14 19:09:48
Ci9DQUlRQUNvZENodHljRjlvT2xjNVpqQmZiWGhmZW1sbFpYUlpkVFY1TjNsV2RVRRAB,R R,5,"makanannya enak, suasana nyaman apalagi ada kolam ikannya.. mba ani waitressnya ramah dan helpful..👌",10 bulan lalu,5,5,5,Saoenk Cobek Perintis,Google Maps,2026-05-14 19:09:48
Ci9DQUlRQUNvZENodHljRjlvT2xWQmFuRmliVFJwVFhKM1NYRlRaazVDU0U0elMzYxAB,Udin momo,5,Serli pelayanan nya bagus,10 bulan lalu,5,5,5,Saoenk Cobek Perintis,Google Maps,2026-05-14 19:09:48
Ci9DQUlRQUNvZENodHljRjlvT2pCQlZFTXdTekZxVjI5M2JHaGxRVEJqVGpsWU1IYxAB,Ira ha,5,,10 bulan lalu,5,5,5,Saoenk Cobek Perintis,Google Maps,2026-05-14 19:09:48
Ci9DQUlRQUNvZENodHljRjlvT2pSeWRscHVabTB5V0VrNU5ISXlZVGd5TTAxb2NHYxAB,Dwi Ariesta,5,Pelayanan Supriadi dkk 👍🏻,10 bulan lalu,5,5,4,Saoenk Cobek Perintis,Google Maps,2026-05-14 19:09:48
Ci9DQUlRQUNvZENodHljRjlvT2poSU5XRlpXSFJaYTA1a01XWTVVVmRxTW5ONGMzYxAB,Dewi Safitri,5,"terimakasih untuk kak ani yang sudah melayani dengan sangat baik dan ramah, untuk tempatnya sangat nyaman. makanannya juga best enak.",10 bulan lalu,5,5,5,Saoenk Cobek Perintis,Google Maps,2026-05-14 19:09:48
Ci9DQUlRQUNvZENodHljRjlvT2pOdWRrZENWbk40ZGxSS2FqWkphVkYzU0VoclRXYxAB,Fauziyana Mustwn,5,cocok skli buatt makannn rameann,10 bulan lalu,5,5,5,Saoenk Cobek Perintis,Google Maps,2026-05-14 19:09:48
Ci9DQUlRQUNvZENodHljRjlvT21ocWNtTlNTbFpsVjBwQlNXZE1iSFZ5Ylc5RWExRRAB,Aisyah Mahdiyah,5,"Pelayan sherli bagus, makanan juga enak",10 bulan lalu,5,5,5,Saoenk Cobek Perintis,Google Maps,2026-05-14 19:10:09
Ci9DQUlRQUNvZENodHljRjlvT2pGS1NITjFPV0pVTWtORlowUTBaRFZhYlU1eU9XYxAB,Siti Ridiah,5,"Tempatnya enak makanx juga enak” alhamdulillah
Pelayanx anda ani baik rdan ramah",10 bulan lalu,5,5,5,Saoenk Cobek Perintis,Google Maps,2026-05-14 19:10:09
Ci9DQUlRQUNvZENodHljRjlvT25kWmRuQlFiblJSYm1abWMwVlFTVmt5ZWpka2JsRRAB,yunita vika,5,"Suka dengan tempat makan ini, dengan konsep saung sperti di sawah pdhl lokasinya di tengah kota makassar.
Terima kasih atas pelayanannya Daniel",10 bulan lalu,3,5,5,Saoenk Cobek Perintis,Google Maps,2026-05-14 19:10:09
Ci9DQUlRQUNvZENodHljRjlvT2tob2VqWkJWRlZsT0ZaVmFWZERhbmRIYzJaR1FXYxAB,Nurhaedah Majid,5,"Makanannya enak, pelayanan nak fitri ramah",10 bulan lalu,5,5,5,Saoenk Cobek Perintis,Google Maps,2026-05-14 19:10:09
Ci9DQUlRQUNvZENodHljRjlvT2xob01rbG1ja0ZYU21WYWRGSlRkamRMU1doMllYYxAB,Chassya Jolensia,5,Makanannya wuenakk polll pelayanannya baik kak fitri namanyaa😍vibesnya family friendly banget❤️,10 bulan lalu,5,5,5,Saoenk Cobek Perintis,Google Maps,2026-05-14 19:10:09
Ci9DQUlRQUNvZENodHljRjlvT25SSVEzZFFOV3hHTTNaRVprUjBNWEpuVnpCMmRIYxAB,Nurlaela Haris,5,"Tempatnya nyaman, pelayanan atas nama putra sangat Ramah, makanan Enakk dan tidak menunggu lama, sangat rekomendasi makan bersama keluarga",10 bulan lalu,5,5,5,Saoenk Cobek Perintis,Google Maps,2026-05-14 19:10:09
Ci9DQUlRQUNvZENodHljRjlvT21aRVJFMUZOM1pCVDNkSVVUQTJWR0p3Y1RoUlYxRRAB,Fifin Syaman,5,Suasananya nyaman.. pelayanan Ani bgs pelayanannya dan penuh senyum,10 bulan lalu,5,5,5,Saoenk Cobek Perintis,Google Maps,2026-05-14 19:10:09
Ci9DQUlRQUNvZENodHljRjlvT2tjeVREVlFUak5WWmpCVGRVUTFZMEZIZUhoNldGRRAB,Rahmi Jaya,5,"Makanan nya enak suasanya bgus
Pelayanannya baik apa lagi dengan kak daniel baik banget.👍",10 bulan lalu,5,5,5,Saoenk Cobek Perintis,Google Maps,2026-05-14 19:10:09
Ci9DQUlRQUNvZENodHljRjlvT2pOUlJWOTJOVkowWjE5UGEwSlZNRXhJUzBGc2MxRRAB,dunia anak,5,"Pelayanannya sangat bagus
Makanannya juga enak
Terimakasih buat wt danial",10 bulan lalu,5,5,5,Saoenk Cobek Perintis,Google Maps,2026-05-14 19:10:09
Ci9DQUlRQUNvZENodHljRjlvT2pJNE4zVkZXbUZ1WkhkQmNrOW5VR2M1UW5ob1dYYxAB,Masni Zul,5,Daniel,10 bulan lalu,5,5,5,Saoenk Cobek Perintis,Google Maps,2026-05-14 19:10:09
Ci9DQUlRQUNvZENodHljRjlvT2psTWVUQjJVVTFLYm5CdFNuQmtRVTFVYTBJeVEzYxAB,Umar Mokhtar,5,"Makanan nya tersajikan dengan cepat.
Great",10 bulan lalu,5,5,5,Saoenk Cobek Perintis,Google Maps,2026-05-14 19:10:29
Ci9DQUlRQUNvZENodHljRjlvT21rMGFFZDBUSGc0UmpCd1VrcE9hSFJvVWtsMWVuYxAB,Afrida Fida,5,Pelayanan oke...serly pelayanannya oke,10 bulan lalu,5,5,5,Saoenk Cobek Perintis,Google Maps,2026-05-14 19:10:29
Ci9DQUlRQUNvZENodHljRjlvT2xaWlduRnBWelpHU1ZCTVFXMU9iMjVQV1dSMFJrRRAB,Tia Ummu Fathin,5,"Alhamdulillah singgah bareng bestie di Saoenk Cobek Perintis. Makanan enak, Pelayanan ok dan suasana nyaman, thanks buat waiter Fatur yang ramah.",10 bulan lalu,5,5,5,Saoenk Cobek Perintis,Google Maps,2026-05-14 19:10:29
Ci9DQUlRQUNvZENodHljRjlvT2tOMlgzVXdiMHR0ZDBsYUxYbHpOaTFPVUVkNmVGRRAB,Marliana Febrianti,5,"Pelayanan bagus, pesanan makanan nya lumayan lama tpi masih worth it",10 bulan lalu,5,4,5,Saoenk Cobek Perintis,Google Maps,2026-05-14 19:10:29
Ci9DQUlRQUNvZENodHljRjlvT2twR1ZFVkNUR0k1VkZkMU5ERm1ZVzlvZEhGUmJFRRAB,Andi Zulfyana Sumang,5,,10 bulan lalu,5,5,4,Saoenk Cobek Perintis,Google Maps,2026-05-14 19:10:29
Ci9DQUlRQUNvZENodHljRjlvT21NMVN6TnRkRmgxV0RsVmFsUkRNekF6VlhGNFluYxAB,Hamzah Husain,5,Daniel.. Alhamdulillah pelayanan.dan makanan enak trima kasih,10 bulan lalu,5,5,5,Saoenk Cobek Perintis,Google Maps,2026-05-14 19:10:29
Ci9DQUlRQUNvZENodHljRjlvT2tkcFFuaEtSR0p1VVV4TVNUSXRkMEo0ZWs5dVQwRRAB,RIAL BAHAR,4,Suprradi pelayanan memuaskan,10 bulan lalu,5,5,5,Saoenk Cobek Perintis,Google Maps,2026-05-14 19:10:29
Ci9DQUlRQUNvZENodHljRjlvT2sxalFuZFNVa0p5YTBkM1RXZGllSGxyYTBSUVlYYxAB,Akka -,5,,10 bulan lalu,5,5,5,Saoenk Cobek Perintis,Google Maps,2026-05-14 19:10:29
Ci9DQUlRQUNvZENodHljRjlvT25KNmRuSkhSa3QzU0hwUVNHeFNkbGswUVZWdWFtYxAB,SYELO SAPUTRA,5,"Jujur, ke sini awalnya karena lapar. Tapi pulang-pulang bukan cuma kenyang, hati juga senang. Kak Fatur, waiternya, servisnya cepat banget. Belum sempat manggil, udah datang duluan 😆. Next ke sini lagi, semoga Kak Fatur masih jaga 😎🙌",10 bulan lalu,5,5,5,Saoenk Cobek Perintis,Google Maps,2026-05-14 19:10:29
Ci9DQUlRQUNvZENodHljRjlvT21VdFdtcHdNbWRYVWxoNVYwRnJTazlRTUZWaFZHYxAB,Emilia Syahdilah Hakim,5,pelayannya bintang lima ilyan ✨✨,10 bulan lalu,,,,Saoenk Cobek Perintis,Google Maps,2026-05-14 19:10:29
Ci9DQUlRQUNvZENodHljRjlvT2xwVFdXdHBOVUp3YzBFd1JIbzJNRGxMVWxaamMyYxAB,Artika Sari,5,"makanannya enk pelayanannya cepat
Serly",10 bulan lalu,5,5,5,Saoenk Cobek Perintis,Google Maps,2026-05-14 19:10:50
Ci9DQUlRQUNvZENodHljRjlvT25wNFRHNUlaRFUxVVVWR09GZElOMDF1Y1VnNVRVRRAB,???,5,"Tadi qt di layani kak daniel. Pelayanan ramah dan cepat. Untuk moment bersama keluarga, mantapppp t4nya.",10 bulan lalu,5,5,5,Saoenk Cobek Perintis,Google Maps,2026-05-14 19:10:50
Ci9DQUlRQUNvZENodHljRjlvT2tKeGMzVm1iMHBsTUdoTFVsVndlVFZoY0dkeWJuYxAB,dian Mardiana,5,"Pelayanannya baik, fasilitas dan mushollah nya nyaman",10 bulan lalu,4,5,5,Saoenk Cobek Perintis,Google Maps,2026-05-14 19:10:50
Ci9DQUlRQUNvZENodHljRjlvT25aRlZXZG5jMDlGUmxSaU9EbG9ZVEZmU0VsNFlsRRAB,Resty Riastiti,5,"Tempatnya menyenangkan, makanannya enak, pelayanan karyawan kak Daniel sgt membantu.",10 bulan lalu,5,5,5,Saoenk Cobek Perintis,Google Maps,2026-05-14 19:10:50
Ci9DQUlRQUNvZENodHljRjlvT2taWE0xcENSRkV4WmpVMmVYUnViVlpMWVdFNGFGRRAB,Cici Idris,5,Acara catering disini pelayanannya mantap daniel,10 bulan lalu,,,,Saoenk Cobek Perintis,Google Maps,2026-05-14 19:10:50
Ci9DQUlRQUNvZENodHljRjlvT2pkdVlWOUtVVWt5V1VWVlJub3RNVlUwVTBSM2RYYxAB,Adam Adam,4,"Tempatnya bgus bersih dan nyaman untk kmpul, dan mkanan nya ckup enak pelayan nya jg ramah terutama wt danil",10 bulan lalu,3,5,3,Saoenk Cobek Perintis,Google Maps,2026-05-14 19:10:50
Ci9DQUlRQUNvZENodHljRjlvT21kb05YWTNTV3hvVnprd1MwdzNWelZrZDJGRlNIYxAB,Sulvianty Sulvianty,5,,10 bulan lalu,5,5,5,Saoenk Cobek Perintis,Google Maps,2026-05-14 19:10:50
Ci9DQUlRQUNvZENodHljRjlvT2xSdU1EQm9kRjlxUTB0Zk9IbDFkWGR6YTIxc1lXYxAB,Muhammad Kurniawan,5,Terbaik,10 bulan lalu,5,5,5,Saoenk Cobek Perintis,Google Maps,2026-05-14 19:10:50
Ci9DQUlRQUNvZENodHljRjlvT25CdFVYRm9TSE5JWTFwRGJGVnBURGd6WVRaTFVYYxAB,Momogi Makassar 3,5,,10 bulan lalu,5,5,5,Saoenk Cobek Perintis,Google Maps,2026-05-14 19:10:50
Ci9DQUlRQUNvZENodHljRjlvT2xGQ04wNURNRVJpVVMwemVrYzJkMDB4VTFkbldHYxAB,riri andi,5,Makanan enak dan pelayanan mantap atas nama ilyan,10 bulan lalu,5,5,5,Saoenk Cobek Perintis,Google Maps,2026-05-14 19:10:50
Ci9DQUlRQUNvZENodHljRjlvT2pKMWVrY3pZMnBpVlZOTk9FNWpSVlJIV0VGUGVGRRAB,Fachri hs,5,"Pelayanan mantab, makanan enak",10 bulan lalu,,,,Saoenk Cobek Perintis,Google Maps,2026-05-14 19:11:10
Ci9DQUlRQUNvZENodHljRjlvT2tsb05qbFZiVWhvTUROWWVsYzVjRFowWjAxMVNVRRAB,yulius yunus,5,"Makanan dan pelayanan good.. 👍😊
By.. Alwin & Aziza..",10 bulan lalu,5,5,5,Saoenk Cobek Perintis,Google Maps,2026-05-14 19:11:10
Ci9DQUlRQUNvZENodHljRjlvT21WRk1HaHpibWhrVjA1RU1EWk5PR2xDWm5aNGJrRRAB,Nur Sakila,5,Danil,10 bulan lalu,3,5,5,Saoenk Cobek Perintis,Google Maps,2026-05-14 19:11:10
Ci9DQUlRQUNvZENodHljRjlvT210UFJuZFhURVJmVjJGMmMydDBWRWg1WDBKalEyYxAB,lastry Anis,5,Serli makannya enak” semua,10 bulan lalu,5,5,5,Saoenk Cobek Perintis,Google Maps,2026-05-14 19:11:10
Ci9DQUlRQUNvZENodHljRjlvT2xSU1IwSXpkV2xLTWpsQlFTMDVPSFJGTFdSQlVHYxAB,Rahmawati,5,"Pelayanannya bagus dan cepat
Nunu",10 bulan lalu,5,5,5,Saoenk Cobek Perintis,Google Maps,2026-05-14 19:11:10
Ci9DQUlRQUNvZENodHljRjlvT21aMWNucHdSRXgyWVdkZk5qQXhSa1kyYlhCM2ExRRAB,A. Miftahuljannah,5,"Pelayanannya gacor apalagi mas fatur keren banget, makasih bang👍🏼",10 bulan lalu,5,5,5,Saoenk Cobek Perintis,Google Maps,2026-05-14 19:11:10
Ci9DQUlRQUNvZENodHljRjlvT2tKMlgyMXFNRFF6ZFhWdVNGbG5abWRwZUZsd00wRRAB,fiee97,5,sangat baik dan ramah pelayanan oleh kak daniel 10000+++,10 bulan lalu,5,5,5,Saoenk Cobek Perintis,Google Maps,2026-05-14 19:11:10
Ci9DQUlRQUNvZENodHljRjlvT2pKUWF6SjNaMmMxUWxaWmVXNXlaR3h2ZUdaU1RVRRAB,Ilviani Rasyid,5,Danil,10 bulan lalu,5,5,5,Saoenk Cobek Perintis,Google Maps,2026-05-14 19:11:10
Ci9DQUlRQUNvZENodHljRjlvT2kxVU0weFpWWFpQVTJGcVowVmFhbTE1YVdaQ04yYxAB,Zein Sri,5,Terimakasih pak Supriyadi,10 bulan lalu,5,5,5,Saoenk Cobek Perintis,Google Maps,2026-05-14 19:11:10
Ci9DQUlRQUNvZENodHljRjlvT2xSUE5FZE5Wa2xuYW1oWVIxVndNa3RQYjJ4MGJXYxAB,Noviyani Dali,5,Makanan sangat tdk enak asin dan perdekel dan ayam pedas manis dan ikan fillet tdk enak.pelayanan nya sama ilyan,10 bulan lalu,1,5,3,Saoenk Cobek Perintis,Google Maps,2026-05-14 19:11:10
Ci9DQUlRQUNvZENodHljRjlvT2xCUVN6WlJWRVJGZG14V05uUTBMVnB6U2xGVWFXYxAB,Nilma Wati,5,"Supriadi pelayanannya baik, ramah, cepat, makanannya enak👍",10 bulan lalu,5,5,5,Saoenk Cobek Perintis,Google Maps,2026-05-14 19:11:31
Ci9DQUlRQUNvZENodHljRjlvT2xoWE5VcE5lRTFoUTBJeWQzQktUVXg0TkVGWWRIYxAB,Muh Adnan,5,"Suasana bagus, makanannya juga enak"" palayananya jg ramah makasih mas Dani🙏ditambah ada kolam ikanx anak"" suka",10 bulan lalu,5,5,5,Saoenk Cobek Perintis,Google Maps,2026-05-14 19:11:31
Ci9DQUlRQUNvZENodHljRjlvT21ZMmFWRnlSRFpvYm5aQ01WRnBMWEp1Ums1SVdYYxAB,Rafael Moling,5,Tempatx nyaman pelayannya ramah namax supriadi,10 bulan lalu,,,,Saoenk Cobek Perintis,Google Maps,2026-05-14 19:11:31
Ci9DQUlRQUNvZENodHljRjlvT2tkRlZXTldaUzFEV0dGd1dGWXpSMWxpWWs4MVptYxAB,Muh abdillah Al mizan,5,Sherly pelayanan nya bagus makanan nya enak enak,10 bulan lalu,5,5,5,Saoenk Cobek Perintis,Google Maps,2026-05-14 19:11:31
Ci9DQUlRQUNvZENodHljRjlvT2tKRFQyWkdXRzB6TTBaNFpGVndTM2hSVFVKNVVFRRAB,Amira Nur Khalifah,5,"suasananya enak banget, makanan enak, pelayanan juga ramah pol, konsumen nanya2 menu juga dijabanin dan waiter tidak menunjukkan perubahan raut wajah, btw td saya di serve sm kak ani. terima kasih saoenk cobek untuk kesannya",10 bulan lalu,5,5,5,Saoenk Cobek Perintis,Google Maps,2026-05-14 19:11:31
Ci9DQUlRQUNvZENodHljRjlvT2poRVgzYzRUMkZLVjFOelEwbExkbG93TFRCMlRuYxAB,Nuzul Syahru Ramadhan,5,Pelayanan ramah dan baik,10 bulan lalu,5,5,5,Saoenk Cobek Perintis,Google Maps,2026-05-14 19:11:31
Ci9DQUlRQUNvZENodHljRjlvT2xoclRtcEJNV2RzWVVORExYYzFielIyWW1kbGRIYxAB,Siti Alya Azzahra Hakim,5,"fatur

pelayanannya bagus dan gesit, makanannya juga enak”",10 bulan lalu,5,5,5,Saoenk Cobek Perintis,Google Maps,2026-05-14 19:11:31
Ci9DQUlRQUNvZENodHljRjlvT2t0WlRqZERUSGw1UldkeFVUVm9ZM3BOY25aM1kyYxAB,Kezia Pairunan,5,Supriadi pelayanan nya bagus dan untuk makanan nya enak semua,10 bulan lalu,5,5,5,Saoenk Cobek Perintis,Google Maps,2026-05-14 19:11:31
Ci9DQUlRQUNvZENodHljRjlvT20xS01WUkZXRFZ6WVhOVExVZ3lVemgzUzNkNFMzYxAB,Seha,5,Tempatnya oke bngt. Apa lgi yg layani kk Ilyan wajib sihh buat makn rame2,10 bulan lalu,5,5,5,Saoenk Cobek Perintis,Google Maps,2026-05-14 19:11:31
Ci9DQUlRQUNvZENodHljRjlvT21OR1VGazBWekZsVDFsWGFtSlRPRWRVVGxSemNHYxAB,Ff Burik,2,Ayam wijen nya berdarah 2 potong,10 bulan lalu,,,,Saoenk Cobek Perintis,Google Maps,2026-05-14 19:11:31
Ci9DQUlRQUNvZENodHljRjlvT25CVlYzUjVTekoyYzBwbVJYZDVTalZxWlRZM2MxRRAB,Andi Herawati,5,,10 bulan lalu,5,5,5,Saoenk Cobek Perintis,Google Maps,2026-05-14 19:11:51
Ci9DQUlRQUNvZENodHljRjlvT2pCV2JqWm5aVFk0Wm1GQ2NVeGFNSEYxUlc5YU1YYxAB,Patresia Batti,5,"Semua okkk, pelayanan sm kak daniel okkk",10 bulan lalu,,,,Saoenk Cobek Perintis,Google Maps,2026-05-14 19:11:51
Ci9DQUlRQUNvZENodHljRjlvT21keFRsVk5lVEkzYjJwTU1uSlRZbkIzWW01dlYzYxAB,Zunayra Nafeeza,5,Ambil paketannya lebih hemat. Tempatnyaa nyaman..pelayannya oke. Kak azizah yg layani kami baik sabar. Fast respon.  Hargaa sesuailah...,10 bulan lalu,5,5,5,Saoenk Cobek Perintis,Google Maps,2026-05-14 19:11:51
Ci9DQUlRQUNvZENodHljRjlvT2tGbk9XSm9aVEpMZEZaVVJuVktMVGhzYW5GUWNFRRAB,yessy aty,5,Pelayannya a.n. Daniel ramah dan sopan,10 bulan lalu,5,5,5,Saoenk Cobek Perintis,Google Maps,2026-05-14 19:11:51
Ci9DQUlRQUNvZENodHljRjlvT2tNd1NGZHVUMWxPYmtwbFlsOWtaSEJaYTJOcUxVRRAB,Ril Anwar,5,"Makanan enak suasana bagus ada mushollah toilet, bersih dan ramah anak",10 bulan lalu,5,5,5,Saoenk Cobek Perintis,Google Maps,2026-05-14 19:11:51
Ci9DQUlRQUNvZENodHljRjlvT21obFZURmFMWE10YkdVd1lsTkJaMDkzWldwdlNXYxAB,Suci indah Sari,5,"Pelayanan yg cepat dan ramah, makanan cepat datang, suasana hyaman dan adem enak untuk makan dan kumpul bersama keluarga, musholla juga tersedia kadi memudahkan untuk kita sholat",10 bulan lalu,5,5,5,Saoenk Cobek Perintis,Google Maps,2026-05-14 19:11:51
Ci9DQUlRQUNvZENodHljRjlvT25WSFZsa3laRFZxYzFRdExWTTJkRzF4TjBwdlNFRRAB,Nanang Candra,5,"Makanannya enak , pelayanan nya ramah.... Good job buat mbak Anik, tempatnya asri ada kolam koi nya ....",10 bulan lalu,5,5,5,Saoenk Cobek Perintis,Google Maps,2026-05-14 19:11:51
Ci9DQUlRQUNvZENodHljRjlvT2xGa1gxZHpWbUU1V0ZGU1oxTTBibmhWY1V0UkxVRRAB,sharen frida.p.,5,"Pelayanan waiters atas nama mbak Ani sudah sopan dan ramah. Makanannya juga enak, tenpatnya cocok untuk makan bersama keluarga.",10 bulan lalu,5,5,5,Saoenk Cobek Perintis,Google Maps,2026-05-14 19:11:51
Ci9DQUlRQUNvZENodHljRjlvT21vMVExSlVRMHRMY21sd2FUWnVWRk13V1hack1HYxAB,Andi Adelah,5,"Pelayanan ramah , menu disajikan selera nusantara, enak dan sangat rekomendasi",10 bulan lalu,5,5,5,Saoenk Cobek Perintis,Google Maps,2026-05-14 19:11:51
Ci9DQUlRQUNvZENodHljRjlvT2w5UFdUQlZSR3hRUkVSc2NsWndUMHBxZG1oRVNrRRAB,Almahira Almahira,5,"Tempatnya indah dan apik,,,ramah dalam pelayanan dan lokasi yang strategis 👍🏻👍🏻

pelayan:sherly",10 bulan lalu,5,5,5,Saoenk Cobek Perintis,Google Maps,2026-05-14 19:11:51
Ci9DQUlRQUNvZENodHljRjlvT201SWFIbElNRlprUjFObVl6Tk1ka3BMV2tOSU1VRRAB,Intan,5,"MasyaAllah sangat memuaskan pelayananx dan makananx mantap massapodda tdk diragukan lagi bestiii....

Ilian",10 bulan lalu,5,5,5,Saoenk Cobek Perintis,Google Maps,2026-05-14 19:12:12
Ci9DQUlRQUNvZENodHljRjlvT2xacFkzbFZiV1YyVlRoVFVuSm5VVjlGWVRKMmVYYxAB,Ahmad_ Physics,5,"Baru saja melakukan wedding di lokasi mulai dari akad sampai resepsi, makanan nya enak, pelayan nya ramah dan baik-baik, tempat nya nyaman dan estetik, banyak spot foto untuk mengabadikan momen pernikahan, pokok nya tidak nyesal pilih tempat ini

Bagi yang mw acara/rapat2 lokasi ini sangat rekomended",10 bulan lalu,5,5,5,Saoenk Cobek Perintis,Google Maps,2026-05-14 19:12:12
Ci9DQUlRQUNvZENodHljRjlvT21KSk5EZDBjVnBSTTNCR09IUnhXSGx5UkRCVFVtYxAB,Gerhana,5,"Tempatnya bagus,bersih dan nyaman dengan kolam ikan yg cukup besar,makanannya enak dan pelayanannya juga memuaskan",10 bulan lalu,5,5,5,Saoenk Cobek Perintis,Google Maps,2026-05-14 19:12:12
Ci9DQUlRQUNvZENodHljRjlvT2xJNE0wNTFSMXA1TVhsRmRrSnhYMGRCYjNWdUxXYxAB,Donna Patandianan,5,Pertahankan - Alwin,10 bulan lalu,5,5,5,Saoenk Cobek Perintis,Google Maps,2026-05-14 19:12:12
Ci9DQUlRQUNvZENodHljRjlvT2xObWJIcHdSRVV5T0hKWVFrTlBSMnh3TmxkR0xXYxAB,Taskia Auliya Alifah,5,"makanannya enak, pelayanannya baik",10 bulan lalu,5,5,5,Saoenk Cobek Perintis,Google Maps,2026-05-14 19:12:12
Ci9DQUlRQUNvZENodHljRjlvT21KbFYxZGZha3h0YWtOTlpYZE1hRGQwTURSeVMzYxAB,Muhlisa Firdayati,5,"Menunya enak-enak,pelayanannya juga ramah""👍",10 bulan lalu,5,5,5,Saoenk Cobek Perintis,Google Maps,2026-05-14 19:12:12
Ci9DQUlRQUNvZENodHljRjlvT21KVFl6TmhjbnBtWkVFelFWRmFWeTB4V1ZweFdXYxAB,yayasan asoka,5,"Tempat ini sangat kondusif buat acara makan bareng-bareng, makanannya juga enak jadinya nasi nambah terus! 🥰
Pelayanan diatas oleh kak sherli😘",10 bulan lalu,5,5,5,Saoenk Cobek Perintis,Google Maps,2026-05-14 19:12:12
Ci9DQUlRQUNvZENodHljRjlvT2paQlZFTmZTbU10WDFGNk5HSlVhVTFHTm0xRVFuYxAB,Darmawansyah Bandoe,5,"Alhamdulillah ada lagi tempat makan yg enak, nyaman, dan ramah di Makassar, terimakasih pelayanannya mas ilyan
Makan di saung cobek mantap",10 bulan lalu,5,5,5,Saoenk Cobek Perintis,Google Maps,2026-05-14 19:12:12
Ci9DQUlRQUNvZENodHljRjlvT2paRVdtZG1iekpxVFRkS1JUSXdkazlpWkVWdFpIYxAB,Riska Apriana,5,"Suasana nyaman, adem, dan makanan nikmat",10 bulan lalu,5,5,5,Saoenk Cobek Perintis,Google Maps,2026-05-14 19:12:12
Ci9DQUlRQUNvZENodHljRjlvT21SMVEzZEVVVVphY0VwWlpIaHJNR3g2U0hCd1JVRRAB,Anggerina Situmorang,5,Makanan enak suana adem,10 bulan lalu,5,5,5,Saoenk Cobek Perintis,Google Maps,2026-05-14 19:12:12
Ci9DQUlRQUNvZENodHljRjlvT2pWSFoxbG9aazgzY1U0MVVXUlpjRFZmTjJONWNHYxAB,SEMA Chanel,5,"Alhamdulillah tempat makan paling rekomended menu makanan enak2, tempat asyik untk makan sambil bersantai... Pelayanan baik ramah plusnya ada mushollah yg bersih dan luas🥰🥰🥰 …",10 bulan lalu,,,,Saoenk Cobek Perintis,Google Maps,2026-05-14 19:12:33
Ci9DQUlRQUNvZENodHljRjlvT20xVU1ESlBWa1IzVVRsVWRVUnNOa1Z4VVVSQ1RIYxAB,Endah Wulandari,5,Baik,10 bulan lalu,5,5,5,Saoenk Cobek Perintis,Google Maps,2026-05-14 19:12:33
Ci9DQUlRQUNvZENodHljRjlvT2xWUVIyb3paek5GWlhaSlZrWlpWMnAxWTFWaExWRRAB,vina vani,5,Tempatnya nyaman pelayanannya rama2 tq y mba shery,10 bulan lalu,5,5,5,Saoenk Cobek Perintis,Google Maps,2026-05-14 19:12:33
Ci9DQUlRQUNvZENodHljRjlvT2poZmVIVXlWVEpSUVVKM1dHcFNjbmN4V0hSV1RGRRAB,Lisnawati Christiani,5,"Rekomended, makanannya enak suasana malamnya estetik, tenang ada suara air cocok untuk makan bersama keluarga, ada banyak ikan koi juga di kolam anak2 pada suka",10 bulan lalu,5,5,5,Saoenk Cobek Perintis,Google Maps,2026-05-14 19:12:33
Ci9DQUlRQUNvZENodHljRjlvT2t4dlZtVk1YMU5mYjFKRWNXMXJMVmhGZEdGTmIxRRAB,Wardiman 20,5,"Alhamdulillah pelayanan ramah dan gercep, makanan nya juga enak dan fresh.

Terima kasih untuk pelayanannya terutama untuk kak Dani",10 bulan lalu,5,5,5,Saoenk Cobek Perintis,Google Maps,2026-05-14 19:12:33
Ci9DQUlRQUNvZENodHljRjlvT2tSRUxXaFhhRkJVU3pKNFN6UTBOMEpVYVUxVFIwRRAB,Indah Lestari,5,"Makanannya enak2, pelayanannya jg ramah.
Terima Kasih Ani atas pelayanannya",10 bulan lalu,5,5,5,Saoenk Cobek Perintis,Google Maps,2026-05-14 19:12:33
Ci9DQUlRQUNvZENodHljRjlvT2pWYWRrMW1OM2t6VkZRd2RrVjFVbVp0V2tkNlpIYxAB,Umamah,5,"Guuuud, niceee... adem.. sedemikian pelayanannya colek mba ani.. makasih",10 bulan lalu,5,5,5,Saoenk Cobek Perintis,Google Maps,2026-05-14 19:12:33
Ci9DQUlRQUNvZENodHljRjlvT25KSldISnpSRE5PVkZScVUxVjNUbTVNZFZwNWRrRRAB,Andi ijriani,5,Recomended terutama kepiting lada hitam.. Enaaak2 makanaanx InsyaAllah dtg lagi,10 bulan lalu,5,5,5,Saoenk Cobek Perintis,Google Maps,2026-05-14 19:12:33
Ci9DQUlRQUNvZENodHljRjlvT2tsck5EQlVRbGx1YUhoVGNrWk9Ra281TlVWUGVGRRAB,Arthur Reinhard Manatar Manurung,5,,10 bulan lalu,,,,Saoenk Cobek Perintis,Google Maps,2026-05-14 19:12:33
Ci9DQUlRQUNvZENodHljRjlvT2xjdE0zRlVUa0pJYzA1UFFubGxRbDlwYUVZdFIzYxAB,Putra Putra,5,"Tambah bagus tawwa pelayanannya, peka terhadap semua kebutuhan pelanggan.. Terimakasih pak alwin dan teamnya sudah mau direpotkan dengan segala kerempongan kami🙏",10 bulan lalu,5,5,5,Saoenk Cobek Perintis,Google Maps,2026-05-14 19:12:33
Ci9DQUlRQUNvZENodHljRjlvT21Wa09GZDJSV3BGWjFKelUxWkRiQzB3YlVwc1NHYxAB,Nur Athira,5,"Atas nama Fatur, alhamdulillah pengalaman pertama, pelayanannya lumayan cepat, suasana dan sajiannya enak, mudah-mudah bisa kesini lagi, klo bisa ada asbak 😁",10 bulan lalu,5,5,5,Saoenk Cobek Perintis,Google Maps,2026-05-14 19:12:53
Ci9DQUlRQUNvZENodHljRjlvT2pWQ1puSnhNRk5OT1RONFZEaHpVblpJY0VsNmVrRRAB,Nuraeni Anwar,5,Mantapp,10 bulan lalu,,,,Saoenk Cobek Perintis,Google Maps,2026-05-14 19:12:53
Ci9DQUlRQUNvZENodHljRjlvT2xWUFJWRkJXbUpRYW5GeFlqVkNkR0ZPTmpCSU5VRRAB,Fatqur Rohman,5,Tuan,10 bulan lalu,5,5,5,Saoenk Cobek Perintis,Google Maps,2026-05-14 19:12:53
Ci9DQUlRQUNvZENodHljRjlvT2tORmVsZGFRMUZXYnpjM1gxZG9TR1I1VmtnMlpXYxAB,yaya yayafett,5,"Terimakasih atas pelayanan nya, puas banget. Makanannya juga mantap dan enak. Tamu pun puas atas pelayanan dan makanannya. Terimakasih atas Alwin dan team",10 bulan lalu,5,5,5,Saoenk Cobek Perintis,Google Maps,2026-05-14 19:12:53
Ci9DQUlRQUNvZENodHljRjlvT21KcWVUVk5OMFZJYTBsa09UbElSSE5EYlZOdkxYYxAB,Nurfadhilah Wahid,5,Mantap pelayanannya.. makanannya juga enak2. Terima kasih karyawan atas nama ilyan yg melayani kami dengan tulus.,10 bulan lalu,5,5,5,Saoenk Cobek Perintis,Google Maps,2026-05-14 19:12:53
Ci9DQUlRQUNvZENodHljRjlvT200dFZWQXpWbTVPWWtGaVUyNXlSa1EyYXpsdU5tYxAB,Irma Muhita,5,"Makanannya enak, pelayanannya bagus dan ramah, tempatnya bagus dan bersih, pelayanan Ani bagus",10 bulan lalu,5,5,5,Saoenk Cobek Perintis,Google Maps,2026-05-14 19:12:53
Ci9DQUlRQUNvZENodHljRjlvT2pCbGVIaG1VRWwwUlZsQ2NXZFlXamR0VWpGcE1VRRAB,momsultanshofiyyah,5,"Pelayanan sgt ramah oleh kak daniel, fast respon. Makanannya jg sgt enak...next time ke sini lg bw family",10 bulan lalu,5,5,5,Saoenk Cobek Perintis,Google Maps,2026-05-14 19:12:53
Ci9DQUlRQUNvZENodHljRjlvT21WSU0wcHZPRzVIUlZVMWRFTklTMk5MVnpGdlIyYxAB,Triana Triana,5,alhamdulillah pelayanannya baik dan cepat...,10 bulan lalu,5,5,5,Saoenk Cobek Perintis,Google Maps,2026-05-14 19:12:53
Ci9DQUlRQUNvZENodHljRjlvT2xsSVdYTkhWM1YwUzNwMlprMWpSR2hwV0dsMVdYYxAB,Veli Hikmawati,5,"makanannya enak, pelayanannya juga best sih
pelayanannya oleh kak ani☆",10 bulan lalu,5,5,5,Saoenk Cobek Perintis,Google Maps,2026-05-14 19:12:53
Ci9DQUlRQUNvZENodHljRjlvT21KdWExQlRTek41VDJkdmJUZHFXVUkyU1hSMk9HYxAB,gaby rano,5,,10 bulan lalu,5,5,5,Saoenk Cobek Perintis,Google Maps,2026-05-14 19:12:53
Ci9DQUlRQUNvZENodHljRjlvT2pkdVVqbEZVbTl4UTJ0dlh6azVTa1YzU0hWRFltYxAB,Nur Rahmah Hasanuddin,5,Pelayanan nya bagus dan 0egawainya ramah dan helpfull. Makasih kk supriadi yg sdh layani table kami tadi 🙏. Good sercice,10 bulan lalu,5,5,5,Saoenk Cobek Perintis,Google Maps,2026-05-14 19:13:14
Ci9DQUlRQUNvZENodHljRjlvT25CdE1GQkdiVFJ4WTNOdGNrUkpTSG80TXpkeVJYYxAB,HIJRIANI SAFITRI,4,makanan nya enak dan pelayanan kak Fitri sangat sopan dan bagus,10 bulan lalu,,,,Saoenk Cobek Perintis,Google Maps,2026-05-14 19:13:14
Ci9DQUlRQUNvZENodHljRjlvT2pRMlRXVjROV1Z1YzBwTVkwOVZTMHN4VjNsVlRrRRAB,Jessica Sabrina,5,"Alhamdulillah senang bisa merasakan makan di tempat ini.
Rasa Makanannya enak, suasananya nyaman sekali, ditambah dengan bunyi air nya bkin damai. Mushollahnya bersih dan terpisah laki2-perempuan alhamdulillah.
Termasuk pelayanan pramusaji nya yg bernama Ani, ma syaa Allaah bagus dan ramah skali, pelayanannya gercep dan murah senyum.
Terima kasih pelayanannya yg luar biasa.",10 bulan lalu,5,5,5,Saoenk Cobek Perintis,Google Maps,2026-05-14 19:13:14
Ci9DQUlRQUNvZENodHljRjlvT2pKUGEybFNaVUZvV0dveWVrbEdhV3hVTnpGRWJrRRAB,Rhara Kusuma,5,"Makanan & pelayanan t’best & terutama unk mba ani, tetap senyum & ramah selalu yaa melayani cust 🫶🏼",10 bulan lalu,5,5,5,Saoenk Cobek Perintis,Google Maps,2026-05-14 19:13:14
Ci9DQUlRQUNvZENodHljRjlvT2pWbWJXbHdVazFRWTJKa2REWkhOMjVCVDNjdFdtYxAB,Kurnia Noesantara,5,"Pelayannya atas nama Ilyan sangat baik, ramah dan cepat juga.
Overall puas makan disini",10 bulan lalu,5,5,5,Saoenk Cobek Perintis,Google Maps,2026-05-14 19:13:14
Ci9DQUlRQUNvZENodHljRjlvT25Kd1dFaENkRWRPWDBGaU0wTTBjRlY0UlZKbFpIYxAB,Nurjannah Rivai N.A,5,"Danial, pelayanan bagus, tinggal kucing saja yang menggangu hehe",10 bulan lalu,5,5,,Saoenk Cobek Perintis,Google Maps,2026-05-14 19:13:14
Ci9DQUlRQUNvZENodHljRjlvT2pGMGEyUkdMVWx4ZVU1R2J6QkNSWEJuVVV4ck5YYxAB,Reskiani Kasim,5,"Makanan nya enak sambal cobeknya juga enak
Pelayanan nya juga bagus @alwin 🥰🥰",10 bulan lalu,5,5,5,Saoenk Cobek Perintis,Google Maps,2026-05-14 19:13:14
Ci9DQUlRQUNvZENodHljRjlvT2paVllteHFaekZEUTNSTVJXTTVlVFJHVTI1UVYxRRAB,muhammad fajrul islam,5,"pengalaman selama makan di warung ini, pelayan atas nama azizah memberikan pelayanan ramah dan murah senyum.",10 bulan lalu,5,5,5,Saoenk Cobek Perintis,Google Maps,2026-05-14 19:13:14
Ci9DQUlRQUNvZENodHljRjlvT213M1lrNUZkV2RHUkRseFdHNTRZamd0TmtWcFJtYxAB,Hanalia 1978,5,"Semuanya baik 'semua makanannya lezat 👍👍👍Enak sekali
Pelayanannya bagus, stafnya sangat ramah 🙏🙂, tidak sabar untuk kembali lagi, terima kasih untuk Alwin & tim 🙏🙏🙏😍😍😍😍",10 bulan lalu,5,5,5,Saoenk Cobek Perintis,Google Maps,2026-05-14 19:13:14
Ci9DQUlRQUNvZENodHljRjlvT2pSbFpYTnlka05LTXpWS2NqaFhNMlZHZERkSU5tYxAB,Farah Dhiyaa,5,cukup memuaskan,10 bulan lalu,5,5,5,Saoenk Cobek Perintis,Google Maps,2026-05-14 19:13:14
Ci9DQUlRQUNvZENodHljRjlvT2xFeU5XUldZaTEyVDNRNVl6WjVVR1JxWDNkM01sRRAB,anniversary,5,pelayanannya baik👍🏻 …,10 bulan lalu,,,,Saoenk Cobek Perintis,Google Maps,2026-05-14 19:13:35
Ci9DQUlRQUNvZENodHljRjlvT2xoUFJsRnpMVmRQVjFKTVdEWkROV3BOTWxkUWNWRRAB,Eka Martini,5,Alhamdulillaaah...makanannya enak dan sesuai di lidah dan pelayanan ade' ani ramah dan murah senyum banget. Recomended,10 bulan lalu,5,5,5,Saoenk Cobek Perintis,Google Maps,2026-05-14 19:13:35
Ci9DQUlRQUNvZENodHljRjlvT2xadWRIVmZhVXA0Y1VGcVZHWktkVE42Y214dU5GRRAB,besse pebrianti,5,"Makanannya enak,
Terima kasih pelayanan nya kak ani, bagus skli",10 bulan lalu,5,5,5,Saoenk Cobek Perintis,Google Maps,2026-05-14 19:13:35
Ci9DQUlRQUNvZENodHljRjlvT2tGWWNUbEdaVlUzUVRremNYWkZTMHd6ZGtOVlJHYxAB,hasni makassar,5,"Pelayanan mantap..

Alwin dan crew",10 bulan lalu,5,5,5,Saoenk Cobek Perintis,Google Maps,2026-05-14 19:13:35
Ci9DQUlRQUNvZENodHljRjlvT21SRGQwTnNjRkZKVUU5aGRXbEhSbHBrUWs5M1duYxAB,tasyah,5,Pengalaman terbaik dan layanan hebat dari Ilyan,10 bulan lalu,5,5,5,Saoenk Cobek Perintis,Google Maps,2026-05-14 19:13:35
Ci9DQUlRQUNvZENodHljRjlvT210a1UzSlRkR0k1TjBkRVdFcGFhMll6WTBWR2VXYxAB,Puguhwidya87@gmail.com Puguhwidya87,5,,10 bulan lalu,4,4,5,Saoenk Cobek Perintis,Google Maps,2026-05-14 19:13:35
Ci9DQUlRQUNvZENodHljRjlvT2psUVZrOVhNVTVRY1RkMk5sWlBWVGxDYjBWZlRVRRAB,Melani nhi,5,"Tempat makan yang nyaman, apalagi sama keluarga. Makan enak, tempatnya bersih, mushollah bersih, pelayanan sangat baik dan ramah ( serli dan erwin) ..",10 bulan lalu,5,5,5,Saoenk Cobek Perintis,Google Maps,2026-05-14 19:13:35
Ci9DQUlRQUNvZENodHljRjlvT21seU1VdENORlpSTmpSTmVtSTVPWEpJUnkxSlFtYxAB,Arii Garonk,5,Tempat bagus dan makanan enak,10 bulan lalu,5,5,5,Saoenk Cobek Perintis,Google Maps,2026-05-14 19:13:35
Ci9DQUlRQUNvZENodHljRjlvT2taZmJscFJUVE5CZVdSS1ZteFpNamxhU1dkRlRIYxAB,Butet 1959f,5,Daiel....mantap pelayananx,10 bulan lalu,5,5,5,Saoenk Cobek Perintis,Google Maps,2026-05-14 19:13:35
Ci9DQUlRQUNvZENodHljRjlvT2pjMWQzRnhkbXh3WTBSMGNtZzFVR1ZmVm1OQ1JFRRAB,Ujhie Mustamin,5,Pelayanan bernama Ilyan sangat ramah,10 bulan lalu,4,5,5,Saoenk Cobek Perintis,Google Maps,2026-05-14 19:13:35
Ci9DQUlRQUNvZENodHljRjlvT21kNWMxVmpVRkptY0V4dFRXSnZkMEptUVRCbGJYYxAB,Fikrah Hafizhah,2,"Kesini bareng keluarga bawa toddler 3 orang, pesan beberapa menu beberapa diantaranya sayur asem dan ikan kakap tepung, ikannya tdak fresh bahkan sudah sedikit berbau, sayur asamnya tidak matang (nangka nya masih kerass), saungnya tidak anak friendly apalagi klo anaknya aktif karena tidak ada pembatasnya, rawan banget jatuh ke kolam ikannya jdi harus ekstra dijagain klo mau makan d saungnya.",10 bulan lalu,2,4,4,Saoenk Cobek Perintis,Google Maps,2026-05-14 19:13:55
Ci9DQUlRQUNvZENodHljRjlvT2pkd1RVaGFUWGxwZFdOQmJYSnlNRkZyUzJ0emRsRRAB,Frans Damai Evlogia,5,Pelayanannya oke...dan tempatnya nyaman..cocok untuk keluarga yg senang menikmati makanan di tempat semi outdoor,10 bulan lalu,4,5,4,Saoenk Cobek Perintis,Google Maps,2026-05-14 19:13:55
Ci9DQUlRQUNvZENodHljRjlvT21jeGRtbFRNWE0wYkUxYVJHaGhkWGsxV21VNVpHYxAB,Refi Mentari,5,"makanannya enak-enak, pelayannya juga ramah dan tempatnya nyaman cocok untuk makan bersama keluarga",10 bulan lalu,5,5,5,Saoenk Cobek Perintis,Google Maps,2026-05-14 19:13:55
Ci9DQUlRQUNvZENodHljRjlvT21rNFNGZExRMnBEUkU5SlNFcEhjazFPUzJsM1RGRRAB,Sudirman Nganro,5,Masakannya enak,10 bulan lalu,5,5,5,Saoenk Cobek Perintis,Google Maps,2026-05-14 19:13:55
Ci9DQUlRQUNvZENodHljRjlvT2tkT2RreGhibTVTTW5CS2RpMUJVRGQzVmxkTldrRRAB,Toko Rama Kodam,5,"pelayanan baik, makan enak.
recomend buat makan keluarga

makasih buat mas ilyan",10 bulan lalu,5,5,5,Saoenk Cobek Perintis,Google Maps,2026-05-14 19:13:55
ChZDSUhNMG9nS0VJLWFxdXk1LTh6VENnEAE,Asmawiyah. AT,5,"Rumah makannya bagus
Makanannya juga enak
Terutama pelayannya mas ilyan ramah, sangat membantu. Thank you mas ilyan",10 bulan lalu,,,,Saoenk Cobek Perintis,Google Maps,2026-05-14 19:13:55
Ci9DQUlRQUNvZENodHljRjlvT21OR1NHc3dUVnAxUjA5NGRITkdaWHBqVDJGbllYYxAB,Mujahida,5,"Waiters putri ayu pelayanannya mantap, bagus, ramah,",10 bulan lalu,5,5,5,Saoenk Cobek Perintis,Google Maps,2026-05-14 19:13:55
ChdDSUhNMG9nS0VLU1YwT0xRN2QyS2hRRRAB,Diah Novita Andini,5,"dari segi makanan sangat enaak dan beberapa tamuku juga bilang enak makanannya

untuk layanan saya kebetulan pesan untuk acara mappetuada, kk lisa dan kk danil juga sangat fastrespon kalau di wa,  disana sangat bantu menginfokan terkait teknis dan pada saat hari H juga membantu dan gercep. dan untuk pak anto mekanik disana juga sangat gercep dan membantu setting dan saat pemutaran musicnya

suasana : adem krn full ac tamu tidak kepanasan, ruangannya luas, tempatnya bagus banyak untuk spot foto

terimakasih untuk saoenk cobek dan sukses terus yaah🙏🏻☺️",10 bulan lalu,5,5,5,Saoenk Cobek Perintis,Google Maps,2026-05-14 19:13:55
ChZDSUhNMG9nS0VQS3pxTFNzcjlHdkx3EAE,Rhirin M,5,"Makanannya enak

Dilayani oleh Alwin dan Team",11 bulan lalu,5,5,5,Saoenk Cobek Perintis,Google Maps,2026-05-14 19:13:55
Ci9DQUlRQUNvZENodHljRjlvT2kxSmMzSlFaVjlsYkZjemVYSkthSEJWZVRSQ1JYYxAB,Andi Nurfitriani,5,"terima kasih untuk saoenk cobek dengan pelayanan yang cepat, baik dan ramah untuk ilyan dan tim lainnya. di acara keluarga saya yang meriah bisa karaoke bareng keluarga!!!",11 bulan lalu,5,5,5,Saoenk Cobek Perintis,Google Maps,2026-05-14 19:13:55
ChZDSUhNMG9nS0VQS2JtNWJEMTRyVGRnEAE,Lenny Ridho Bela,5,Alwin dan timnya memberikan pelayanan terbaik 🔥🔥🔥,11 bulan lalu,5,5,5,Saoenk Cobek Perintis,Google Maps,2026-05-14 19:14:16
Ci9DQUlRQUNvZENodHljRjlvT2xCTmRtdEhWamxOZFRWdE5GcFNhRU10WkhGTWNuYxAB,Muh. Rifky Al - gifary,5,Mantapp pelayanannya,11 bulan lalu,,,,Saoenk Cobek Perintis,Google Maps,2026-05-14 19:14:16
ChdDSUhNMG9nS0VLcUptN1A1dF96TThRRRAB,yulia filia osak,4,"Jadi, jadi",11 bulan lalu,,,,Saoenk Cobek Perintis,Google Maps,2026-05-14 19:14:16
Ci9DQUlRQUNvZENodHljRjlvT2pSSWJXTkZUWEpZTlZsMk56aEVabVJTTjBWQlYzYxAB,Imah tulzohra,5,pelayanan dari kaka daniel sangat ramah👍,11 bulan lalu,5,5,5,Saoenk Cobek Perintis,Google Maps,2026-05-14 19:14:16
Ci9DQUlRQUNvZENodHljRjlvT25obGJVcGZaV2RuZVdZNVZuVnBWMW90Y2xCUVNYYxAB,Titol Puang,5,Terima kasih untuk mas ilyan atas pelayanan sangat ramah dan murah senyum,11 bulan lalu,5,5,5,Saoenk Cobek Perintis,Google Maps,2026-05-14 19:14:16
Ci9DQUlRQUNvZENodHljRjlvT2pOUWVsOUVObEF4VjFsdmJuUm5SSHA1WTFaMk5XYxAB,Nabilah Salsabila,5,"Pelayanan di restoran ini sangat memuaskan.  Kak Danul memberikan pelayanan yang ramah, dan selalu sigap dalam memenuhi kebutuhan kami dan memberikan rekomendasi menu yang sangat membantu.  Terima kasih atas pengalaman makan siang yang menyenangkan!",11 bulan lalu,5,5,5,Saoenk Cobek Perintis,Google Maps,2026-05-14 19:14:16
Ci9DQUlRQUNvZENodHljRjlvT2xoVldXSlBZbnBOTTNrMmQwaG1VemRTVEZnelZHYxAB,Zalsa Bila Putri,5,"Suasananya enak, pelayanannya bagus, makanannya enak dan worth it
*K' Ani",11 bulan lalu,5,5,5,Saoenk Cobek Perintis,Google Maps,2026-05-14 19:14:16
ChZDSUhNMG9nS0VPRzc3cVNmOWRMeWRnEAE,Reldi Utari,5,makanan enak,11 bulan lalu,5,5,5,Saoenk Cobek Perintis,Google Maps,2026-05-14 19:14:16
ChdDSUhNMG9nS0VKdmxqWkdYcklhbTJBRRAB,Sarti Tandipayuk,5,"Makanannya enak, tempatnya nyaman. Stafnya jg ramah. Makasih mbak Ani.",11 bulan lalu,5,5,5,Saoenk Cobek Perintis,Google Maps,2026-05-14 19:14:16
ChdDSUhNMG9nS0VKUHg1N3VBanBHZmhnRRAB,Ika Mustika,5,"Nd ad promo kartu. Kucing lalu lalang.
Ani mantap",11 bulan lalu,5,5,5,Saoenk Cobek Perintis,Google Maps,2026-05-14 19:14:16
ChdDSUhNMG9nS0VMYWI1OUstMmIyUWhRRRAB,SAMSUL ALAM,5,Pelayanan baik : ilyan,11 bulan lalu,,,,Saoenk Cobek Perintis,Google Maps,2026-05-14 19:14:37
ChRDSUhNMG9nS0VMLUF5cHlObjlZbhAB,Jumadil Sri,5,"Suasana ya mantap
Makanan ya enak² cocok dilidah🙂

Pelayanan ya Rama
#ani",11 bulan lalu,5,5,5,Saoenk Cobek Perintis,Google Maps,2026-05-14 19:14:37
Ci9DQUlRQUNvZENodHljRjlvT2w5NlRYbFVZbkp3Um5NM0xUQlhaMUF0VTNsbFlXYxAB,Hadija Umar,5,,11 bulan lalu,5,5,5,Saoenk Cobek Perintis,Google Maps,2026-05-14 19:14:37
ChdDSUhNMG9nS0VMbU84dm1ybExLc29BRRAB,Jesse Panjaitan,5,"Luar biasa pelayanannya, ramah, dan cepat. mantap pak supriyadi",11 bulan lalu,5,5,5,Saoenk Cobek Perintis,Google Maps,2026-05-14 19:14:37
ChdDSUhNMG9nS0VPQ0E5S2ZUdWVYdnB3RRAB,Regita cahyani putri,4,,11 bulan lalu,4,4,4,Saoenk Cobek Perintis,Google Maps,2026-05-14 19:14:37
ChZDSUhNMG9nS0VKQ1V6cTdheW9PTUdnEAE,aliqah zaimah,5,"enak tawwa makanannya
pelayanannya ilyan sangat baik dan ramah",11 bulan lalu,5,5,5,Saoenk Cobek Perintis,Google Maps,2026-05-14 19:14:37
ChZDSUhNMG9nS0VLUEtnYURqeG83MkxREAE,Fullo Bolong,5,Makanan enak enak & banyak pilihan lauk pauknya 👍👍👍👍👍,11 bulan lalu,5,5,5,Saoenk Cobek Perintis,Google Maps,2026-05-14 19:14:37
ChdDSUhNMG9nS0VLSEhxb2JGMGNmTF9nRRAB,Noureen Mikayla Raissa,5,"Makanannya mantap... Pelayannya ramah dan gercep... fasilitasnya lumayan lengkap, ada tempat cuci tangan di setiap saung dan ruang VIP, kamar mandinya bersih dan ada mushollah yang cukup besar...",11 bulan lalu,5,5,5,Saoenk Cobek Perintis,Google Maps,2026-05-14 19:14:37
ChdDSUhNMG9nS0VNX2ZrNzN4aTUtUnhRRRAB,Muhammad Ikhwan,5,"Pelayanannya bagus, makanannya enak..
Suasaa nya nyaman
Pelayannya atas nama ani",11 bulan lalu,,4,5,Saoenk Cobek Perintis,Google Maps,2026-05-14 19:14:37
ChZDSUhNMG9nS0VJYmJ1NXlhMllLbVl3EAE,sri hisnawati,5,Sambal bisa di tambah level pedasnya @fatur,11 bulan lalu,5,5,5,Saoenk Cobek Perintis,Google Maps,2026-05-14 19:14:37
ChZDSUhNMG9nS0VKU1h4Nl9JaW9lS0ZnEAE,Hj. Syarifah Nurlaelah,5,,11 bulan lalu,5,5,5,Saoenk Cobek Perintis,Google Maps,2026-05-14 19:14:57
ChdDSUhNMG9nS0VNMzVpcm1tNWFHWjhBRRAB,Muh. Islam Alwi,5,Tempat yang bagus untuk makan siang bersama keluarga. Pelayanannya luar biasa dari Mas Supriadi.,11 bulan lalu,5,5,5,Saoenk Cobek Perintis,Google Maps,2026-05-14 19:14:57
ChdDSUhNMG9nS0VNeV90dnFlamJPQTd3RRAB,Barliang Tosema,5,"Makanan sesuai pesanan dan hasil memuaskan pokoknya puas deh,kesini maki  depan Livin plaza informa",11 bulan lalu,5,5,5,Saoenk Cobek Perintis,Google Maps,2026-05-14 19:14:57
ChZDSUhNMG9nS0VPLTZ0WmFUczh6SllBEAE,Risma Risma,5,"Ilyan
makanannya enak semua",11 bulan lalu,5,5,5,Saoenk Cobek Perintis,Google Maps,2026-05-14 19:14:57
ChZDSUhNMG9nS0VMWE5wb25WNTViT1ZREAE,nur aini,5,Terimakasih,11 bulan lalu,5,5,5,Saoenk Cobek Perintis,Google Maps,2026-05-14 19:14:57
ChZDSUhNMG9nS0VJcnhvZUxnbTVINVdBEAE,Aisyah Angraeni,5,,11 bulan lalu,,,,Saoenk Cobek Perintis,Google Maps,2026-05-14 19:14:57
ChdDSUhNMG9nS0VQWHZ4OURvcXBEWmd3RRAB,Udi 19,5,"makanannya enak, terimakasih sudah memberikan pelayanan yang baik kak nunu",11 bulan lalu,5,5,5,Saoenk Cobek Perintis,Google Maps,2026-05-14 19:14:57
ChdDSUhNMG9nS0VQZTV0SjNzX2NfTmxBRRAB,Rafardan Hafidzuan,5,"Menyenangkan, dan bisa di sampaikan ke keluarga yang lain",11 bulan lalu,5,5,5,Saoenk Cobek Perintis,Google Maps,2026-05-14 19:14:57
ChdDSUhNMG9nS0VKREUtOUxRMklXcjB3RRAB,Christabel Brylea Tumbo,5,"Tempat nyaman, Makanan enak Paling favorite baby buncis telor asin dan ikan bakar, pelayanan Ani oke super ramah.",11 bulan lalu,5,5,5,Saoenk Cobek Perintis,Google Maps,2026-05-14 19:14:57
ChdDSUhNMG9nS0VQbjF2T3JHeTVqa3lRRRAB,Yunopia Rambung,5,"Rasa syukur d layani dengan baik
Makanan enan
Pelayanan cepat
Pokox bisa sambil santai
Mksh.  Serli   pelayanx
Semoga semakin sukses. Saoenk cobek",11 bulan lalu,5,5,5,Saoenk Cobek Perintis,Google Maps,2026-05-14 19:14:57
ChdDSUhNMG9nS0VLWEdnSVhjMDRPOGtBRRAB,Septian Tangke Pongtasik,1,"Makanan x. Enak
Pelayanan. Ramah
Bisa sambil nyanyi
Parkiran luas
Layanan makanan cepat
Pelayan. Atas nm. Ilyam",11 bulan lalu,5,5,5,Saoenk Cobek Perintis,Google Maps,2026-05-14 19:15:18
ChdDSUhNMG9nS0VMYk5tNmo1bHUydXNRRRAB,Arnhy Yanti,5,"MasyaAllah luar biasa pelayanan dan makanan nya saung cobek, Alhamdulillah manager nya ibu caya terjun langsung melayani wedding adik kami pada hari minggu tgl 25 Mei 2025,makananya semua enak, harga nya sangat terjangkau,tempat nya sangat reccomwnded untuk acara family jadi yang mau rencana wedding kesaunk cobek perintis mki, dijamin puaski dengan semua pelayanan dan makanannya🥰🥰🥰",11 bulan lalu,5,5,5,Saoenk Cobek Perintis,Google Maps,2026-05-14 19:15:18
ChZDSUhNMG9nS0VJRDh3WVNSM3ZLTEVREAE,Edy Putrakarya,5,"pelayanan sangat baik
sering datang mkn d sini.
pelayanan.ramah.murah senyum
mksh pelan.. ani.",11 bulan lalu,5,5,5,Saoenk Cobek Perintis,Google Maps,2026-05-14 19:15:18
ChZDSUhNMG9nS0VKcXdqTDNEbTgtclJREAE,Fitri Munadiyah,5,"Pelayananx bagus.ramah.makanax enak .
Menegerx ramah sekali
Mutuh makann bagus
Puas deee
Kalau arisan d sini",11 bulan lalu,5,5,5,Saoenk Cobek Perintis,Google Maps,2026-05-14 19:15:18
ChZDSUhNMG9nS0VNcnltNXlTcTd1aFdREAE,Rahma Wati,5,"Pelayanan cepat
Makanan enak
Mutuh makanan enak
Pelayanan ramah .. kerjsama bagus .
Mksh  fatur ..",11 bulan lalu,,,,Saoenk Cobek Perintis,Google Maps,2026-05-14 19:15:18
ChdDSUhNMG9nS0VNaWtuTi0yNU1maGtBRRAB,Agus Dwi Safti,5,Makanannya enak pelayanannya ramah a.n ilyan,11 bulan lalu,4,4,4,Saoenk Cobek Perintis,Google Maps,2026-05-14 19:15:18
ChdDSUhNMG9nS0VKMnAtTnZwb01UczhRRRAB,Wulan Dari,5,"pelayanan cepat.
mutuh  makanan variatif
ppelayanan luar biasa
ramah .murah senyum
kami kami bdr UIM   tamu kemntrian

mksh   serli",11 bulan lalu,5,5,5,Saoenk Cobek Perintis,Google Maps,2026-05-14 19:15:18
ChdDSUhNMG9nS0VQcjhqby0tM0tLQWlRRRAB,Mihra Mihra,1,Bagus dan memuaskan,11 bulan lalu,4,5,4,Saoenk Cobek Perintis,Google Maps,2026-05-14 19:15:18
ChZDSUhNMG9nS0VLV21yLURGNC1HZmJnEAE,Reski Murni,5,"pelaayana bagus   ramah
kecepatan makana tepat waktuk   ‘kami atas nm castamer merasa puas sekali parkiran luas mksh. hera.  yg melayani kami.  semoga saoenk cobek semakin sukses. rekomeded semuax menuc.   mksh hera",11 bulan lalu,5,5,5,Saoenk Cobek Perintis,Google Maps,2026-05-14 19:15:18
ChdDSUhNMG9nS0VQR1dyWXZXbDh2RTZRRRAB,Fitriani Edios,5,"Mutuh mkanana
Bagus
Umu
Udang
Semuax enak
Pelayaman.cepat dan tftdk lm  meunggu
Semoga tambah maju .mksh pelayanan  azizah
Bu caya",11 bulan lalu,,,5,Saoenk Cobek Perintis,Google Maps,2026-05-14 19:15:18
ChZDSUhNMG9nS0VPSGN6ZGJfXy02V1pBEAE,Vivi Nurafni,5,,11 bulan lalu,5,5,5,Saoenk Cobek Perintis,Google Maps,2026-05-14 19:15:39
ChZDSUhNMG9nS0VJTF9xYkxldzhMbEx3EAE,febri angraeni,5,,11 bulan lalu,5,5,,Saoenk Cobek Perintis,Google Maps,2026-05-14 19:15:39
ChZDSUhNMG9nS0VNV0ZzSTZ4XzRtdlZnEAE,Thina Tna,5,Supriadi (pelayanan ramah),11 bulan lalu,4,5,5,Saoenk Cobek Perintis,Google Maps,2026-05-14 19:15:39
ChdDSUhNMG9nS0VKYkxpS0MyNk9YTml3RRAB,Dra. Sufiani,5,,11 bulan lalu,,,,Saoenk Cobek Perintis,Google Maps,2026-05-14 19:15:39
ChdDSUhNMG9nS0VKMjNoNkRncjVYTG5RRRAB,rialfi rialfi,5,,11 bulan lalu,5,5,5,Saoenk Cobek Perintis,Google Maps,2026-05-14 19:15:39
ChdDSUhNMG9nS0VLbTE1NEtPZ09TYXJnRRAB,muhammad ihab,5,"Tempatnya bagus ntuk kmpul brsama kluarga, makanan bolehlah di adu dgn resto laennya. Layanan n service di bawah asuhan ibu caya luar biasa sangat membantu🙏",11 bulan lalu,5,5,5,Saoenk Cobek Perintis,Google Maps,2026-05-14 19:15:39
ChdDSUhNMG9nS0VQWElpY3pVaHFlNXN3RRAB,E10_Hermin R. Patanduk,5,Suasana nyaman dan makanannya enak🙏🏻,11 bulan lalu,5,5,4,Saoenk Cobek Perintis,Google Maps,2026-05-14 19:15:39
ChZDSUhNMG9nS0VPdVV2b3FJM2NxdENREAE,Eka Febri Indah,5,Makanan dan pelayanan nya lumayan lah.,11 bulan lalu,5,5,5,Saoenk Cobek Perintis,Google Maps,2026-05-14 19:15:39
ChZDSUhNMG9nS0VKZVl5WTJzeTdIdFBBEAE,Muh. Sirajul Azman,5,"Makanannya enak, terus pelayannya kak Supriadi juga ramah suasananya 👍",11 bulan lalu,4,5,4,Saoenk Cobek Perintis,Google Maps,2026-05-14 19:15:39
ChdDSUhNMG9nS0VJMk5sZXF3dVpUWGlnRRAB,Equanimity Class,5,"Makanannya lumayan enak, pelayanannya juga bagus 👍 si kak Supriadi orangnya ramah dan sabar.",11 bulan lalu,4,5,4,Saoenk Cobek Perintis,Google Maps,2026-05-14 19:15:39
ChdDSUhNMG9nS0VJenQzck9ycDl5VjFBRRAB,Adrianti Ahmad,5,Makanannya enak,11 bulan lalu,5,5,5,Saoenk Cobek Perintis,Google Maps,2026-05-14 19:15:59
ChdDSUhNMG9nS0VJaXZyODJNNWJ2R213RRAB,Ronald Tupa Biri,5,"Tempatnya nyaman, adem apalgi ada kolam ikannya di sertai koi2 yg menarik. Pokokx rekomendasi the untuk tempat makan",11 bulan lalu,5,5,5,Saoenk Cobek Perintis,Google Maps,2026-05-14 19:15:59
ChdDSUhNMG9nS0VLYVZycXlXek1fTXR3RRAB,muh Hidayat Basri,5,Mantappp rasanya,11 bulan lalu,5,5,5,Saoenk Cobek Perintis,Google Maps,2026-05-14 19:15:59
ChZDSUhNMG9nS0VNS0h3ZGZIajktcmRBEAE,Ryan Relly Wiratama,5,"Tempat oke, rasa enak, cepat dtg",11 bulan lalu,5,5,5,Saoenk Cobek Perintis,Google Maps,2026-05-14 19:15:59
ChdDSUhNMG9nS0VPNzlfOXVkMjh6Nm9RRRAB,Reski Amelia,5,Pelayanan supriadi mantap,11 bulan lalu,5,5,5,Saoenk Cobek Perintis,Google Maps,2026-05-14 19:15:59
ChdDSUhNMG9nS0VOdjh5WW50MF9tUWhnRRAB,MUHAMMAD ZAKARIA USMAN,5,Pelayanan mas supriadi asdar,11 bulan lalu,5,5,5,Saoenk Cobek Perintis,Google Maps,2026-05-14 19:15:59
ChZDSUhNMG9nS0VKRHAxYy0wdDRLc0F3EAE,Agus Setiawan,5,"pelayanan supriadi oke, makanan oke..",11 bulan lalu,5,5,5,Saoenk Cobek Perintis,Google Maps,2026-05-14 19:15:59
ChZDSUhNMG9nS0VMRGFtdldLczQtU1BREAE,anesha syila,5,,11 bulan lalu,5,5,5,Saoenk Cobek Perintis,Google Maps,2026-05-14 19:15:59
ChdDSUhNMG9nS0VLeUJoX25KbE9fcXJBRRAB,Budhi Nur Rani,5,,11 bulan lalu,1,1,1,Saoenk Cobek Perintis,Google Maps,2026-05-14 19:15:59
ChZDSUhNMG9nS0VLRENnSURFeV9pcmV3EAE,Dian Eka,5,"Dari keseluruhan aku kasih 5,parkir luas, tempat bersih, nyaman, sejuk, makanan enak. Cuma sangat di sayangkan skli parkiran motor nya 3.000
Dan untuk motor baiknya di berikan tempat bernaung krn klo panas body motor cepat rusak",11 bulan lalu,5,4,5,Saoenk Cobek Perintis,Google Maps,2026-05-14 19:15:59
ChdDSUhNMG9nS0VJTFp2NnZ0elppcTR3RRAB,Hasrianto Anto,5,"Makanan sangat enak dan memuaskan
bapak wakil bupati Luwu beserta rombongan mengucapkan terima kasih kasih atas pelayanan yang sangat memuaskan.",setahun lalu,5,5,5,Saoenk Cobek Perintis,Google Maps,2026-05-14 19:16:20
ChZDSUhNMG9nS0VJQ0FnTURvNTRpT1N3EAE,Shofiyahh Rudi Hartono,4,cantik suasana nya enak maknannya jg lumayan enak sesuai hargany,setahun lalu,4,4,5,Saoenk Cobek Perintis,Google Maps,2026-05-14 19:16:20
ChZDSUhNMG9nS0VJQ0FnTURvLXBMSWR3EAE,Nawan rangga,5,"Makanan enak sekali
Layanan sudah bagus
Suasana sejuk",setahun lalu,5,5,5,Saoenk Cobek Perintis,Google Maps,2026-05-14 19:16:20
ChZDSUhNMG9nS0VJQ0FnTURvLXFMSEF3EAE,Ratih Liku,5,"Makannya enak2 .
Alwin",setahun lalu,5,5,5,Saoenk Cobek Perintis,Google Maps,2026-05-14 19:16:20
ChdDSUhNMG9nS0VJQ0FnTURvLXV6anhBRRAB,PERIANTO TODING LA'BI,5,Alwi dan tim,setahun lalu,5,5,5,Saoenk Cobek Perintis,Google Maps,2026-05-14 19:16:20
ChZDSUhNMG9nS0VJQ0FnTURvMUt1YUN3EAE,Asmi Salim,5,Pelaksanaan Halal Bil halal Keluarga H. Abullah Ismail tahun 2025... peserta puas dan terima kasih kepada Ibu Caya dan Tim yang sdh menyiapkan acara kami dengan sangat baik...,setahun lalu,5,5,5,Saoenk Cobek Perintis,Google Maps,2026-05-14 19:16:20
ChZDSUhNMG9nS0VJQ0FnTUNvMTZXSFNnEAE,Natalia Ayuningtyas,1,"Baru saja makan di sini. Pelayanannya tidak baik,",setahun lalu,3,1,5,Saoenk Cobek Perintis,Google Maps,2026-05-14 19:16:20
ChZDSUhNMG9nS0VJQ0FnTUNvdnViVkVREAE,jumarni marni,5,,setahun lalu,5,5,5,Saoenk Cobek Perintis,Google Maps,2026-05-14 19:16:20
ChdDSUhNMG9nS0VJQ0FnTUNvX0ttLTdnRRAB,Askar Sushand,5,,setahun lalu,,,,Saoenk Cobek Perintis,Google Maps,2026-05-14 19:16:20
ChZDSUhNMG9nS0VJQ0FnTUNvaE5tRk5REAE,Ridhayani Babo,5,"Sy sangat senang makan di Saung Cobek,  makanan variatif, enak. maknyus, pelayanan ramah, cepat dan responsif
penyediaan rapi dan teratur
Terima kasih kepada Ibu Caya dan Team
Semoga semakin sukses dan banyak pelanggannya
Dari Kami Civitas Hospitalia RS Dr. Wahidin Sudirohusodo Makassar",setahun lalu,5,5,5,Saoenk Cobek Perintis,Google Maps,2026-05-14 19:16:20
ChZDSUhNMG9nS0VJQ0FnTURJNmN5RmFBEAE,Habibi Syahmi,5,Sering banged ke saoenk Cobek tp baru td pelayanannya cepat dan ramah banged .. Terimakasih Bu Caya ..,setahun lalu,5,5,5,Saoenk Cobek Perintis,Google Maps,2026-05-14 19:16:41
ChZDSUhNMG9nS0VJQ0FnTUNJZy11M0dnEAE,Alwi Ekhy,4,,setahun lalu,4,4,4,Saoenk Cobek Perintis,Google Maps,2026-05-14 19:16:41
ChZDSUhNMG9nS0VJQ0FnTUNJb1lxZlhnEAE,Dede Rosaji,5,,setahun lalu,,,,Saoenk Cobek Perintis,Google Maps,2026-05-14 19:16:41
ChdDSUhNMG9nS0VJQ0FnTUR3MjRlejBBRRAB,Bro Azhar Hidayat,1,"Harga selangit, rasa biasa saja. Pas saya pesan, pesanan datang lebih dari sejam. Padahal waktu itu tidak bnyk pelanggan. Pesanan datang pun tanpa alat makan. payah.",setahun lalu,1,1,1,Saoenk Cobek Perintis,Google Maps,2026-05-14 19:16:41
ChZDSUhNMG9nS0VJQ0FnTUR3MjlIWlN3EAE,jagoan neon,1,Pesanan lama,setahun lalu,,,,Saoenk Cobek Perintis,Google Maps,2026-05-14 19:16:41
ChdDSUhNMG9nS0VJQ0FnTUR3Mjd6ZGlBRRAB,Ahmad Yusran Syah,5,,setahun lalu,5,5,5,Saoenk Cobek Perintis,Google Maps,2026-05-14 19:16:41
ChZDSUhNMG9nS0VJQ0FnTUR3N05hWEx3EAE,wans 2711,5,,setahun lalu,,,,Saoenk Cobek Perintis,Google Maps,2026-05-14 19:16:41
ChZDSUhNMG9nS0VJQ0FnTUR3OU9XY2N3EAE,Dian Larasati,1,Toilet kotor..,setahun lalu,,,,Saoenk Cobek Perintis,Google Maps,2026-05-14 19:16:41
ChdDSUhNMG9nS0VJQ0FnTUR3MUppV3NBRRAB,Fauzan MD,1,"Satu porsi ayam 50k kukira besar, rasa biasa utk budget segitu. saranku mending beli sarilaut dipinggir jalan🥱",setahun lalu,1,1,1,Saoenk Cobek Perintis,Google Maps,2026-05-14 19:16:41
ChZDSUhNMG9nS0VJQ0FnTUR3dUpfTUNBEAE,Ama,4,"Tempatnya nyaman. Makanannya lumayan, ayam kampungnya agak keras jadi  kayak karet, smoothie mangga dan jus alpokatnya enak,",setahun lalu,3,5,5,Saoenk Cobek Perintis,Google Maps,2026-05-14 19:16:41
ChdDSUhNMG9nS0VJQ0FnTUN3X19TdzlRRRAB,isna faradiba putri,5,"Alhamdulillah sudah beberapa kali kesini dan puas dengan menu dan service nya.
Pelayanan yg cepat tanggap dan ramah2. Hr ini ditemani sama mba Era. Makasih yaa.. sukses terus saoenk cobek perintis",setahun lalu,5,5,5,Saoenk Cobek Perintis,Google Maps,2026-05-14 19:17:01
ChdDSUhNMG9nS0VJQ0FnTUN3XzlUTzZ3RRAB,IDETOPIK (IDETOPIK),5,"Layanan baik, mba era dkk.",setahun lalu,5,5,5,Saoenk Cobek Perintis,Google Maps,2026-05-14 19:17:01
ChZDSUhNMG9nS0VJQ0FnTUN3dDZfOUVREAE,JAYA RAHMAT,5,"Warung suasana adem
Walau berada di tengah perintis. Makanan enak, pelayanan cepat. Paling favorit kepiting nampan sama otak2 nya. Wajib kesini cobain. Cocok bareng keluarga dan
Ramean sama teman",setahun lalu,5,5,5,Saoenk Cobek Perintis,Google Maps,2026-05-14 19:17:01
ChdDSUhNMG9nS0VJQ0FnTUN3cHRHVjlRRRAB,Nurul Fadhillah,5,,setahun lalu,5,5,5,Saoenk Cobek Perintis,Google Maps,2026-05-14 19:17:01
ChdDSUhNMG9nS0VJQ0FnTUN3LXV2UHNRRRAB,sri eris jaya,5,"makananya enak enakkkk,pelayanannnyaa sangat bagus
@eraaa",setahun lalu,5,5,5,Saoenk Cobek Perintis,Google Maps,2026-05-14 19:17:01
ChdDSUhNMG9nS0VJQ0FnTURRal9lRXRBRRAB,Handmade Official,1,Tidak work it harga tidak sesuai porsi.,setahun lalu,1,1,1,Saoenk Cobek Perintis,Google Maps,2026-05-14 19:17:01
ChZDSUhNMG9nS0VJQ0FnTURRX2MtdmVBEAE,Mardiana Madun,1,,setahun lalu,,,,Saoenk Cobek Perintis,Google Maps,2026-05-14 19:17:01
ChdDSUhNMG9nS0VJQ0FnTURReGVpTHJ3RRAB,Andi Kisha,5,"Makan bersama keluarga dan makan bersama teman, paling enak di saoenk cobek. Tiap tahun bukber di sini, jamu tamu di sini juga.",setahun lalu,5,5,4,Saoenk Cobek Perintis,Google Maps,2026-05-14 19:17:01
ChZDSUhNMG9nS0VJQ0FnTURReXJYMlRBEAE,Fhira Yuniar,5,,setahun lalu,5,5,5,Saoenk Cobek Perintis,Google Maps,2026-05-14 19:17:01
ChdDSUhNMG9nS0VJQ0FnTURRekxxUThnRRAB,Darni Nirda,5,Pelayanan ramah dan baik,setahun lalu,5,5,5,Saoenk Cobek Perintis,Google Maps,2026-05-14 19:17:01
ChdDSUhNMG9nS0VJQ0FnTURRek9ybHlBRRAB,Karmila Sari k,5,,setahun lalu,5,5,5,Saoenk Cobek Perintis,Google Maps,2026-05-14 19:17:22
ChZDSUhNMG9nS0VJQ0FnTUNRcWJ1U1l3EAE,Muhammad Radii,1,"Pelayanan lama,harga dan promo yang tertera berbeda,rasanya 2/10
Pembelanjaan 1,5 gak worth it",setahun lalu,1,1,1,Saoenk Cobek Perintis,Google Maps,2026-05-14 19:17:22
ChdDSUhNMG9nS0VJQ0FnTUNReWVlazBnRRAB,Aminur Lidya,1,"Makanannya kurang,layanannya kurang banget,sudah buka puasa tapi nasi nya tidak di antar2,harga tertera berbeda dengan pas bayar di kasir",setahun lalu,1,1,1,Saoenk Cobek Perintis,Google Maps,2026-05-14 19:17:22
ChZDSUhNMG9nS0VJQ0FnTUNReWNlM1V3EAE,Audy Cintya N,1,"Katanya pembelanjaan 1jt dapat free es buah,saya pembelanjaan 2 juta lebih tdk dapat es buah sama sekali,bahkan pada saat minta diskon pun kasirnya malah hitung satu persatu padahal saya ordernya paketan,lucu banget,gak usah pasang diskon kalau pada akhirnya tdk ada diskon,lucu ini tempat",setahun lalu,1,1,1,Saoenk Cobek Perintis,Google Maps,2026-05-14 19:17:22
ChZDSUhNMG9nS0VJQ0FnTUNReVlmcWNBEAE,Tamrin Honda,1,"Kecewa penonton., nda sesuai harga dan rasa. PROMO TIPU-TIPU..",setahun lalu,1,1,2,Saoenk Cobek Perintis,Google Maps,2026-05-14 19:17:22
ChdDSUhNMG9nS0VJQ0FnTUNRcnZ1M2x3RRAB,Agista Dwi Anggraeni. M,5,ilyan makanan enak dan rekomendasi👍🏻,setahun lalu,5,5,5,Saoenk Cobek Perintis,Google Maps,2026-05-14 19:17:22
ChZDSUhNMG9nS0VJQ0FnTUNRenFfQ2ZnEAE,Ratri Indraswari,5,"mantap pelayanannya, terutama kak annisa👍👍👍",setahun lalu,5,5,5,Saoenk Cobek Perintis,Google Maps,2026-05-14 19:17:22
ChZDSUhNMG9nS0VJQ0FnTUNROUkzUkVnEAE,Abidatun Amanah,5,"Makanan enak, harga murah, suasana nya tenang. Terimakasih Saoenk Cobek. Thanks for the hospitality. Thanks Kak Alwin and the team 🥰",setahun lalu,5,5,5,Saoenk Cobek Perintis,Google Maps,2026-05-14 19:17:22
ChdDSUhNMG9nS0VJQ0FnTUNRaUpUcXlBRRAB,Miftah Chaerani,5,,setahun lalu,5,5,5,Saoenk Cobek Perintis,Google Maps,2026-05-14 19:17:22
ChdDSUhNMG9nS0VJQ0FnTUNRaU9Ta2tBRRAB,Ahsin Alhadi,5,,setahun lalu,,,,Saoenk Cobek Perintis,Google Maps,2026-05-14 19:17:22
ChdDSUhNMG9nS0VJQ0FnTUNRaU9TQXFRRRAB,Aiska Fahriani,5,Ilyan,setahun lalu,5,5,5,Saoenk Cobek Perintis,Google Maps,2026-05-14 19:17:43
ChdDSUhNMG9nS0VJQ0FnTUNRaUpEQWpnRRAB,Astrid Adiesty,5,Rasa makanannya enak yang di order di Supriadi,setahun lalu,5,5,5,Saoenk Cobek Perintis,Google Maps,2026-05-14 19:17:43
ChdDSUhNMG9nS0VJQ0FnTUNROEllYmtRRRAB,salwa meilika arham,5,makanannya enakk suasananyaa ademm bestt pokokk nyaaa diorder sama mas ilyan,setahun lalu,5,5,5,Saoenk Cobek Perintis,Google Maps,2026-05-14 19:17:43
ChdDSUhNMG9nS0VJQ0FnTUNROEx2Z2lRRRAB,alya kirana,5,,setahun lalu,5,5,5,Saoenk Cobek Perintis,Google Maps,2026-05-14 19:17:43
ChdDSUhNMG9nS0VJQ0FnTURnNl9uVTJnRRAB,nurfaaidah firman,5,,setahun lalu,5,5,5,Saoenk Cobek Perintis,Google Maps,2026-05-14 19:17:43
ChZDSUhNMG9nS0VJQ0FnTURnazY2clJnEAE,tri medika,5,"pelayanannya ramah dan sangat cepat, dan dilayani langsung oleh managernya yakni ibu caya, makanannya juga enakk, tempatnya bersih dan nyaman. recomended pokoknyaa",setahun lalu,5,5,5,Saoenk Cobek Perintis,Google Maps,2026-05-14 19:17:43
ChdDSUhNMG9nS0VJQ0FnTURnay1xZzBnRRAB,Nurmuliasneny Musa,5,,setahun lalu,5,5,5,Saoenk Cobek Perintis,Google Maps,2026-05-14 19:17:43
ChdDSUhNMG9nS0VJQ0FnTURnNXZQRnpnRRAB,sitti ainun,5,,setahun lalu,5,5,5,Saoenk Cobek Perintis,Google Maps,2026-05-14 19:17:43
ChZDSUhNMG9nS0VJQ0FnTURnNXREU1JREAE,Alya Rif'ah,5,@sherly,setahun lalu,5,5,5,Saoenk Cobek Perintis,Google Maps,2026-05-14 19:17:43
ChdDSUhNMG9nS0VJQ0FnTURnd3UzRWtRRRAB,Ardi aries,1,"Sangat tidak rekomendasi, pelayanan lama banget 👎 …",setahun lalu,,,,Saoenk Cobek Perintis,Google Maps,2026-05-14 19:17:43
ChZDSUhNMG9nS0VJQ0FnTURncEp6LUxREAE,Andriani Citra randa,5,"Alhamdulillah sangat berterima kasih untuk RM saoenk cobek perintis krena sdh membantu di moment special anak kami yaitu aqiqah anak kami sehingga terlaksnkn dengan baik , mulai dari segi makanan dan pelaynan nya sangat puasss👍🏻👍🏻👍🏻,,, pkoknya rekomndasi untuk bikin acara di sini krn pricenya terbilang bershbat dan wort it lah dng sajian nya… terima kasih RM.saoenk cobek , sukses selalu dan makin berkembang aamiin🤲🏻🙏🏻",setahun lalu,5,5,5,Saoenk Cobek Perintis,Google Maps,2026-05-14 19:18:04
ChdDSUhNMG9nS0VJQ0FnTURneEtpZ3RBRRAB,lilis nur asmin,5,"Pelayanan yang baik dan ramah dari ilyan. Makananan enak, pelayanannya cepat. Terima kasih",setahun lalu,5,5,5,Saoenk Cobek Perintis,Google Maps,2026-05-14 19:18:04
ChdDSUhNMG9nS0VJQ0FnTURnNklDNGtRRRAB,Akun Redmi 10t,5,Suasana nyaman tenang strategi dekat kampus kota dan bandara internasional Sultan Hasanuddin Makassar,setahun lalu,5,5,5,Saoenk Cobek Perintis,Google Maps,2026-05-14 19:18:04
ChdDSUhNMG9nS0VJQ0FnTURneUpYajd3RRAB,Muh Daffa Al Ghazali,5,Makannya enak pelayannya sangat ramah terimah kasih mas faturr untuk pelayannya,setahun lalu,5,5,5,Saoenk Cobek Perintis,Google Maps,2026-05-14 19:18:04
ChZDSUhNMG9nS0VJQ0FnTUNnajhqSVV3EAE,Yani indriyani,5,ilyan ramah,setahun lalu,5,5,4,Saoenk Cobek Perintis,Google Maps,2026-05-14 19:18:04
ChZDSUhNMG9nS0VJQ0FnTUNnMDRxTERnEAE,Abd. Malik Sewang,5,"Hari ini kami bersama teman-teman Panitia AMBC 7 makan malam di Saoenk Cobek Perintis.
Keren abis sihh layanan nya.
Dengan waktu yg cukup singkat saya reservasi ke leader nya (Alwin) dan dengan sangat ramah saya dibantu untuk proses tersebut dan dilayani sangat baik.
Saat makan malam pun pelayanan sangat luar biasa keren nya, dengan kebutuhan saya yang begitu banyak dan bolak balek mesen minum.
Para pelayan yg ada sangat ramah dalam membantu saya memesan minuman

Sekali lagi tempat ini sangat rekomendasi untuk kalian yang ingin melaksanakan kegiatan makan2 bersama teman dan keluarga.

Ayooo ramaikan tempat ini yah.
Sekali lagi makasih untuk adik Alwin yang luar biasa sudah membantu semua kebutuhan saya selama makan malam tadi yah 😍😍😍",setahun lalu,5,5,5,Saoenk Cobek Perintis,Google Maps,2026-05-14 19:18:04
ChZDSUhNMG9nS0VJQ0FnTUNnaFozbUlBEAE,graduates education,5,Terima kasih pelayanannya yg mantap oleh bu icha dan pak alwin,setahun lalu,5,5,5,Saoenk Cobek Perintis,Google Maps,2026-05-14 19:18:04
ChdDSUhNMG9nS0VJQ0FnTUNnOGVxYXhnRRAB,Anthi Taswin,4,"Makanannya enak
Di layani dengan Era",setahun lalu,5,5,5,Saoenk Cobek Perintis,Google Maps,2026-05-14 19:18:04
ChZDSUhNMG9nS0VJQ0FnTUNnMGVyN1Z3EAE,Nurul Atira,5,Danil,setahun lalu,5,5,5,Saoenk Cobek Perintis,Google Maps,2026-05-14 19:18:04
ChdDSUhNMG9nS0VJQ0FnTUNnMGRLV3RRRRAB,aza yara,5,tempatnya bagus,setahun lalu,5,5,5,Saoenk Cobek Perintis,Google Maps,2026-05-14 19:18:04
ChdDSUhNMG9nS0VJQ0FnTUNnMGFUVDNnRRAB,upik syahmalia,5,Pelayananya bagus dan memuaskan makananya enak di order sama mba serly,setahun lalu,5,5,5,Saoenk Cobek Perintis,Google Maps,2026-05-14 19:18:25
ChZDSUhNMG9nS0VJQ0FnTUNnMGRqcmFBEAE,Warnyati Abdul Rahman,5,Makasih mba sherli pelayanannya cepat dan makanannya mantul,setahun lalu,5,5,5,Saoenk Cobek Perintis,Google Maps,2026-05-14 19:18:25
ChZDSUhNMG9nS0VJQ0FnTUNnN3RTbE5BEAE,Erna Wati,5,"Bagus, makanannya enak, pelayanannya juga memuaskan terutama Kak Angel. 🥰",setahun lalu,5,5,5,Saoenk Cobek Perintis,Google Maps,2026-05-14 19:18:25
ChZDSUhNMG9nS0VJQ0FnTUNnanNUTklBEAE,Tirta Noviana,5,Pelayananya bagus dilayani sama mba era,setahun lalu,5,5,5,Saoenk Cobek Perintis,Google Maps,2026-05-14 19:18:25
ChdDSUhNMG9nS0VJQ0FnTUNnLXQ2di13RRAB,Anugrah Arnaini,5,Over all makanannya enak. Terima kasih  pelayanan terbaiknya kak Danil🙌🏻,setahun lalu,5,5,5,Saoenk Cobek Perintis,Google Maps,2026-05-14 19:18:25
ChZDSUhNMG9nS0VJQ0FnTUNnLXFhVUNREAE,Ita Purnamasari,5,Dilayani oleh Ilyan yg ramah dan gercep 👍👍👍👍,setahun lalu,5,5,5,Saoenk Cobek Perintis,Google Maps,2026-05-14 19:18:25
ChdDSUhNMG9nS0VJQ0FnTUNnMnR1XzBBRRAB,Dina _025,3,"ilyan sangattt sangat sangat baikk, soft spoken jugaa. ramah, selalu senyum. tapi seafood khususnya udang saus bakarnya ngga di berishin kotorannya ya? agak amis juga baunya",setahun lalu,3,5,5,Saoenk Cobek Perintis,Google Maps,2026-05-14 19:18:25
ChdDSUhNMG9nS0VJQ0FnTUNnMnMzRzF3RRAB,Gariel Mundi,5,,setahun lalu,5,5,5,Saoenk Cobek Perintis,Google Maps,2026-05-14 19:18:25
ChZDSUhNMG9nS0VJQ0FnTUNnMm9YREpBEAE,Hj.sitti Murni,5,Pelayananya mantap dan ramah mbak serly,setahun lalu,5,5,5,Saoenk Cobek Perintis,Google Maps,2026-05-14 19:18:25
ChZDSUhNMG9nS0VJQ0FnTUNnMnZtaEV3EAE,Anni Karim,5,"Makanannya enak, penyajiannya cepat jdi gak nunggu lama apalagi  pelayanannya ramah… terima kasih mbk serly",setahun lalu,5,5,5,Saoenk Cobek Perintis,Google Maps,2026-05-14 19:18:25
ChZDSUhNMG9nS0VJQ0FnTUNnbXJfWGJ3EAE,Dayang Nurfaisa,5,Makanan enak. Tempat nyaman. Kak Era dan kak fatur ramah dan baik,setahun lalu,5,5,5,Saoenk Cobek Perintis,Google Maps,2026-05-14 19:18:46
ChZDSUhNMG9nS0VJQ0FnTUNnbW9TMmRBEAE,Annasya Gauri,5,"Kami sekeluarga lbh dri 10 orang,Dilayani sama waiters Angel... ramah",setahun lalu,,,,Saoenk Cobek Perintis,Google Maps,2026-05-14 19:18:46
ChZDSUhNMG9nS0VJQ0FnTUNnNm96RlBnEAE,Veby Marampa,4,Tempat asik dan makanannya enak...pelayannya Era mantap🥰🙏,setahun lalu,5,5,5,Saoenk Cobek Perintis,Google Maps,2026-05-14 19:18:46
ChZDSUhNMG9nS0VJQ0FnTUNnNHFuZVRBEAE,sugihastira,5,Dilayani sama waiters Angel. Ramah,setahun lalu,5,,,Saoenk Cobek Perintis,Google Maps,2026-05-14 19:18:46
ChZDSUhNMG9nS0VJQ0FnTUNnNHVMY1d3EAE,Mujahidah Izzah,5,Makanannya enak ambience nya juga nyaman. Tempatnya luas terdiri dari banyak gazebo dan ada kolam ikannya juga. Tiap gazebo ada tempat cuci tangan dan colokan masing-masing. Parkiran juga luas. Pelayanan nya ramah dan sigap.,setahun lalu,5,5,5,Saoenk Cobek Perintis,Google Maps,2026-05-14 19:18:46
ChZDSUhNMG9nS0VJQ0FnTUNnNHJUMEF3EAE,Dwi Putra,5,"Pelayanan, makanan, dan tempat memuaskan.
Terutama untuk pelayan dari kak fathur
Di tingkat kan lagi.",setahun lalu,5,5,5,Saoenk Cobek Perintis,Google Maps,2026-05-14 19:18:46
ChZDSUhNMG9nS0VJQ0FnTUNnNHNUZ0pREAE,SeThya,5,"Serly thanks ya, overall mantaplah, tetap konsisten ya kak. Semangat.",setahun lalu,5,5,5,Saoenk Cobek Perintis,Google Maps,2026-05-14 19:18:46
ChdDSUhNMG9nS0VJQ0FnTUNnd3BxcnlBRRAB,Putri Hilma,5,"Ikannya fresh
Waitresnya good @alwin",setahun lalu,5,5,5,Saoenk Cobek Perintis,Google Maps,2026-05-14 19:18:46
ChZDSUhNMG9nS0VJQ0FnTUNnMUlQU0xnEAE,Nurul Hidayat,4,Suaranya nyaman dan enak,setahun lalu,4,4,5,Saoenk Cobek Perintis,Google Maps,2026-05-14 19:18:46
ChdDSUhNMG9nS0VJQ0FnTUNnaE9tRG13RRAB,fina diana,5,Minum,setahun lalu,5,5,5,Saoenk Cobek Perintis,Google Maps,2026-05-14 19:18:46
ChdDSUhNMG9nS0VJQ0FnTUNnNEtHRnZBRRAB,Matra Pratama,5,Pelayanan & Makanan Bagus,setahun lalu,5,5,5,Saoenk Cobek Perintis,Google Maps,2026-05-14 19:19:07
ChdDSUhNMG9nS0VJQ0FnTUNnNE1IWmhnRRAB,fadly prihadi,5,Terima kasih pelayanan a/n azizah,setahun lalu,4,5,4,Saoenk Cobek Perintis,Google Maps,2026-05-14 19:19:07
ChZDSUhNMG9nS0VJQ0FnTURBbzZ2X0hBEAE,ZEN ALGHAZALI,5,Sangat baik dan ramah bagus sekali,setahun lalu,5,5,5,Saoenk Cobek Perintis,Google Maps,2026-05-14 19:19:07
ChZDSUhNMG9nS0VJQ0FnTURBd19EUFNREAE,Puji Astuti,5,"Ilyan, sangat baik.",setahun lalu,5,5,4,Saoenk Cobek Perintis,Google Maps,2026-05-14 19:19:07
ChZDSUhNMG9nS0VJQ0FnTURBMmFla1pnEAE,Afni Arifin,5,"Makanannya enak, pelayanan cpt dan ramah. Tq untuk Mas Supriyadi untuk servisnya yg gercep. Sukses selalu yaaa",setahun lalu,5,5,5,Saoenk Cobek Perintis,Google Maps,2026-05-14 19:19:07
ChZDSUhNMG9nS0VJQ0FnTURBbWMya1JBEAE,Eka Indriyani MS,5,"Mantap, ilyan gercep pokoknya",setahun lalu,5,5,,Saoenk Cobek Perintis,Google Maps,2026-05-14 19:19:07
ChZDSUhNMG9nS0VJQ0FnTURBcWF1ZUZ3EAE,lidya mendrofa,5,Ilyan : bagus dan sangat memuaskan🙏,setahun lalu,5,5,5,Saoenk Cobek Perintis,Google Maps,2026-05-14 19:19:07
ChRDSUhNMG9nS0VJQ0FnTURBZ2JsRRAB,Joni suteja,3,"Tempat makan aneka seafood dengan saung lesehan di kolam koi ,menu ok ,harga ok,suasana ok,parkir ok",setahun lalu,3,3,4,Saoenk Cobek Perintis,Google Maps,2026-05-14 19:19:07
ChZDSUhNMG9nS0VJQ0FnTURBbnZ2a1RnEAE,Juli Wati,5,"Mantap, makanannya, sama pelayanannya, an ilyan👍",setahun lalu,5,5,5,Saoenk Cobek Perintis,Google Maps,2026-05-14 19:19:07
ChdDSUhNMG9nS0VJQ0FnTURBbnRTODZnRRAB,Syahril Ningki,5,Makanannya enak dan banyak pilihan rasanya enak dan fresh memang butuh lama menunggu makanannya harganya juga lebih terjangkau ada banyak pilihan makanann,setahun lalu,5,5,5,Saoenk Cobek Perintis,Google Maps,2026-05-14 19:19:07
ChZDSUhNMG9nS0VJQ0FnTURBN3FLalhBEAE,Azizah Junus,5,"Makanannya enak, servicenya memuaskan, karyawannya ramah semua.",setahun lalu,5,5,5,Saoenk Cobek Perintis,Google Maps,2026-05-14 19:19:28
ChdDSUhNMG9nS0VJQ0FnTURBcnQ3UnR3RRAB,Adam Al ghazaly,4,,setahun lalu,,,,Saoenk Cobek Perintis,Google Maps,2026-05-14 19:19:28
ChZDSUhNMG9nS0VJQ0FnTURBLXNLclhBEAE,rahmiani wal muthmainna,5,"Kk ilyan
Pelayanan bagus, ramah. Makanannya jg enak. Dan recomended makan bersama keluarga",setahun lalu,5,5,5,Saoenk Cobek Perintis,Google Maps,2026-05-14 19:19:28
ChdDSUhNMG9nS0VJQ0FnTURBMm96aTV3RRAB,alfi Syahriani009,5,Waiters angel sngat ramah,setahun lalu,,5,,Saoenk Cobek Perintis,Google Maps,2026-05-14 19:19:28
ChZDSUhNMG9nS0VJQ0FnTURBNnJPWWZ3EAE,Kartika Ayu,5,"MasyaAllah makanannya enak, pelayanannya bagus banget.. waktu datang kami dilayani sm mba sherly, makasih yak 🥰",setahun lalu,5,5,5,Saoenk Cobek Perintis,Google Maps,2026-05-14 19:19:28
ChdDSUhNMG9nS0VJQ0FnTURBNnBPMzRRRRAB,Aprillia Udayani,5,"Worth it!! Makanan mantap, cocok banget untuk makan bareng keluarga. Pelayanan juga bagus, pelayan yang layani kami ialah kak Serly, sangat ramah dan cepat tanggap, best lah pokoknya!",setahun lalu,5,5,5,Saoenk Cobek Perintis,Google Maps,2026-05-14 19:19:28
ChZDSUhNMG9nS0VJQ0FnTURBNnZ6Qld3EAE,Sry Yanti,5,"Pelayananya bagus ..makananya enak
Saran untuk staff kalo hujan minta tolong tiranya diturunkan
Pelayannya era
Makasih era",setahun lalu,5,5,5,Saoenk Cobek Perintis,Google Maps,2026-05-14 19:19:28
ChZDSUhNMG9nS0VJQ0FnTURBcXRTR0d3EAE,Han if,5,Sherly,setahun lalu,5,5,4,Saoenk Cobek Perintis,Google Maps,2026-05-14 19:19:28
ChZDSUhNMG9nS0VJQ0FnTURBMUoyY0FREAE,Andi Suryadharma,5,pelayanan dari kak fathur,setahun lalu,5,5,5,Saoenk Cobek Perintis,Google Maps,2026-05-14 19:19:28
ChdDSUhNMG9nS0VJQ0FnTURBMU1hcXpnRRAB,Yuli MKS,5,"Pelayanan yang baik dan ramah, makanannya enak teima kasih atas keramahan mb era",setahun lalu,5,5,5,Saoenk Cobek Perintis,Google Maps,2026-05-14 19:19:28
ChZDSUhNMG9nS0VJQ0FnTURBMUlySE9REAE,Ashari Bakri,5,Makanan nya enak dan sangat fresh serta pelayanan nya baik dan ramah apalgi Wt @serly serta suasana nya sejuk,setahun lalu,5,5,5,Saoenk Cobek Perintis,Google Maps,2026-05-14 19:19:48
ChdDSUhNMG9nS0VJQ0FnTURBaUlmNDJ3RRAB,Unu Alexmi,5,Makan nyaman karyawan semua ramah dilayani sama 4 karyawan ramah semua kasir ramah makaaasi,setahun lalu,4,5,5,Saoenk Cobek Perintis,Google Maps,2026-05-14 19:19:48
ChdDSUhNMG9nS0VJQ0FnTURBa1AzeXV3RRAB,HILMAN ALFANDI,5,Pelayanan yang bagus oleh ilya makanan enak,setahun lalu,5,5,5,Saoenk Cobek Perintis,Google Maps,2026-05-14 19:19:48
ChdDSUhNMG9nS0VJQ0FnTURBa0p5TjZ3RRAB,theresia inriaty,5,"Rumah makan seafood favorite di makassar , Pemandangan Bagus dgn kolam ikan emas..makanan semuanya enak. utk pelayanannya 10/1000 . Notice (Ilyan Paling ganteng n ramah) wwkwkwk🥰 . 👍💯  FROM ppl Manado squadz Recom for org2 manado kamari  jo kalo cari seafood .",setahun lalu,5,5,5,Saoenk Cobek Perintis,Google Maps,2026-05-14 19:19:48
ChZDSUhNMG9nS0VJQ0FnTURBa015VERREAE,Rafly Dev rijal,5,Enak dan nyaman pelayanan juga gercep.,setahun lalu,5,5,5,Saoenk Cobek Perintis,Google Maps,2026-05-14 19:19:48
ChZDSUhNMG9nS0VJQ0FnTURBa015LU1REAE,anchie amin,5,"Ilyan: pelayanan yg ramah, sangat membantu. Makanannya cepat datang",setahun lalu,5,5,5,Saoenk Cobek Perintis,Google Maps,2026-05-14 19:19:48
ChdDSUhNMG9nS0VJQ0FnTUNBcllxNy13RRAB,Kasmawati Kasim,5,"Pelayannya Alhamdulillah ramah, baik sekali dari Era
Top markotop
Makanan enak.",setahun lalu,5,5,5,Saoenk Cobek Perintis,Google Maps,2026-05-14 19:19:48
ChdDSUhNMG9nS0VJQ0FnTUNBdVpYMW9RRRAB,dinar pebianti,5,Supriadi pelayanannya baik dan sopan👍,setahun lalu,5,5,5,Saoenk Cobek Perintis,Google Maps,2026-05-14 19:19:48
ChdDSUhNMG9nS0VJQ0FnTUNBd1lMSHFRRRAB,Ahmad Zulfadilah,5,,setahun lalu,5,5,5,Saoenk Cobek Perintis,Google Maps,2026-05-14 19:19:48
ChdDSUhNMG9nS0VJQ0FnSUNfdXJxS2hBRRAB,SYARIF AMRAN,5,"Alhamdulillah.
Mantap",Diedit setahun lalu,5,4,5,Saoenk Cobek Perintis,Google Maps,2026-05-14 19:19:48
ChZDSUhNMG9nS0VJQ0FnTUNBdk9IeVlnEAE,rahmat hidayat,5,makanan enak dan dilayani dgn naik oleh ilyan dan angel. Terima kasih banyak.,setahun lalu,5,5,5,Saoenk Cobek Perintis,Google Maps,2026-05-14 19:20:09
ChZDSUhNMG9nS0VJQ0FnSURfbjY2V0RREAE,Hardianti,5,Ilyan,setahun lalu,5,5,5,Saoenk Cobek Perintis,Google Maps,2026-05-14 19:20:09
ChZDSUhNMG9nS0VJQ0FnSURfOHFpaUlREAE,Handayani Halik,5,"Ini kali kedelapan sy ke t4 mkn ini,
Tempatx senantiasa bersih dan keliahatan asri sangat cocok untuk makan bareng kolega. Hari ini kami dilayani oleh staf bernama Ilyan, orgx ramah dan murah senyum serta gercep dlm melayani
Untuk makanan nya apalagi sdh pst muantap terutama menu udang telor asinx. Recomended lah 👍👍",setahun lalu,5,5,5,Saoenk Cobek Perintis,Google Maps,2026-05-14 19:20:09
ChdDSUhNMG9nS0VJQ0FnSURfN0t2TXJRRRAB,ithha puspita,5,"1. Makanannya enak
2. Pelayanannya cepat, ramah dan sambutan yg hangat dengan senyum (terima kasih Mas Fatur)
3. Suasana nyaman dan tenang cocok untuk makan bersama keluarga",setahun lalu,5,5,5,Saoenk Cobek Perintis,Google Maps,2026-05-14 19:20:09
ChZDSUhNMG9nS0VJQ0FnSURfN1BEWEl3EAE,Wiwik Andriani,5,"Bagus dan bersih tempat nya makananya juga enak, MasyaAllah,",setahun lalu,5,5,5,Saoenk Cobek Perintis,Google Maps,2026-05-14 19:20:09
ChZDSUhNMG9nS0VJQ0FnSURfN05EV0R3EAE,"Ningshe _M.Pd.,",5,Kereeen masya Allah rekomended,setahun lalu,5,5,5,Saoenk Cobek Perintis,Google Maps,2026-05-14 19:20:09
ChZDSUhNMG9nS0VJQ0FnSURfdU92TVVnEAE,widiaalvianita rais,5,Makanya enak pelayanan kakaknya bagus dan ramah makasih KK fatur,setahun lalu,5,5,5,Saoenk Cobek Perintis,Google Maps,2026-05-14 19:20:09
ChZDSUhNMG9nS0VJQ0FnSUNfbjkyYVV3EAE,ana,5,"pelayanan sangat ramah dan baik khususnya ""Teresia Angel""",setahun lalu,5,5,5,Saoenk Cobek Perintis,Google Maps,2026-05-14 19:20:09
ChZDSUhNMG9nS0VJQ0FnSUNfaDhLSFVBEAE,TonyPrawira L,5,Pelayanan bagus tmptnya oke dan hrga trjngkau. Atas nama Ilyan klo mau ktemu ramah pelayanannya,setahun lalu,,,,Saoenk Cobek Perintis,Google Maps,2026-05-14 19:20:09
ChdDSUhNMG9nS0VJQ0FnSUNfMi11d3N3RRAB,Munira Dupak,5,"Alhamdulillah melaksanakan arisan keluarga di Saoenk Cobek Perintis, makanannya tersaji tepat waktu, suasananya sejuk, dan pelayanannya gercep.. Kaka Rey sebagai marketing nya juga sangat ramah dan melayani sangat baik. Sukses terus untuk Saoenk Cobek Perintis 👍",setahun lalu,4,5,5,Saoenk Cobek Perintis,Google Maps,2026-05-14 19:20:09
ChZDSUhNMG9nS0VJQ0FnSUNfNjVfeUN3EAE,vee victor81,5,Makanannya enak 👍,setahun lalu,5,5,5,Saoenk Cobek Perintis,Google Maps,2026-05-14 19:20:30
ChdDSUhNMG9nS0VJQ0FnSUNfMF9UYS1BRRAB,sri wisriana,5,"Salah satu tempat makan ternyaman..  musallahx bersih,  toiletx apalagi. Parkiranc sangat luas. Pelayananx good banget.
Terima kasih mba enjel kna mau melayani kerempongan emak2 yang banyak maunya.",setahun lalu,5,5,5,Saoenk Cobek Perintis,Google Maps,2026-05-14 19:20:30
ChdDSUhNMG9nS0VJQ0FnSUNfN1l5c29nRRAB,Umniyah Saleh,5,"Ilyan melayani dengan baik, ramah.",setahun lalu,5,5,5,Saoenk Cobek Perintis,Google Maps,2026-05-14 19:20:30
ChdDSUhNMG9nS0VJQ0FnSUNfemFPUndRRRAB,Nurul Mahierah Az-zahra,5,"Waiters "" Teresia angeli "" sangat ramah dan murah senyum..manis lagi..
Makanan sangat enak",setahun lalu,,,,Saoenk Cobek Perintis,Google Maps,2026-05-14 19:20:30
ChdDSUhNMG9nS0VJQ0FnSUNfemRHUHlnRRAB,Mardiana Diana,5,"Waiters nama Teresia angeli, sangat ramah murah senyum..pelayanan sangat bagus",setahun lalu,,,,Saoenk Cobek Perintis,Google Maps,2026-05-14 19:20:30
ChZDSUhNMG9nS0VJQ0FnSUNfMlpiVGVnEAE,Axel Tridana,5,Makanan Enak dan pelayanan sdr Daniel ramah dan baik,setahun lalu,5,5,5,Saoenk Cobek Perintis,Google Maps,2026-05-14 19:20:30
ChZDSUhNMG9nS0VJQ0FnSUNfbnJtZGV3EAE,Magfirah razak,5,terima kasih atas pelayanan kak ilyan ramah murah senyum,setahun lalu,5,5,5,Saoenk Cobek Perintis,Google Maps,2026-05-14 19:20:30
ChdDSUhNMG9nS0VJQ0FnSUNfN3VLNnd3RRAB,Nur Syahriyani,3,,setahun lalu,,,,Saoenk Cobek Perintis,Google Maps,2026-05-14 19:20:30
ChdDSUhNMG9nS0VJQ0FnSUNfN29EM3FBRRAB,Haldiyanti Usman,5,Sangat memuaskan,setahun lalu,5,5,5,Saoenk Cobek Perintis,Google Maps,2026-05-14 19:20:30
ChZDSUhNMG9nS0VJQ0FnSUNfdW9xYU1BEAE,Nurul Bakkareng,5,Tempat nyaman dan rindang. Pelayanan cepat dan ramah. Makanan nya enak-enak. Tersedia ruang VIP ber AC  juga bagi yang ingin makan secara private cocok untuk acara keluarga dan arisan,setahun lalu,5,5,5,Saoenk Cobek Perintis,Google Maps,2026-05-14 19:20:30
ChdDSUhNMG9nS0VJQ0FnSUNfbXVXZmxnRRAB,Dzakyjie,5,,setahun lalu,5,5,5,Saoenk Cobek Perintis,Google Maps,2026-05-14 19:20:54
ChZDSUhNMG9nS0VJQ0FnSUNfa29hR2JREAE,indradith faqis,5,Pelayannya ramah dan santun seperti ilyan,setahun lalu,5,5,5,Saoenk Cobek Perintis,Google Maps,2026-05-14 19:20:54
ChZDSUhNMG9nS0VJQ0FnSUNfa3JLRWFnEAE,Nur Fazirah,5,tempatnya bagus dan pelayanya juga bagus apa lagi di layani dengan kakak serly,setahun lalu,,,,Saoenk Cobek Perintis,Google Maps,2026-05-14 19:20:54
ChZDSUhNMG9nS0VJQ0FnSUNfa3NMWE9nEAE,Rezki Amelia,5,Waitersnya atas nama Sherly pelayanannya bagus,setahun lalu,5,5,5,Saoenk Cobek Perintis,Google Maps,2026-05-14 19:20:54
ChdDSUhNMG9nS0VJQ0FnSUNfa3FTZm9BRRAB,Adrian Novran,5,Supriadi,setahun lalu,5,5,5,Saoenk Cobek Perintis,Google Maps,2026-05-14 19:20:54
ChdDSUhNMG9nS0VJQ0FnSUNfa3REY2lnRRAB,Zulfikar Oday,5,Supriadi,setahun lalu,5,5,5,Saoenk Cobek Perintis,Google Maps,2026-05-14 19:20:54
ChZDSUhNMG9nS0VJQ0FnSUNfNG96S1BREAE,Gracewin Tandiabang,5,"Tempat bagus, suasana Ok. Buat keluarga cocok sekali. Makanan mantap. Terima kasih pelayanannya kak Supriadi, the best 😇",setahun lalu,4,5,5,Saoenk Cobek Perintis,Google Maps,2026-05-14 19:20:54
ChdDSUhNMG9nS0VJQ0FnSUNfb3VyaXJnRRAB,Riri Dade,5,"Selalu dapat tempat makan di gazebo yang nyaman, samping kolam ikan, anak-anak jadi happy✨ Makanan dan minumannya enak-enak semuaa, durasi penyajiannya juga cepat, kebetulan ke sini sorean menuju magrib. Staff dan teamnya ramah dan gercep, tadi dilayani dengan Kak Ilyan. Berkah dan sukses selalu yaaa✨",setahun lalu,5,5,5,Saoenk Cobek Perintis,Google Maps,2026-05-14 19:20:54
ChdDSUhNMG9nS0VJQ0FnSUNfOUpuM3ZBRRAB,Kartika_BBPK Makassar,5,Ramah ....enak ....dan keren...khusus tuk era makasih...Sdh infokn musholla x,setahun lalu,5,5,5,Saoenk Cobek Perintis,Google Maps,2026-05-14 19:20:54
ChZDSUhNMG9nS0VJQ0FnSUNfMEttVkpBEAE,Mhyladt,5,"Pelayanan rhey sangat memuaskan, juga seru dan asik. Jadi, tidak rugi untuk buat acara di saoenk cobek, suasana tempatnya nyaman dan harganya terjangkau",setahun lalu,5,5,5,Saoenk Cobek Perintis,Google Maps,2026-05-14 19:20:54
ChdDSUhNMG9nS0VJQ0FnSURmbjV1NWxRRRAB,Deni Ramdani,5,"Makanannya enak, Pelayanan dari bapak supriyadi top lah, 👍👍",setahun lalu,5,5,5,Saoenk Cobek Perintis,Google Maps,2026-05-14 19:21:18
ChZDSUhNMG9nS0VJQ0FnSURmdTltUmV3EAE,Andi Agustriyana Taufik,5,,setahun lalu,5,5,5,Saoenk Cobek Perintis,Google Maps,2026-05-14 19:21:18
ChdDSUhNMG9nS0VJQ0FnSURmMl9XZG9nRRAB,Andi aisyah Nurul annisa,5,"makanannya enak,dan pelayanannya baik ramah kak azizah🫰🙏",setahun lalu,5,5,5,Saoenk Cobek Perintis,Google Maps,2026-05-14 19:21:18
ChZDSUhNMG9nS0VJQ0FnSURmMjhyaFlBEAE,Andi Nurul Mukhlishah,5,pelayanan atas nama fitri sudah sangat baik dan memuaskan,setahun lalu,5,5,5,Saoenk Cobek Perintis,Google Maps,2026-05-14 19:21:18
ChZDSUhNMG9nS0VJQ0FnSURmMjlLSVRREAE,Velyn Felixa Alexandra,5,ilyan pelayanan sangat ramah dan menunya juga memuaska,setahun lalu,5,5,5,Saoenk Cobek Perintis,Google Maps,2026-05-14 19:21:18
ChZDSUhNMG9nS0VJQ0FnSURmNGRycWNREAE,Herlina Herlina,5,Pelayanan baik makanannya enak👍 …,setahun lalu,5,,,Saoenk Cobek Perintis,Google Maps,2026-05-14 19:21:18
ChZDSUhNMG9nS0VJQ0FnSURmdHBXZFF3EAE,Arifah Rahmah,5,Sangat ramah dan membantu.,setahun lalu,,,,Saoenk Cobek Perintis,Google Maps,2026-05-14 19:21:18
ChdDSUhNMG9nS0VJQ0FnSURmbHZpeDV3RRAB,adrin serang,5,"terima kasih Bu ERA pelayanan sangat baik
masakan nya mantap
suasana nyaman",setahun lalu,5,5,5,Saoenk Cobek Perintis,Google Maps,2026-05-14 19:21:18
ChZDSUhNMG9nS0VJQ0FnSURmbHNpb0l3EAE,Nur Alia Awalia,5,"Pelayanannya sangat bagus, waitress atas nama Era sangat bagus pelayanannya kepada pengunjung",setahun lalu,5,5,5,Saoenk Cobek Perintis,Google Maps,2026-05-14 19:21:18
ChZDSUhNMG9nS0VJQ0FnSURmeXVma2J3EAE,A. Syarief Hidayat,5,,setahun lalu,5,5,5,Saoenk Cobek Perintis,Google Maps,2026-05-14 19:21:18
ChZDSUhNMG9nS0VJQ0FnSURmN0x1RlRBEAE,Fakhri Athallah,5,"Terima kasih atas pelayanan yg sangat memuaskan terutama yg melayani kami di meja 16 atas nama mba era, makanannya jg enak smua..",setahun lalu,5,5,5,Saoenk Cobek Perintis,Google Maps,2026-05-14 19:21:42
ChZDSUhNMG9nS0VJQ0FnSURmMUotT0JREAE,Echy Azs,3,"Makanan enak.
Pelayan nya ji yg miskom, pesan ayam bakar ternyata tidak ada tpi tdk di konfirmasi ulang jadi lama sekali menunggu.",setahun lalu,4,3,4,Saoenk Cobek Perintis,Google Maps,2026-05-14 19:21:42
ChdDSUhNMG9nS0VJQ0FnSURmNE5pLWdnRRAB,Arif Burhan,1,"HARGA TIDAK SESUAI DI LIST HARGA

HARGA IKAN DIAWAL DISAMPAIKAN BERBEDA DENGAN HARGA SAAT DIBAYAR

LAST TERAKHIR KESINI",setahun lalu,,,,Saoenk Cobek Perintis,Google Maps,2026-05-14 19:21:42
ChdDSUhNMG9nS0VJQ0FnSURmZ0tiNHRnRRAB,Muhaimin Nasir13,5,fitri: Pelayanan memuaskan,setahun lalu,5,5,5,Saoenk Cobek Perintis,Google Maps,2026-05-14 19:21:42
ChdDSUhNMG9nS0VJQ0FnSUNmaDUzTGl3RRAB,Lucia Sri Lestari,5,"Makanan enak, ikan rica parape enak sekali. Sudah 3x kesini.pelayannya Dek Era baik ramah juga. Terimakasih  ya.",setahun lalu,5,5,5,Saoenk Cobek Perintis,Google Maps,2026-05-14 19:21:42
ChdDSUhNMG9nS0VJQ0FnSUNmczhfX3hRRRAB,Stella Maria,5,Makanannya enak pelayannya baik dan ramahh mba ica,setahun lalu,5,5,5,Saoenk Cobek Perintis,Google Maps,2026-05-14 19:21:42
ChZDSUhNMG9nS0VJQ0FnSUNmMDhPOGVnEAE,Hatta Rachman,4,"bagus untuk kulineran keluarga, tempatnya bagus",setahun lalu,4,4,4,Saoenk Cobek Perintis,Google Maps,2026-05-14 19:21:42
ChdDSUhNMG9nS0VJQ0FnSUNmazZIbDhBRRAB,Rasyidahwati,5,"Makanannya enak, tempat nyaman, pelayanan baik, ramah dan cepat oleh kak era, semoga tetap semangat kerjanya dan restorannya semakin baik dan ada tempat bermain untuk anak",setahun lalu,5,5,4,Saoenk Cobek Perintis,Google Maps,2026-05-14 19:21:42
ChZDSUhNMG9nS0VJQ0FnSUNmX2FlUUpREAE,Kama Riah,5,"Baru sempat ksi reviewnya sudah janji kemarin. Pelayanan kak Era the best bintang full. Ramah, kompak dilayani sangat baik, meskipun sangat ramai. Makanan Juga enak, tempat bersih suasana nyaman. 👍",setahun lalu,5,5,5,Saoenk Cobek Perintis,Google Maps,2026-05-14 19:21:42
ChZDSUhNMG9nS0VJQ0FnSUNmamQzVWVBEAE,sesilia datulabi,5,"Pelayanan kakak era terbaiqq, ramah, satset🫶
Makanan enak2, recomended",setahun lalu,5,5,5,Saoenk Cobek Perintis,Google Maps,2026-05-14 19:21:42
ChdDSUhNMG9nS0VJQ0FnSUNmamEyX3lBRRAB,Andi Nasyrah,5,"Pelayanan nya terbaik, terimakasih buat kak fatur. Di pertahankan terus buat semua nya",setahun lalu,4,4,4,Saoenk Cobek Perintis,Google Maps,2026-05-14 19:22:06
ChdDSUhNMG9nS0VJQ0FnSUNmbGJmcnRnRRAB,Emy Emmyah,5,"Tempatx nyaman, bersih dan ada musollahx
Makananx sesuai selera… enak.. terima kasih bu Irma…",setahun lalu,5,5,5,Saoenk Cobek Perintis,Google Maps,2026-05-14 19:22:06
ChZDSUhNMG9nS0VJQ0FnSUNmbFpmbWV3EAE,Mia Mia,5,,setahun lalu,5,5,5,Saoenk Cobek Perintis,Google Maps,2026-05-14 19:22:06
ChZDSUhNMG9nS0VJQ0FnSUNmbGJYaUR3EAE,kurnia naim,5,,setahun lalu,5,5,5,Saoenk Cobek Perintis,Google Maps,2026-05-14 19:22:06
ChdDSUhNMG9nS0VJQ0FnSUNmMmJlNGxRRRAB,Hasan Basri,3,"Harga makanannya cukup mahal untuk kunjungan bersama keluarga, tapi jika hanya cari suasana yang nyaman, tempat ini bisa jadi pilihan..
Ada kolam ikan dan gazebo kayu, juga parkiran yg luas",setahun lalu,2,4,4,Saoenk Cobek Perintis,Google Maps,2026-05-14 19:22:06
ChZDSUhNMG9nS0VJQ0FnSUNmaWVTSlBnEAE,Ima Ima,5,"Makanan enak bangetttt, pelayanan luar biasa, susana tenang dan sangat ramah",setahun lalu,5,5,4,Saoenk Cobek Perintis,Google Maps,2026-05-14 19:22:06
ChZDSUhNMG9nS0VJQ0FnSUNmOFphWktnEAE,sazthabina ranteallo,5,Terima kasih Dek Era sudah dilayani dengan baik. Mantap,setahun lalu,5,5,5,Saoenk Cobek Perintis,Google Maps,2026-05-14 19:22:06
ChZDSUhNMG9nS0VJQ0FnSUNmX3NUVWFBEAE,Yunita Fatmi Ramadhani,5,"Mantep banget makan disini, suasananya oke, dan makanan yang disediakan juga enak-enak tdk mengecewakan dan juga pelayanan dari kak ilyan bagus dan juga para karyawan lainnya menyapa pengunjung dengan ramah 👍👍.",setahun lalu,5,5,5,Saoenk Cobek Perintis,Google Maps,2026-05-14 19:22:06
ChdDSUhNMG9nS0VJQ0FnSUNmX29qWG5nRRAB,Fatimah Fatimah,5,"Tempatnya bagus, suasananya oke, pelayanannya juga oke dan karyawan juga ramah-ramah dengan pengunjung bahkan makanannya pun enak-enak👍.",setahun lalu,5,5,5,Saoenk Cobek Perintis,Google Maps,2026-05-14 19:22:06
ChZDSUhNMG9nS0VJQ0FnSUNmN3J2cFNnEAE,Nurfadillah Rahma Sari,5,Pelayanan kak ilyan mantap dan recomended untuk makan bersama keluarga.,setahun lalu,4,5,4,Saoenk Cobek Perintis,Google Maps,2026-05-14 19:22:06
ChZDSUhNMG9nS0VJQ0FnSUNmN3J1T0tREAE,Nurhasanah Wirasari,5,rekomendedd untuk family dinneer,setahun lalu,5,5,5,Saoenk Cobek Perintis,Google Maps,2026-05-14 19:22:33
ChZDSUhNMG9nS0VJQ0FnSUNmN3NxWVRBEAE,asma jaya,5,Recommended. Masakan nya enak. Pelayannya kak Era orgnya ramah,setahun lalu,5,5,5,Saoenk Cobek Perintis,Google Maps,2026-05-14 19:22:33
ChZDSUhNMG9nS0VJQ0FnSUNmN29yQ0dnEAE,Pace Gode Gondrong,5,"Rekomended  banget, pelayanan mantap.
Rasanya juga enak.

Makasih mbak ERA 😊😊😊",setahun lalu,5,5,5,Saoenk Cobek Perintis,Google Maps,2026-05-14 19:22:33
ChRDSUhNMG9nS0VJQ0FnSUNmanVrchAB,Ratna Abbas,5,,setahun lalu,5,5,5,Saoenk Cobek Perintis,Google Maps,2026-05-14 19:22:33
ChZDSUhNMG9nS0VJQ0FnSUNmaHJ2UUNREAE,mega silvia,5,"Mantaps
Terimakasih pelayanannya Kak Serly",setahun lalu,5,5,5,Saoenk Cobek Perintis,Google Maps,2026-05-14 19:22:33
ChZDSUhNMG9nS0VJQ0FnSUNmaHF2bGZnEAE,Andhy Bilal,4,"Dari segi viewnya bagus, pelayanannya bagus, klw dari segi makanan agak pricey jika dibandingkan dengan rasanya tapi yah lumayanlah",setahun lalu,4,5,5,Saoenk Cobek Perintis,Google Maps,2026-05-14 19:22:33
ChZDSUhNMG9nS0VJQ0FnSUNmaHB5b0lREAE,dewi rahayu,5,"Makanan is the best, pelayanan Era bagus. Di rekomendasikan yg enak. Tempatnya nyaman bersih. Layannan sangt memuaskan. Kompak selalu.",setahun lalu,5,5,5,Saoenk Cobek Perintis,Google Maps,2026-05-14 19:22:33
ChZDSUhNMG9nS0VJQ0FnSUNmLW91UkRnEAE,WahidaGusnawati Dikbud,5,Era dan kekurangannya klo weekend ada menu yg tdk tersedia padahal itu mwnu favorit anak anak,setahun lalu,5,5,4,Saoenk Cobek Perintis,Google Maps,2026-05-14 19:22:33
ChdDSUhNMG9nS0VJQ0FnSUNmLXRpTXR3RRAB,Eileen Euides,5,"Makananya enak
Pelayanan ramah

Good job waiter Icha",setahun lalu,5,5,5,Saoenk Cobek Perintis,Google Maps,2026-05-14 19:22:33
ChdDSUhNMG9nS0VJQ0FnSUNmLXBpdW5RRRAB,William Bunga Datu,5,"Semua menu enak dan rekomended terutama ikan segar semua,

Minuman favorit sih es kelapa muda pake gulmer

Thanks to Waittres Icha",setahun lalu,5,5,5,Saoenk Cobek Perintis,Google Maps,2026-05-14 19:22:33
ChZDSUhNMG9nS0VJQ0FnSUNmdXFuTk9BEAE,ISMAIL ISMAIL,5,"Sangat ramah pelayanannya, makanannya pun enak2 sesuai selera…
Buat waitersnya kk ica trm kasih pelayanan primanya… semangattt…",setahun lalu,,,,Saoenk Cobek Perintis,Google Maps,2026-05-14 19:22:57
ChZDSUhNMG9nS0VJQ0FnSUNmdXA2S1BBEAE,amursydatul Jannah hamzah,5,Pelayanan sangat baik makanan enak. Thnks mba Era dan tim,setahun lalu,5,5,5,Saoenk Cobek Perintis,Google Maps,2026-05-14 19:22:57
ChRDSUhNMG9nS0VJQ0FnSUNmMnB3VhAB,Andi Ildha,5,"Makanan favorit anak2 saya kakap fillet tepung 👍 selalu pesan ini kalau kesini, buncis telur asinnya jg enak. Pelayanannya jg bagus, atas nama mas Ilyan terima kasih pelayanannya.",setahun lalu,5,5,5,Saoenk Cobek Perintis,Google Maps,2026-05-14 19:22:57
ChdDSUhNMG9nS0VJQ0FnSUNmbXNDdWlBRRAB,Siti Zaenab,5,,setahun lalu,,,,Saoenk Cobek Perintis,Google Maps,2026-05-14 19:22:57
ChZDSUhNMG9nS0VJQ0FnSUNma3JqVEtnEAE,nouva angel,5,"Makanan enak, tp ikan bakar rica, pedes bgt. Service mas Daniel ok",setahun lalu,4,5,4,Saoenk Cobek Perintis,Google Maps,2026-05-14 19:22:57
ChZDSUhNMG9nS0VJQ0FnSUNma3VpcklREAE,Vifiana Sallata,5,"Ilyan mantap pelayannya, makanannya mantap, enak suasananya",setahun lalu,,,,Saoenk Cobek Perintis,Google Maps,2026-05-14 19:22:57
ChZDSUhNMG9nS0VJQ0FnSUNma3JDWUV3EAE,Edgar Zamen Aloi Valid,5,,setahun lalu,,,,Saoenk Cobek Perintis,Google Maps,2026-05-14 19:22:57
ChZDSUhNMG9nS0VJQ0FnSUNmNG8tQVRREAE,Mardiah Kadir,5,Serly...pelayananannya bagus dan ramah👍👍👍,setahun lalu,4,5,5,Saoenk Cobek Perintis,Google Maps,2026-05-14 19:22:57
ChZDSUhNMG9nS0VJQ0FnSUNmNHNlT05nEAE,Wahyuddin Ramli15,5,Plyan supriadi sngat baik,setahun lalu,4,4,5,Saoenk Cobek Perintis,Google Maps,2026-05-14 19:22:57
ChdDSUhNMG9nS0VJQ0FnSUNmdk1iUHpBRRAB,Melda Putri,5,"Makanannya enak, tempatnya bersih dan asri, pelayanan ramah,terima kasih kak ERA atas pelayanannya yg ramah dan gercep walaupun makanannya agak sedikit telat keluar...overall puas makan di saoenk cobek perintis🙏🏻😊",setahun lalu,5,5,5,Saoenk Cobek Perintis,Google Maps,2026-05-14 19:22:57
ChZDSUhNMG9nS0VJQ0FnSUNmMU9UMkN3EAE,Quinsha Afifah,5,,setahun lalu,,,,Saoenk Cobek Perintis,Google Maps,2026-05-14 19:23:24
ChZDSUhNMG9nS0VJQ0FnSUNmbE51VkF3EAE,Syahrul,5,"Pelayanannya bagus senyum terus
-Ilyan",setahun lalu,5,5,5,Saoenk Cobek Perintis,Google Maps,2026-05-14 19:23:24
ChZDSUhNMG9nS0VJQ0FnSUNmbEk3eVZ3EAE,Rahmaniya,5,Pelayanan yang diberikan oleh saudari fitri cukup ramah dan memuaskan,setahun lalu,5,5,5,Saoenk Cobek Perintis,Google Maps,2026-05-14 19:23:24
ChdDSUhNMG9nS0VJQ0FnSUNmNUx5U3dRRRAB,Rona Cholydia,5,"Honest review‼️ waktu awal buka banyak minus nya. mulai dari pelayanannya yg sangat lambat sampai nunggu berjam-jam, makanannya juga waktu itu sy pesan ikan bakar sangat kurang, mungkin karna masih menyesuaikan baik dri resto/karyawannya.
Tapi sy sekeluarga kembali coba, sangat jauh lebih bagus dari yang kemarin 🤩 sekarang malah jadi tempat dinner fav kluarga, pelayanannya gercep bangeet mau di restonya langsung / pesan online lewat WA. Untuk kualitas makanan juga smakin meningkat. Good job saoenk cobek ⭐️⭐️⭐️⭐️⭐️",setahun lalu,5,5,5,Saoenk Cobek Perintis,Google Maps,2026-05-14 19:23:24
ChdDSUhNMG9nS0VJQ0FnSUNmcFBLYjlBRRAB,Nur Aena,5,"Supriadi sebagai wt sesuai expectasi, good job... di pertahankan bahkan trus ditingkatkan.",setahun lalu,5,5,5,Saoenk Cobek Perintis,Google Maps,2026-05-14 19:23:24
ChdDSUhNMG9nS0VJQ0FnSUR2bjRDbzFBRRAB,Muhammad Indar Abidin,5,"Makanan dan minuman enak, tmpt bagus pelayan Mba era baik, ramah.",setahun lalu,5,5,5,Saoenk Cobek Perintis,Google Maps,2026-05-14 19:23:24
ChZDSUhNMG9nS0VJQ0FnSUR2cjhLSFVnEAE,Aprilya Inayah,5,Pelayanannya sangat bagus terutama kak fitri,setahun lalu,5,5,5,Saoenk Cobek Perintis,Google Maps,2026-05-14 19:23:24
ChdDSUhNMG9nS0VJQ0FnSUR2ejRpQ3hnRRAB,St. Muthmainnah Mustafa Kamal,5,"Pelayanan Kak selly bintang 5, makann juga untuk rasa sangat enak, gak asin, gak terllau manis, pas!

Thank u, kami akan dtg lagi",setahun lalu,5,5,5,Saoenk Cobek Perintis,Google Maps,2026-05-14 19:23:24
ChdDSUhNMG9nS0VJQ0FnSUR2ajUzUzV3RRAB,Kristiani Adiyasa,5,Ilyan pelayanannya sangat baik dan ramah,setahun lalu,5,5,5,Saoenk Cobek Perintis,Google Maps,2026-05-14 19:23:24
ChdDSUhNMG9nS0VJQ0FnSUR2OTl2UHdRRRAB,Nur Afifah Putri Rivai,5,Tempat dan pelayanan bagus,setahun lalu,5,5,5,Saoenk Cobek Perintis,Google Maps,2026-05-14 19:23:24
ChZDSUhNMG9nS0VJQ0FnSUR2dTVlbkdREAE,Zakiah Bonang,5,Plyan supriadi sngat baik,setahun lalu,5,5,5,Saoenk Cobek Perintis,Google Maps,2026-05-14 19:23:53
ChdDSUhNMG9nS0VJQ0FnSUR2dTZ1eTZBRRAB,Arham Arham,5,"Pallumaranya enak, ikan bakarnya enak. Direkomendasikan menu yang enak oleh Pelayannya Era.",setahun lalu,5,5,5,Saoenk Cobek Perintis,Google Maps,2026-05-14 19:23:53
ChdDSUhNMG9nS0VJQ0FnSUR2Njl1QTdRRRAB,Desarmini Kelas B,5,"Alhamdulillah luar biasa menikmati menu makanan yg enak di saoenk cobek perintis dengan pelayanan yg baik dari mbak sherly, semoga semakin meningkatkan kualitas dan mutu.",setahun lalu,5,5,5,Saoenk Cobek Perintis,Google Maps,2026-05-14 19:23:53
ChZDSUhNMG9nS0VJQ0FnSUR2NjlENVJREAE,Batari Ibrahim,5,"Petugas pelayanan ramah terimakasih mas dhani, untuk menu makanan dan suasananya amat sangat rekomended sih",setahun lalu,5,5,5,Saoenk Cobek Perintis,Google Maps,2026-05-14 19:23:53
ChZDSUhNMG9nS0VJQ0FnSUR2eTktdkZnEAE,Wahyuni Sirajuddin,5,pelayanan atas nama ilyan sangat baik,setahun lalu,5,5,5,Saoenk Cobek Perintis,Google Maps,2026-05-14 19:23:53
ChdDSUhNMG9nS0VJQ0FnSUR2aS11ZjRRRRAB,MUSTAWA MURSALIN,5,Terimakasih kak Sherly atas pelayanannya,setahun lalu,5,5,5,Saoenk Cobek Perintis,Google Maps,2026-05-14 19:23:53
ChdDSUhNMG9nS0VJQ0FnSUR2dzlXRjhnRRAB,dewi yana,5,Pelyan supriadi sngant  bgus,setahun lalu,4,4,4,Saoenk Cobek Perintis,Google Maps,2026-05-14 19:23:53
ChZDSUhNMG9nS0VJQ0FnSUR2ZzQtTFhREAE,Rama Payangan,5,"Makananya ok, pelayannya mantap kak serly",setahun lalu,5,5,5,Saoenk Cobek Perintis,Google Maps,2026-05-14 19:23:53
ChZDSUhNMG9nS0VJQ0FnSUR2X2Z1OUFREAE,a. musfirah,5,Pelayanan dari Danil n alwin sangatt mantapp👍,setahun lalu,5,5,5,Saoenk Cobek Perintis,Google Maps,2026-05-14 19:23:53
ChdDSUhNMG9nS0VJQ0FnSUR2dmYyc3FBRRAB,yunita Boron,5,"Makanannya enak, pelayan nya ramah she name is sherly👍👍👍👍",setahun lalu,5,5,4,Saoenk Cobek Perintis,Google Maps,2026-05-14 19:23:53
ChZDSUhNMG9nS0VJQ0FnSUR2dmZXRGJ3EAE,Alfitra Wansyah,5,Ilyan yang terbaik,setahun lalu,5,5,5,Saoenk Cobek Perintis,Google Maps,2026-05-14 19:24:20
ChdDSUhNMG9nS0VJQ0FnSUR2M2RIVjdBRRAB,Abi Altaf,5,"Pelayanan sngat memuaskan...
Tks Era. Pelayanan nnya sangat bagus. Cekatan dan sesuai pesanan
Tempat ok banget.
Rekomended place. Good 👍",setahun lalu,5,5,5,Saoenk Cobek Perintis,Google Maps,2026-05-14 19:24:20
ChZDSUhNMG9nS0VJQ0FnSUR2MWZqX1lBEAE,idamaru dondi,5,"Kami sangat puas dengan pelayanan waiters mas Daniel
Semoga sehat selalu👍👍👍",setahun lalu,5,5,5,Saoenk Cobek Perintis,Google Maps,2026-05-14 19:24:20
ChdDSUhNMG9nS0VJQ0FnSUR2bGI2OTRnRRAB,Ariyanti Syamsir,5,Pelayanannya kak illyan baguss ramah👍🏻makanannya enak,setahun lalu,5,5,5,Saoenk Cobek Perintis,Google Maps,2026-05-14 19:24:20
ChdDSUhNMG9nS0VJQ0FnSUR2bGRhNmtRRRAB,Ayuandin01,5,"Pelayanan kak ilyan sangat bagus m, perfect pokoknya dan smua karyawan lain  jg ramah 😍makanannya mantap betul🥰👍🏻👍🏻",setahun lalu,5,5,5,Saoenk Cobek Perintis,Google Maps,2026-05-14 19:24:20
ChdDSUhNMG9nS0VJQ0FnSUR2bGFheTZBRRAB,0001 Sri Wulandari,5,pelayanan kak ilyan sangat baik dan sangat ramah,setahun lalu,5,5,5,Saoenk Cobek Perintis,Google Maps,2026-05-14 19:24:20
ChZDSUhNMG9nS0VJQ0FnSUR2bFp6c0x3EAE,Anita Fauzyah,4,"Makanannya enak dan pelayanan sangat bagus dan cepat

Ica",setahun lalu,5,5,4,Saoenk Cobek Perintis,Google Maps,2026-05-14 19:24:20
ChdDSUhNMG9nS0VJQ0FnSUR2bGVEMWp3RRAB,Idar daffa,5,Pelayanan nunu ramah,setahun lalu,5,5,5,Saoenk Cobek Perintis,Google Maps,2026-05-14 19:24:20
ChZDSUhNMG9nS0VJQ0FnSUR2NVlQN1BREAE,Eko Wardana Saputra,5,,setahun lalu,,,,Saoenk Cobek Perintis,Google Maps,2026-05-14 19:24:20
ChZDSUhNMG9nS0VJQ0FnSUR2NWJpQWJREAE,Nurul Akbar,5,"Makanannya enak. Pelayanan cepat ramah. Ada taman buat anak lari2. Mantap pokoknya...

Terimakasih service excelence nya kak icha 🙏",setahun lalu,5,5,5,Saoenk Cobek Perintis,Google Maps,2026-05-14 19:24:20
ChdDSUhNMG9nS0VJQ0FnSUR2cGM3MDRBRRAB,Agus Rahmat,5,Ilyan,setahun lalu,5,5,5,Saoenk Cobek Perintis,Google Maps,2026-05-14 19:24:43
ChZDSUhNMG9nS0VJQ0FnSUR2cFlhUlRREAE,Andi Irwansyah,5,,setahun lalu,,,,Saoenk Cobek Perintis,Google Maps,2026-05-14 19:24:43
ChZDSUhNMG9nS0VJQ0FnSUR2eGNialZ3EAE,Hidayati Tati,5,"Alhamdulillah bagus, tidak kena hujan. Pelayannya bagus, baik cantik Terima kasih dek Era ya. Nanti kapan"" Kembali lagi.",setahun lalu,5,5,5,Saoenk Cobek Perintis,Google Maps,2026-05-14 19:24:43
ChdDSUhNMG9nS0VJQ0FnSUR2aGQ3RmpnRRAB,muhamad asri,5,Alhamdulillah pelayanannya mantap. Makannya juga enak. Tingkatkan lagi pelayannya nak era. Terima kasih.,setahun lalu,5,5,5,Saoenk Cobek Perintis,Google Maps,2026-05-14 19:24:43
ChZDSUhNMG9nS0VJQ0FnSUR2LVpXZ0F3EAE,Go Tv,5,Tempat enak buat makan sama keluarga dan makanannya enak .supriadi,setahun lalu,5,5,5,Saoenk Cobek Perintis,Google Maps,2026-05-14 19:24:43
ChdDSUhNMG9nS0VJQ0FnSUR2aVlTNl93RRAB,King Dhaniel,5,"Kali Pertama Kesini Malah Langsung Sukaaaa Weh......pelayanannya omg Aduhaiiiiii bagussss ""WT"" atas nama Azizaa Mantaapp",setahun lalu,5,,,Saoenk Cobek Perintis,Google Maps,2026-05-14 19:24:43
ChZDSUhNMG9nS0VJQ0FnSUR2aWRpNVFnEAE,Yana Natsrun,5,"Pelayanan nya sangat""memuaskan , terutama karyawannya . Atas nama ..Azizah",setahun lalu,5,5,5,Saoenk Cobek Perintis,Google Maps,2026-05-14 19:24:43
ChZDSUhNMG9nS0VJQ0FnSUR2OGNhQWZ3EAE,Nur Suffa,5,Bagus pelayanannya kak sherly,setahun lalu,,,,Saoenk Cobek Perintis,Google Maps,2026-05-14 19:24:43
ChZDSUhNMG9nS0VJQ0FnSUR2c2QteFdREAE,A. Nur Ildha Arfanita,5,"Makanannya enak enak, pelayanannya ramah, teruma waiternya yg namanya mas Fathur tadi ngehandle dengan cekatan dan sopan🙏🏻 makasih saoenk cobek perintis 😊",setahun lalu,5,5,5,Saoenk Cobek Perintis,Google Maps,2026-05-14 19:24:43
ChdDSUhNMG9nS0VJQ0FnSUR2MGVPWC13RRAB,Muh ikhsan Said,5,"Makanan dan
Pelayanan mbak era sangt baik.ramah dan cepat.terima kasih bnyk.",setahun lalu,5,5,5,Saoenk Cobek Perintis,Google Maps,2026-05-14 19:24:43
ChZDSUhNMG9nS0VJQ0FnSUR2MGNQMlJBEAE,Muhammad Ikhsan Mappaenre,5,Mantap pelayanannya pak supriadi dan tim,setahun lalu,5,5,5,Saoenk Cobek Perintis,Google Maps,2026-05-14 19:25:08
ChdDSUhNMG9nS0VJQ0FnSUR2a1l2YWpBRRAB,Rustan Sayuti,5,"Nasinya kurang bisa di nikmati
Makanan bisa beesaing kwalitaa dan kebersihan ok, serly",setahun lalu,5,5,5,Saoenk Cobek Perintis,Google Maps,2026-05-14 19:25:08
ChZDSUhNMG9nS0VJQ0FnSUR2a1k2ZUdnEAE,Fatmawati Bachtiar,5,Enak.. Terimakasih pelayanannya kak fathur dan kak era...,setahun lalu,5,5,5,Saoenk Cobek Perintis,Google Maps,2026-05-14 19:25:08
ChZDSUhNMG9nS0VJQ0FnSUR2NGVtQU1nEAE,Asiyanthi Tabran Lando,5,"Mantap smuanya, makanan, layanan, dan suasananya.Terima kasih untuk Pak Ilyan, waiter yg bertugas di meja kami",setahun lalu,5,5,5,Saoenk Cobek Perintis,Google Maps,2026-05-14 19:25:08
ChdDSUhNMG9nS0VJQ0FnSUR2NFlHVzNRRRAB,Almira Safwana,5,"Suasana dan makanannya mantap, kolam ikannya bersih. kecepatan masak yg perlu ditingkatkan lagi. Pelayanan para waiter sudah mantap. Terima kasih Pak Ilyan yg sdh bertugas di meja kami.",setahun lalu,5,4,5,Saoenk Cobek Perintis,Google Maps,2026-05-14 19:25:08
ChZDSUhNMG9nS0VJQ0FnSUR2NGFtTVl3EAE,ahmad hideyoshi,5,Keren sekali. Wajar dah bintang lima. Ikannya keren bett! Semangat yaaa!,setahun lalu,5,5,5,Saoenk Cobek Perintis,Google Maps,2026-05-14 19:25:08
ChdDSUhNMG9nS0VJQ0FnSUR2b2JQVTJRRRAB,Valensya Palimbu,5,,setahun lalu,5,5,5,Saoenk Cobek Perintis,Google Maps,2026-05-14 19:25:08
ChdDSUhNMG9nS0VJQ0FnSUR2b2IzeTRnRRAB,Rahma Suardi,5,"Pelayanan bguss, makanan sangat enak, suasana baguss dan sejuk
#NUNU",setahun lalu,5,5,5,Saoenk Cobek Perintis,Google Maps,2026-05-14 19:25:08
ChdDSUhNMG9nS0VJQ0FnSUR2anBQY25BRRAB,fatimah samosir,5,"dari segi makanan dan pelayanan bolehlah, harganya juga lumayan kalau menurutku yah,porsinya besar 😁😁terima kasih bnyak untuk mba titiek atas pelayanannya ramah sekali 🫶🏻🫶🏻🫶🏻🫶🏻🫶🏻",setahun lalu,5,5,5,Saoenk Cobek Perintis,Google Maps,2026-05-14 19:25:08
ChdDSUhNMG9nS0VJQ0FnSUR2OXJERnF3RRAB,Bapel,5,Pelayanan ok .. pelayanan atas nama ilyan,setahun lalu,5,5,5,Saoenk Cobek Perintis,Google Maps,2026-05-14 19:25:08
ChZDSUhNMG9nS0VJQ0FnSUR2OW9DQ1JnEAE,Abdul Mundzir Ibnu Nurdin,5,atas nama itu,setahun lalu,,5,,Saoenk Cobek Perintis,Google Maps,2026-05-14 19:25:35
ChdDSUhNMG9nS0VJQ0FnSUR2NnBLV3pnRRAB,andi alkanarianti,5,"Menu makanan variatif, suasana tempat nyaman dan bersih.supriadi",setahun lalu,5,5,5,Saoenk Cobek Perintis,Google Maps,2026-05-14 19:25:35
ChZDSUhNMG9nS0VJQ0FnSURkaXZIUEt3EAE,meilyana meymey,5,Makasih kk ilyan pelayanan dan makannya baik dan enak,Diedit setahun lalu,5,5,5,Saoenk Cobek Perintis,Google Maps,2026-05-14 19:25:35
ChdDSUhNMG9nS0VJQ0FnSUR2cXJPdV93RRAB,mediany juliaty,5,Makanannya enak dan pelayan atas nama Ilyan ramah dan baik hati,setahun lalu,,5,,Saoenk Cobek Perintis,Google Maps,2026-05-14 19:25:35
ChZDSUhNMG9nS0VJQ0FnSUN2elozdmVREAE,Hasni Hamdani Azis,5,,setahun lalu,5,2,5,Saoenk Cobek Perintis,Google Maps,2026-05-14 19:25:35
ChdDSUhNMG9nS0VJQ0FnSUN2aWVpX2pnRRAB,Irfan Thariq,5,,setahun lalu,4,3,4,Saoenk Cobek Perintis,Google Maps,2026-05-14 19:25:35
ChdDSUhNMG9nS0VJQ0FnSUN2cnRicHFRRRAB,Noer Mauliya B,1,"Makanan sangat lama dtng, mengecewakan",setahun lalu,,1,,Saoenk Cobek Perintis,Google Maps,2026-05-14 19:25:35
ChZDSUhNMG9nS0VJQ0FnSUN2c3AyRVVnEAE,Luthfiah Arradiah,5,,setahun lalu,5,5,5,Saoenk Cobek Perintis,Google Maps,2026-05-14 19:25:35
ChdDSUhNMG9nS0VJQ0FnSUN2d291X3d3RRAB,Riswan Ardiansyah,2,"Terlalu mahal,nda sesuai untuk dompet2 mahasiswa,baru lama skli penyajiannya, masa ikannya sebesar tangan orang dewasa harganya 100, bandengnya 50",setahun lalu,1,1,1,Saoenk Cobek Perintis,Google Maps,2026-05-14 19:25:35
ChZDSUhNMG9nS0VJQ0FnSUN2NU56Y2RnEAE,muhammad ahlam,1,"Pertama dtng dpt kayawan yg jutek trus,,pesan ikan ternyata kena biaya masak dan itu tdk diinfo sebelumnya atau dicantumksn di menu,,,aneh lucu bin nyata..insyaAllah sy tdk akan datang lagii...",setahun lalu,4,1,4,Saoenk Cobek Perintis,Google Maps,2026-05-14 19:25:35
ChZDSUhNMG9nS0VJQ0FnSURQeXBpemJnEAE,Ir.Ma'mur Ar,4,,setahun lalu,4,4,3,Saoenk Cobek Perintis,Google Maps,2026-05-14 19:25:59
ChZDSUhNMG9nS0VJQ0FnSURQa29EOVd3EAE,Besse Tenri Sanna,1,"Pegawainya tidak ramah, juga piringnya sangat lama di antarkan setelah makanan jdi dan juga mkanan yang sebelumnya tertera hrga 40ribu tpi pas pembayaran naik jdi 43ribu",setahun lalu,,,,Saoenk Cobek Perintis,Google Maps,2026-05-14 19:25:59
ChdDSUhNMG9nS0VJQ0FnSURQNHZfS3RBRRAB,Baso Fajar,1,"restoran tdk layak buka ini mah... merugikan sja, klo mau cepat kmbali modal tdk usah usaha nya jgan dngan pelanggan yg byar mahal2, pajak makannya per porsi loh, adik sya pesan nasi goreng 45k dkasi pajak 3k,, ckckckc parah ya.. semoga cepat tutup dah",setahun lalu,1,1,1,Saoenk Cobek Perintis,Google Maps,2026-05-14 19:25:59
ChZDSUhNMG9nS0VJQ0FnSURQNHZmOFVREAE,Rosdiana Muslimin,1,"Makanan di patok per porsi blum nasi, hrgx mahal.. rasanya biasa aja,, playanan lama keburu lapar, air kolamnya kotor dan berbau,, sdah hujan gazebonya jadi basah",setahun lalu,1,1,1,Saoenk Cobek Perintis,Google Maps,2026-05-14 19:25:59
ChZDSUhNMG9nS0VJQ0FnSURQNHJ1dElBEAE,Besse Salma,1,"no worth it,,, lambat pelayanan menu biasa aja, tdk lagi ksna mkannya, tempatnya org kebasahan krna hujan nembus di gazebo",setahun lalu,1,1,1,Saoenk Cobek Perintis,Google Maps,2026-05-14 19:25:59
ChdDSUhNMG9nS0VJQ0FnSUNQcUpMcXl3RRAB,MSL Productions,5,,setahun lalu,5,5,5,Saoenk Cobek Perintis,Google Maps,2026-05-14 19:25:59
ChdDSUhNMG9nS0VJQ0FnSUQzeGMzODdBRRAB,salmiah made,5,,setahun lalu,5,5,5,Saoenk Cobek Perintis,Google Maps,2026-05-14 19:25:59
ChdDSUhNMG9nS0VJQ0FnSUMzNzZxWXdBRRAB,Amanda Dilcow,5,Bapak kostnya sangat super baik,setahun lalu,,,,Saoenk Cobek Perintis,Google Maps,2026-05-14 19:25:59
ChdDSUhNMG9nS0VJQ0FnSUMzdWVYOTB3RRAB,Idhe. Sueb,1,Pelayanan kurang bagus,setahun lalu,1,1,4,Saoenk Cobek Perintis,Google Maps,2026-05-14 19:25:59
ChZDSUhNMG9nS0VJQ0FnSURYeWJ5N1dBEAE,Thytaa,1,,setahun lalu,1,1,1,Saoenk Cobek Perintis,Google Maps,2026-05-14 19:25:59
ChdDSUhNMG9nS0VJQ0FnSURYeU83NV9RRRAB,Alvian topalette,5,,setahun lalu,,5,5,Saoenk Cobek Perintis,Google Maps,2026-05-14 19:26:22
ChdDSUhNMG9nS0VJQ0FnSUNYd3Zpd19RRRAB,Dewi Anggita,1,Sangat kecewa dengan tempat ini krna pesanan datangnya sangat lama. Saya menunggu 1 jam bru dtg makanannya. Itupun pesanannya salah. Saya pesan air mineral dan ternyata tidak di input terpaksa saya pesan ulang. Ikannya saya minta sambalnya pisah malah di campur. Suasana sangat tidak nyaman. Mati lampu dan banyak nyamuk. Pelayan perempuannya judes. Untungnya ada satu pelayan yg baik dan ramah. Mikir mikir lagi deh kalau mau makan disini.,setahun lalu,,,,Saoenk Cobek Perintis,Google Maps,2026-05-14 19:26:22
ChdDSUhNMG9nS0VJQ0FnSURudlk2RGpBRRAB,Heru pigeon999,4,,setahun lalu,4,4,4,Saoenk Cobek Perintis,Google Maps,2026-05-14 19:26:22
ChZDSUhNMG9nS0VJQ0FnSURuMGVTc0tREAE,Harun Hakim,5,Tempat makan area perintis makassar,setahun lalu,,,,Saoenk Cobek Perintis,Google Maps,2026-05-14 19:26:22
ChZDSUhNMG9nS0VJQ0FnSUNucllqRkx3EAE,Nurul Khasana,5,,setahun lalu,,,,Saoenk Cobek Perintis,Google Maps,2026-05-14 19:26:22
ChdDSUhNMG9nS0VJQ0FnSUNuMGRMdXd3RRAB,Herson Tanzil,3,"Ikan tidak fresh, makanan lama dihidangkan",setahun lalu,3,2,3,Saoenk Cobek Perintis,Google Maps,2026-05-14 19:26:22
ChZDSUhNMG9nS0VJQ0FnSUNua3A3REJREAE,Andi Akhfamega Alimin,5,,setahun lalu,,,,Saoenk Cobek Perintis,Google Maps,2026-05-14 19:26:22
ChdDSUhNMG9nS0VJQ0FnSURIbHVMR2pRRRAB,Sam Samuanik,3,"Salah satu menu paketan terbaik untuk acara ramai-ramai. Menu seafoodnya enak-enak, ayam dan cuminya unexpectedly lembut banget. Suasananya OKE, kolam-kolam ikan, tapi kotor. Tolong dibersihkan. Kekurangannya nunggu pesanannya LAMA banget.",setahun lalu,5,1,4,Saoenk Cobek Perintis,Google Maps,2026-05-14 19:26:22
ChZDSUhNMG9nS0VJQ0FnSURIb3BtOU93EAE,Sigit Sivava 54TRIA,5,"Cumi telor asinnya mantap
Sayang pilihan sambalnya kurang banyak, ga ada sambal dabu dagunya padahal sambal ini cocok untuk ikan bakar nya",setahun lalu,5,5,5,Saoenk Cobek Perintis,Google Maps,2026-05-14 19:26:22
ChdDSUhNMG9nS0VJQ0FnSURIbUt5TWt3RRAB,Dr Husain As MPd,5,Sy sarankan agar ada petugas yg selalu siap siaga jika pelanggan membutuhkan tambahan makanan dsb.😃,setahun lalu,4,4,5,Saoenk Cobek Perintis,Google Maps,2026-05-14 19:26:22
ChdDSUhNMG9nS0VJQ0FnSUNIMWQtWDVBRRAB,Aryandhi,5,Makanan & pelayanan mantap 👍👍👍👍,setahun lalu,5,5,5,Saoenk Cobek Perintis,Google Maps,2026-05-14 19:26:53
ChdDSUhNMG9nS0VJQ0FnSUNIMWUtQ3l3RRAB,Safitri Ramadewi,5,Pallumaramnya enak sekali.,setahun lalu,5,5,5,Saoenk Cobek Perintis,Google Maps,2026-05-14 19:26:53
ChZDSUhNMG9nS0VJQ0FnSUNIMVktaEN3EAE,nani ramli,5,Enak makanannya apa lgi smoothis mangganya,setahun lalu,5,5,5,Saoenk Cobek Perintis,Google Maps,2026-05-14 19:26:53
ChdDSUhNMG9nS0VJQ0FnSUNIMVktQjRBRRAB,Roberthon Doni,5,,setahun lalu,5,5,5,Saoenk Cobek Perintis,Google Maps,2026-05-14 19:26:53
ChdDSUhNMG9nS0VJQ0FnSUNIMVplaHh3RRAB,Nur Rahmadanii,5,Ikan kakap bakar rica parapenya enak,setahun lalu,5,5,5,Saoenk Cobek Perintis,Google Maps,2026-05-14 19:26:53
ChZDSUhNMG9nS0VJQ0FnSUNIMWJmd2JBEAE,Kurniawati Baharuddin,5,Makanan enak recomend banget buat acara keluarga,setahun lalu,5,5,5,Saoenk Cobek Perintis,Google Maps,2026-05-14 19:26:53
ChdDSUhNMG9nS0VJQ0FnSUNIMWVmVXNBRRAB,Ninis Ninis,5,makanan dan minumannya recomended,setahun lalu,5,5,5,Saoenk Cobek Perintis,Google Maps,2026-05-14 19:26:53
ChdDSUhNMG9nS0VJQ0FnSUNIMWZhbWhRRRAB,Auliyah tussaleha,5,Pallumaranya enak,setahun lalu,5,5,5,Saoenk Cobek Perintis,Google Maps,2026-05-14 19:26:53
ChZDSUhNMG9nS0VJQ0FnSUNIMWFMckhBEAE,arham Triady,5,Makananya enak apa lagi masak wokunya,setahun lalu,5,5,5,Saoenk Cobek Perintis,Google Maps,2026-05-14 19:26:53
ChZDSUhNMG9nS0VJQ0FnSUNIMWFTWWNREAE,Suci trii,5,Minumannya rekomended Skali❤️,setahun lalu,5,5,5,Saoenk Cobek Perintis,Google Maps,2026-05-14 19:26:53
ChZDSUhNMG9nS0VJQ0FnSUNIMWFUSWZREAE,Tri Eko Ramadhan,5,"Tempat bagus, Fasilitas lumayan memadai, di tambah Ada Cafe di sebelah Restoran, jdi setelah makan bisa nongkrong di sebelah",setahun lalu,5,5,5,Saoenk Cobek Perintis,Google Maps,2026-05-14 19:27:23
ChZDSUhNMG9nS0VJQ0FnSUNIMWNpUldnEAE,Alif Taufiq,5,Tempat terbaik untuk kumpul bersama keluarga,setahun lalu,5,5,5,Saoenk Cobek Perintis,Google Maps,2026-05-14 19:27:23
ChdDSUhNMG9nS0VJQ0FnSUNIMWNqV21BRRAB,Aby Aby,5,Kepiting tumpah,setahun lalu,5,5,5,Saoenk Cobek Perintis,Google Maps,2026-05-14 19:27:23
ChZDSUhNMG9nS0VJQ0FnSUNIMWFEZGFnEAE,Ratna Sari,5,Makannya mantap ikannya enak pas di lidah dan pelayanannya cepat,setahun lalu,5,5,5,Saoenk Cobek Perintis,Google Maps,2026-05-14 19:27:23
ChdDSUhNMG9nS0VJQ0FnSUNIMWNEWnF3RRAB,Ansar Ansar,5,Ikan rica parapenya mantap,setahun lalu,5,5,5,Saoenk Cobek Perintis,Google Maps,2026-05-14 19:27:23
ChZDSUhNMG9nS0VJQ0FnSUNIbGMtaEpnEAE,Yusril Asrhari1607,5,Smootise nya enak apa lagi yg mangga,setahun lalu,5,5,5,Saoenk Cobek Perintis,Google Maps,2026-05-14 19:27:23
ChdDSUhNMG9nS0VJQ0FnSUNIbGMtQ2tnRRAB,Serli Bakri,5,"Pallumara bandeng nya sangat enak dan minumannya enak""",setahun lalu,5,5,5,Saoenk Cobek Perintis,Google Maps,2026-05-14 19:27:23
ChZDSUhNMG9nS0VJQ0FnSUNIbGMtc0lBEAE,Muh Syawal,5,Minuman dan makanannya recommended 👍👍,setahun lalu,5,5,5,Saoenk Cobek Perintis,Google Maps,2026-05-14 19:27:23
ChZDSUhNMG9nS0VJQ0FnSUNIbGJmMEpBEAE,Mecarania Hidayat,5,,setahun lalu,5,4,5,Saoenk Cobek Perintis,Google Maps,2026-05-14 19:27:23
ChZDSUhNMG9nS0VJQ0FnSUNIbFplR1R3EAE,Mariaelfianaputri Maria,5,Pallumaranya enak,setahun lalu,5,5,5,Saoenk Cobek Perintis,Google Maps,2026-05-14 19:27:23
ChZDSUhNMG9nS0VJQ0FnSUNIbGVmZmJBEAE,capss,5,,setahun lalu,5,5,5,Saoenk Cobek Perintis,Google Maps,2026-05-14 19:27:53
ChdDSUhNMG9nS0VJQ0FnSUNIbFl1RGhRRRAB,Rahmat Rahmat,5,Manggo smootisenya enak,setahun lalu,5,5,5,Saoenk Cobek Perintis,Google Maps,2026-05-14 19:27:53
ChdDSUhNMG9nS0VJQ0FnSUNIbGZPZHhnRRAB,Irwandi Irwandi,5,Alpukat smoothie enak sekali,setahun lalu,5,5,5,Saoenk Cobek Perintis,Google Maps,2026-05-14 19:27:53
ChdDSUhNMG9nS0VJQ0FnSUNIbGI3eDRBRRAB,Liha Kahar,5,Pallumaranya enak,setahun lalu,5,5,5,Saoenk Cobek Perintis,Google Maps,2026-05-14 19:27:53
ChZDSUhNMG9nS0VJQ0FnSUNIbFphVVVREAE,Feby Aeni,5,Pallumaranya enak,setahun lalu,5,5,5,Saoenk Cobek Perintis,Google Maps,2026-05-14 19:27:53
ChZDSUhNMG9nS0VJQ0FnSUNIbGNhZ2NREAE,Mhammd AqilFahrian,5,Susananya nyaman dan menarik,setahun lalu,5,5,5,Saoenk Cobek Perintis,Google Maps,2026-05-14 19:27:53
ChZDSUhNMG9nS0VJQ0FnSUNIbGJydlpnEAE,alif nur jaya,5,suasannya nyaman,setahun lalu,5,5,5,Saoenk Cobek Perintis,Google Maps,2026-05-14 19:27:53
ChRDSUhNMG9nS0VJQ0FnSUNIbGJvWBAB,SINTA FATIKA SARI,5,suasananya nyaman dan menu makanannya enak enak,setahun lalu,5,5,5,Saoenk Cobek Perintis,Google Maps,2026-05-14 19:27:53
ChdDSUhNMG9nS0VJQ0FnSUNIbGFyMmtRRRAB,Jessalyn Roberth,5,Yang mau cari tempat untuk acara makan bersama keluarga tempat ini paling recommended sih. Makanannya enak dan tempatnya luas🥰,setahun lalu,5,5,5,Saoenk Cobek Perintis,Google Maps,2026-05-14 19:27:53
ChZDSUhNMG9nS0VJQ0FnSUNIbFpxYmNREAE,Syahru Ramadhan,5,pohon palem,setahun lalu,5,5,5,Saoenk Cobek Perintis,Google Maps,2026-05-14 19:27:53
ChdDSUhNMG9nS0VJQ0FnSUNIbFpqaHdnRRAB,Bang Mardi,5,Pallumaranya,setahun lalu,5,5,5,Saoenk Cobek Perintis,Google Maps,2026-05-14 19:28:24
ChZDSUhNMG9nS0VJQ0FnSUNIbGNqOFVnEAE,Gika Purnama,5,Masak woku paling top,setahun lalu,5,5,5,Saoenk Cobek Perintis,Google Maps,2026-05-14 19:28:24
ChZDSUhNMG9nS0VJQ0FnSUNIbGJESWNREAE,Tetsuya aa,5,ikan parape no.1,setahun lalu,5,5,5,Saoenk Cobek Perintis,Google Maps,2026-05-14 19:28:24
ChdDSUhNMG9nS0VJQ0FnSUNIbFpET3F3RRAB,Risna 09,5,Layanan bintang 5,setahun lalu,5,5,5,Saoenk Cobek Perintis,Google Maps,2026-05-14 19:28:24
ChdDSUhNMG9nS0VJQ0FnSUNIbGNEX3lnRRAB,Muhammad Edhy,5,"Saos telur asinyaa wah enak bettul
Kepitingnyaa segar2 semua",setahun lalu,5,5,5,Saoenk Cobek Perintis,Google Maps,2026-05-14 19:28:24
ChZDSUhNMG9nS0VJQ0FnSUNINWRmQWNBEAE,Annisa nur Ramadhani,5,enak ki weh makananya disini apa lagi untuk keluarga terima kasih juga untuk pelayanya tadi baik ki weh,setahun lalu,5,5,5,Saoenk Cobek Perintis,Google Maps,2026-05-14 19:28:24
ChZDSUhNMG9nS0VJQ0FnSUNINWFmZFF3EAE,nunu syam.,5,parapenya enak,setahun lalu,5,5,5,Saoenk Cobek Perintis,Google Maps,2026-05-14 19:28:24
ChdDSUhNMG9nS0VJQ0FnSUNINVlmaXFRRRAB,Ilyan Ashary,5,Tempatnya oke rekomen,setahun lalu,5,5,5,Saoenk Cobek Perintis,Google Maps,2026-05-14 19:28:24
ChdDSUhNMG9nS0VJQ0FnSUNINVp1empnRRAB,Indra Vidya Januarita.R,5,Enak mentong ikan parepena,setahun lalu,5,5,5,Saoenk Cobek Perintis,Google Maps,2026-05-14 19:28:24
ChZDSUhNMG9nS0VJQ0FnSUNINWF1U05REAE,Megawati Mega,5,Makanannya enak sekali weh,setahun lalu,5,5,5,Saoenk Cobek Perintis,Google Maps,2026-05-14 19:28:24
ChZDSUhNMG9nS0VJQ0FnSUNIektuUlZ3EAE,Syamsul Bahri,5,,setahun lalu,,,,Saoenk Cobek Perintis,Google Maps,2026-05-14 19:28:50
ChdDSUhNMG9nS0VJQ0FnSUNIak91UTdBRRAB,Muh. Ikbal,5,,setahun lalu,5,5,5,Saoenk Cobek Perintis,Google Maps,2026-05-14 19:28:50
ChZDSUhNMG9nS0VJQ0FnSUM3bmJELVNBEAE,Fadillah Dwiputri,1,Pelayanan nya tidak baik!! Pelanggan merasa diusir! Tdk rekomendasi makan disini! Pergi ke tempat lain saja! Tdk 2x sy dtg kesini. Pdhl baru pertama kali kesini. Diberi kesan tdk baik!,setahun lalu,,,,Saoenk Cobek Perintis,Google Maps,2026-05-14 19:28:50
ChdDSUhNMG9nS0VJQ0FnSUNicnI2WXp3RRAB,Ajeng Kartini,3,,setahun lalu,3,4,3,Saoenk Cobek Perintis,Google Maps,2026-05-14 19:28:50
ChZDSUhNMG9nS0VJQ0FnSUNiNkxibkhREAE,Rezz,5,,setahun lalu,,,,Saoenk Cobek Perintis,Google Maps,2026-05-14 19:28:50
ChdDSUhNMG9nS0VJQ0FnSURyajRPaDdBRRAB,Puspayanti Andi,4,"Tempatnya cukup luas, bersih... Saya tuh klo ke rumah makan, yg pertama saya cek tuh toiletnya., dan disini keren bersih tertata lengkapndgn tisunya... Semoga pelayanan dan kualitas makanannya dipertahankan bahkan ditingkatkan terus yaaa... Akan kembali lg kesini utk acara keluarga berikutnya..",setahun lalu,4,4,4,Saoenk Cobek Perintis,Google Maps,2026-05-14 19:28:50
ChdDSUhNMG9nS0VJQ0FnSURyZy1EVnl3RRAB,busman mo,5,,setahun lalu,5,5,5,Saoenk Cobek Perintis,Google Maps,2026-05-14 19:28:50
ChZDSUhNMG9nS0VJQ0FnSURyMXBYbk9nEAE,Vera Madethen,5,,setahun lalu,5,5,5,Saoenk Cobek Perintis,Google Maps,2026-05-14 19:28:50
ChZDSUhNMG9nS0VJQ0FnSUNsOFo3X0V3EAE,Wahyu Furgani,3,Lamaaaa,Diedit setahun lalu,2,1,3,Saoenk Cobek Perintis,Google Maps,2026-05-14 19:28:50
ChdDSUhNMG9nS0VJQ0FnSURya3JyZi1nRRAB,M'fira Maulani Bebasa,4,"pelayanan ok, ambience ok",setahun lalu,4,4,4,Saoenk Cobek Perintis,Google Maps,2026-05-14 19:28:50
ChZDSUhNMG9nS0VJQ0FnSURyMkpqd0lBEAE,Aconk Nirwan,1,,setahun lalu,1,1,,Saoenk Cobek Perintis,Google Maps,2026-05-14 19:29:17
ChZDSUhNMG9nS0VJQ0FnSUNydF9LRUpBEAE,Andi Kamal,5,,setahun lalu,5,5,5,Saoenk Cobek Perintis,Google Maps,2026-05-14 19:29:17
ChdDSUhNMG9nS0VJQ0FnSUNyNWVtRTB3RRAB,AMR,1,pelayanan kurang baik tdk ada konfirmasi bila makanan kosong,setahun lalu,,1,,Saoenk Cobek Perintis,Google Maps,2026-05-14 19:29:17
ChdDSUhNMG9nS0VJQ0FnSUNydWMtRmlRRRAB,asya amelia,5,"Pertama kali nya datang ke Makassar karena ayah mertua sakit, 5 hari dsini sdh 3 resto yg saya kunjungi, dan saoenk cobek yg mengena di hati saya dan suami, iseng2 lihat di google restoran rekomended yang dekat dengan hotel, tapi lihat rating nya rendah, cuma dari suasana ko saya dan suami sreg, tgl 8 mlm kami putuskan makan mlm dsini, tenyata diluar dugaan, sangat memuaskan, ibu mertua dan ipar pun merasa puas, dan hari ini
Kami putus kan makan siang lagi di sini.
Untuk kami yang tinggal di pulau Jawa (Jakarta) saoenk cobek untuk keseluruhan sangat memuaskan, makanan nya cocok sekali dengan lidah kami, pelayanan nya ok, pegawai nya ramah, suasana nya saya sukaaa banget
Terimakasih saoenk cobek dan semua kru, sampai ketemu di lain kesempatan.",setahun lalu,5,5,5,Saoenk Cobek Perintis,Google Maps,2026-05-14 19:29:17
ChdDSUhNMG9nS0VJQ0FnSUNyN3Mzbjh3RRAB,Fadhliyah Muh. Yusuf,4,pertama kali,setahun lalu,,,,Saoenk Cobek Perintis,Google Maps,2026-05-14 19:29:17
ChdDSUhNMG9nS0VJQ0FnSUNyanIzTXhBRRAB,Khairul Gazali,3,"Rasa dan tekstur makanannya biasa saja.
Terutama menu ikan bakarnya yang rate nya lumayan mahal dengan kualitas yang biasa saja.",setahun lalu,3,4,4,Saoenk Cobek Perintis,Google Maps,2026-05-14 19:29:17
ChZDSUhNMG9nS0VJQ0FnSUNydG9DY0JREAE,Maya Itasari,5,"Udang saus padang enak dan porsinya lumayan banyak. Nasi goreng seafood enak toppingnya udang, cumi, odeng, dan telur.
Minuman aneka jus juga enak dan tdk pakai tambahan gula.
Ikan bakar jga enak.
Tempatnya juga nyaman dan bersih.
Ada toilet dan musholah.
Saran untuk musholah diperhatikan alat sholatnya spya disusun dan disimpan rapih.",setahun lalu,5,5,5,Saoenk Cobek Perintis,Google Maps,2026-05-14 19:29:17
ChZDSUhNMG9nS0VJQ0FnSUNyNU5UVFNBEAE,Andi Fathimah,5,"Makanan dan minumannya enak terus, pelayanan ramah dan ambience tempat cukup bagus.",setahun lalu,4,4,4,Saoenk Cobek Perintis,Google Maps,2026-05-14 19:29:17
ChdDSUhNMG9nS0VJQ0FnSUNMekpMQWhRRRAB,Agung Prawira,3,"Salah satu tempat makan yg ngasih suasana nyaman dan aesthetic buat ngumpul bareng keluarga,teman atau rekan kerja. Tapi kembali lagi ini kan tempat makan yak jdi makanan yang harus jadi main point' dsni. Untuk pelayanan nya cukup baik dan ramah, baru masuk di gerbang udah di datangi karyawan sambil bawa menu.

Suasanya nd usah di tanya lah ya liat saja sendiri. Ada wastafel yang proper di setiap spot

Pesan seafood (rasa seafoodnya fresh tpi hambar) tp sausnya ga bgtu nendang juga jdi biasa aja gtu dan sayur asem (tapi dominan rasa manisnya)",setahun lalu,3,4,5,Saoenk Cobek Perintis,Google Maps,2026-05-14 19:29:17
ChZDSUhNMG9nS0VJQ0FnSUR6OXY3WFJnEAE,M Fikri Haikal,5,,setahun lalu,,,,Saoenk Cobek Perintis,Google Maps,2026-05-14 19:29:17
ChdDSUhNMG9nS0VJQ0FnSUR6dXNyLWhRRRAB,Ulfah Syam,1,,setahun lalu,1,1,2,Saoenk Cobek Perintis,Google Maps,2026-05-14 19:29:45
ChdDSUhNMG9nS0VJQ0FnSUR6dXNxS2pRRRAB,Alip Gacorr77,1,Burukkkkk pelayanan jelekk,setahun lalu,1,1,1,Saoenk Cobek Perintis,Google Maps,2026-05-14 19:29:45
ChdDSUhNMG9nS0VJQ0FnSUR6aW82YnBBRRAB,Irvandy Saputra. s_TE D4_04,5,,setahun lalu,5,5,5,Saoenk Cobek Perintis,Google Maps,2026-05-14 19:29:45
ChZDSUhNMG9nS0VJQ0FnSUR6LUxHNENBEAE,Nadia Sugianti,5,"so far so good, kurang di sambelnya aja utk 4 porsi ayam bakar madu sambelnya dikit",setahun lalu,5,5,5,Saoenk Cobek Perintis,Google Maps,2026-05-14 19:29:45
ChdDSUhNMG9nS0VJQ0FnSUN6Z19pVHV3RRAB,rasman lahe,5,,setahun lalu,,,,Saoenk Cobek Perintis,Google Maps,2026-05-14 19:29:45
ChdDSUhNMG9nS0VJQ0FnSUN6N29idzJ3RRAB,DAYA INTI TEKNIK,3,"Rasanya oke,dr semua sea Food di makassar yg sy coba Harga ikan disini lumayan mahal untuk saung sejenis,harganya di taksir bukan di timbang jd yaa kira sj harganya,di tambah di ikan bacar cabe minta di tambahkan parape di ikannya kena cas 10 k,kebersihannya masih kurang,bau amis di lesehan terasa.semoga owner liat komplenan orang buat masukan",setahun lalu,3,3,3,Saoenk Cobek Perintis,Google Maps,2026-05-14 19:29:45
ChZDSUhNMG9nS0VJQ0FnSUN6c3VHd1hREAE,Eddy Tungadi,5,,setahun lalu,5,5,5,Saoenk Cobek Perintis,Google Maps,2026-05-14 19:29:45
ChdDSUhNMG9nS0VJQ0FnSURUaHBXdHZnRRAB,Orang Gaje,1,,setahun lalu,4,1,4,Saoenk Cobek Perintis,Google Maps,2026-05-14 19:29:45
ChZDSUhNMG9nS0VJQ0FnSURULU1DRmN3EAE,Yusril mahendra,4,,setahun lalu,4,4,4,Saoenk Cobek Perintis,Google Maps,2026-05-14 19:29:45
ChZDSUhNMG9nS0VJQ0FnSURUZ0ttX1pBEAE,Nur Hikmah,3,,setahun lalu,3,3,3,Saoenk Cobek Perintis,Google Maps,2026-05-14 19:29:45
ChdDSUhNMG9nS0VJQ0FnSUNUcTd5N253RRAB,Asyer Ammay,4,Makanan lumayanan enak. Tempat luas.,setahun lalu,4,4,5,Saoenk Cobek Perintis,Google Maps,2026-05-14 19:30:12
ChdDSUhNMG9nS0VJQ0FnSUNUZzVqSnhBRRAB,thox download,5,,setahun lalu,,,,Saoenk Cobek Perintis,Google Maps,2026-05-14 19:30:12
ChdDSUhNMG9nS0VJQ0FnSUNUbmQ3Uy1nRRAB,Syamsul Nur,5,Masyaallah tempat yang nyaman untuk pertemuan kelompok,setahun lalu,,,,Saoenk Cobek Perintis,Google Maps,2026-05-14 19:30:12
ChZDSUhNMG9nS0VJQ0FnSUNUc3ZTeEV3EAE,iwi,3,"makanannya lumayan, tapi yg bikin kaget risol mayo ternyata tidak seperti yg pada umumnya dijual di pasaran😭😭",Diedit setahun lalu,3,4,3,Saoenk Cobek Perintis,Google Maps,2026-05-14 19:30:12
ChZDSUhNMG9nS0VJQ0FnSUNUaGRxaUNREAE,nirmayasri datuan,5,,setahun lalu,,,,Saoenk Cobek Perintis,Google Maps,2026-05-14 19:30:12
ChdDSUhNMG9nS0VJQ0FnSUNUZ2JmeHRRRRAB,Baskara Putra,1,,setahun lalu,1,1,1,Saoenk Cobek Perintis,Google Maps,2026-05-14 19:30:12
ChZDSUhNMG9nS0VJQ0FnSUNUMFB1QlpREAE,Harsanda Julianingsi,5,Enak dan harga ok untuk sekelas resto saung ditengah kota..,2 tahun lalu,5,5,5,Saoenk Cobek Perintis,Google Maps,2026-05-14 19:30:12
ChZDSUhNMG9nS0VJQ0FnSUNUME51MEF3EAE,Chivani Nadia,5,"Bague, cocok untuk makan bersama keluarga",2 tahun lalu,5,5,5,Saoenk Cobek Perintis,Google Maps,2026-05-14 19:30:12
ChZDSUhNMG9nS0VJQ0FnSURqXy0zZEJREAE,Achmad Fajar,1,"Kakak saya menunggu lebih dari 1 jam dan ternyata list pesanan belum diantarkan ke dapur, tolong pelayanan yang harus diperhatikan, bukan hanya sekali ini saja. Saya sudah 3x datang tapi masih dengan masalah yang sama, LAMA!!! Dan waitersnya juga cuek dalam melayani. Tolong diperhatikan dan diperbaiki!!",2 tahun lalu,1,1,1,Saoenk Cobek Perintis,Google Maps,2026-05-14 19:30:12
ChdDSUhNMG9nS0VJQ0FnSURqXzZXV3d3RRAB,Jainuddin -,1,"Membuat teman menunggu sampai satu jam, yang dimana pesanan menu makanan tidak diserahkan ke dapur sehingga makanan tidak di proses
Karyawan cuek dan tidak peduli",2 tahun lalu,,,,Saoenk Cobek Perintis,Google Maps,2026-05-14 19:30:12
ChZDSUhNMG9nS0VJQ0FnSURqXy1uSlVnEAE,Andiirwandi 12,1,"Tabe lain kali janganki kasi menunggu 1 jam Andi Rizal dan keluarga kalau pesan makanan. Jangan sampai gara"" kita kasi menunggu beliau izin usahaTa d tutup atau tdk d prpanjang. Berikan pelayanan trbaik buat semua pengunjung🙏 …",2 tahun lalu,,,,Saoenk Cobek Perintis,Google Maps,2026-05-14 19:30:39
ChdDSUhNMG9nS0VJQ0FnSURqXzVIbzBRRRAB,Burhan Aulia,1,Pelayanan cuek dan tdk cekatan,2 tahun lalu,2,1,1,Saoenk Cobek Perintis,Google Maps,2026-05-14 19:30:39
ChdDSUhNMG9nS0VJQ0FnSURqXzY3bXBRRRAB,muhammad jufri,1,"Pelayanan tidak memuaskan, terlalu lama menunggu",2 tahun lalu,1,1,1,Saoenk Cobek Perintis,Google Maps,2026-05-14 19:30:39
ChdDSUhNMG9nS0VJQ0FnSURqXzlhbV9BRRAB,A. Rizal,1,"Pelayanan buruk 1,5 jam kami menunggu ternyata kami tidak dibuatkan makanan. Pihak manajemen harus memberhentikan pelayan yang tidak becus seperti itu.",2 tahun lalu,1,1,1,Saoenk Cobek Perintis,Google Maps,2026-05-14 19:30:39
ChdDSUhNMG9nS0VJQ0FnSURqXzVhYmdnRRAB,Azka Al Fattah,1,"BURUK!!! 1,5 JAM KAMI MENUNGGU TIDAK ADA PELAYANAN, ALASAN CATATAN MENU TIDAK DILIHAT, WHAT ? BUTA SEMUA PELAYANNYA ? NJIINGG!!! 😡😡😡😡😡",2 tahun lalu,1,1,1,Saoenk Cobek Perintis,Google Maps,2026-05-14 19:30:39
ChZDSUhNMG9nS0VJQ0FnSURqOEppQmFREAE,Kabaraa ',1,,2 tahun lalu,1,1,,Saoenk Cobek Perintis,Google Maps,2026-05-14 19:30:39
ChdDSUhNMG9nS0VJQ0FnSURqNEk3Ty1BRRAB,arfan Oktian,5,,2 tahun lalu,,,,Saoenk Cobek Perintis,Google Maps,2026-05-14 19:30:39
ChdDSUhNMG9nS0VJQ0FnSUNqbjVuaGtRRRAB,عارف مليوان l أحمد,5,,2 tahun lalu,5,5,5,Saoenk Cobek Perintis,Google Maps,2026-05-14 19:30:39
ChdDSUhNMG9nS0VJQ0FnSUNqZzdHcDZRRRAB,Erny Widyaningsih,5,"Makanan enak, pelayanan cepat. Tapi tolong diperhatikan kenyamanan customer, ada beberapa kucing liar ikut makan. Tidak semua orang nyaman dengan hal itu. Apalagi kucing2 tersebut dibawah meja. Kedepannya lebih diperhatikan",2 tahun lalu,5,5,5,Saoenk Cobek Perintis,Google Maps,2026-05-14 19:30:39
ChZDSUhNMG9nS0VJQ0FnSUNqbnBIU2ZREAE,By Afif,5,Mungkin karena terlalu ramai saat lebaran usai sehingga waktu tunggunya lama. Tapi tetap rela.menunggu.,2 tahun lalu,5,5,5,Saoenk Cobek Perintis,Google Maps,2026-05-14 19:30:39
ChZDSUhNMG9nS0VJQ0FnSUNqd3FqUkRnEAE,salman alfarizy,5,,2 tahun lalu,5,5,5,Saoenk Cobek Perintis,Google Maps,2026-05-14 19:31:09
ChZDSUhNMG9nS0VJQ0FnSUREbkl5WFh3EAE,INDRA MURSYIDAN AHMAD,5,,2 tahun lalu,5,5,5,Saoenk Cobek Perintis,Google Maps,2026-05-14 19:31:09
ChdDSUhNMG9nS0VJQ0FnSUNEejRERnJBRRAB,reza suliana,1,,2 tahun lalu,,,,Saoenk Cobek Perintis,Google Maps,2026-05-14 19:31:09
ChZDSUhNMG9nS0VJQ0FnSUNEb3JxaEh3EAE,Nunu Nunu,4,,2 tahun lalu,,,,Saoenk Cobek Perintis,Google Maps,2026-05-14 19:31:09
ChZDSUhNMG9nS0VJQ0FnSUNEck9tTFpREAE,Bung RD,4,Restonya Cukup lumayan untuk bersantap bersama teman,2 tahun lalu,4,4,4,Saoenk Cobek Perintis,Google Maps,2026-05-14 19:31:09
ChdDSUhNMG9nS0VJQ0FnSUQ5b2NiZTdBRRAB,muh ikhsan,5,,2 tahun lalu,,,,Saoenk Cobek Perintis,Google Maps,2026-05-14 19:31:09
ChdDSUhNMG9nS0VJQ0FnSUQ5Z2JYZmh3RRAB,Fahmi Aziz,5,"Makanan enak, suasana nyaman, mushola dekat. Cocok untuk ngumpul bersama keluarga",2 tahun lalu,5,5,5,Saoenk Cobek Perintis,Google Maps,2026-05-14 19:31:09
ChdDSUhNMG9nS0VJQ0FnSUNkMmF6eTNBRRAB,Vincentius Wahyu,1,"kalau dilihat dari Harga nya, makanan kurang rekomended.
rasanya sama seperti Kaki 5.

pelayanan sangat buruk, pelayan bilang mau catat dan ambil bulpen ditunggu 30 menit ga datang datang.
minta tambah kecap juga menunggu 15 menit.

Yang bagus hanya parkiran saja yang luas.
sisa",2 tahun lalu,1,1,1,Saoenk Cobek Perintis,Google Maps,2026-05-14 19:31:09
ChZDSUhNMG9nS0VJQ0FnSUNka0pfRGV3EAE,Muslimin Yunus Badaruzzaman,5,,2 tahun lalu,4,5,5,Saoenk Cobek Perintis,Google Maps,2026-05-14 19:31:09
ChdDSUhNMG9nS0VJQ0FnSUNkb05lMHhBRRAB,Yusdy Dwiasta,1,"Prasmanannya mengecewakan..
Harus perhatikan pesanan yang sdh di order
...",2 tahun lalu,2,1,2,Saoenk Cobek Perintis,Google Maps,2026-05-14 19:31:09
ChdDSUhNMG9nS0VJQ0FnSUR0ejl1RDJ3RRAB,fitrian sakinah,1,"Bad Service ever. Lama nunggu. Makanan tdk dtg"". Pelanggan keburu laper. Percuma besar klau kualitas 0",2 tahun lalu,,,,Saoenk Cobek Perintis,Google Maps,2026-05-14 19:31:40
ChdDSUhNMG9nS0VJQ0FnSUR0OTlQenBnRRAB,Yusuf Sangdes,5,Pertama kali kesini dan suasananya lumayan bagus. Cuma mungkin lebih bagus datang siang....krn klo malam suasananya lumayan remang2. Makanan dan pelayanan mantap.,2 tahun lalu,5,5,5,Saoenk Cobek Perintis,Google Maps,2026-05-14 19:31:40
ChZDSUhNMG9nS0VJQ0FnSUR0OTlXMkJREAE,dzaka Tiar,5,,2 tahun lalu,5,5,5,Saoenk Cobek Perintis,Google Maps,2026-05-14 19:31:40
ChZDSUhNMG9nS0VJQ0FnSUR0LTk3N1pREAE,Muhammad Hamzah,5,Lokasi strategis tepi jalan. Harga terjangkau.,2 tahun lalu,5,5,5,Saoenk Cobek Perintis,Google Maps,2026-05-14 19:31:40
ChZDSUhNMG9nS0VJQ0FnSUN0dExqUEZnEAE,sarce galla datuan,5,,2 tahun lalu,,,,Saoenk Cobek Perintis,Google Maps,2026-05-14 19:31:40
ChZDSUhNMG9nS0VJQ0FnSUROd1pfTU5nEAE,Aina Nur Aprida,5,,2 tahun lalu,5,5,5,Saoenk Cobek Perintis,Google Maps,2026-05-14 19:31:40
ChdDSUhNMG9nS0VJQ0FnSUROM01IeG53RRAB,Firmansyah Fier,1,"Restoran Terburuk yg ada di Makassar.. Orang makan d Restoran itu siap merogoh kocek mahal2 demi kepuasan rasa... Ini rasanya sdh tidak enak, ikannya sdh tua tdk segar, harga tdk sesuai dgn rasa.. Gak mau lg makan disini..",2 tahun lalu,1,2,4,Saoenk Cobek Perintis,Google Maps,2026-05-14 19:31:40
ChdDSUhNMG9nS0VJQ0FnSUNOb1pPQ3RBRRAB,Heri Suyono,5,,2 tahun lalu,5,4,5,Saoenk Cobek Perintis,Google Maps,2026-05-14 19:31:40
ChdDSUhNMG9nS0VJQ0FnSUNOdHFLRHJBRRAB,Eka Mahcmud,3,Makanan nya ada yg kemanisan dan ada yg keasinan.. masih butuh racikan yg tepat utk menu2nya,2 tahun lalu,3,5,5,Saoenk Cobek Perintis,Google Maps,2026-05-14 19:31:40
ChZDSUhNMG9nS0VJQ0FnSUNOMk1lY0RnEAE,alwi takagawa,5,,2 tahun lalu,5,4,5,Saoenk Cobek Perintis,Google Maps,2026-05-14 19:31:40
ChdDSUhNMG9nS0VJQ0FnSUQxX3FlNXFRRRAB,murty rahayu,1,"Udang masih ada kotoranya , anyep.  Sambelnya basi .
Perlu ditingkatkan rasa makananya .",2 tahun lalu,1,4,5,Saoenk Cobek Perintis,Google Maps,2026-05-14 19:32:10
ChZDSUhNMG9nS0VJQ0FnSUQxNHRfaWJREAE,Andy Fairuz Zuraida Eva,5,,2 tahun lalu,5,4,5,Saoenk Cobek Perintis,Google Maps,2026-05-14 19:32:10
ChdDSUhNMG9nS0VJQ0FnSUQxLUs2cjlRRRAB,Nur Ainun Resky,1,Cukup pertama dan trakhir tdk sesuai ekspektasi yg trllu tinggi makax penasaran tp smpai mkan di sini beda rasa dan harga. Msih perlu di perbaiki apalg nasi goreng sifut dan cumi asam manis sma kepiting saus padang. Kolam kotor dan bau amis skali👎,2 tahun lalu,2,2,1,Saoenk Cobek Perintis,Google Maps,2026-05-14 19:32:10
ChZDSUhNMG9nS0VJQ0FnSUMxczVtcUx3EAE,Must Van Jank,5,Tempat makan gazebo,2 tahun lalu,5,5,5,Saoenk Cobek Perintis,Google Maps,2026-05-14 19:32:10
ChZDSUhNMG9nS0VJQ0FnSUMxazVlcEV3EAE,novi depi,3,LambTtt,2 tahun lalu,,2,,Saoenk Cobek Perintis,Google Maps,2026-05-14 19:32:10
ChdDSUhNMG9nS0VJQ0FnSUMxbll5YjRRRRAB,sofian wahyudy,3,Kurang gercep pelayanan nya dan fasilitas kurang lengkap,2 tahun lalu,3,3,3,Saoenk Cobek Perintis,Google Maps,2026-05-14 19:32:10
ChZDSUhNMG9nS0VJQ0FnSUMxLWREZ1BBEAE,Dewi Utari,3,"Toiletx tdk bersih, makan tidak sesuai harga",2 tahun lalu,2,2,3,Saoenk Cobek Perintis,Google Maps,2026-05-14 19:32:10
ChZDSUhNMG9nS0VJQ0FnSUMxdWYtbFBBEAE,Rusdi Sulaiman84,1,Terlalu lama menunggu & menu nya banyak kosong.sudah 1 jam lebih makanan belum datang2.,2 tahun lalu,,,,Saoenk Cobek Perintis,Google Maps,2026-05-14 19:32:10
ChdDSUhNMG9nS0VJQ0FnSUMxMGRhdWdBRRAB,Indra Chay,5,"Tempat makan dengan gazebo dan kolam, akan lebih baik jika kolam lebih bersih dan lebih teduh lagi.",2 tahun lalu,5,4,4,Saoenk Cobek Perintis,Google Maps,2026-05-14 19:32:10
ChZDSUhNMG9nS0VJQ0FnSUMxa1p1bUlnEAE,Angga Aulia himawan,1,"marketing elit pelayanan sulit. yang sudah kelaparan jgn coba2 kesini, mending cari tempat lain. nunggu makanan datang satu jam lebih",2 tahun lalu,2,1,,Saoenk Cobek Perintis,Google Maps,2026-05-14 19:32:10
ChdDSUhNMG9nS0VJQ0FnSUMxa2VuV29nRRAB,Aulia C Cahyani,1,"Tolong tambah dan training karyawan. 25 menit menunggu baru bisa pesan makan. Karyawan lewat cuma bilang “tunggu” tp tidak ada yang bersihkan meja kita yg bekas pelanggan sebelumnya. Benar2 pengalaman yg mengecewakan, pelanggan saung kiri kanan juga mengeluh. Tdk akan ke sini lagi",2 tahun lalu,1,1,1,Saoenk Cobek Perintis,Google Maps,2026-05-14 19:32:40
ChZDSUhNMG9nS0VJQ0FnSUMxZ3JlYUZ3EAE,Muhammad Yusril Jalil,1,Makanan yg di sajikan makan sudah dingin mungkin di goreng/bakar pas sore tapi di sajikan pas malam dengan harga yg lumyan mahal dengan makanan seperti itu tdk recommend 👎🏻,2 tahun lalu,2,2,1,Saoenk Cobek Perintis,Google Maps,2026-05-14 19:32:40
ChZDSUhNMG9nS0VJQ0FnSUMxM1BpbWJREAE,Mulyadi,3,"Awalnya punya ekspektasi tinggi dengan resto baru ini, ternyata pas masuk liat saung2 yang kosong ga ada yang bersih, listrik sering padam mungkin krn dayanya ga kuat.
Pesan makanan, banyak yang sudah tdk ada, katanya soldout. Setelah makanan datang malah bukan yang dipesan. Karena kasian sm pegawainya dan saat itu kami sedang lapar, jadi kami Terima saja. Selain itu pesanan juga lama baru ready. Untuk rasa, biasa saja untuk harga yg dipatok per porsi.
Kolam yg di bawah saung, asli kotor banget, untung abis makan baru liat kolamnya, klo ga mungkin ga jadi makan.",2 tahun lalu,3,2,2,Saoenk Cobek Perintis,Google Maps,2026-05-14 19:32:40
ChZDSUhNMG9nS0VJQ0FnSUMxM0xEbGRREAE,ファイェです,1,"resto overrated, nunggu piring aja lamaaa banget. makanan b aja, view juga b aja",2 tahun lalu,2,1,1,Saoenk Cobek Perintis,Google Maps,2026-05-14 19:32:40
ChdDSUhNMG9nS0VJQ0FnSUMxblB1a3J3RRAB,Nayyara Malihah Takwa,1,"Sangat tidak recommended, baru kali ini merasakan sangat amat kecewa dengan pelayanan di tempat makan. Makanannya sangat lama baru disajikan. Kami datang 8 orang, hanya dikasih 4 piring, minta pun tidak dikasih2 (disuruhki makan sepuring berdua😅), konsumen samping meja kami juga kurang piringnya. Kami pesan makanan yg tidak pedas sama sekali, yg datang ikan bakar rica, ikan masak yg super pedas (sdh keliling makassar makan, baru kali ini dapat yg sepedas itu). Trus kata pelayannya, nda request yah, padahal jelas2 dia yg catat. Begitu memang disini ikan masaknya, padahal wkt pesan di bilang, lomboknya dia pisah. Astagfirullah tidak tau apa maksud dan tujuannya. Kami akhirnya kembalikan makanannya itu dan kami bayar walaupun tidak dimakan. Tolong pemilik baca ini dan perhatikan semua karyawannya, tambah juga piringnya, atau kalau perlu tulis di depan, bawa piring sendiri. Saya rasa ada yg tdk beres di tempat makan ini. Karena cek percek, teman2 ada ternyata yg sdh mengalami hal yg hampir mirip dengan kami.",2 tahun lalu,1,1,1,Saoenk Cobek Perintis,Google Maps,2026-05-14 19:32:40
ChdDSUhNMG9nS0VJQ0FnSUMxOEppTzB3RRAB,Muhammad Takwa,1,"Tempat makan paling buruk, makanan 2jam tak kunjung datang, datang tidak sesuai dengan pesanan minta diganti ternyata nunggunya berjam2 lagi, yg mau makan 8 orang dikasi piringnya 4 biji minta tambahan juga tak kunjung datang. 🤭",2 tahun lalu,,1,,Saoenk Cobek Perintis,Google Maps,2026-05-14 19:32:40
ChZDSUhNMG9nS0VJQ0FnSUMxd0kzVmFnEAE,Ita Novia Novita,5,"Pelayanannya bagus, makanannya juga lumayan, untuk hrg relatif murah, 1 ikan ukuran M bisa share 3-5 org (tapi lupa d foto)",2 tahun lalu,5,5,5,Saoenk Cobek Perintis,Google Maps,2026-05-14 19:32:40
ChdDSUhNMG9nS0VJQ0FnSURWMzdENnR3RRAB,Basri Mocasaress,4,"Lokasi RM Saung Cobek sangat strategis, berada di jalan perintis kemerdekaan, tepat didepan gedung Livin Plaza atau sejajar dengan Kampus STMIK Dipanegara.

Layanan reservasi yg responsif sangat membantu dalam mendapatkan kejelasan status pemesanan, available atau sudah penuh.

Lahan parkir yang sangat luas dan rapih pengaturannya menunjukkan bahwa rumah makan ini sudah memiliki segment tertentu.

Jumlah gazebo yg terbilang cukup untuk acara reunian, sehingga sesuai untuk event yang dapat menjalin keakraban.

Selain fasilitas gazebo, terdapat 2 ruang VIP yang sangat sesuai untuk acara-acara briefing manajemen perusahaan, briefing pengurus Asosiasi, maupun acara manasik umrah.

Selain dari pada itu, terdapat 2 mushollah terpisah buat pria dan perempuan.

Pada sisi belakang, terdapat taman kecil yang sangat cocok buat anak-anak bermain mau swafoto",2 tahun lalu,4,5,4,Saoenk Cobek Perintis,Google Maps,2026-05-14 19:32:40
ChdDSUhNMG9nS0VJQ0FnSURWLV9tTXpBRRAB,Dzulas15,1,"Tidak bagus
Pelayanan lama",2 tahun lalu,2,2,3,Saoenk Cobek Perintis,Google Maps,2026-05-14 19:32:40
ChdDSUhNMG9nS0VJQ0FnSURWdTRQSDNBRRAB,Ghazaly Mustafa,4,,2 tahun lalu,4,3,4,Saoenk Cobek Perintis,Google Maps,2026-05-14 19:32:40
ChZDSUhNMG9nS0VJQ0FnSURWcTc3TUdBEAE,Nana S,5,"Senang sekali menemukan tempat makan baru ini. Suasananya tropis, makanan yang kami coba semuanya lezat dengan harga terjangkau, dan minumannya (jus markisa) adalah favorit kami!

Kepiting lada hitam, udang bakar polos, cumi goreng tepung!

Kami juga mencoba pallumara (sup ikan kunyit dan asam jawa tradisional). Enak banget!

Pelayanannya sangat baik dan bersih, tempat parkirnya sangat luas.

Sangat direkomendasikan!",2 tahun lalu,5,5,5,Saoenk Cobek Perintis,Google Maps,2026-05-14 19:33:14
ChZDSUhNMG9nS0VJQ0FnSURWbGRHVVpBEAE,Iktam TV,5,"Tempat makan yang nyaman dan enak bersama keluarga, Semoga tambah sukses dan berkah.

Saran : Kalau bisa suara musiknya jangan terlalu keras.",2 tahun lalu,5,5,5,Saoenk Cobek Perintis,Google Maps,2026-05-14 19:33:14
ChdDSUhNMG9nS0VJQ0FnSURWNnFXRzFnRRAB,Yohan Alvin,5,Menu enak enak tawwa,2 tahun lalu,5,5,5,Saoenk Cobek Perintis,Google Maps,2026-05-14 19:33:14
ChZDSUhNMG9nS0VJQ0FnSUNWcUs2MGZnEAE,Burhanuddin Bur,5,Makan sepuas nya,2 tahun lalu,5,5,5,Saoenk Cobek Perintis,Google Maps,2026-05-14 19:33:14
ChdDSUhNMG9nS0VJQ0FnSURsZ2YtZm5BRRAB,MT Tawaf,5,"Tempat yang bagus untuk makan bersama keluarga, makanan enak dan cepat, tempat parkit luas..",Diedit 2 tahun lalu,5,5,5,Saoenk Cobek Perintis,Google Maps,2026-05-14 19:33:14
ChZDSUhNMG9nS0VJQ0FnSURsalpIVFJ3EAE,Frizzz FF,1,"PELAYANAN SANGAT LAMA, MAKANAN YANG DIPESAN SANGAT AMAT LAMA SAMPAI",2 tahun lalu,2,,3,Saoenk Cobek Perintis,Google Maps,2026-05-14 19:33:14
ChZDSUhNMG9nS0VJQ0FnSURsaWMtSE53EAE,Ismail Ruswandi,1,Waduh kecewa makan disna Katanya saonk cobek.. pesan ikan baronang parape tdk ada sma sekali racak mangga atau lombok disediakan tisunya habis... makan satu keluarga bayar 1.3...  pesanan lama diantar..,2 tahun lalu,1,1,1,Saoenk Cobek Perintis,Google Maps,2026-05-14 19:33:14
ChdDSUhNMG9nS0VJQ0FnSURsb0liV3ZBRRAB,Dalu Kebo,1,"Bintang 1 tidak ramah, Pelayanan tidak ramah, Makanan hambar. Gazebonya kurang enak.",2 tahun lalu,1,1,1,Saoenk Cobek Perintis,Google Maps,2026-05-14 19:33:14
ChdDSUhNMG9nS0VJQ0FnSURsb09yRWlBRRAB,Wahyu Sayup,1,"Servicenya jelek, pelayanan slow respon, makanan kurang rekomended. Pelayanan kurang memuaskan. Harga elit layanan sulit",2 tahun lalu,1,1,1,Saoenk Cobek Perintis,Google Maps,2026-05-14 19:33:14
ChdDSUhNMG9nS0VJQ0FnSUNscDRlZmdRRRAB,MUHAMMAD TAYYIB,1,"Tempat nyaman, hanya saja pelayananya  tidak fokus, nuggu piring saja sangat lama udah pencet bel respon lama,  pembuka cangkang kepiting ngk di bawakan  , nasinya juga keras kurang matang, pas mau bayar dinota ada tambahan 2 gelas es teh padahal hanya pesan 1 gelas,  pelayanannya harus di perbaiki lagi",2 tahun lalu,3,1,4,Saoenk Cobek Perintis,Google Maps,2026-05-14 19:33:14
ChdDSUhNMG9nS0VJQ0FnSUNseV9tNzB3RRAB,Heriyanto Sugandi,4,"Tempat nya enak, adem. Saung2 gtu.. Cocok buat santai, hanya saja untuk makanan standart ya",2 tahun lalu,3,4,4,Saoenk Cobek Perintis,Google Maps,2026-05-14 19:33:48
ChZDSUhNMG9nS0VJQ0FnSUNseTlqX05nEAE,Emat Sulaemat,5,Enak2 menunya,2 tahun lalu,5,5,5,Saoenk Cobek Perintis,Google Maps,2026-05-14 19:33:48
ChZDSUhNMG9nS0VJQ0FnSUNsMDRfMFh3EAE,ametiq ami idham,1,"Management pelayanan yg buruk, harus dievaluasi ulang. Jumlah pelayan tidak sebanding dengan tamu yang datang. Kami harus menunggu lama u/ makan. lauk dan piring sudah ada tapi nasinya kami harus menunggu sekitar 10menit. Malah ada tetangga meja meninggal resto karna nasi tdk kunjung dihidangkan dan meja sebelah lagi malah lgsg ke bagian dapur u/ menanyakan nasi belum kluar",2 tahun lalu,,1,,Saoenk Cobek Perintis,Google Maps,2026-05-14 19:33:48
ChZDSUhNMG9nS0VJQ0FnSUNsMC0zWkJBEAE,Ibra 76,1,"Makanannya standar,Layannya lama,Suasananya indah tapi diikannya/dipiringnya ada ulat putih.",2 tahun lalu,1,1,2,Saoenk Cobek Perintis,Google Maps,2026-05-14 19:33:48
ChdDSUhNMG9nS0VJQ0FnSUNsdmFMd25nRRAB,afni oktav,5,"Tempatnya nyaman, makanan enak, dan adminnya responsif.

Sangat rekomendasi untuk kumpul keluarga dan acara2 lainnya.",2 tahun lalu,5,5,5,Saoenk Cobek Perintis,Google Maps,2026-05-14 19:33:48
ChZDSUhNMG9nS0VJQ0FnSUNscGJtV0xnEAE,Abdul Rahman,5,Enak makanannya pelayanan cepat dan bagus suasananya 😊🙊😁,2 tahun lalu,5,5,5,Saoenk Cobek Perintis,Google Maps,2026-05-14 19:33:48
ChZDSUhNMG9nS0VJQ0FnSUNsNFphNldnEAE,Hasan Soleh,5,"Gasibu-gasibu ada lesehan.
Kalo siang panas..",2 tahun lalu,4,3,4,Saoenk Cobek Perintis,Google Maps,2026-05-14 19:33:48
ChdDSUhNMG9nS0VJQ0FnSUNsb2M2b3hBRRAB,FADILLAH RAHAYU SANTOSO,5,"Terakhir datang 3 hari yang lalu pelayanannya masih butuh perbaikan, tapi hari ini datang untuk makan siang lagi betul betul puas, pelayanannya sudah bagus dan ada perbaikan , sudah lebih cepat, menunya enak, mantao pokoknya 👍",2 tahun lalu,5,5,5,Saoenk Cobek Perintis,Google Maps,2026-05-14 19:33:48
ChZDSUhNMG9nS0VJQ0FnSUNsb2ZxalJ3EAE,Jumiati 0911,5,"makanan enakk, parkiran luas, pelayanannya sudah mulai teratur dari terakhir saya datang 2 hari yang lalu, mantap resto yg bisa mendengar masukan dari customer 🙌",2 tahun lalu,5,5,5,Saoenk Cobek Perintis,Google Maps,2026-05-14 19:33:48
ChdDSUhNMG9nS0VJQ0FnSUNsd1pXdnhnRRAB,Siti Zulhaika,5,Paling rekomendasi ini saung memang,2 tahun lalu,5,5,5,Saoenk Cobek Perintis,Google Maps,2026-05-14 19:33:48
ChdDSUhNMG9nS0VJQ0FnSUNsd1pXNGlRRRAB,Al Mir,5,Asli mantap bngat makann dan minumanya... Dan tempatnya bagus,2 tahun lalu,5,5,5,Saoenk Cobek Perintis,Google Maps,2026-05-14 19:34:21
ChZDSUhNMG9nS0VJQ0FnSUNsd1lHSFZnEAE,Qadar Rahmat,5,"Tempatnya bagus, recommended. Rasa makanannya mantap2 semua👍🏻👍🏻👍🏻",2 tahun lalu,5,5,5,Saoenk Cobek Perintis,Google Maps,2026-05-14 19:34:21
ChZDSUhNMG9nS0VJQ0FnSUNsdm9UU1BBEAE,Imran Imran,1,"Tempat makan paling tidak rekomended..Pelayanan kacau, makanan",2 tahun lalu,1,1,2,Saoenk Cobek Perintis,Google Maps,2026-05-14 19:34:21
ChdDSUhNMG9nS0VJQ0FnSUNsM3JDYjF3RRAB,Acho Alhi,5,Sangat baik,2 tahun lalu,,5,5,Saoenk Cobek Perintis,Google Maps,2026-05-14 19:34:21
ChdDSUhNMG9nS0VJQ0FnSUNsM3NDeDdBRRAB,Nur Indahpuspyta,5,"Ikan bakar rica parape juara, Udang telur asin jg enak sekali.
Suasananya nyaman, pelayanan ditingkatkan lagi, tp semua sudah bagus.",2 tahun lalu,5,4,5,Saoenk Cobek Perintis,Google Maps,2026-05-14 19:34:21
ChZDSUhNMG9nS0VJQ0FnSUNsbnRXNGN3EAE,Muhammad Safaat,5,Sangat memuaskan ikan parapenya,2 tahun lalu,5,5,5,Saoenk Cobek Perintis,Google Maps,2026-05-14 19:34:21
ChZDSUhNMG9nS0VJQ0FnSUNsbnVXbUVnEAE,Thomas Thomas,5,ikan bakarnya mantap👍🙏,2 tahun lalu,5,5,5,Saoenk Cobek Perintis,Google Maps,2026-05-14 19:34:21
ChdDSUhNMG9nS0VJQ0FnSUNsbnVXd2l3RRAB,Edo Brody,5,ikan bakarnya mantap,2 tahun lalu,5,5,5,Saoenk Cobek Perintis,Google Maps,2026-05-14 19:34:21
ChdDSUhNMG9nS0VJQ0FnSUNsbnNYZnFBRRAB,Muh. Ali Al-Khumais,5,ini mi yang na cari orang mkssar,2 tahun lalu,5,5,5,Saoenk Cobek Perintis,Google Maps,2026-05-14 19:34:21
ChZDSUhNMG9nS0VJQ0FnSUNsbnNXQ2VnEAE,Yusri Al Qausar,5,Palekkonya enak,2 tahun lalu,5,5,5,Saoenk Cobek Perintis,Google Maps,2026-05-14 19:34:21
ChdDSUhNMG9nS0VJQ0FnSUNsbnNYWXhRRRAB,Rahma Yanti,5,"Suasana nyaman,penyajiannya cepat cocok untuk makan bersama kluarga gasebonya banyak dan tmpat parkirnya luas, harga terjangkau , pelayanannya Rama smua, dan untuk rasa makanan nya sngt enk, ttp dipertahankan ya:))",2 tahun lalu,5,5,5,Saoenk Cobek Perintis,Google Maps,2026-05-14 19:34:54
ChdDSUhNMG9nS0VJQ0FnSUNsbnRuWS13RRAB,Rafika Kinanti,5,Makanan sangat enak apa lagi palekkonya,2 tahun lalu,5,5,5,Saoenk Cobek Perintis,Google Maps,2026-05-14 19:34:54
ChdDSUhNMG9nS0VJQ0FnSUNsbnBuRi1RRRAB,"Ibrahim Alla Alla,",5,"Makanannya enak,cocok untuk makan keluarga,pelayanannya di tingkatkan lagi",2 tahun lalu,5,5,5,Saoenk Cobek Perintis,Google Maps,2026-05-14 19:34:54
ChZDSUhNMG9nS0VJQ0FnSUNsbnVtMUZnEAE,Rahmad Winandar,5,"Parkiran luas, makanan enak, mushollah dua, dan puas dengan pelayanannya",2 tahun lalu,,,,Saoenk Cobek Perintis,Google Maps,2026-05-14 19:34:54
ChdDSUhNMG9nS0VJQ0FnSUNsbnVuOTlnRRAB,Mursidin banditia,5,Mantap,2 tahun lalu,,,,Saoenk Cobek Perintis,Google Maps,2026-05-14 19:34:54
ChZDSUhNMG9nS0VJQ0FnSUNsbnZIV2V3EAE,Herawati Binti Arifuddin,5,Wahh recomend banget sih buat yang suka makan seafood... Parkirannya juga luas :),2 tahun lalu,5,5,5,Saoenk Cobek Perintis,Google Maps,2026-05-14 19:34:54
ChZDSUhNMG9nS0VJQ0FnSUNsbnJILWVBEAE,Nursyafika Fitri,5,,2 tahun lalu,,,,Saoenk Cobek Perintis,Google Maps,2026-05-14 19:34:54
ChdDSUhNMG9nS0VJQ0FnSUNsbnJINmhRRRAB,Fitri Adriyanti,5,"Suasananya nyaman, makanannya enak apalagi udang telur asinnya, saran tingkatkan pelayanannya, recomend banget 👏🏻",2 tahun lalu,5,5,5,Saoenk Cobek Perintis,Google Maps,2026-05-14 19:34:54
ChZDSUhNMG9nS0VJQ0FnSUNsbnVxTklBEAE,Icchank Joko,5,"Makanan rekomendasi, tempat nyaman",2 tahun lalu,5,5,5,Saoenk Cobek Perintis,Google Maps,2026-05-14 19:34:54
ChdDSUhNMG9nS0VJQ0FnSUNsN3AzbXZ3RRAB,Widya Ningsih,5,Makanannya enak dan tempatnya jg sangat bersih dan pelayanannya sangat baik dan pelayannya ramah,2 tahun lalu,5,5,5,Saoenk Cobek Perintis,Google Maps,2026-05-14 19:34:54
ChdDSUhNMG9nS0VJQ0FnSUNsN3MzMnZnRRAB,Suci Trii,5,"Tinggal tunggu ikannya di kolam, pasti makin cantik makan di gazebo di atas kolam",2 tahun lalu,4,3,5,Saoenk Cobek Perintis,Google Maps,2026-05-14 19:35:27
ChdDSUhNMG9nS0VJQ0FnSUNsN3ZYanZnRRAB,Nur Afni Warham,5,"Suasana sore harinya bagus banget
Makanannya not bad, sesuai dengan lidah ku.
Mungkin krna masih baru, jadi masih nunggu makanannya datang semua",2 tahun lalu,4,3,5,Saoenk Cobek Perintis,Google Maps,2026-05-14 19:35:27
ChdDSUhNMG9nS0VJQ0FnSUNsN3BXRXFRRRAB,Eko Hariyanto Saputro,5,Pelayanannya masih butuh perbaikan,2 tahun lalu,5,4,5,Saoenk Cobek Perintis,Google Maps,2026-05-14 19:35:27
ChZDSUhNMG9nS0VJQ0FnSUNsN3VYb0R3EAE,Fitrianti Hanifa,5,Sangat enak makanannya,2 tahun lalu,5,5,5,Saoenk Cobek Perintis,Google Maps,2026-05-14 19:35:27
ChZDSUhNMG9nS0VJQ0FnSUNsN3FYek93EAE,Sudar Saweria,5,Makanan dan tempat tinggal memuaskan.semoga makin maju sukses kedepanya,2 tahun lalu,5,5,5,Saoenk Cobek Perintis,Google Maps,2026-05-14 19:35:27
ChZDSUhNMG9nS0VJQ0FnSUNsN3FXZ05REAE,Muhammad Taufik,5,Pelayanan memuaskan,2 tahun lalu,5,1,5,Saoenk Cobek Perintis,Google Maps,2026-05-14 19:35:27
ChdDSUhNMG9nS0VJQ0FnSUNsN29XQzR3RRAB,Andi Rivaldi,5,Gazebo banyak parkir luas makanan rekomendasi,2 tahun lalu,5,5,5,Saoenk Cobek Perintis,Google Maps,2026-05-14 19:35:27
ChdDSUhNMG9nS0VJQ0FnSUNsN3Zta2dBRRAB,Ana Adriana,5,"Sangat nyaman makan bersama keluarga, gasebonya bnyak dan parkirannya sangat luas, makanannya enak dan pelayanannya sangat mantapp",2 tahun lalu,5,5,5,Saoenk Cobek Perintis,Google Maps,2026-05-14 19:35:27
ChdDSUhNMG9nS0VJQ0FnSUNsN3RtanNBRRAB,Dinda Januari Putri Hexada,5,"suasananya sangat nyaman, makanannya juga enak enak, tempatnya luas cocok untuk rame-rame",2 tahun lalu,5,5,5,Saoenk Cobek Perintis,Google Maps,2026-05-14 19:35:27
ChZDSUhNMG9nS0VJQ0FnSUNsN3JuNGJ3EAE,Asrul Asrul,5,tidak ada resto se enak ini di makassar,2 tahun lalu,5,5,5,Saoenk Cobek Perintis,Google Maps,2026-05-14 19:35:27
ChZDSUhNMG9nS0VJQ0FnSUNsN3RtQ0pREAE,Alwi Alwing,5,Sangat memuaskan apalagi soal pelayanan,2 tahun lalu,5,5,5,Saoenk Cobek Perintis,Google Maps,2026-05-14 19:36:01
ChdDSUhNMG9nS0VJQ0FnSUNsN3FuamdRRRAB,Abdul Rahman,5,"Good banget
Rekomen",2 tahun lalu,5,5,5,Saoenk Cobek Perintis,Google Maps,2026-05-14 19:36:01
ChdDSUhNMG9nS0VJQ0FnSUNsN3FtZDh3RRAB,Kian Wahab,5,hmm lumayan soal makanannya rasanya mantap banget. palagi gazebonya banyak ditambh parkirannya luas.pelayanannya ramah. rekomendid sekali..klo bisa pelayanannya di tingkatkan lagi di tambah karyawannya. biar tdk lambat.,2 tahun lalu,5,5,5,Saoenk Cobek Perintis,Google Maps,2026-05-14 19:36:01
ChZDSUhNMG9nS0VJQ0FnSUNsN3NuRVNREAE,Reza Ramadhan,5,Makanannya enak,2 tahun lalu,,,,Saoenk Cobek Perintis,Google Maps,2026-05-14 19:36:01
ChZDSUhNMG9nS0VJQ0FnSUNsN29tRk5REAE,Irfani Fhani,5,"Suasananya sangat nyaman,pelayanannya ramah",2 tahun lalu,5,5,5,Saoenk Cobek Perintis,Google Maps,2026-05-14 19:36:01
ChdDSUhNMG9nS0VJQ0FnSUNsN29ud21RRRAB,Sari Devi,5,"Saya sangat tertarik dengan suasananya enak banget untuk kumpul FAMILY dan teman2 makanannya enak semua nuansanya juga indah ,pelayanannya juga luar biasa pokoknya akan sering2 makan2 disitu",2 tahun lalu,5,5,5,Saoenk Cobek Perintis,Google Maps,2026-05-14 19:36:01
ChdDSUhNMG9nS0VJQ0FnSUNsN3A2MDBnRRAB,sugi hartono,5,Makanan enak. Tolong di sediakan tempat bermain anak...,2 tahun lalu,5,5,5,Saoenk Cobek Perintis,Google Maps,2026-05-14 19:36:01
ChZDSUhNMG9nS0VJQ0FnSUNsanVmVUx3EAE,ijahakun 10,5,"Tempatnya aestetik menu2nya sangat banyak , tapi pelayanannya lebih ditingkatkan yaa",2 tahun lalu,5,5,5,Saoenk Cobek Perintis,Google Maps,2026-05-14 19:36:01
ChZDSUhNMG9nS0VJQ0FnSUNsam8yamZ3EAE,nurhaeni amir,5,Menu enak & tempatnya luas .. 👍👍👍,2 tahun lalu,5,5,5,Saoenk Cobek Perintis,Google Maps,2026-05-14 19:36:01
ChdDSUhNMG9nS0VJQ0FnSUNsanJYYzh3RRAB,Dinaru putri,1,"makannya dtg luamaaaaaaaaa,ndk rekomended, bxk yg komplain smpe mrh2🫣",2 tahun lalu,1,1,1,Saoenk Cobek Perintis,Google Maps,2026-05-14 19:36:01
ChZDSUhNMG9nS0VJQ0FnSUNsam9qUk5nEAE,Anisatun Humayrah,3,Pelayanannya lama sekali. Nunggu sejam lebih makanan blm dtg. Setelah 3x di komplain baru d follow up itupun masih lama sekali.,2 tahun lalu,3,1,3,Saoenk Cobek Perintis,Google Maps,2026-05-14 19:36:34
ChZDSUhNMG9nS0VJQ0FnSUNsOXJxMExBEAE,Andi Asdiana Ekasari,2,"Tidak recommended. Datang sore hari banyak hidangan di menu yang kosong, lama makanannya datang, pegawai tidak berseragam sehingga susah dibedakan dengan pengunjung.",2 tahun lalu,1,2,2,Saoenk Cobek Perintis,Google Maps,2026-05-14 19:36:34
ChZDSUhNMG9nS0VJQ0FnSUNsOXF5bWJnEAE,nur eliana,1,Pelayanannya sangat lambat ... Bisa sampai 2 jam ...... Lebih baik pulang,2 tahun lalu,,1,,Saoenk Cobek Perintis,Google Maps,2026-05-14 19:36:34
ChZDSUhNMG9nS0VJQ0FnSUNsdG9xd0xREAE,Muh Izazs Kelas 5A1,3,Masih butuh perbaikan pelayanan...jangan karna restonya baru buka jadi harus di maklumi kalo pelayanannya belum maksimal...bagaimana mau datang kembali kalo dari awal kesannya tidak memuaskan...,2 tahun lalu,3,1,4,Saoenk Cobek Perintis,Google Maps,2026-05-14 19:36:34
ChZDSUhNMG9nS0VJQ0FnSUNscG9yUEZ3EAE,Misel Julianta Putra,1,"Manajemennya masih kurang bagus.. gazebo belum ada nomornya jadi saat bayar kasirnya bingung cari pesanannya pelanggan yang mau bayar jadi lama dan menumpuk di kasir.. pelayannya dan bagian dapurnya teriak"" urus pesanan.. pelayannya susah di bedakan dengan pelanggan karena ga ada penanda atau baju seragam pada pelayan.. makanannya juga biasa aja, ikannya sudah tidak segar dan amis..",2 tahun lalu,2,1,3,Saoenk Cobek Perintis,Google Maps,2026-05-14 19:36:34
ChdDSUhNMG9nS0VJQ0FnSUNsMnA3S2d3RRAB,Aryu Nita A,1,"Pelayanannya ribet, sudah tunggu makanan lama baru dikonfirmasi kalau menunya kosong, jadinya harus cari ganti menu trus menunggu lagi. Belum lagi orderan yg nda tercatat.",2 tahun lalu,,1,,Saoenk Cobek Perintis,Google Maps,2026-05-14 19:36:34
ChZDSUhNMG9nS0VJQ0FnSUNsbXYtNlhREAE,Muhammad Haerul Aziz,1,Pelayanan lama dan ribet,2 tahun lalu,1,1,1,Saoenk Cobek Perintis,Google Maps,2026-05-14 19:36:34
ChdDSUhNMG9nS0VJQ0FnSURGdi0yajJBRRAB,Mr SLim,1,"tiga hari lalu sy makan siang makanannya enak, tp hari ini sy makan malam ternyata dengan pesanan jenis ikan yg sama tp koq rasax sdh tidak segar lagi, setelah d komplain pelayananx cmn blang mw d panasi atau mw ditambah sambal ricanya pak.",Diedit 2 tahun lalu,1,1,1,Saoenk Cobek Perintis,Google Maps,2026-05-14 19:36:34
ChZDSUhNMG9nS0VJQ0FnSUNsOUlTTEJnEAE,zuhriyani ishak,3,"Parkiran luas, petugas parkir ramah. Gazebonya byk dan lega. Ada mushola dan toilet yg terpisah laki laki dan perempuan. Fasilitas ok

Masukan, saran dan kritik membangun akan sgt berharga utk kelangsungan sebuah usaha/bisnis. Teruslah meningkatkan segala hal. InsyaAllah bertahan.",2 tahun lalu,,,,Saoenk Cobek Perintis,Google Maps,2026-05-14 19:36:34
ChdDSUhNMG9nS0VJQ0FnSUNsMVBUYTR3RRAB,COSMO LAND,5,,2 tahun lalu,5,5,5,Saoenk Cobek Perintis,Google Maps,2026-05-14 19:36:34
ChdDSUhNMG9nS0VJQ0FnSURGazRYSnVBRRAB,andi hafizul,5,,2 tahun lalu,5,5,5,Saoenk Cobek Perintis,Google Maps,2026-05-14 19:37:07
ChZDSUhNMG9nS0VJQ0FnSURGazd5YWVREAE,Rina Rahmah,5,,2 tahun lalu,5,5,5,Saoenk Cobek Perintis,Google Maps,2026-05-14 19:37:07
ChZDSUhNMG9nS0VJQ0FnSURwdmU3WVlnEAE,Inyol Tau,4,,2 tahun lalu,,,,Saoenk Cobek Perintis,Google Maps,2026-05-14 19:37:07
