review_id,nama_pengguna,rating,komentar,tanggal,rating_makanan,rating_layanan,rating_suasana,cabang,platform,tanggal_scraping
Ci9DQUlRQUNvZENodHljRjlvT25aR1VVZDBOelIyVEVaV1VsQjNkVkpYUzJKMFJVRRAB,ummu Muhammad,1,"saya datang bersama keluarga di jam 7 , banyak menu yang sudah tidak ready apalagi seperti nasi dan mie goreng bahkan sampai telur dadar pun katanya tidak bisa, jadi kami pesan ayam bakar saja dan datang dalam keadaan dingin sekali, nasi juga dingin, lombok rasanya sudah aneh, tolong diperbaiki lagi, sangat tidak pantas rumah makan apalagi sekelas saoenk cobek mengeluarkan makanan yang dingin ke customer, apalagi untuk ayam bakar sepertinya tidak dibakar hanga di oles bumbu saja entah karyawan lagi mager atau bagaimana padahal baru jam 7 dan waktu tutup masih 3 jam lagi dan kondisinya juga tidak begitu ramai",seminggu lalu,1,3,3,Saoenk Cobek Bone,Google Maps,2026-06-09 16:30:09
Ci9DQUlRQUNvZENodHljRjlvT25KTlQzY3dUbWRDVVhrd1QyVk9jMEV4TWs1UFYwRRAB,CV.Aryenata Utama,1,Es buah basi,seminggu lalu,2,5,4,Saoenk Cobek Bone,Google Maps,2026-06-09 16:30:09
Ci9DQUlRQUNvZENodHljRjlvT2pWclpsTjRWMGcxTldkWVRYQkxPV1JOZFRNeVNHYxAB,Dian Wardasari,5,,3 minggu lalu,5,5,5,Saoenk Cobek Bone,Google Maps,2026-06-09 16:30:09
Ci9DQUlRQUNvZENodHljRjlvT2kxYVdFRkpTbEZmV1hWSk1XSjFZa2RYYmpoV1ZXYxAB,Fitri Hendra,4,,sebulan lalu,4,5,4,Saoenk Cobek Bone,Google Maps,2026-06-09 16:30:09
Ci9DQUlRQUNvZENodHljRjlvT2xacVEyZDJURGMwWmxGVk5rSlNSeTEzY1ZGNFdIYxAB,Nur Yetti,5,,sebulan lalu,,,,Saoenk Cobek Bone,Google Maps,2026-06-09 16:30:09
Ci9DQUlRQUNvZENodHljRjlvT210bGRVaHNZVFpWZFdKd1ZVeEVUVEZQU2xkS1IxRRAB,Adeng,5,Tempatnya sangat nyaman dan makanannya enak 'Fadia,2 bulan lalu,,5,5,Saoenk Cobek Bone,Google Maps,2026-06-09 16:30:09
Ci9DQUlRQUNvZENodHljRjlvT21VeVoxbGpRelZMVDI1dWFVRnBabGR0YkRseFkyYxAB,Nur Alam,2,,Diedit 2 bulan lalu,1,1,1,Saoenk Cobek Bone,Google Maps,2026-06-09 16:30:09
Ci9DQUlRQUNvZENodHljRjlvT25KblMzaEhRVkZxTUhZeFJqTmhNMjVEVlRCM2IxRRAB,"MUH. ANSHARI, S.Pd.",1,"Pelayanan zonk... Pesan 3 porsi yang keluar hanya 1 porsi... Sangat tidak rekomendasi... Maaf untuk bintang 1 nya, semoga ke depan bisa lebih baik lagi...
Saya tunggu dari magrib sampai hampir masuk waktu isya",2 bulan lalu,3,1,5,Saoenk Cobek Bone,Google Maps,2026-06-09 16:30:09
Ci9DQUlRQUNvZENodHljRjlvT2w5dk16Wm9RWHBVZVdObWFGQXhXbWwzT1drM1FYYxAB,Nur Amaliah,5,Bagus,2 bulan lalu,4,5,5,Saoenk Cobek Bone,Google Maps,2026-06-09 16:30:09
Ci9DQUlRQUNvZENodHljRjlvT2xkRVdWRkZVWFp4VmxWdWIxODFUbkJyTTJsc1FrRRAB,Risky Aditiya,5,Tempat nya nyaman suasana adem dan nyaman pelayanan nya sopan dan santun Andi whyne,2 bulan lalu,5,5,5,Saoenk Cobek Bone,Google Maps,2026-06-09 16:30:09
Ci9DQUlRQUNvZENodHljRjlvT25oeVdpMURXVWgwU0RkaU1uVnhWMUJoY1ZkMFFtYxAB,Syakti Basri,5,keren banget pelayanannya andiwhyne ramah dan sopan,2 bulan lalu,5,5,5,Saoenk Cobek Bone,Google Maps,2026-06-09 16:30:30
Ci9DQUlRQUNvZENodHljRjlvT204MWJXNVRSSFpOVlUxYVRXMWZUWFJNV0ZsS2EyYxAB,01. A. Rosmawati,5,Pelayanannya baik (fajrin) dan makanannya enak,2 bulan lalu,5,5,5,Saoenk Cobek Bone,Google Maps,2026-06-09 16:30:30
Ci9DQUlRQUNvZENodHljRjlvT2toWlQxVjBPVzlrWldGbVNUaHNRM0UyWjFKdWVWRRAB,Beet fi Sangar,5,"Pelayanan ramah,makanannya recomendid(Thanks kak tyara)",2 bulan lalu,5,5,5,Saoenk Cobek Bone,Google Maps,2026-06-09 16:30:30
Ci9DQUlRQUNvZENodHljRjlvT25wWk1WWnlOak0yWDE5cGQxRk1ibEEwWVc1MGEwRRAB,nuralya nazifa,5,makanannya enak puas temptnya nyaman pelayanannya baik ramah(Risma),2 bulan lalu,5,5,5,Saoenk Cobek Bone,Google Maps,2026-06-09 16:30:30
Ci9DQUlRQUNvZENodHljRjlvT21sSUxXMW1OVFphVVRSMk1FUnZWRUUzYWxOM2MyYxAB,NOVIANTI NOVIANTI,4,Pelayanan wina,2 bulan lalu,4,4,4,Saoenk Cobek Bone,Google Maps,2026-06-09 16:30:30
Ci9DQUlRQUNvZENodHljRjlvT2kxV2NYWkJka1p1TVc5VFRtWkRaRkZsZEdFMFRuYxAB,Hasna,5,"pelayanan bagus, makanan enak
(fajri)",2 bulan lalu,5,5,5,Saoenk Cobek Bone,Google Maps,2026-06-09 16:30:30
Ci9DQUlRQUNvZENodHljRjlvT2xwSlRqbFFWMFJXY1dRNFZuTk9ZWHBYU0hoYVNuYxAB,Nur EliA,5,Pelayanan ramah wina,2 bulan lalu,5,5,5,Saoenk Cobek Bone,Google Maps,2026-06-09 16:30:30
Ci9DQUlRQUNvZENodHljRjlvT2pKak5YWnJRMHB1ZFhJelFuSk1Vazl2UmxCT04wRRAB,2 dan 3,5,Makanannya enak viewnya jga tenang dan sejukpelayananya jga gercep (Fajrin),2 bulan lalu,5,5,5,Saoenk Cobek Bone,Google Maps,2026-06-09 16:30:30
Ci9DQUlRQUNvZENodHljRjlvT21STVFuVnFkbnB5Y1hONFEzVkdVVXR5ZGxkU1RYYxAB,SALSABILA RAMADANI,5,"nyaman,tidak panas karna ada kipas,tempatnya asri(pelayanan tiara)",2 bulan lalu,5,5,5,Saoenk Cobek Bone,Google Maps,2026-06-09 16:30:30
Ci9DQUlRQUNvZENodHljRjlvT2xjNVYwZ3hSMnc0ZEdRMlpWWk1RMmd5Y0dWYVFVRRAB,Selamat Riady,5,Enak makananya dn mantap krna suasananya bagus dn tenang,2 bulan lalu,1,5,5,Saoenk Cobek Bone,Google Maps,2026-06-09 16:30:30
Ci9DQUlRQUNvZENodHljRjlvT2tjeVMwZDFUVGxWV25CaVVuaEZWVjkwTVVKUk5XYxAB,Pung Semma,1,Admin nya malas bls cht,2 bulan lalu,,1,,Saoenk Cobek Bone,Google Maps,2026-06-09 16:30:50
Ci9DQUlRQUNvZENodHljRjlvT2psVlNHMW9aRzFGUlZSSU1qVnNkRWxYZVVKdGVsRRAB,Yustika Ramadhani,5,"Pelayanan oleh kak fadiah sangat baik dan ramah, makanan sangt rekomen, dan suasananya sangat tenang",2 bulan lalu,5,5,5,Saoenk Cobek Bone,Google Maps,2026-06-09 16:30:50
Ci9DQUlRQUNvZENodHljRjlvT2paNldrSjZhVUZhUkRrelRraDRUekZLY25GVmJsRRAB,Muh.agfar Saputra,5,Tempatnya bagus makananya enak pelayanan gerep dan ramah(Risma),2 bulan lalu,5,5,5,Saoenk Cobek Bone,Google Maps,2026-06-09 16:30:50
Ci9DQUlRQUNvZENodHljRjlvT2pCV1QyczNlbGczVUZWM2JXSTBjSGN0TkhOa09YYxAB,Ahmad nur rahman,5,Nama pelayan wina,2 bulan lalu,5,5,5,Saoenk Cobek Bone,Google Maps,2026-06-09 16:30:50
Ci9DQUlRQUNvZENodHljRjlvT2xaRGVtNXNPR1ZQVlhjM1pHSTNRM0ZCYVZnd2ExRRAB,Subhan Wtp,1,"makanan B aja,
tdk recommend kesini,
makan di tempat makan berdiri mq sja, nanti di tagih bayar tambahan kalau duduk.
makanan G lengkap",2 bulan lalu,1,1,1,Saoenk Cobek Bone,Google Maps,2026-06-09 16:30:50
Ci9DQUlRQUNvZENodHljRjlvT2xsaVdWZHJOMHRYWWtWMVZtbExOa2hRTFRFME5sRRAB,syam suryani,5,pelayananx bagus (fadia),2 bulan lalu,5,5,5,Saoenk Cobek Bone,Google Maps,2026-06-09 16:30:50
Ci9DQUlRQUNvZENodHljRjlvT2s5MFZHbHNPWHBQVFZGbmNsaFBRUzFyY21oWVRtYxAB,Em Amin Saputra,5,Rekomendasi tempat berbuka puasa sangat memuaskan pilihan menunya yang banyak dan segar,2 bulan lalu,5,5,5,Saoenk Cobek Bone,Google Maps,2026-06-09 16:30:50
Ci9DQUlRQUNvZENodHljRjlvT2pGMFdsOVRibHAxVlZWc1JVVmxNWGh6TXpKU0xYYxAB,aswidah Tauhid,5,Tempat yg nyaman untuk menikmati waktu luang dengan keluarga.( Risma) pelayanan yg prima,2 bulan lalu,5,5,5,Saoenk Cobek Bone,Google Maps,2026-06-09 16:30:50
Ci9DQUlRQUNvZENodHljRjlvT2tkRWQxZFVZek14TUhoa2VqaHBiVXBtYUhSeVlrRRAB,farlina Santi,5,"Suasananya suka krn adem
Makanan enakkk
Sesuai dengan harapan

Anisa",2 bulan lalu,5,5,5,Saoenk Cobek Bone,Google Maps,2026-06-09 16:30:50
Ci9DQUlRQUNvZENodHljRjlvT2xWdVJWWkxNSEkzT1VabFFYSk1SR1UzTFZCSk1sRRAB,Umar Hunaing,5,"Suasananya sejuk, makanannya enak dan gurih

Kak Nisa",2 bulan lalu,5,5,5,Saoenk Cobek Bone,Google Maps,2026-06-09 16:30:50
Ci9DQUlRQUNvZENodHljRjlvT2pSWVpWQjFTRTR6YkhaeGRVSldWbXBaTVZGVFVXYxAB,Evi Ariska,5,Tmptnya nyaman dan pelayanannya cepat plus sma dengn witersnya ramah ramah ( risma),2 bulan lalu,5,5,5,Saoenk Cobek Bone,Google Maps,2026-06-09 16:31:11
Ci9DQUlRQUNvZENodHljRjlvT2psUVpIZHVWRmxGVTNkSldYWkdSVFIyUVdoWFZrRRAB,Nur Esa,5,"Rasa makannya enak
Pelayananya ramah
Suasananya nyaman
(Fajrin)",2 bulan lalu,5,5,5,Saoenk Cobek Bone,Google Maps,2026-06-09 16:31:11
Ci9DQUlRQUNvZENodHljRjlvT25BekxVMHliV1JuUW5OdWRVOURTR2M1ZDJ0ZmNXYxAB,Ihdal Husnawati,5,mantapp (pelayanan tiara),2 bulan lalu,5,5,5,Saoenk Cobek Bone,Google Maps,2026-06-09 16:31:11
Ci9DQUlRQUNvZENodHljRjlvT2xOVFEwdGFiVEJKVlZvMlRrNVZjbVZSYkVWQ1pHYxAB,Anjas Mara,5,Pelayanan bagus nisa,2 bulan lalu,5,5,5,Saoenk Cobek Bone,Google Maps,2026-06-09 16:31:11
Ci9DQUlRQUNvZENodHljRjlvT2xaTmFVTm9PVWRSYzJ0cGJqSk9ha1IwWVVSYVFVRRAB,asri alfiann,5,pelayanan bagus Fadia,2 bulan lalu,5,5,5,Saoenk Cobek Bone,Google Maps,2026-06-09 16:31:11
Ci9DQUlRQUNvZENodHljRjlvT25WM01XUjRjRmhZVldKMFZUTkxUV0ZTWmtOTVlXYxAB,Amalsad 11,5,"Pelayanan yang baik,tempat nyaman(Tiaraaa)",2 bulan lalu,5,5,5,Saoenk Cobek Bone,Google Maps,2026-06-09 16:31:11
Ci9DQUlRQUNvZENodHljRjlvT21zd1dsQlRUV0ZpZWw5dVZIUllSSHBwUVVnMVJIYxAB,Fandi ii,5,PELAYANAN BAGUS WINA,2 bulan lalu,5,5,5,Saoenk Cobek Bone,Google Maps,2026-06-09 16:31:11
Ci9DQUlRQUNvZENodHljRjlvT2pKcFRGRXRNbGszZEhZMlgweEpZbTlVVEhkWFZrRRAB,wiraratu Wiraratu,5,"Memuaskan, suasana stetik

Anisa",3 bulan lalu,5,5,5,Saoenk Cobek Bone,Google Maps,2026-06-09 16:31:11
Ci9DQUlRQUNvZENodHljRjlvT2s5Rk5XSXhPVVpHUkU4dGJWRkxOVk5TYVd3NGVGRRAB,Ansal Reza,5,"Bgus pelyanax susanax jga bgus

Anisa",3 bulan lalu,5,5,5,Saoenk Cobek Bone,Google Maps,2026-06-09 16:31:11
Ci9DQUlRQUNvZENodHljRjlvT2xaSExYbFVOalZEYVhkNE1rNU5WRVJUTjNSeWQyYxAB,Yesi Saputri,5,Makanannya enak tempatnya bgus pelayanannya ramah bagus (Risma),3 bulan lalu,5,5,5,Saoenk Cobek Bone,Google Maps,2026-06-09 16:31:11
Ci9DQUlRQUNvZENodHljRjlvT2xWc1NESnhUM1ZQVUd4NlRVZHpRbTFvTm5oUlIyYxAB,Revanya Zaskia Meiliana,5,Pelayanan wina sangat baik dan ramah,3 bulan lalu,5,5,5,Saoenk Cobek Bone,Google Maps,2026-06-09 16:31:31
Ci9DQUlRQUNvZENodHljRjlvT2preVdHNXFNRTB6TTFOSGNXUnhiRXhVTWpKTlozYxAB,Sri Raodha,5,Makanan mantap suasananya sejuk dan bersih dan pelayanannya gercep (Fajrin),3 bulan lalu,5,5,5,Saoenk Cobek Bone,Google Maps,2026-06-09 16:31:31
Ci9DQUlRQUNvZENodHljRjlvT2tOV1ZUWlZkV1JGTkhoeVlYUXhkMlZ5Vmw5WGEwRRAB,Beeku My Youtube Channel,5,"Makannya enak, pelayanan ramah dan cepat, suasananya adem. Makanannya semua enak enak. Dilayani sama Fadyah. 😍❤️",3 bulan lalu,5,5,5,Saoenk Cobek Bone,Google Maps,2026-06-09 16:31:31
Ci9DQUlRQUNvZENodHljRjlvT2tSTU56UTJXRlpQUW1wUWRXTTFMVzl6UW1SNmJFRRAB,Muzdalifah Jidin,5,enakk ( pelayan tiaara),3 bulan lalu,5,5,5,Saoenk Cobek Bone,Google Maps,2026-06-09 16:31:31
Ci9DQUlRQUNvZENodHljRjlvT2tOQ1ZISjRZeTFxVW01T2N6SlBja2x2VjBWbVMxRRAB,solowajo,1,,3 bulan lalu,3,1,4,Saoenk Cobek Bone,Google Maps,2026-06-09 16:31:31
Ci9DQUlRQUNvZENodHljRjlvT2xkSFVsVlJNR0pGTm01NlZUVk1TVkpQYjFKRFlYYxAB,Amel 11,5,"Makanan enak, pelayanan ramah, (Risma)",4 bulan lalu,5,5,5,Saoenk Cobek Bone,Google Maps,2026-06-09 16:31:31
Ci9DQUlRQUNvZENodHljRjlvT2pobmNXMXVNbFpNTTNnMFREUnlPRGw2Ukd0dWIzYxAB,surie anhy,5,"Makanan enak
Pelayanan baik risma
Suasana nyaman",4 bulan lalu,5,5,5,Saoenk Cobek Bone,Google Maps,2026-06-09 16:31:31
Ci9DQUlRQUNvZENodHljRjlvT2pOTllXUmpWbGhqZWtkUVdFY3pUMloxZVZSQ09FRRAB,Ifand Salam,5,Kk Wina pelayannnya ramah,4 bulan lalu,5,5,5,Saoenk Cobek Bone,Google Maps,2026-06-09 16:31:31
Ci9DQUlRQUNvZENodHljRjlvT2trd2VsUk1TbGxQU2sxM2RqUm1Za1JMTjFSbGFVRRAB,Herman Hrn,5,Mantap kk wina service ke custmernya,4 bulan lalu,5,5,5,Saoenk Cobek Bone,Google Maps,2026-06-09 16:31:31
Ci9DQUlRQUNvZENodHljRjlvT25Wb2FsSjFUV1JZV1UwNVdFdEZRVXhrYVdOdGVFRRAB,Lusi Herdema,5,"Bagus ,makanan nya enak ada yang pedas dll suasananya enak (tyara)",4 bulan lalu,5,5,5,Saoenk Cobek Bone,Google Maps,2026-06-09 16:31:31
Ci9DQUlRQUNvZENodHljRjlvT21SYU1pMVlTSFZDUWtReVpXRnllRlZFTVhGbmJIYxAB,Bila Bila,5,"tempatnya bagus,adem, makananya juga enak"",cocok banget makan bersama keluarga,pelayanannya pun ramah,makasih kak anisa",4 bulan lalu,5,5,5,Saoenk Cobek Bone,Google Maps,2026-06-09 16:31:51
Ci9DQUlRQUNvZENodHljRjlvT2s1RU5WTXhNell0UjNJeWNWQkxiRE0zYURoVVVIYxAB,Eksanti,5,"Makanannya enak, tempat nyaman dan bersih(pelayanan tiara)",4 bulan lalu,5,5,5,Saoenk Cobek Bone,Google Maps,2026-06-09 16:31:51
Ci9DQUlRQUNvZENodHljRjlvT2pWRGNqbGpaVGxRYXpsWk4zZE9NbXRSYVdGM2RsRRAB,dhani pradigyoo,3,Menunya banyak kosong,5 bulan lalu,,,,Saoenk Cobek Bone,Google Maps,2026-06-09 16:31:51
Ci9DQUlRQUNvZENodHljRjlvT2xoUFMwZHFjVmxuWTFCWVVHb3dialZ3WVd4c1ozYxAB,fatimah imma,5,"Sangat Rekomendasi Tempat Super Nyaman Bersih dan Indah. Tentunya Sangat Tenang dan Nyaman Makan di sini. Di tambah makanannya yang sangat enak bikin nagih. Rasanya pas dan porsinya pas. Enak sekali pokoknya. Dan Hal terpenting pelayanannya sangat baik, ramah dan murah senyum (Pelayan Tiara)",5 bulan lalu,5,5,5,Saoenk Cobek Bone,Google Maps,2026-06-09 16:31:51
Ci9DQUlRQUNvZENodHljRjlvT2w4MFdGcFRURVV0VjI0eGJVOXNRVTFrVVU1U1kxRRAB,adriansyah_026,5,Pelayanan nya bagus dan rasa makanan nya sangat rekomended the beasttt,5 bulan lalu,5,5,5,Saoenk Cobek Bone,Google Maps,2026-06-09 16:31:51
Ci9DQUlRQUNvZENodHljRjlvT21sbWFEaE9SVTlDUWtab2FUVm5iVmxNYVdGUllWRRAB,Nur Khaliza,5,Pelayanannya baik,5 bulan lalu,5,5,5,Saoenk Cobek Bone,Google Maps,2026-06-09 16:31:51
Ci9DQUlRQUNvZENodHljRjlvT20xa1NGOVhVa2M1Y20wNVpHRkpNMGRpUlc5dlkwRRAB,Nurul Keyla,5,,5 bulan lalu,5,5,5,Saoenk Cobek Bone,Google Maps,2026-06-09 16:31:51
Ci9DQUlRQUNvZENodHljRjlvT2xwWFJrYzRUbWxhV0RZeWFucDNiRUpYZDIwdGFGRRAB,Dude Agus,5,Tempatnya nyaman suasananya bagus pelayanannya Risma ramah cpt👌,5 bulan lalu,5,5,5,Saoenk Cobek Bone,Google Maps,2026-06-09 16:31:51
Ci9DQUlRQUNvZENodHljRjlvT21Kb1pYVTRXR1JxTkUxemFqTldkVlpYTkRJM1luYxAB,R.J.F,5,Milikku,5 bulan lalu,5,5,5,Saoenk Cobek Bone,Google Maps,2026-06-09 16:31:51
Ci9DQUlRQUNvZENodHljRjlvT2xGb1IzZzVjSFZCWTFSWldrNUlWR0ZJY0cxNGNrRRAB,Ramda,5,"Saya sangat puas makan di sini, makanan ya enak, tempatnya bersih, adem. Dan pelayanannya sangat baik.",5 bulan lalu,5,5,5,Saoenk Cobek Bone,Google Maps,2026-06-09 16:31:51
Ci9DQUlRQUNvZENodHljRjlvT2sxNlVIaFlXREF6ZG1oaU5tbGFZemRPU0VWbmJVRRAB,Nur Fatwa,5,"Makanannya enak and lezat, suasananya pun tenang

Anisa",5 bulan lalu,4,4,5,Saoenk Cobek Bone,Google Maps,2026-06-09 16:32:12
Ci9DQUlRQUNvZENodHljRjlvT2pscmN6QnJNa2RQWDJ3d1l6RkxkME51TjFReldYYxAB,kaisya zakilah,5,,5 bulan lalu,,,,Saoenk Cobek Bone,Google Maps,2026-06-09 16:32:12
Ci9DQUlRQUNvZENodHljRjlvT2xweE1FZzBaekZyY0V4WlZYaExUa0Z3WHpGS05GRRAB,nensir black,5,Daging domba pelayan,5 bulan lalu,5,5,5,Saoenk Cobek Bone,Google Maps,2026-06-09 16:32:12
Ci9DQUlRQUNvZENodHljRjlvT2pBNE4wVk5OR1V0Ym1SeU1FVnlOWGcyYkRFeE0xRRAB,Ancha Yatim,5,Pelayanan ramah whyne,5 bulan lalu,5,5,5,Saoenk Cobek Bone,Google Maps,2026-06-09 16:32:12
Ci9DQUlRQUNvZENodHljRjlvT2s1eU5VSm1NWFJxTFRGNWQwb3hlRGRvTldkTU5HYxAB,Anjani Nessa,5,"tempaynya bersih,dan makanannya mantapp🤤🤤bakalan balik lagii siihh😻😻🫶🏻🫶🏻🫶🏻🫶🏻",5 bulan lalu,5,5,5,Saoenk Cobek Bone,Google Maps,2026-06-09 16:32:12
Ci9DQUlRQUNvZENodHljRjlvT2pSVFNYTXdWMVJ2VmpWeFNEVklVM2x6VUZWNlFYYxAB,Amirah Malkab,5,"Tempatnya nyaman dan luas, serta pemandangan kolam ikan yang indah. Pelayanannya bagus serta makanan cepat datang sehingga tidak perlu menunggu lama.(Risma)",5 bulan lalu,5,5,5,Saoenk Cobek Bone,Google Maps,2026-06-09 16:32:12
Ci9DQUlRQUNvZENodHljRjlvT25nMlFsUTNMVXRWYWpCcVUwVXROMU5HVFZOSGVXYxAB,dhifa qurrota,5,"Makanan enak dengan harga terjangkau, pelayanan ramah dan suasana enak

Anisa",5 bulan lalu,5,5,5,Saoenk Cobek Bone,Google Maps,2026-06-09 16:32:12
Ci9DQUlRQUNvZENodHljRjlvT2xKWlprTTVkRzVEZFVacVNYRllPVEJVUms1WGFIYxAB,Gpb Wirdi,5,"Tempat nya cukup wortip, pelananya sangat ramah, dan makanannya sangat enak(Fajrin).",6 bulan lalu,5,5,5,Saoenk Cobek Bone,Google Maps,2026-06-09 16:32:12
Ci9DQUlRQUNvZENodHljRjlvT2pGbVNHeGtTbTl2YVROT04ydFVZVTFoTkdkSU1YYxAB,Ella 88,5,"tempat ini sangat nyaman, cocok untuk keluarga dan rombongan teman"".
pelayanan mba Wina jg sangat memuaskan",6 bulan lalu,5,5,5,Saoenk Cobek Bone,Google Maps,2026-06-09 16:32:12
Ci9DQUlRQUNvZENodHljRjlvT2s4NVFtVkJNRlZCVFVWeWFFdERXSEF4WkVKUGJYYxAB,Ike Dwiyanti,5,"makanannya enak dan porsinya banyak, tempatnya nyamann ... pelayanannya juga bagusss.. next pasti makan disini lagi",6 bulan lalu,5,5,5,Saoenk Cobek Bone,Google Maps,2026-06-09 16:32:12
Ci9DQUlRQUNvZENodHljRjlvT21wZldWWXlRV1ZHVkdOekxXNUpjR1p3TTNZM2EzYxAB,Anas 25,5,"Makannanya enak
Suasana menyenangakn
Pelayanan baik (wina)",6 bulan lalu,5,5,5,Saoenk Cobek Bone,Google Maps,2026-06-09 16:32:32
Ci9DQUlRQUNvZENodHljRjlvT25CUFUwUkRiRnBUTkd4b1JETTVNbkJQTVZkRVRIYxAB,hijriah mustafa,5,Makanannya enak palekkonya mantanp pelayanannya bagus ramah  (Risma)👌,6 bulan lalu,5,5,5,Saoenk Cobek Bone,Google Maps,2026-06-09 16:32:32
Ci9DQUlRQUNvZENodHljRjlvT21aYWJEbFFaMmhQVHpsM05GSTBUR001UlUxWGRVRRAB,waty rahmawati sutanto,5,"Makyus
Pelayanan Mantap Trims risna",6 bulan lalu,5,5,5,Saoenk Cobek Bone,Google Maps,2026-06-09 16:32:32
Ci9DQUlRQUNvZENodHljRjlvT2xWRmNGcGpMVXBHVmtkeVoyaG9ZV0oxTkc5clZYYxAB,Iqbal Saputra,5,"Pelayan : Wina

Mantap mentong makanannya",6 bulan lalu,5,5,5,Saoenk Cobek Bone,Google Maps,2026-06-09 16:32:32
Ci9DQUlRQUNvZENodHljRjlvT25KMFNYSTRNWGxxZDNoT1ZtTTBNa3BJUTFSS2RsRRAB,Ayu Permatasari,5,Pelayanan ramah wine,6 bulan lalu,5,5,5,Saoenk Cobek Bone,Google Maps,2026-06-09 16:32:32
Ci9DQUlRQUNvZENodHljRjlvT2pGa1dWZFRZa1JOUkhGdVNXbEtVRmRRVlVNMmJYYxAB,Asdar Asdar,5,"Tempat yg nyaman untuk bersantai, hidangan makanan yg enak DAN MEMUASKAN dan murah dan pelayanan yg luar biasa mantap (FAJRIN)",6 bulan lalu,5,5,5,Saoenk Cobek Bone,Google Maps,2026-06-09 16:32:32
Ci9DQUlRQUNvZENodHljRjlvT21KSldVTnpNRGQ2WVVsR1YzSmpRMTlyY210blJVRRAB,adindaasdina putri,5,"tempat ini sangat bagus dan memuaskan pelayanan nya sangat baik dan ramah
kak rismaa",6 bulan lalu,5,5,5,Saoenk Cobek Bone,Google Maps,2026-06-09 16:32:32
Ci9DQUlRQUNvZENodHljRjlvT2xCWVVIQm9VazFQV20wNE4waHFVSGhGYWxoalZsRRAB,Mba Feby,5,"Tempatnya nyaman. Makanannya enak . Oke semua. Pelayanannya juga bagus, baik.  Yang melayani atas nama risma juga ramah. Terimakasih",6 bulan lalu,5,5,5,Saoenk Cobek Bone,Google Maps,2026-06-09 16:32:32
Ci9DQUlRQUNvZENodHljRjlvT2s1TFNURnFPVTVCVWpOT1pWRlBaVlowYmxjd2NXYxAB,Rahmat Hidayat,4,"Makanan dan suasananya luar biasa. Ada kolam ikan yang dikelilingi gazebo.
Namun, ketika kami tiba, airnya bermasalah, jadi kami kesulitan mencuci tangan sebelum dan sesudah makan. Tidak ada inisiatif dari staf untuk menyediakan air untuk mencuci tangan.",6 bulan lalu,5,4,5,Saoenk Cobek Bone,Google Maps,2026-06-09 16:32:32
Ci9DQUlRQUNvZENodHljRjlvT2xCWVNXWmFWM1J3U0ZKNk9HNHhkVEV0TkRSelNWRRAB,Mutiara Cell,5,"Makan : memuaskan
Suasana : nyaman

Anisa",6 bulan lalu,5,5,5,Saoenk Cobek Bone,Google Maps,2026-06-09 16:32:32
Ci9DQUlRQUNvZENodHljRjlvT21aaE1GcDZjSGt0T1RSR1ZYZGtjR3d0TkVwNGJXYxAB,Madpirah Maulani,5,"tempatnya cakep, tenang, nyaman.
pelayanannya baik, cepat dan ramah (tiara)",6 bulan lalu,4,5,5,Saoenk Cobek Bone,Google Maps,2026-06-09 16:32:53
Ci9DQUlRQUNvZENodHljRjlvT2t4emJqaE9RVGhUTnpSdlkybHNSV0ZwYTJkaE1tYxAB,Qadafi Dapi,5,keren pelayanan ramah wine,6 bulan lalu,5,5,5,Saoenk Cobek Bone,Google Maps,2026-06-09 16:32:53
Ci9DQUlRQUNvZENodHljRjlvT2pWNmExOHpia2d5YlVodmVqbERiVUUwV0VFMFduYxAB,novi hermianti,5,Makanannya enak dan pelayanannya ramah Risma,6 bulan lalu,5,5,5,Saoenk Cobek Bone,Google Maps,2026-06-09 16:32:53
Ci9DQUlRQUNvZENodHljRjlvT2pkSVoycGpUSE5YVW5Ka1dVMDNjV0ZMUzNWNVdIYxAB,Herlindaa Arsitawati,5,pelayanan ramah wine,6 bulan lalu,5,5,5,Saoenk Cobek Bone,Google Maps,2026-06-09 16:32:53
Ci9DQUlRQUNvZENodHljRjlvT21WNUxWOVlPSGh4ZDFnMFdsTkhTRkZDUkVwNGRVRRAB,Andi Revaldo,5,makanannya sangat enak dan harganya sesuai dengan rasa dan pelayanan dari fajrin sangat baik dan ramah. kalo kesini wajib rame” soalnya porsi makanannya lumayan banyak.🔥🔥,7 bulan lalu,5,5,5,Saoenk Cobek Bone,Google Maps,2026-06-09 16:32:53
Ci9DQUlRQUNvZENodHljRjlvT2treVJFMUZRVkZ5WkhkNFZFSlFiSEozTldKS2JFRRAB,NURANI AZIZAH . M,5,Makanannya enak dan penyajiannya cepan,7 bulan lalu,5,5,5,Saoenk Cobek Bone,Google Maps,2026-06-09 16:32:53
Ci9DQUlRQUNvZENodHljRjlvT21Vd1IyNDRlbXRCVlhwMFlUUkhRWEppWldSamIwRRAB,Afikanza Motor,5,Tempat nya nyaman makanan pun enak pelayanan ramah (Risma),7 bulan lalu,5,5,5,Saoenk Cobek Bone,Google Maps,2026-06-09 16:32:53
Ci9DQUlRQUNvZENodHljRjlvT21kUFRtNW9lbWx1TTJjM2NHVmxTWGxHWm5WU1RuYxAB,Haeruddin Bone,3,"Ikan bakar bagus, kerang dan otak""nya enak dan sambelnya juga bagus

Anisa",7 bulan lalu,3,3,3,Saoenk Cobek Bone,Google Maps,2026-06-09 16:32:53
Ci9DQUlRQUNvZENodHljRjlvT21NeGMzTnBibGxGYWkxRWIwTjRWamRmVm5SSGRuYxAB,Ris Na,4,rasa makanannya enak dan pelayanannya cepat dan ramah (fajrin),7 bulan lalu,4,5,5,Saoenk Cobek Bone,Google Maps,2026-06-09 16:32:53
Ci9DQUlRQUNvZENodHljRjlvT2tkblFsVjVjMkkzTUVrMk1GZHpVMGxJUWtnME5IYxAB,Norfarah Azeila,5,Rasa makanannya enak dan pelayanannya cepat dan ramah (Fajrin),7 bulan lalu,4,5,5,Saoenk Cobek Bone,Google Maps,2026-06-09 16:32:53
Ci9DQUlRQUNvZENodHljRjlvT2xkRGRrUXhkV3RvYWw5Nk1qUTViazFmWkd3dGMyYxAB,Ummul chaeriani,5,"Pelayanannya sangat bagus, pelayan kak risma.",7 bulan lalu,5,5,5,Saoenk Cobek Bone,Google Maps,2026-06-09 16:33:13
Ci9DQUlRQUNvZENodHljRjlvT2poMVVWQTBPRW81UlU1QmEyNUVWV2xmWjNsTmJuYxAB,Darmah Ida,5,Pelayanan Risma,7 bulan lalu,5,5,5,Saoenk Cobek Bone,Google Maps,2026-06-09 16:33:13
Ci9DQUlRQUNvZENodHljRjlvT2xvM1ZrTTRTVmRZWjI5dU5qSkNRbU5qTjNaMUxWRRAB,Maryana,5,Pelayan atas nama Risma,7 bulan lalu,5,5,5,Saoenk Cobek Bone,Google Maps,2026-06-09 16:33:13
Ci9DQUlRQUNvZENodHljRjlvT2pWbVdIVm1aRkpKUm5kRWRsRnBORzFwVjJZMmNGRRAB,KARENINA PERO,4,"Makanan di sini enak enak apalagi Ayam Saos Mentega dan Udang Telur Asin..
Pelayanannya baguss dan cepat, saya lihat tadi ada pelayan yang bernama Risma sangat lah ramah dan telaten. Saya suka pelayanannya..
Over all the bestt",7 bulan lalu,5,5,5,Saoenk Cobek Bone,Google Maps,2026-06-09 16:33:13
Ci9DQUlRQUNvZENodHljRjlvT21kSmMwbDBaVmN0WVc5Qk1VRlFVbFpmYVdvM09YYxAB,Amri Fqf,5,"Makanannya enak,tempatnya nyaman dingin#pelayanan Tiara",7 bulan lalu,5,5,5,Saoenk Cobek Bone,Google Maps,2026-06-09 16:33:13
Ci9DQUlRQUNvZENodHljRjlvT21KelMyWmhUVzV3V1V0RmNXNHdVM0pIUTNoeU9GRRAB,Difa Septianasari,5,Teh nya manis sekali pelayanan ya cukup bagus dan baik. Risma,7 bulan lalu,5,5,5,Saoenk Cobek Bone,Google Maps,2026-06-09 16:33:13
Ci9DQUlRQUNvZENodHljRjlvT2pGaWJHNXJVRGhuUkV4WmQwOXlTM3B2VFc5UWQxRRAB,Fitri Endriani,5,Pelayanan sangat ramah terutama Wina. Murah senyum,7 bulan lalu,5,5,5,Saoenk Cobek Bone,Google Maps,2026-06-09 16:33:13
Ci9DQUlRQUNvZENodHljRjlvT21aTGEzaFdVVkZ4WlRGdVJWQTNNbEZLVEhFeGJtYxAB,Nurul Saskia,5,"suasanya adem,makanan yang enakk

nisa",7 bulan lalu,5,5,5,Saoenk Cobek Bone,Google Maps,2026-06-09 16:33:13
Ci9DQUlRQUNvZENodHljRjlvT2xoM1RreFlUbXg0Y1dsT1NEZEpUREJrU1hKU2NYYxAB,Mita Andriani,5,Tempatnya bagus makanannya enak pelayanan ramah dan cpt(Risma),7 bulan lalu,5,5,5,Saoenk Cobek Bone,Google Maps,2026-06-09 16:33:13
Ci9DQUlRQUNvZENodHljRjlvT2pZelltSkZjWEI0Um1JME5GRm5kMHRvYW14cFgyYxAB,jodha baby shop,5,"Makanan cepat datang
Pelayanan menyenangkan dgn kaka annisa💕
Dari yg kami pesan makanannya lumayan enak..",7 bulan lalu,4,5,4,Saoenk Cobek Bone,Google Maps,2026-06-09 16:33:13
Ci9DQUlRQUNvZENodHljRjlvT2pOd1pEUnBZbUZKVEhFM1EzUm1NSHB6YlcxNU1FRRAB,Amriani Aicom XII,5,Makananya enak dan tempatnya bagus nyaman bersih pelayananya bagus atas nama risma,7 bulan lalu,5,5,5,Saoenk Cobek Bone,Google Maps,2026-06-09 16:33:34
Ci9DQUlRQUNvZENodHljRjlvT2pkaVIzUTJXWGczYTBkTVZteEZXa3hUYldkQ2NYYxAB,Andi Selmianti,5,"Menunya enak semua, porsinya jg banyak, pelayanannya ramah, suasana nyaman skali (pelayanan tiara)",7 bulan lalu,5,5,5,Saoenk Cobek Bone,Google Maps,2026-06-09 16:33:34
Ci9DQUlRQUNvZENodHljRjlvT25nMFZEQkNTRWhaWkVaWldVczVTazVhVG1SNGFFRRAB,Jusma Jusma,4,"Mknanx enak,suasanax memuaskan

Nisa",7 bulan lalu,4,4,5,Saoenk Cobek Bone,Google Maps,2026-06-09 16:33:34
Ci9DQUlRQUNvZENodHljRjlvT2xOTFVsWXRSMTgxYVVsNVYzUjVSVlZIZW1WMFpuYxAB,Nur Azizah,5,(Makanannya sangatt lezaat) pelayanan tiara,7 bulan lalu,4,4,5,Saoenk Cobek Bone,Google Maps,2026-06-09 16:33:34
Ci9DQUlRQUNvZENodHljRjlvT2paNlVqaE1hVEJzYkVJMldVRmpjVWxCVmtneVNrRRAB,Nur aisyah Ica,5,Tmptnya bagus makanannya enak pelayanan ramah baik(Risma),7 bulan lalu,5,5,5,Saoenk Cobek Bone,Google Maps,2026-06-09 16:33:34
Ci9DQUlRQUNvZENodHljRjlvT21sWlQxVndjbFYxVTA1c2IxTkJNMnd5V1hKdU9IYxAB,Nurul Akifah,5,Seseorang,7 bulan lalu,5,5,5,Saoenk Cobek Bone,Google Maps,2026-06-09 16:33:34
Ci9DQUlRQUNvZENodHljRjlvT2taTFVFeEVkM2RMZW1Gck9XZ3phVmxUUTFSRFVVRRAB,Husna Mariana,5,Pelayanan yg baik Kak Wina dan makanannya Recommended,7 bulan lalu,5,5,5,Saoenk Cobek Bone,Google Maps,2026-06-09 16:33:34
Ci9DQUlRQUNvZENodHljRjlvT21sNlFuZ3hPV0ZYTmtJMk5HWkhWRTVJU1VodFRtYxAB,Selpiah Ramadhani,5,"Makanannya enak, pelayanan ramah (Risma)",7 bulan lalu,5,5,5,Saoenk Cobek Bone,Google Maps,2026-06-09 16:33:34
Ci9DQUlRQUNvZENodHljRjlvT25oRFNrazBSMGRaU1hWNlkwWjVXa3AyWkhwM1dYYxAB,Syahril Syahril,5,Pelayanan sangat ramah @whyne,7 bulan lalu,4,5,4,Saoenk Cobek Bone,Google Maps,2026-06-09 16:33:34
Ci9DQUlRQUNvZENodHljRjlvT25OelEybENla1p3WWxKd2RFWnNWakZDTkMxZlRrRRAB,Hadi Siswanto,5,Makanannya mantap poll dan pastinya balik lagi dong coba menu lainnya( pelayanan tiara),7 bulan lalu,5,5,5,Saoenk Cobek Bone,Google Maps,2026-06-09 16:33:34
Ci9DQUlRQUNvZENodHljRjlvT2s5WlJuVnFiamxQVjJkWlMwSnZRV3RNWkhweVRtYxAB,Rismah Imma,5,Tmptnya nyaman pelayanan nya(Risma) asik ramah makanannya enak,7 bulan lalu,5,5,5,Saoenk Cobek Bone,Google Maps,2026-06-09 16:33:54
Ci9DQUlRQUNvZENodHljRjlvT25SYVJrbEhWMEpXY2tOUFJGcEhaVFl4VjNWWlgyYxAB,Mirna Wati,5,Temlatny nyaman dan pelayanan ramah wine,7 bulan lalu,5,5,5,Saoenk Cobek Bone,Google Maps,2026-06-09 16:33:54
Ci9DQUlRQUNvZENodHljRjlvT2s1RFRYUXRiMmhPTnkxbFNsRjRSVk5CTFROek1IYxAB,Jusniati Jusni,5,"suasananya nyaman

annisa",7 bulan lalu,5,5,5,Saoenk Cobek Bone,Google Maps,2026-06-09 16:33:54
Ci9DQUlRQUNvZENodHljRjlvT25obFNVVk1jRFJMUmtjNE9FTkRjV2xzUTB3eVNVRRAB,Kurniati Salmi,5,Oke mantap (pelayanan Tiara),7 bulan lalu,5,5,5,Saoenk Cobek Bone,Google Maps,2026-06-09 16:33:54
Ci9DQUlRQUNvZENodHljRjlvT2tadmRuazRNM2hwU1ZwT2VEQkZka3BGVTA4d2NsRRAB,Sul Haeri,5,"Pelayanan dari wina ramah.
suasana sejuk, makanannya memuaskan dan hampir tidak pernah mengecewakan...",7 bulan lalu,5,5,5,Saoenk Cobek Bone,Google Maps,2026-06-09 16:33:54
Ci9DQUlRQUNvZENodHljRjlvT214clkzWkNNMUJYYldWVU5HTXhUek5NWmpRdGNWRRAB,Ayu Putri,5,Enak. Pelayanannya mantaffff kak risma,7 bulan lalu,5,5,5,Saoenk Cobek Bone,Google Maps,2026-06-09 16:33:54
Ci9DQUlRQUNvZENodHljRjlvT21GNmJqVjRVVlpXVW1jMmVtSlJkRU5TU1ZKM2RVRRAB,Iphe Syam,5,"rasa makanannya enak, rasanya pas dan porsinya cukup lumayan banyak😍😍😍

(fajri)",7 bulan lalu,5,5,5,Saoenk Cobek Bone,Google Maps,2026-06-09 16:33:54
Ci9DQUlRQUNvZENodHljRjlvT214Tk1tTXRRa2d5ZUc1a1UzQmxSME54Y0U1U0xWRRAB,multisarana jasa,5,"Suasana sangat bagus
Makan dan sambelnya enak (pelayanan Tiara )",7 bulan lalu,5,5,5,Saoenk Cobek Bone,Google Maps,2026-06-09 16:33:54
Ci9DQUlRQUNvZENodHljRjlvT201UFNUSXlTRTV5UzJVM0xUVjVXWE4wZW5SbFYyYxAB,Annisa Dewi,5,"Suasana nyaman,makanan enak,pelayanannya bagus oleh risma",7 bulan lalu,5,5,5,Saoenk Cobek Bone,Google Maps,2026-06-09 16:33:54
Ci9DQUlRQUNvZENodHljRjlvT25NNVJ6azVURmw2U21GcWRsVk9UWGMwVFZCRk4xRRAB,Riska taqiim,5,"Makan dan minuman enak2 dan suasana juga bagus untuk liburan keluarga

Anisa",7 bulan lalu,5,5,5,Saoenk Cobek Bone,Google Maps,2026-06-09 16:33:54
Ci9DQUlRQUNvZENodHljRjlvT25WNFRWb3dSMWhxV0hJdFFYVkJkRlkyVmtoRVVGRRAB,Rizal Saputra,5,"Rasa makanannya enak
Dan pelayanannya sangat bagus dan Rama (Fajrin)",7 bulan lalu,5,5,5,Saoenk Cobek Bone,Google Maps,2026-06-09 16:34:15
Ci9DQUlRQUNvZENodHljRjlvT21OWlVYRmtZbGxVUkhCMGNTMWZNa2N0VnpGTlNsRRAB,Ramli Wtp,5,Pelayan baik tingkatkan 👍👍👍(makasih tiara) 🤗,7 bulan lalu,5,5,5,Saoenk Cobek Bone,Google Maps,2026-06-09 16:34:15
Ci9DQUlRQUNvZENodHljRjlvT2tzeFpHOUxMVFk1YldaR09WUjVRbUpTWDJObE1GRRAB,Uleng Uleng,5,Makanannya enak pas dilidah🤤🤤🤤🤤🤤🤤(makasih kak Tiara)🥰🥰🥰,7 bulan lalu,5,5,5,Saoenk Cobek Bone,Google Maps,2026-06-09 16:34:15
Ci9DQUlRQUNvZENodHljRjlvT25oTVpYRkJjMmx4ZFhWeGFYUkVVV04yY1ZZeE1sRRAB,muhammad awal ramadhansyah,5,"Pelayanannya bagus dan ramah, dan dilayani baik sama kak wina😊🙏🏼",7 bulan lalu,5,5,5,Saoenk Cobek Bone,Google Maps,2026-06-09 16:34:15
Ci9DQUlRQUNvZENodHljRjlvT2pocWNEZzVPSGx0U0VWRExWZ3RWM0oxTmpka2IxRRAB,Nesya livia Aura Gautami,5,Tempatnya nyaman makanannya enk pelayanan dari kak wina juga sangat memuaskan,7 bulan lalu,5,5,5,Saoenk Cobek Bone,Google Maps,2026-06-09 16:34:15
Ci9DQUlRQUNvZENodHljRjlvT2toTGFFOU9iSEp2UVhwUE0wTkdPVGxMWlZGTFZsRRAB,Wiwi Nirwana,5,"Tempatnya bagus,
Makanannya enak.
Pelayanannya sangat ramah (Risma)",7 bulan lalu,5,5,5,Saoenk Cobek Bone,Google Maps,2026-06-09 16:34:15
Ci9DQUlRQUNvZENodHljRjlvT21salREVnZZWFJzYkVZNGNUbFBWa1EwVmxjNE0yYxAB,Man Lapri,5,Tmptnya nyaman bersih makananya enak pelayanan bagus ramah(Risma),7 bulan lalu,5,5,5,Saoenk Cobek Bone,Google Maps,2026-06-09 16:34:15
Ci9DQUlRQUNvZENodHljRjlvT2pGNVdHVlNVa3RuU2tGV2VrNVhWbVY1U1hNMFJuYxAB,Nahda Waty,4,"Makanan yg lumayan suasanax adem
Annisa",7 bulan lalu,3,3,4,Saoenk Cobek Bone,Google Maps,2026-06-09 16:34:15
Ci9DQUlRQUNvZENodHljRjlvT2xWM1JrcDFibHBaTmpWTk9URnFTM2RrYW14S2VWRRAB,Hikma Bone,5,"Makanannya lg enak ,suasananya nyaman

ANISA",7 bulan lalu,5,5,5,Saoenk Cobek Bone,Google Maps,2026-06-09 16:34:15
Ci9DQUlRQUNvZENodHljRjlvT25GV1JHODBVWFpyZG1SSWNITlFjVTB4WjJWWFJFRRAB,tirman tirman,5,Pelayana ramah wine tempatnya nyaman,7 bulan lalu,5,5,5,Saoenk Cobek Bone,Google Maps,2026-06-09 16:34:15
Ci9DQUlRQUNvZENodHljRjlvT2pWVk9IaGpTMFZuY0hKamJFMXZRV1JyUzJKbVRsRRAB,Kiron Sangar,5,"Arti dari atmosfer yang stabil

Nisa",7 bulan lalu,5,5,5,Saoenk Cobek Bone,Google Maps,2026-06-09 16:34:35
Ci9DQUlRQUNvZENodHljRjlvT2s5eVpYVkJZVkpGZGxkRmFtbzNNRVJvYjNwbk9HYxAB,Adel Andi,5,"Pelayanan baik dan cepat

Anisa :)",7 bulan lalu,5,5,5,Saoenk Cobek Bone,Google Maps,2026-06-09 16:34:35
Ci9DQUlRQUNvZENodHljRjlvT2xjMlF6UnBWQzFSWW5aSGN6WTRPR3hXVDJGTVFuYxAB,Selvi,5,Tmpatnya bagus makannya enak pelayanan cpt ramah(Risma),7 bulan lalu,5,5,5,Saoenk Cobek Bone,Google Maps,2026-06-09 16:34:35
Ci9DQUlRQUNvZENodHljRjlvT2pOVmN6UnVZWGhLVEVkSmFTMTVXa2hzWkVNMWJXYxAB,Haji Cenceng,5,Mantap (pelayanan tiara),7 bulan lalu,5,5,5,Saoenk Cobek Bone,Google Maps,2026-06-09 16:34:35
Ci9DQUlRQUNvZENodHljRjlvT25WQk9WRjBVSFV6ZEhwYU1tNTVNVEpVU1hWdFEzYxAB,Riska Ika,5,"Tempat nya nyaman. Pelayanannya mantap
Pelayanannya wina",7 bulan lalu,5,5,5,Saoenk Cobek Bone,Google Maps,2026-06-09 16:34:35
Ci9DQUlRQUNvZENodHljRjlvT2tGaFJXOWlhbGM0UzA5SU5FTXlObEJZV205bmQwRRAB,Parlem Cees,5,Makanan enak pelayanan bagus Risma,7 bulan lalu,5,5,5,Saoenk Cobek Bone,Google Maps,2026-06-09 16:34:35
Ci9DQUlRQUNvZENodHljRjlvT2w5MGNFRk5jbmxZZHpCaWRVVlJSSE5SVWpKdmMzYxAB,Rina saputri,5,"Tempatnya bagus, rasanya enak n pelayanan cepat(fajrin)",7 bulan lalu,5,5,5,Saoenk Cobek Bone,Google Maps,2026-06-09 16:34:35
Ci9DQUlRQUNvZENodHljRjlvT21oUWVqSjBWM1JpVkhrd00yODJlVVkxZUdoaGQxRRAB,Andi Arya,5,Seseorang,7 bulan lalu,5,4,5,Saoenk Cobek Bone,Google Maps,2026-06-09 16:34:35
Ci9DQUlRQUNvZENodHljRjlvT2xacFJuRkVNek15VUZjdGIzQkxWa2hNTUVwM1JIYxAB,Nur Halisa026,5,Seseorang,7 bulan lalu,5,5,5,Saoenk Cobek Bone,Google Maps,2026-06-09 16:34:35
Ci9DQUlRQUNvZENodHljRjlvT2pKRldUQktXa0U1ZWpabmVITjVhbU5CZWxoaU9YYxAB,Hikmah Fajriani,5,"Free makanan buat ikan di kolam, anak saya senang banget 💐",7 bulan lalu,4,4,5,Saoenk Cobek Bone,Google Maps,2026-06-09 16:34:35
Ci9DQUlRQUNvZENodHljRjlvT2xwMFdVOVphMTlOV0V4aVYzcFNkM3BsWkhFeGFYYxAB,Abelll,5,makanan nya enak dan pelayanan nya bagus (pelayanan tiara),Diedit 7 bulan lalu,4,5,5,Saoenk Cobek Bone,Google Maps,2026-06-09 16:34:55
Ci9DQUlRQUNvZENodHljRjlvT21oUFkwY3RhM1p0Y0hKc2RtOVBhMnQ2ZDNRMlVYYxAB,Amma Ayya,5,Pelayanan ramah wine,7 bulan lalu,5,5,5,Saoenk Cobek Bone,Google Maps,2026-06-09 16:34:55
Ci9DQUlRQUNvZENodHljRjlvT25STVZsZFVVM2hWZFVWTlZHa3pWM2wwTlhKRVIzYxAB,Heri ana,5,"Makanannya enak, pelayan yang cepat dan ramah khususnya pelayan atas nama Risma terimakasih kak atas pelayanannya yah, suasana juga sejuk👍",7 bulan lalu,5,5,5,Saoenk Cobek Bone,Google Maps,2026-06-09 16:34:55
Ci9DQUlRQUNvZENodHljRjlvT2tFd1YwUkhaVUY2TFRkTk1HTk5aV0ZFYm1WaVFtYxAB,Andi Irdayanti,5,dingin,7 bulan lalu,5,5,5,Saoenk Cobek Bone,Google Maps,2026-06-09 16:34:55
Ci9DQUlRQUNvZENodHljRjlvT2s0NVJYRjZkMDFGVTJsNlMxWlJhMDFIWms5dVVXYxAB,Sasti Herawati,5,Suasanyanya homey,7 bulan lalu,5,5,5,Saoenk Cobek Bone,Google Maps,2026-06-09 16:34:55
Ci9DQUlRQUNvZENodHljRjlvT2tkUU4zcEdVMHRTYlhNeGNERk5aa0Y1VEZWbmRuYxAB,Nurhikma Awalia,5,Tmptnya bagus bersih makannya enak mantap pelayanan baik ramah(Risma),7 bulan lalu,5,5,5,Saoenk Cobek Bone,Google Maps,2026-06-09 16:34:55
Ci9DQUlRQUNvZENodHljRjlvT2pSMVYwcGZkV1l6WVRsMFNrcEdibGhJZVZKd1VuYxAB,Rosnaeni Rosnaeni,5,Makananya enak puas tempatnya nyaman pelayanan bagus ramah (Risma),7 bulan lalu,5,5,5,Saoenk Cobek Bone,Google Maps,2026-06-09 16:34:55
Ci9DQUlRQUNvZENodHljRjlvT21oaWIxaFhhM2RIYjA1d1NUTTJZbFV0TlhwQ1RYYxAB,Chung Fian,5,Waiters ramah dan gercep terimakasih kak wina,7 bulan lalu,5,5,5,Saoenk Cobek Bone,Google Maps,2026-06-09 16:34:55
Ci9DQUlRQUNvZENodHljRjlvT25CS2QxZE9SSFZXTm5kb2JGVldZVXh5YjB0b1NrRRAB,Nursya,5,Tempatnya bersih nyaman makanannya enak pelayanan baik ramah CPT (Risma),7 bulan lalu,5,5,5,Saoenk Cobek Bone,Google Maps,2026-06-09 16:34:55
Ci9DQUlRQUNvZENodHljRjlvT25OMVFWVktZa1YzV2tkRmEzZFdRVk4xZEVaU1MyYxAB,Safira Meilyanti,5,tmpanya bagus makanannya enak pelayanannya ramah(Risma),7 bulan lalu,5,5,5,Saoenk Cobek Bone,Google Maps,2026-06-09 16:34:55
Ci9DQUlRQUNvZENodHljRjlvT25oV1ZraHVabTQ1VjNGaGRFWnRNMUJWUXpsWmJsRRAB,kinanthi pujaningrum,5,tmpatnya nyaman makananya enak plelayanan ramah (Risma),7 bulan lalu,5,5,5,Saoenk Cobek Bone,Google Maps,2026-06-09 16:35:16
Ci9DQUlRQUNvZENodHljRjlvT21oWWMzWnBUMmM0UTI1bVlWcFdWRTgyVW5Wc1lsRRAB,Wahyu Di,5,,7 bulan lalu,5,5,5,Saoenk Cobek Bone,Google Maps,2026-06-09 16:35:16
Ci9DQUlRQUNvZENodHljRjlvT25oTE9GSm5aVVpUTm5CTlRHZ3dYMmxwV0haS05sRRAB,bombom Muhsyah,5,"Pelayanan: Luar Biasa Baik dan Profesional (Risma)
Tempat : nyaman dan bersih
Makanan : nikmat",7 bulan lalu,5,5,5,Saoenk Cobek Bone,Google Maps,2026-06-09 16:35:16
Ci9DQUlRQUNvZENodHljRjlvT21oTGFWUTFaMUYxUlZocGJISTVSMEZUYVVOSU1rRRAB,Arnhy Isyatullah,4,,7 bulan lalu,4,4,5,Saoenk Cobek Bone,Google Maps,2026-06-09 16:35:16
Ci9DQUlRQUNvZENodHljRjlvT2pWT1UxQm1VMnBmWDFoVlFUSkNXbTlUYWtSaE9IYxAB,Aini Awwabina,5,pelayanan ramah dan bagus wina,7 bulan lalu,5,5,5,Saoenk Cobek Bone,Google Maps,2026-06-09 16:35:16
Ci9DQUlRQUNvZENodHljRjlvT2s1Zk16RkZjME41VEVwbVJVNXRiVkZuWXpsMk1YYxAB,Amelia Meiriska,5,,8 bulan lalu,5,5,5,Saoenk Cobek Bone,Google Maps,2026-06-09 16:35:16
Ci9DQUlRQUNvZENodHljRjlvT2pkSVdXSjJZbXgwVG5sbFN6ZGpOVk5MVTJvemNYYxAB,Haikal Wahid,4,Rasa makananny enakk playananny jg bagus( fajrin),8 bulan lalu,4,4,3,Saoenk Cobek Bone,Google Maps,2026-06-09 16:35:16
Ci9DQUlRQUNvZENodHljRjlvT2xCdlJXaDNOM0pEUTNRM1R5MXViV05HWjJ4dldWRRAB,Ayu Andira,5,Tmptnya bagus nyaman makanannya enak sesuai selera pelayanan bagus ramah cepat(Risma),8 bulan lalu,5,5,5,Saoenk Cobek Bone,Google Maps,2026-06-09 16:35:16
Ci9DQUlRQUNvZENodHljRjlvT2sxRlVYSnlWVnBaZGtWc1Z6SXRia2xUYVdGQmIzYxAB,Fika Fiqqa qa,4,"Makan nya enak dan suasana x nyamn dan bersih

NISA",8 bulan lalu,5,3,5,Saoenk Cobek Bone,Google Maps,2026-06-09 16:35:16
Ci9DQUlRQUNvZENodHljRjlvT2xWQ2FFTmFhVkpuWjJ0amVUSTVkbkZRTkdaS2MxRRAB,Ilham,5,"Makanan nya sangat enakk  ,pelayanan sangat ramah ,murah senyum,tempatnya sejuk dan sngt bagus
(Pelayanan Tiara)",8 bulan lalu,5,5,5,Saoenk Cobek Bone,Google Maps,2026-06-09 16:35:16
Ci9DQUlRQUNvZENodHljRjlvT25rMldEbFdVREF0U0RNdFIybFVTWFU1WVhaT2NsRRAB,Nisanisa Juli,5,Pelayanannya Bagus (Fajrin),8 bulan lalu,5,5,5,Saoenk Cobek Bone,Google Maps,2026-06-09 16:35:36
Ci9DQUlRQUNvZENodHljRjlvT2xVek5GZENNRXh3UWpWWlVXaDVUblZFTUhsWkxVRRAB,Sr12 Salon,5,Pelayanan ramah,8 bulan lalu,5,,5,Saoenk Cobek Bone,Google Maps,2026-06-09 16:35:36
Ci9DQUlRQUNvZENodHljRjlvT25GRWVsbDRjbHB4V1dodU9FVlZhRkZOWldWVVVIYxAB,Itto Rusdianto,5,"Tempat bagus makanan enak pelayanan cepat ramah
. Risma",8 bulan lalu,5,5,5,Saoenk Cobek Bone,Google Maps,2026-06-09 16:35:36
Ci9DQUlRQUNvZENodHljRjlvT25Wd1FUbGxWa014WDBSaFVqZ3hNSFpyUmpOck1GRRAB,Leli Rahmi,5,"Makanannya enakk, suasananyaa ademm (layanan tiara)",8 bulan lalu,5,5,5,Saoenk Cobek Bone,Google Maps,2026-06-09 16:35:36
Ci9DQUlRQUNvZENodHljRjlvT2tOa09EbExkRGxQZVcxWk1rcEpTVlZyTUdadlltYxAB,Rima Lisdiana,5,Pelayanan ramah wine,8 bulan lalu,5,5,5,Saoenk Cobek Bone,Google Maps,2026-06-09 16:35:36
Ci9DQUlRQUNvZENodHljRjlvT2xreVMxUnJRbmxOU1Zad05EZ3djMUpXTmkweWVVRRAB,ikbal ashari,5,Tmptnya bagus nyaman bersih makanannya sangat enak pelayanan bagus ramah  cepat(Risma)👌,8 bulan lalu,5,5,5,Saoenk Cobek Bone,Google Maps,2026-06-09 16:35:36
Ci9DQUlRQUNvZENodHljRjlvT2pCVk9WTjBiMUZxY3pkQllURlRjWFpRV0MweVNHYxAB,Selvia Syahnur,5,Seseorang,8 bulan lalu,5,5,5,Saoenk Cobek Bone,Google Maps,2026-06-09 16:35:36
Ci9DQUlRQUNvZENodHljRjlvT2tOMWJsQkdUMmxhVmkxbVRFUXdWemRVV2xOQlNYYxAB,Isma Ferdian,5,"Suasananya nyaman dan pelayanannya baik.

Nisa",8 bulan lalu,5,5,5,Saoenk Cobek Bone,Google Maps,2026-06-09 16:35:36
Ci9DQUlRQUNvZENodHljRjlvT2xKdlYyMVNNMjFzYkdveFZXUjBVR3cwY1ZkUFkxRRAB,Fitri Ani,5,"Makanan mantap pelayanannya jga cepat
-Fajrin",8 bulan lalu,5,5,5,Saoenk Cobek Bone,Google Maps,2026-06-09 16:35:36
Ci9DQUlRQUNvZENodHljRjlvT21oMVpuSlZZbFpCT1VoaVYxVmxRMkZHUkhwYVduYxAB,Nina Syakila,5,Tmpatnya bagus makanannya enak pelayanan baik ramah cpt(Risma)👍👍,8 bulan lalu,5,5,5,Saoenk Cobek Bone,Google Maps,2026-06-09 16:35:36
Ci9DQUlRQUNvZENodHljRjlvT21od1ZUVXdSV1ZUT0dJMFYySjFUVlV4Vm5BMlRHYxAB,Yayu Kembar85,5,"SUASANA MENYENANGKAN,MAKANAN ENAK, PELAYANAN BAIK

NISA",8 bulan lalu,5,5,5,Saoenk Cobek Bone,Google Maps,2026-06-09 16:35:57
Ci9DQUlRQUNvZENodHljRjlvT2s5WmVUTnhjbXRmUTBWWVdVczRNbVptZVdwVFozYxAB,Andinurhikmah,5,,8 bulan lalu,5,5,5,Saoenk Cobek Bone,Google Maps,2026-06-09 16:35:57
Ci9DQUlRQUNvZENodHljRjlvT2pGelowSkVTRk00VjIxVk9UVktPRmN3YVhjeE9YYxAB,Alfina Damayanti Rifai,5,"Pelayanan ok
Makanan ok
(Tiara)",8 bulan lalu,4,5,5,Saoenk Cobek Bone,Google Maps,2026-06-09 16:35:57
Ci9DQUlRQUNvZENodHljRjlvT2sxclprMHdhekZYU2kwd1oxQTJVV2N6VTNwNGJYYxAB,Suchi Indah,5,,8 bulan lalu,5,5,5,Saoenk Cobek Bone,Google Maps,2026-06-09 16:35:57
Ci9DQUlRQUNvZENodHljRjlvT205cU5sTnBOSEZpWkZGZmEyTnRjMU5uUW5VMGEyYxAB,Zainal Usman,5,Tmptnya bagus makanya pas enak pelayanan ramah baik memuaskan (Risma)👍👍,8 bulan lalu,5,5,5,Saoenk Cobek Bone,Google Maps,2026-06-09 16:35:57
Ci9DQUlRQUNvZENodHljRjlvT2xwQ05FZG5ka1JqVVhGTFVtRnBlRU5DTmxGb05XYxAB,dyy princc,5,Masakan sangat enk dan recomended (fajrin),8 bulan lalu,5,5,5,Saoenk Cobek Bone,Google Maps,2026-06-09 16:35:57
Ci9DQUlRQUNvZENodHljRjlvT2xaYVdFdEhYM28yUTI5RVVVeGpiMWxDTlhGdk9VRRAB,andys Fbr,5,pelayanannya ramah wine,8 bulan lalu,5,5,5,Saoenk Cobek Bone,Google Maps,2026-06-09 16:35:57
Ci9DQUlRQUNvZENodHljRjlvT2xGb1ZsWldiazE0TURjMlNqSXhPRGxwWDFOSlkxRRAB,Yusram Alan,5,"Suasana nyaman dan pelangganan juga ramah terimakasih 🙏

Nisa",8 bulan lalu,5,5,5,Saoenk Cobek Bone,Google Maps,2026-06-09 16:35:57
Ci9DQUlRQUNvZENodHljRjlvT25wdlJraHhWbVZFWDNSbFZUVTBOQzFEUVRkTGRFRRAB,Sry Muhchayang14,4,,8 bulan lalu,,,,Saoenk Cobek Bone,Google Maps,2026-06-09 16:35:57
Ci9DQUlRQUNvZENodHljRjlvT2t4R04wMW1NMjlIYnpOS1JHODRlVTlMT0dVNVRYYxAB,Jumardi Marr,5,Pelayanan bagus dan ramah makasih wine,8 bulan lalu,5,5,5,Saoenk Cobek Bone,Google Maps,2026-06-09 16:35:57
Ci9DQUlRQUNvZENodHljRjlvT2tWS1ZGQmtWR0ZZVTJRM1JGbG5UbFphZVVSMU1tYxAB,Samsidar cida,5,"Bgus sekali tempatnya perfect, makanannya enak
Risma",8 bulan lalu,5,5,5,Saoenk Cobek Bone,Google Maps,2026-06-09 16:36:17
Ci9DQUlRQUNvZENodHljRjlvT2xwbWRraDJiV0pqVXpkTk5sSjFiekpaUjFCR2JVRRAB,Nur Afika,5,"Pelayanan baik,ramah.dan makan ny enak dan murah dikantong pelajar.(fajri)",8 bulan lalu,5,5,5,Saoenk Cobek Bone,Google Maps,2026-06-09 16:36:17
Ci9DQUlRQUNvZENodHljRjlvT2pScWJYb3RTRlkwT0ZKUGVXZERWSGh4YTFVeE0yYxAB,Musdalifah Ifa,5,Tempatnya bersih makannya mantap pelayanannya memuaskan (Risma),8 bulan lalu,5,5,5,Saoenk Cobek Bone,Google Maps,2026-06-09 16:36:17
Ci9DQUlRQUNvZENodHljRjlvT2tWdlprOVFWWEJyWVROVldrVmpOMFZRTldJeFUyYxAB,Adi Enhal,5,pelayanan ramah wine,8 bulan lalu,5,5,5,Saoenk Cobek Bone,Google Maps,2026-06-09 16:36:17
Ci9DQUlRQUNvZENodHljRjlvT2w5b2NXRkNZbUk0Y0Rka05tbDRTbEI1UkVVM2FHYxAB,Murni 365,5,"Tempatnya indah dan nyaman, menu makanan bervariasi dan enak, pelayanan memuaskan.
(Pelayanan Tiara)",8 bulan lalu,5,5,5,Saoenk Cobek Bone,Google Maps,2026-06-09 16:36:17
Ci9DQUlRQUNvZENodHljRjlvT2t3d1VrVlBVRzVwZDNCdFQzRjFXVWRZY1RkaVgyYxAB,IRA,5,Pelayanan bagus dan tempatnya estetik cocok untuk bawa keluarga. (pelayanan tiara),8 bulan lalu,5,5,5,Saoenk Cobek Bone,Google Maps,2026-06-09 16:36:17
Ci9DQUlRQUNvZENodHljRjlvT2xCU1VrTndUMHRWZDFwcFJFNWtZVEZIY3kxVGRFRRAB,Fifi Septiana,5,"Pelayanan yang baik,makanannya sangat recommended kepiting nampang B
(Fajrin)",8 bulan lalu,5,5,5,Saoenk Cobek Bone,Google Maps,2026-06-09 16:36:17
Ci9DQUlRQUNvZENodHljRjlvT21sRVVuZDJPSEE1TFU1b01FUlBjMVoyY1hGS2FXYxAB,Dirgantara,5,Nyaman,8 bulan lalu,5,5,5,Saoenk Cobek Bone,Google Maps,2026-06-09 16:36:17
Ci9DQUlRQUNvZENodHljRjlvT2xZdFJUbHBkM1JtVVVSbGFHcHpkR0V3UmtWaE1sRRAB,Sitti Aisyah,5,Tmennya bagus makanannya enak puas pelayanan baik ramah (Risma),8 bulan lalu,5,5,5,Saoenk Cobek Bone,Google Maps,2026-06-09 16:36:17
Ci9DQUlRQUNvZENodHljRjlvT2poUk1IZDNiVWx0Y0RrNGFIaHJkbE5tWDBOemVFRRAB,Kautsar Jeddawi (EL-Jeddawi),5,"bagus tempatnya dan pelayanan cepat
fajrin",8 bulan lalu,5,5,5,Saoenk Cobek Bone,Google Maps,2026-06-09 16:36:17
Ci9DQUlRQUNvZENodHljRjlvT2xsUlQyNHpNVFJzYzJwcVQxOXdNRWd6V1hSVGVXYxAB,anchaa casper,5,"Suasana nya bagus, adem
anisa",8 bulan lalu,5,5,5,Saoenk Cobek Bone,Google Maps,2026-06-09 16:36:38
Ci9DQUlRQUNvZENodHljRjlvT2pkUExXWTBha3hWWTBGeVVGWm9ValpqY2tGd2NrRRAB,Ris Waan,5,Pelayanan sangat baik dan ramah @wina,8 bulan lalu,5,5,5,Saoenk Cobek Bone,Google Maps,2026-06-09 16:36:38
Ci9DQUlRQUNvZENodHljRjlvT201SlJYTkxXVFowU0ZOUVFtMWpaUzF4Y25WM01FRRAB,RIA RESKI RAMADANI,5,Tmptnya nyaman cantik makannaya enak mantap Pelayanan ramah sangat baik(Risma),8 bulan lalu,5,5,5,Saoenk Cobek Bone,Google Maps,2026-06-09 16:36:38
Ci9DQUlRQUNvZENodHljRjlvT21aT2VtNDFSWFphVkhneFprazRXV0pRT1ZCRVFWRRAB,Afifah Afliyah,5,Tempat dan pelayanannya sangat baik. Makanan yang disajikan juga cepat (pelayanan tiara),8 bulan lalu,4,4,4,Saoenk Cobek Bone,Google Maps,2026-06-09 16:36:38
Ci9DQUlRQUNvZENodHljRjlvT25BNWFHeEdNbEZqTlV4RGFteDJXSEJ3Y2pkUFNWRRAB,Nurlela aa,1,Rasanya enak ( Fajrin),8 bulan lalu,5,5,5,Saoenk Cobek Bone,Google Maps,2026-06-09 16:36:38
Ci9DQUlRQUNvZENodHljRjlvT21SWkxYVXlhMFowTlV4R2FGUllNRzlsZERoWFdWRRAB,hasniwati taher,4,"Suananya enak untuk makan bareng keluarga , apalagi di layani dengan mbak Tiara yang ramah.",8 bulan lalu,5,5,5,Saoenk Cobek Bone,Google Maps,2026-06-09 16:36:38
Ci9DQUlRQUNvZENodHljRjlvT2pCTlgxUk9kV3B2VXpGdVNVcE1SREZJTkV0VVZFRRAB,Risal Ichal,5,Makanan enak dengan suasana yg adem di dukung dengan pelayanan yang ramah dan cepat .. Mantap,8 bulan lalu,4,5,5,Saoenk Cobek Bone,Google Maps,2026-06-09 16:36:38
Ci9DQUlRQUNvZENodHljRjlvT2kxcVpFTmlkRE10YkV0bmMzQllhbk5SYlZGQk1rRRAB,Selvi Angriani,5,Tempatnya bagus makanannya enak pelayanan baik ramah (Risma)👍👍👍👍👍👍👍,8 bulan lalu,5,5,5,Saoenk Cobek Bone,Google Maps,2026-06-09 16:36:38
Ci9DQUlRQUNvZENodHljRjlvT201QlJVMTZURXAyUnkxUFJUUk1UVGRaUVZveE0yYxAB,Ashari arfah,5,Suasanan nyaman dengan pelayanan yang sangat baik oleh @wina,8 bulan lalu,5,5,5,Saoenk Cobek Bone,Google Maps,2026-06-09 16:36:38
Ci9DQUlRQUNvZENodHljRjlvT2w5V1RYZExYM2t6UkVvdFZrUlhXbUpxUmpkS1pIYxAB,Adi TM,5,tmpatnya nyaman bagus makanannya enak pelayanan bagus ramah cepat (Risma)👍👍,8 bulan lalu,5,5,5,Saoenk Cobek Bone,Google Maps,2026-06-09 16:36:38
Ci9DQUlRQUNvZENodHljRjlvT21Sb2IzbDRabVpLUTFoR2FqUkplVzAzZDNvemQwRRAB,Nur Fadilla,5,"enak dan lumayan worth it untuk harganya,pelayananny jg ramah👏🏻(pelayanan tiara)",8 bulan lalu,5,5,5,Saoenk Cobek Bone,Google Maps,2026-06-09 16:36:58
Ci9DQUlRQUNvZENodHljRjlvT2tsQ1RHaHhaMkpJWkZBMWVXOWxVMUo0YjBSQlJsRRAB,Salma Ema,5,Tmptnya bagus makanannya enak pelayanan baik ramah! (Risma) 🥰👍👍👍,8 bulan lalu,5,5,5,Saoenk Cobek Bone,Google Maps,2026-06-09 16:36:58
Ci9DQUlRQUNvZENodHljRjlvT21kMGVEQjZTV1ZMU1VsMVgwVnRTVk41ZDFwRVgwRRAB,Ansal,5,Pelayananx sangat ramah Wina,8 bulan lalu,5,5,5,Saoenk Cobek Bone,Google Maps,2026-06-09 16:36:58
Ci9DQUlRQUNvZENodHljRjlvT21sd2MwRTJVSGRKUlZOTVRsZDJMVXh3YTJkSFJHYxAB,astina,5,"Mantap
Nisa",8 bulan lalu,5,5,5,Saoenk Cobek Bone,Google Maps,2026-06-09 16:36:58
Ci9DQUlRQUNvZENodHljRjlvT25Kb2R6RldNRlJUY2pVNExVbEdTRGRrV1RjNVMzYxAB,Irma Irma,5,Makanannya enak tmpatnya bagus pelayanan baik ramah (Risma)👍👍👍,8 bulan lalu,5,5,5,Saoenk Cobek Bone,Google Maps,2026-06-09 16:36:58
Ci9DQUlRQUNvZENodHljRjlvT2tnd1YxVmFkbHBuYTNCR09GSmFMWE4zVFZVMVRVRRAB,pastikaarjuna,5,tempatnya bagus makananya enak bagus untuk kumpul kelurga pelayanna kak fajrin bagus cpt ramah👍🏻,8 bulan lalu,5,5,5,Saoenk Cobek Bone,Google Maps,2026-06-09 16:36:58
Ci9DQUlRQUNvZENodHljRjlvT2s5alkyeFhRbGRaUkVodk0xWlFaMmRuWWxOc0xXYxAB,Arni Arsyad Sultan,5,"Suasananya nyaman, pelayanannya ramah, dan makanannya enak. Recommended. Nisa",8 bulan lalu,5,5,5,Saoenk Cobek Bone,Google Maps,2026-06-09 16:36:58
Ci9DQUlRQUNvZENodHljRjlvT21nM2JtUm1PSEJKWWtOc00wcE5jVVI0ZW5rM1oyYxAB,Vitalia Wardani,5,"Tempatnya bagus, pelayanannya juga bagus (pelayanan tiara)",8 bulan lalu,5,5,5,Saoenk Cobek Bone,Google Maps,2026-06-09 16:36:58
Ci9DQUlRQUNvZENodHljRjlvT2tSSllWWXhXa1l5VFRWTldVc3lNSGd3TFdaMmExRRAB,Arumi Syafiqa,5,Pelayanan KK Wina bagus dan ramah banget...,8 bulan lalu,5,5,5,Saoenk Cobek Bone,Google Maps,2026-06-09 16:36:58
Ci9DQUlRQUNvZENodHljRjlvT25sVVIxRkhlbVkwYlMwd1ltWXhZVGxVUlcwNVVtYxAB,Giffta,5,"Pelayanan kak Wina sangat bagus, ramah juga, makanannya juga enak",8 bulan lalu,5,5,5,Saoenk Cobek Bone,Google Maps,2026-06-09 16:36:58
Ci9DQUlRQUNvZENodHljRjlvT2tKZlZsRlFSR2xhVVVSNldGWmhkVU4yVTNWRlEyYxAB,zhubank zhubaza,5,Tmpatnya bagus luar biasa banyak pilihan menu makananya enak pelayanan baik ramah nak Risma👌,8 bulan lalu,5,5,5,Saoenk Cobek Bone,Google Maps,2026-06-09 16:37:19
Ci9DQUlRQUNvZENodHljRjlvT2tGdGNIcGxXWHBOUjFjNFpUVkVWVE5RTFdvMWNrRRAB,Tri Saum Ramdani Ahmad,5,"Makanan enak, suasana juga enak pelayanan juga cepat  masyaaAllah (pelayanan Tiara)",8 bulan lalu,5,5,5,Saoenk Cobek Bone,Google Maps,2026-06-09 16:37:19
Ci9DQUlRQUNvZENodHljRjlvT21OTmNUTXdjVlZ4WDJzMVNqWkZkV1J1TkdWZlVXYxAB,Kisma Kisma,5,Layanan bagus dan ramah Wina,8 bulan lalu,5,5,5,Saoenk Cobek Bone,Google Maps,2026-06-09 16:37:19
Ci9DQUlRQUNvZENodHljRjlvT2poSVNEUjJlbTFXYUV0Nk5sbEpiRVJ0WlZOSGFHYxAB,Rah Madi,5,Tmpatnya bagus makananya enak pelayanan bagus cpt (Risma)👍,8 bulan lalu,5,5,5,Saoenk Cobek Bone,Google Maps,2026-06-09 16:37:19
Ci9DQUlRQUNvZENodHljRjlvT2pGMFFuVTJVVEU0ZWpKRlJXNTJSbG96WXpZeFkyYxAB,Mirna Nha,5,Pelayanan ramah wina,8 bulan lalu,5,5,5,Saoenk Cobek Bone,Google Maps,2026-06-09 16:37:19
Ci9DQUlRQUNvZENodHljRjlvT21SRk16ZExYMlF5T0ZaWWIyVkJVMGRMVURoa01sRRAB,ferawati andi,5,Makanannya enak temptanya Remomendit untuk kumpul keluarga dan pelayanan baik dan ramah (Risma) 👍👍👍,8 bulan lalu,5,5,5,Saoenk Cobek Bone,Google Maps,2026-06-09 16:37:19
Ci9DQUlRQUNvZENodHljRjlvT2tVeVdFdHRPSFJKUmkxTlV6Tk5TMGRwWW5seVNFRRAB,Mirna Wati,5,"Gasebox di kasih pagar ,tapi pemandangan Ok bersih ,Makananya lumayan enak (pelayanan Tiara)",8 bulan lalu,5,5,5,Saoenk Cobek Bone,Google Maps,2026-06-09 16:37:19
Ci9DQUlRQUNvZENodHljRjlvT25OS1ZWazViMjh6VTFveVZYbFNkV0ZaV205eVRtYxAB,Murna Wati,5,Makanan enak . Pelayanan dari fajrin ramah,8 bulan lalu,5,5,5,Saoenk Cobek Bone,Google Maps,2026-06-09 16:37:19
Ci9DQUlRQUNvZENodHljRjlvT2tJMlQwMDVTVE55ZEd4MVp6UXRaREJaZVhwaE5tYxAB,Selvi Selvi,5,Memuaskan dan enak Pelayanan Tiara,8 bulan lalu,4,5,5,Saoenk Cobek Bone,Google Maps,2026-06-09 16:37:19
Ci9DQUlRQUNvZENodHljRjlvT2xZd2VVUlZUVUY0VkdSTllrRXhSMnBtVUZSNGEzYxAB,Athirah Muthiah,5,Tempatnya bagus nyaman makananya enak pelayanannya baik ramah sangat puas(Risma)👍🏻👍🏻👍🏻👍🏻👍🏻👍🏻👍🏻👍🏻👍🏻👍🏻🥰,8 bulan lalu,5,5,5,Saoenk Cobek Bone,Google Maps,2026-06-09 16:37:19
Ci9DQUlRQUNvZENodHljRjlvT2xFMGRGbFRZMDQzUWtoSU1rTlplbEpMTkRSSFZrRRAB,Sarifa Spd,5,"Makanannya enak, suasananya bagus. Cocok untuk kumpul keluarga😁

Anisa",8 bulan lalu,5,5,5,Saoenk Cobek Bone,Google Maps,2026-06-09 16:37:40
Ci9DQUlRQUNvZENodHljRjlvT2paeWJtcEhhVUpQU0U5emEweFlRakptVVY5Zk0wRRAB,Adri Wanti,5,"suasananya sangat adem,sejuk makanan juga enak,Makasih kak tyara",8 bulan lalu,5,5,5,Saoenk Cobek Bone,Google Maps,2026-06-09 16:37:40
Ci9DQUlRQUNvZENodHljRjlvT2tOclMwbDNkV2h2WlY5U01uZEhXV2hXVGxwZlpXYxAB,NURUL ATHIRA SYAHRIL,5,Makanannya enak dan pelayanannya sangat baik bernama wina,8 bulan lalu,5,5,5,Saoenk Cobek Bone,Google Maps,2026-06-09 16:37:40
Ci9DQUlRQUNvZENodHljRjlvT2xGcWRHcHBPSGRLYlRsamJFbFVPRzV0VGxsVlpVRRAB,Dimas Saputra,5,tmpatnya bagus makanannya enak pelayanannya baik ramah (Risma)😍🥰👍🏻👍🏻👍🏻👍🏻👍🏻👍🏻,8 bulan lalu,5,5,5,Saoenk Cobek Bone,Google Maps,2026-06-09 16:37:40
Ci9DQUlRQUNvZENodHljRjlvT2pOc1NubEVUbXh4VVRZMVVtOVlaRTFYT1ZoYWVFRRAB,Hasnatang,5,Tempatnya bagus makanan enak pelayanan Risma baik ramah,8 bulan lalu,5,5,5,Saoenk Cobek Bone,Google Maps,2026-06-09 16:37:40
Ci9DQUlRQUNvZENodHljRjlvT2xodk9HdDVaRmxHVm10dlVuYzVUVEZ2U0V4bVpYYxAB,Naslinda,5,Luar biasa makanan .Fajrin,8 bulan lalu,5,5,5,Saoenk Cobek Bone,Google Maps,2026-06-09 16:37:40
Ci9DQUlRQUNvZENodHljRjlvT2s4dFdGTTVXbXR3UjJacE5WZDNNVk5yY2xodFdYYxAB,Suci Rahmadani,5,"Tempat nya nyaman dan enak makanan nya😍, anisa",8 bulan lalu,5,5,5,Saoenk Cobek Bone,Google Maps,2026-06-09 16:37:40
Ci9DQUlRQUNvZENodHljRjlvT2pOdmF6VnVjazE2Y1hvek9XUlpZakpPVVd4NVgwRRAB,Mimi Cantik,5,Pelayanan ramah wine,8 bulan lalu,5,5,5,Saoenk Cobek Bone,Google Maps,2026-06-09 16:37:40
Ci9DQUlRQUNvZENodHljRjlvT2pGb2FVUlFTMjlDVXpCa1pHdFBUa2hYZFhoUFIwRRAB,Amanda Rafania Zhaira,5,Pelayanan bagus dan ramah whyne,8 bulan lalu,5,5,5,Saoenk Cobek Bone,Google Maps,2026-06-09 16:37:40
Ci9DQUlRQUNvZENodHljRjlvT2s1a1VHVkdSV0l0TUV0SVJEQTJlbEoxVG5aNmVWRRAB,Kasmiati,5,Makanannya enak tempatnya bagus cantik nyaman dan dingin pelayanannya baik ramah (Risma)🥰🥰🥰👍👍👍,8 bulan lalu,5,5,5,Saoenk Cobek Bone,Google Maps,2026-06-09 16:37:40
Ci9DQUlRQUNvZENodHljRjlvT20xTWFYRjJNWGRCVTFCUVJUaFlTRTExT1ZSMGIzYxAB,Vira An,5,"Baguss,enak (Tiara)",8 bulan lalu,5,5,5,Saoenk Cobek Bone,Google Maps,2026-06-09 16:38:00
Ci9DQUlRQUNvZENodHljRjlvT2kweFZ6Wm1kV056Y25wU2VqUlNTall6YjNaeWMwRRAB,Nunuu Fitriani,5,"Enak, cepat, terjangkau, dan nyaman.",8 bulan lalu,5,5,5,Saoenk Cobek Bone,Google Maps,2026-06-09 16:38:00
Ci9DQUlRQUNvZENodHljRjlvT21WTGQxWnFYek50YW04NVpucHVkMEppVWxGdWFWRRAB,Sartika Sari,4,Pelayanan ramah wina,8 bulan lalu,5,5,4,Saoenk Cobek Bone,Google Maps,2026-06-09 16:38:00
Ci9DQUlRQUNvZENodHljRjlvT2xGbVNWUm5VV2hoVnpOS1RHeHhUMlJRTW5WMldYYxAB,uni unik,5,Makanannya enak tempatnya bersih pelayanan baik ramah (Risma) 🥰👍👍👍👍,8 bulan lalu,5,5,5,Saoenk Cobek Bone,Google Maps,2026-06-09 16:38:00
Ci9DQUlRQUNvZENodHljRjlvT20xYU5VVkxOemQxVG05dlgwNDJTV2hFV2xaeFgwRRAB,Gusri ana,4,"Memuaskan,Anisa",8 bulan lalu,4,5,3,Saoenk Cobek Bone,Google Maps,2026-06-09 16:38:00
Ci9DQUlRQUNvZENodHljRjlvT21SM1RsbFBlRmxzZVZCelpFOUVXWEJZZFRoRmNYYxAB,Dian Ekawati,5,"Tempatnya bagus, bersih
Makanannya enak cuma sambalnya kurang pedas
Pelayanannya baik. Risma Terimakasih 😊🙏🏻",8 bulan lalu,4,5,5,Saoenk Cobek Bone,Google Maps,2026-06-09 16:38:00
Ci9DQUlRQUNvZENodHljRjlvT25KVmQzb3dSRlJ5UkVoRExXNHhUVWwwWkRGdWJGRRAB,Al Afdhi,5,Mantapp cocok untuk makan bersama keluarga suasananya cozy bikin nyaman makan tdk banyak serangga pelayanan cepat tanggap enak pokoknya,8 bulan lalu,4,4,4,Saoenk Cobek Bone,Google Maps,2026-06-09 16:38:00
Ci9DQUlRQUNvZENodHljRjlvT2pCeGJ6UTFZbVpGZVZGQ2VGTktiQzFPY2xKU1ExRRAB,Believe Me,5,mantap sangat mantap,8 bulan lalu,5,5,5,Saoenk Cobek Bone,Google Maps,2026-06-09 16:38:00
Ci9DQUlRQUNvZENodHljRjlvT25STlEyUTVjRjlwWnkxM2N6aFFXVWg0VDNaVUxVRRAB,Nur Aznita,4,"Masya Allah luar biasa dari segi makanan, pelayanan, dan suasana membuat kami sekeluarga puas Alhamdulillah
Anisa",8 bulan lalu,3,3,5,Saoenk Cobek Bone,Google Maps,2026-06-09 16:38:00
Ci9DQUlRQUNvZENodHljRjlvT25oWlZGaGpabk00TnpST2VWOHlXbkp5ZDBsckxXYxAB,Haikal Kal,5,Makanannya enak tempatnya bagus untuk kumpul kelurga pelayanan baik(Risma👍👍👍),9 bulan lalu,5,5,5,Saoenk Cobek Bone,Google Maps,2026-06-09 16:38:00
Ci9DQUlRQUNvZENodHljRjlvT2s5NE4zbFdkbmRyY0dwTmEwY3pjVXh2UTNCMFpFRRAB,Tariza Dewi Rhamadanty,5,"makanannnya enak enakkk , suasananya nyaman , bersih terus sejuk.
pelayanannya juga best bangettt
thank u kka fajrinnnn...",9 bulan lalu,5,5,5,Saoenk Cobek Bone,Google Maps,2026-06-09 16:38:21
Ci9DQUlRQUNvZENodHljRjlvT25oc1VIaG9kMjlUUjNwWVpFNVpUVmhLU2tSSmMzYxAB,Udin,4,Mkanan dsini enak buanget. Ditambah oelsyananx ramah. Suka skilldsini.  Dilayani sm mba Anissa😄🤗,9 bulan lalu,4,4,4,Saoenk Cobek Bone,Google Maps,2026-06-09 16:38:21
Ci9DQUlRQUNvZENodHljRjlvT2toWWJtSkRPVWhYTTBGVFIxUnlhVlJmUmw5WlVGRRAB,riska wildana,5,tmpatnya bagus adem  makananya enak pelayanannya baik ramh (Risma),9 bulan lalu,5,5,5,Saoenk Cobek Bone,Google Maps,2026-06-09 16:38:21
Ci9DQUlRQUNvZENodHljRjlvT2xwclZHRkxRblpVZVRaek9XTnRkaTF2Um5CR2JIYxAB,Shasa Shasaaa,5,"Cocok untuk makan siang sembari duduk2 melihat pemandangan dan suasananya adem dan sejuk. Pelayanannya juga mantap, semua pelayanan nya ramah2, mulai dri kasir hingga waiters ny dan saya dilayani dgn Wina 😊",9 bulan lalu,5,5,5,Saoenk Cobek Bone,Google Maps,2026-06-09 16:38:21
Ci9DQUlRQUNvZENodHljRjlvT21sSldHTjRaM1JxTUZKM1MwdDFlV2s0ZFZSMWIxRRAB,Annia Aris,5,"Tempatnya nyaman, pelayanannya juga ramah ( Risma) dan cepat.",9 bulan lalu,5,5,5,Saoenk Cobek Bone,Google Maps,2026-06-09 16:38:21
Ci9DQUlRQUNvZENodHljRjlvT2xneFUwOXVlRlY0ZURsaE5VUmZTMHc1ZWpNeWQzYxAB,Farhan,5,"Puass,makanannya selalu oke👍
Pelayanan thyara",9 bulan lalu,5,5,5,Saoenk Cobek Bone,Google Maps,2026-06-09 16:38:21
Ci9DQUlRQUNvZENodHljRjlvT25kZlNVRlJXWGh5ZVMxaWIwUmZSbnAwVFZrd2FGRRAB,Andi Salwa A. Zalzabilah,5,"makanan enak dan pelayanan baik oleh kak wina,",9 bulan lalu,4,5,,Saoenk Cobek Bone,Google Maps,2026-06-09 16:38:21
Ci9DQUlRQUNvZENodHljRjlvT2paWlNWWmpNMDFuZHkxMWRYZDNNMDVGV0U1VGEwRRAB,Nur Haris,5,"enak pelayanan prima

a.n fajrin",9 bulan lalu,4,5,5,Saoenk Cobek Bone,Google Maps,2026-06-09 16:38:21
Ci9DQUlRQUNvZENodHljRjlvT25wNWVVUTNNUzAyVkc1dlNIcEVVbFZJV1RWbE1GRRAB,Subri,4,"Bagus, bersih, nyaman

Anisa",9 bulan lalu,4,5,5,Saoenk Cobek Bone,Google Maps,2026-06-09 16:38:21
Ci9DQUlRQUNvZENodHljRjlvT2xRNVZFeHpXaTFSVDFWeVpHSkRhMUkzZW5saVkyYxAB,Marhana Musmar.,5,"Makanannya enak
Tempatnya sejuk
Pelayananan ( Tiara ) staff ramah",9 bulan lalu,5,5,5,Saoenk Cobek Bone,Google Maps,2026-06-09 16:38:21
Ci9DQUlRQUNvZENodHljRjlvT2pWaWIwUmtVWFZsTUc1MWRrZ3piMW95TmtoMmIxRRAB,Putri ayu andira,5,"Makanannya enak, pelayanannya baik, ramah, dilayani oleh k risma",9 bulan lalu,5,5,5,Saoenk Cobek Bone,Google Maps,2026-06-09 16:38:41
Ci9DQUlRQUNvZENodHljRjlvT21KemFWQlBSak16ZVZaSFJWZEZPQzFYTTI5WFJsRRAB,Andi Afwah Anugrah Putri Aulia,5,"Mntap,adem dan cepat

Anisa",9 bulan lalu,5,5,5,Saoenk Cobek Bone,Google Maps,2026-06-09 16:38:41
Ci9DQUlRQUNvZENodHljRjlvT21Wak1YSlZVM0IwYVVSamNreDNORzVLV1dSRmQxRRAB,Eka NurAlam,5,"Keren banget, bawa tamu dari luar sulsel puas banget dengan jamuannya, nggak salah pilih tempat deh pokoknya. Recomended bangett✨✨✨",9 bulan lalu,5,5,5,Saoenk Cobek Bone,Google Maps,2026-06-09 16:38:41
Ci9DQUlRQUNvZENodHljRjlvT21RMVREaHpVMTloZGpkSVRVZHJhR1ZTVEMxS0xXYxAB,Imha Jhima,5,Tmptnya bagus makanannya enak pelayanan Risma baik ramah👍,9 bulan lalu,5,5,5,Saoenk Cobek Bone,Google Maps,2026-06-09 16:38:41
Ci9DQUlRQUNvZENodHljRjlvT25CT2FsTmpTRXBoUlhaS1QzWlJNV1ZoUW5oaVdWRRAB,Darmiati Yusuf,5,"Tempat sangat bagus, dan pelayanan memuaskan, makanan2 nya enak2",9 bulan lalu,5,5,5,Saoenk Cobek Bone,Google Maps,2026-06-09 16:38:41
Ci9DQUlRQUNvZENodHljRjlvT2sxck1UVklYMmxvWVZwd2IxQm9OR2RNUlVsaGNYYxAB,Andi Ulfiah,5,"enak makanannya, pelayanan juga oke, Nisa",9 bulan lalu,5,5,5,Saoenk Cobek Bone,Google Maps,2026-06-09 16:38:41
Ci9DQUlRQUNvZENodHljRjlvT25oT1pHMHlXRVZDZFRaalVsQlllWEZCVmtGT05YYxAB,Hj eni Ruslan,5,"Lokasi RM strategis mudah di jangkau
Pelayanan cepat dan ramah
#Risma",9 bulan lalu,,,,Saoenk Cobek Bone,Google Maps,2026-06-09 16:38:41
Ci9DQUlRQUNvZENodHljRjlvT2xka1oyTkxYMk5qZGtwd05XSkZPSGczTjBGaWRYYxAB,Itha 1989,5,"Lokasi RM strategis cukup mudah di akses, tempatnya bersih dan luas
Pelayanan cepat dan ramah",9 bulan lalu,,,,Saoenk Cobek Bone,Google Maps,2026-06-09 16:38:41
Ci9DQUlRQUNvZENodHljRjlvT2pOalRVUTJSRUpQVlhscVdERnNPRkp2ZFZoZlUxRRAB,Asma Jayadi,5,"Enak,suananya jg nikmat(Anisa)",9 bulan lalu,5,5,5,Saoenk Cobek Bone,Google Maps,2026-06-09 16:38:41
Ci9DQUlRQUNvZENodHljRjlvT2sxbGRGbExWM0ZJYVVGQ1FUWjViMFJWVUZKR2VuYxAB,Farid,5,"Puas dan nikmat makanannya👌
Kakk Tiara #",9 bulan lalu,5,5,5,Saoenk Cobek Bone,Google Maps,2026-06-09 16:38:41
Ci9DQUlRQUNvZENodHljRjlvT2xoeExTMUNkSFpWUjNSUFVHMVZZVnAwVm5wdVkxRRAB,is wahyuniii,5,sangat enak,9 bulan lalu,5,5,5,Saoenk Cobek Bone,Google Maps,2026-06-09 16:39:02
Ci9DQUlRQUNvZENodHljRjlvT25wRWNYTmxkRTFIVVRSb1N6a3lSVEJYY2tFNWIyYxAB,putra ahdiansar,5,PELAYANAN YANG CEPAT DAN RASA MAKANAN YG THE BEST🥳,9 bulan lalu,5,5,5,Saoenk Cobek Bone,Google Maps,2026-06-09 16:39:02
Ci9DQUlRQUNvZENodHljRjlvT21OUGNUZFNjSG93WlZSZlQzUkZObk54VjJ4SmVWRRAB,Rahmi Nur,5,"Suasananya bagus,pelayanan Ats nama Risma baik,makanan enak .pokoknya suka makan di tempat ini karena privasi",9 bulan lalu,5,5,5,Saoenk Cobek Bone,Google Maps,2026-06-09 16:39:02
Ci9DQUlRQUNvZENodHljRjlvT25SSlRUSklXR3A1VDE4emJrcHBNMmhFU2pCaVFuYxAB,Kalibong Absen2025,5,"Terimah kasih, makanan nya enak dan tempatnya nyaman ( RISMA)",9 bulan lalu,5,5,5,Saoenk Cobek Bone,Google Maps,2026-06-09 16:39:02
Ci9DQUlRQUNvZENodHljRjlvT25rMVNETXRaVzlZVDBvNWVUQlVURlY1V1hoNmVrRRAB,Nur cahya,5,"waah tdk pernah mengecewakan ,makanan yg bgus rasax dan enak di lidah,pelayana baik ,okey”Anisa",9 bulan lalu,5,5,5,Saoenk Cobek Bone,Google Maps,2026-06-09 16:39:02
Ci9DQUlRQUNvZENodHljRjlvT25KbFZXSXdWa1pDZG1Kdlp6QjNja3RxWmtObVNtYxAB,Risma Wtp,5,Pelayananyanya ramah whyne,9 bulan lalu,5,5,5,Saoenk Cobek Bone,Google Maps,2026-06-09 16:39:02
Ci9DQUlRQUNvZENodHljRjlvT2kxclJ6QnBVa0p0UzFoRlZXeDRXVE5NZFY5R05rRRAB,Herman Bakri,5,"makanannya enakkk bangetttt betulan ka nda bohongg masaknya pass nda mentah, sambalnya ramah dimulut, pelayanannya kak tiara baguss kakaknya ramah baikkk tim penyedia makannya juga gercep. suasanya TENANG BANGETTT cocok jadi tempat family time tengkyuu kak 🫰🏻",9 bulan lalu,5,5,5,Saoenk Cobek Bone,Google Maps,2026-06-09 16:39:02
Ci9DQUlRQUNvZENodHljRjlvT2tzeWNHeHVWVEkzYUhKbGNGSlVXWGcyUzBkMlNYYxAB,Meryam Meri,5,"Pelayanan bagus, makanan enak, tempat bersih Risma",9 bulan lalu,5,5,5,Saoenk Cobek Bone,Google Maps,2026-06-09 16:39:02
Ci9DQUlRQUNvZENodHljRjlvT21wdWNITTVSREZPVVZoQlltMXJjUzE2WDFOVllWRRAB,Anii Utami,5,"Makanannya enak, suasananya nyaman, adem,, pelayannannya bagus..  (anisa)",9 bulan lalu,5,5,5,Saoenk Cobek Bone,Google Maps,2026-06-09 16:39:02
Ci9DQUlRQUNvZENodHljRjlvT2kxWlRYQmplV3BvYmtwSGNXaHlXSE14WlY5M1lYYxAB,Tojo Ganteng,5,"Suasana sama pelayanannya terbaik, fajrin",9 bulan lalu,5,5,5,Saoenk Cobek Bone,Google Maps,2026-06-09 16:39:02
Ci9DQUlRQUNvZENodHljRjlvT2pkdVRIVTVSeTEwZFZSdGVGSTBXVFZqWlRKSmIzYxAB,Aril Aril,5,Pelayanannya sopan whyne,9 bulan lalu,5,5,5,Saoenk Cobek Bone,Google Maps,2026-06-09 16:39:22
Ci9DQUlRQUNvZENodHljRjlvT2pWRE0xZzNNbUpaTlZvNFEyOXJaVU5GYW5sbWRWRRAB,Kasih Pertiwi,5,Tmptnya bagus makanannya enak pelayanannya KK Risma baik ramah😘😘,9 bulan lalu,5,5,5,Saoenk Cobek Bone,Google Maps,2026-06-09 16:39:22
Ci9DQUlRQUNvZENodHljRjlvT21oS1VtSkNWRFpmUmtwUFRubEZkVU5FYTJGelptYxAB,safira syila la,5,Makanannya enak enak puas dengan rasanya#thnkz kak thyara,9 bulan lalu,5,5,5,Saoenk Cobek Bone,Google Maps,2026-06-09 16:39:22
Ci9DQUlRQUNvZENodHljRjlvT2tJelNqTldSbEZuZUhaMlgyODVVSGhNYjFKQ2VWRRAB,Anjas MulyaS,5,Recommend untuk family time (Tiara),9 bulan lalu,5,5,5,Saoenk Cobek Bone,Google Maps,2026-06-09 16:39:22
Ci9DQUlRQUNvZENodHljRjlvT2xoNldsQm5lRGxPVVV0cmJrSmlSV000VEUxM0xXYxAB,syahrul Gunawan,5,Tempatnya bagus makanannya enak pelayanannya bagus Risma👍,9 bulan lalu,5,5,5,Saoenk Cobek Bone,Google Maps,2026-06-09 16:39:22
Ci9DQUlRQUNvZENodHljRjlvT2pKaFNsaHVibDkzUW5ORFZGOXJSME5uYkZkVGRGRRAB,Diva,5,Tempatnya nyaman pelayanannya ramah whyne,9 bulan lalu,5,5,5,Saoenk Cobek Bone,Google Maps,2026-06-09 16:39:22
Ci9DQUlRQUNvZENodHljRjlvT2pKcWRrUkRlVjlVTmpkU1JISkJjMWwyYUZodFVuYxAB,Marwah Wtp,5,Mantaapppp👍,9 bulan lalu,5,5,5,Saoenk Cobek Bone,Google Maps,2026-06-09 16:39:22
Ci9DQUlRQUNvZENodHljRjlvT21wUFMzUnNZbWx0VVZNM1ZsUmplVEF5V1haaWVuYxAB,Bayu Pratama,5,Tmpatnya bagus pelayanan Risma ramah,9 bulan lalu,5,5,5,Saoenk Cobek Bone,Google Maps,2026-06-09 16:39:22
Ci9DQUlRQUNvZENodHljRjlvT21kT1dqVkhWbFpVVFU1eVRsOXBhREJCWjFKVmMzYxAB,St Kamriana,5,Tmpatnya bagus pelayanan risma ramah,9 bulan lalu,5,5,5,Saoenk Cobek Bone,Google Maps,2026-06-09 16:39:22
Ci9DQUlRQUNvZENodHljRjlvT25Sb1VuVTNkemd4WkVkS1NFUmtPVXBrWDB4eWFVRRAB,Nadia Wulan Sari,5,"Makanan nya enak
Pelayanannya ramah
Risma",9 bulan lalu,,,,Saoenk Cobek Bone,Google Maps,2026-06-09 16:39:22
Ci9DQUlRQUNvZENodHljRjlvT25GWk9UQTJOVUpWTW01S01HOWxjbWhOVUU5MFdGRRAB,Alamnur,5,Pelayanannya ramah whyne Susana nya adem,9 bulan lalu,5,5,5,Saoenk Cobek Bone,Google Maps,2026-06-09 16:39:43
Ci9DQUlRQUNvZENodHljRjlvT2sxcFMwWjBka3RFWW5VNGNHVlVhVGg0TkRBNFVtYxAB,Ekhy Halifaaa,5,Pelayanan ramah whyne,9 bulan lalu,5,5,5,Saoenk Cobek Bone,Google Maps,2026-06-09 16:39:43
Ci9DQUlRQUNvZENodHljRjlvT21oeloxOTBNbXBETTJOa01qWkhXRjkxTmxJd2RGRRAB,muhammad yusril,5,Tmptnya bagus makanan enak pelayanan Kk Fajrin baik ramah sangat sangat puas,9 bulan lalu,5,5,5,Saoenk Cobek Bone,Google Maps,2026-06-09 16:39:43
Ci9DQUlRQUNvZENodHljRjlvT21ac2FXUTRMV1ZEVkZnMlJrVnBiWGhwTUZWUE1HYxAB,Alif Riswan,5,"Makanan mantap , suasana nya sejuk dan bersih dan pelayanannya cepat . MAKASIH KK FAJRIN",9 bulan lalu,,5,,Saoenk Cobek Bone,Google Maps,2026-06-09 16:39:43
Ci9DQUlRQUNvZENodHljRjlvT21OWE1GaHBjVXhDU21kVkxXTkphWFZtWWxSM1ZVRRAB,Tiarajuli A,5,"Semuanya sudah mantap,pelayanan risma",9 bulan lalu,5,5,5,Saoenk Cobek Bone,Google Maps,2026-06-09 16:39:43
Ci9DQUlRQUNvZENodHljRjlvT2tSNFYzcERTMnhJZW5OSlZFTkxSM0JpZEZCUVNuYxAB,Kurniawan Wawan,5,"sangat direkomendasi bareng keluarga, pelayanan baik
-Fajrin",9 bulan lalu,5,5,5,Saoenk Cobek Bone,Google Maps,2026-06-09 16:39:43
Ci9DQUlRQUNvZENodHljRjlvT2tReGMxcGtRVUp0VnpCVk5taHJORWN6ZDNWQk5WRRAB,Idha HS,5,Makanannya enak dan murah,9 bulan lalu,5,5,4,Saoenk Cobek Bone,Google Maps,2026-06-09 16:39:43
Ci9DQUlRQUNvZENodHljRjlvT2xsV2EzWndZV3ByWW5oQmEyUnNVbXBpU0c5cVZHYxAB,kodok salto,4,"Tempatx bagus,suasana okee(Tiara)",9 bulan lalu,4,5,5,Saoenk Cobek Bone,Google Maps,2026-06-09 16:39:43
Ci9DQUlRQUNvZENodHljRjlvT25GVVFrcGhhemRXU1RVMmVHVk5iVTVHY1VoWU4zYxAB,Puput Nv,5,Pelayanan baik,9 bulan lalu,5,5,5,Saoenk Cobek Bone,Google Maps,2026-06-09 16:39:43
Ci9DQUlRQUNvZENodHljRjlvT25SdFUwRk5UVWxvZVhSV2NEbEhRbmxpV1c5MFIzYxAB,Aril,5,Makanannya enak suasananya nyaman pelayanan bagus terutama waiters as Risma,9 bulan lalu,5,5,5,Saoenk Cobek Bone,Google Maps,2026-06-09 16:39:43
Ci9DQUlRQUNvZENodHljRjlvT2xoWU0ySnBZMFpSU0ZCaGMzUXpNRk5MVTJOclRrRRAB,lato lolo,5,"Makanannya mantap banget
Pelayanannya gercep skali 🤤🥰
-Fajrin",9 bulan lalu,5,5,5,Saoenk Cobek Bone,Google Maps,2026-06-09 16:40:04
Ci9DQUlRQUNvZENodHljRjlvT21abFRtdEpNVlJmV1dWSmJuRkRWVVkxVDJVek4wRRAB,Haikal,5,Suasana ademm,9 bulan lalu,5,5,5,Saoenk Cobek Bone,Google Maps,2026-06-09 16:40:04
Ci9DQUlRQUNvZENodHljRjlvT2xKUmNGRkZTemRWTVU1TVZVUjZZV1ZwVVY5UVduYxAB,A. Fhara Ramadani,5,Pelayanan atas nama Wina ramahhh 😇😍,9 bulan lalu,5,5,5,Saoenk Cobek Bone,Google Maps,2026-06-09 16:40:04
Ci9DQUlRQUNvZENodHljRjlvT2tnME4yMUxaVVpHZFdGNFFYaHNMVGc0VkhacU5FRRAB,eva riantiindo,5,,9 bulan lalu,5,5,5,Saoenk Cobek Bone,Google Maps,2026-06-09 16:40:04
Ci9DQUlRQUNvZENodHljRjlvT2tsS2FYbFJSa1psYjNadVFYVk5MVmhsTUc1Wk4yYxAB,vivi suwanty,5,"Makanan mantap
Suasananya sejuk dan bersih
Pelayanannya sangat baik
-Fajrin",9 bulan lalu,5,5,5,Saoenk Cobek Bone,Google Maps,2026-06-09 16:40:04
Ci9DQUlRQUNvZENodHljRjlvT2taWFZuaFVZMGRDVEZNd1VEUnpkMjV5Vm1sNmVGRRAB,Harjit Black,5,"Makanan Enak Pelayanan baik
-Fajrin",9 bulan lalu,5,5,5,Saoenk Cobek Bone,Google Maps,2026-06-09 16:40:04
Ci9DQUlRQUNvZENodHljRjlvT2xGVFRXMW1lVlp6U0dwVVdrWTVMVmxrWW1OWFMyYxAB,Waly Farham,5,"pelayan Wina: baik dan ramah
makananya juga enak
Terima kasih",9 bulan lalu,5,5,5,Saoenk Cobek Bone,Google Maps,2026-06-09 16:40:04
Ci9DQUlRQUNvZENodHljRjlvT2pGMFNqaExWakpoTFRKNVMwRndZVEI1YVZWRWNGRRAB,Fandi Mrd,5,Tempatnya bagus makanannya enak pelayanannya kk Risma bagus  ramah 👍,9 bulan lalu,5,5,5,Saoenk Cobek Bone,Google Maps,2026-06-09 16:40:04
Ci9DQUlRQUNvZENodHljRjlvT2pGNE9VbFBTV3hJU25aNVVGSkZMVFV3ZUdJNGVIYxAB,deni sumbung,5,"Ok...
Pelayanan Tiara",9 bulan lalu,5,5,5,Saoenk Cobek Bone,Google Maps,2026-06-09 16:40:04
Ci9DQUlRQUNvZENodHljRjlvT25KNFlsTk5jRGsyTUd0c1lUaHVibVJuVkZOR2VIYxAB,ST Rahma,5,"Pelayanan Tiara, tempatnya nyaman, menunya enak² pelayanannya baik",9 bulan lalu,5,5,5,Saoenk Cobek Bone,Google Maps,2026-06-09 16:40:04
Ci9DQUlRQUNvZENodHljRjlvT21kTllXaG5kVFoxTVdGb1ozaFZRVGwxVnpGVGNXYxAB,randika raudah,5,Pelayanannya ramah wina,9 bulan lalu,5,5,5,Saoenk Cobek Bone,Google Maps,2026-06-09 16:40:25
Ci9DQUlRQUNvZENodHljRjlvT201NVlWWmFlVVpEZGxKYWVFa3pjR0YwVFhsb1UyYxAB,Jumrah Nasrul,5,"Pilihan menu beragam dan suasana cocok untuk kumpul keluarga serta pelayanannya sangat bagus terutama waiters an Risma , next time kesini lagi deh",9 bulan lalu,5,5,5,Saoenk Cobek Bone,Google Maps,2026-06-09 16:40:25
Ci9DQUlRQUNvZENodHljRjlvT2xWNGNtaENhVXRKVjFsQmFVODRaSHBYWVVSUlFtYxAB,Suci Ramadhani,5,"Tempat makan rekomen dibone, rasa masakannya juga pas dan bikin nagih. Palayanannya juga sangat ramah
@fajrin",9 bulan lalu,5,5,5,Saoenk Cobek Bone,Google Maps,2026-06-09 16:40:25
Ci9DQUlRQUNvZENodHljRjlvT2kwMlQyVlBUMUZZUkZsdVJHcDZkV2hRUkRCSFJIYxAB,megawana erwin,5,"Memuaskan,makanan enak,tempat nyaman, pelayan baik oleh kakak risma",9 bulan lalu,5,,5,Saoenk Cobek Bone,Google Maps,2026-06-09 16:40:25
Ci9DQUlRQUNvZENodHljRjlvT2tOVU5FRkJXRWR1TldSQ1oxOHhWRTlsVlVGNVJGRRAB,fathir ramadhan,5,"Over all good👍🏽
Cocok untuk family time, kualitas makanan dan pelayanan nya tdk diragukan lagi, Besttt👍🏽👍🏽👍🏽",9 bulan lalu,5,4,4,Saoenk Cobek Bone,Google Maps,2026-06-09 16:40:25
Ci9DQUlRQUNvZENodHljRjlvT21STU1YaE5ORGRZYURCQ1lWWTNaRGRwZFROV01WRRAB,Dian Andira,4,"Suasana nyaman, pelayanan ok, makanan enak. Terima kasih de wina untuk layanannya 🫰",9 bulan lalu,4,4,4,Saoenk Cobek Bone,Google Maps,2026-06-09 16:40:25
Ci9DQUlRQUNvZENodHljRjlvT21FeU4wWkRNVFZWZGpSdFQzUndOVzVFUmpoaU5WRRAB,rinto toto,4,Mantap pelayanannya,9 bulan lalu,4,4,5,Saoenk Cobek Bone,Google Maps,2026-06-09 16:40:25
Ci9DQUlRQUNvZENodHljRjlvT2pKMmNHWldjRkJLY0ZkellsZHhlbGRCVEdsU2NtYxAB,Artyom Milka,5,pelayanan wina mantul,9 bulan lalu,5,5,5,Saoenk Cobek Bone,Google Maps,2026-06-09 16:40:25
Ci9DQUlRQUNvZENodHljRjlvT2w5WlNrUXpjakphWTBGTVJXYzRVRVpxWDBoeVJGRRAB,Riski Safitri,5,"Makanannya enak2  dan pelayanan baik

Pelayanan kak tyara",9 bulan lalu,5,5,5,Saoenk Cobek Bone,Google Maps,2026-06-09 16:40:25
Ci9DQUlRQUNvZENodHljRjlvT2t0MVNqQnJZamxwYm5oaVltUXhkVTF5V1ZsQlZIYxAB,Arfah Ardani,5,"Makanan enak
Pelayanan baik
-Fajrin",9 bulan lalu,5,5,5,Saoenk Cobek Bone,Google Maps,2026-06-09 16:40:25
Ci9DQUlRQUNvZENodHljRjlvT2xjMFZVMDBiRjlqYkZkWGQzcDNVa1prWjBack1FRRAB,Tika,5,"Sangat Memuaskannnn,Pelayanannya Juga Sangat Ramahh Dan Cepat risma",9 bulan lalu,5,5,5,Saoenk Cobek Bone,Google Maps,2026-06-09 16:40:45
Ci9DQUlRQUNvZENodHljRjlvT2xBelJrOVNWRXR2VlhnNWFXMWtZa0ZQWVZCQlpFRRAB,Ismy Amaliah Bakri,5,"makanannya enak, tempatnya nyaman, pelayanan tiara 🌟🌟🌟🌟🌟",9 bulan lalu,5,5,5,Saoenk Cobek Bone,Google Maps,2026-06-09 16:40:45
Ci9DQUlRQUNvZENodHljRjlvT205UFFuRm9UV1ZKWkZoTVREWnNZamM0YlVGVWJYYxAB,Sul Lihi,5,"Makanannya enak, tempatnya nyaman, pelayanannya oke dan ramah. Risma",9 bulan lalu,5,5,5,Saoenk Cobek Bone,Google Maps,2026-06-09 16:40:45
Ci9DQUlRQUNvZENodHljRjlvT2pJeGRIVjFVVUpOY1ZsdU16RnBUa05LWDJkSlFrRRAB,Reski Suci,5,Rasa masakannya enak. Fajrin,9 bulan lalu,5,5,5,Saoenk Cobek Bone,Google Maps,2026-06-09 16:40:45
Ci9DQUlRQUNvZENodHljRjlvT25SSk1GcFBiMVJDTnprMWJqVjRYMDgyUnpSWVJuYxAB,nyonya jungjaehyun,5,Tmpatnya bagus Adem makanannya enak pelayanannya kk Risma bagus ramah 👍👍🥰,9 bulan lalu,5,5,5,Saoenk Cobek Bone,Google Maps,2026-06-09 16:40:45
Ci9DQUlRQUNvZENodHljRjlvT2xReFEyOWZWVkoyVFc1bE5YQXhYelZLWWkxUldrRRAB,Ulya Dzakira,5,"suasana nyaman, makanan nya lezat lezat, pelayanan kak risma sangat bagus. the best pokoknya",9 bulan lalu,5,5,5,Saoenk Cobek Bone,Google Maps,2026-06-09 16:40:45
Ci9DQUlRQUNvZENodHljRjlvT2poVllUTTVNazVQZVVKVmJsVmhXbXB6T1RCalRXYxAB,Samarinda Seberang,5,Nasigoreng seafood nya enak#Tiara,9 bulan lalu,5,5,5,Saoenk Cobek Bone,Google Maps,2026-06-09 16:40:45
Ci9DQUlRQUNvZENodHljRjlvT2tNemJXZzFlV1Z1UVZWRGRWazRibmwxUVROUk1sRRAB,Andika Andika,5,"Suasananya sejuk , makanan nya juga enak# terimakasih pelayanan Tiara",9 bulan lalu,5,5,5,Saoenk Cobek Bone,Google Maps,2026-06-09 16:40:45
Ci9DQUlRQUNvZENodHljRjlvT2toc1UwNTZTRkJ6VWxKWVNGVm9VWFpxZERGdWQyYxAB,NP Sari,5,"Makanannya enak, Pelayanan dari kak Wina ramah, suasana nya adem serasa di air terjun, recomended tempat makan paling nyaman di Bone",9 bulan lalu,5,5,5,Saoenk Cobek Bone,Google Maps,2026-06-09 16:40:45
Ci9DQUlRQUNvZENodHljRjlvT25oUFJrVnZabVV3UlRoVmRWWkJRbFZZU1ZoM1JrRRAB,Iccang Wtp,5,"Makanannya mantap
Pelayanannya Bagus
-Fajrin",9 bulan lalu,5,5,5,Saoenk Cobek Bone,Google Maps,2026-06-09 16:40:45
Ci9DQUlRQUNvZENodHljRjlvT2s1V2VVRTVlSGRuTjNGdVVFWlBSa2huTFV0aGVFRRAB,Alwan Muing,5,Nyaman dan sangat enak. Pelayanan dari Wina sangat ramah dan baik,9 bulan lalu,5,5,5,Saoenk Cobek Bone,Google Maps,2026-06-09 16:41:06
Ci9DQUlRQUNvZENodHljRjlvT2pSbmRWcDFNR2cwWlRWa2NEbGlORUp2V1dwbU9VRRAB,Hikmawati Hikma,5,Suasananya adem🥰 terimakasih tiara,9 bulan lalu,5,5,5,Saoenk Cobek Bone,Google Maps,2026-06-09 16:41:06
Ci9DQUlRQUNvZENodHljRjlvT25WSVh6TkVhMHMzV21ZMVgwcFJTRGxqWVMxR2VGRRAB,SARMILA A,5,"Makanan mantap
Suasananya nyaman dan bersih
Pelayanannya sangat baik
Thanks kk Fajrin",9 bulan lalu,5,5,5,Saoenk Cobek Bone,Google Maps,2026-06-09 16:41:06
Ci9DQUlRQUNvZENodHljRjlvT2xaR1VGQkxTV0ZhUW5wc1RIcExOVXhUVkVVMVIwRRAB,Haedirx88,5,Enak makanannya pas rasanya  pajrin,9 bulan lalu,5,5,5,Saoenk Cobek Bone,Google Maps,2026-06-09 16:41:06
Ci9DQUlRQUNvZENodHljRjlvT25GcU5VcHBZbVJFT1haSWMxbHRSMXBNUmxSaVprRRAB,Martdianty Pongtuluran,5,"Makanan enakkkkk, ikan bakar rica-ricanya mantapp, pelayanan bintang 5. Yerimakaskh Mbak Nina dan Saung Cobek Bone.",9 bulan lalu,,,,Saoenk Cobek Bone,Google Maps,2026-06-09 16:41:06
Ci9DQUlRQUNvZENodHljRjlvT2paVVdXSkNPRmxZUjE4M1FtSTBaWEpzVUVoalNXYxAB,Rahmat Hidayat,5,"pelayanannya begitu baik, apalagi dengan karyawan atas nama fajrin yg memberikan service excellent untuk saya.",9 bulan lalu,5,5,5,Saoenk Cobek Bone,Google Maps,2026-06-09 16:41:06
Ci9DQUlRQUNvZENodHljRjlvT2s1b1ZreHJNVlZPVDJKdmJrUTNNM0pXTVZkUE5WRRAB,Firda Nurdin,5,"Suasananya bersih dan nyaman
Pelayanannya mantap",9 bulan lalu,5,5,5,Saoenk Cobek Bone,Google Maps,2026-06-09 16:41:06
Ci9DQUlRQUNvZENodHljRjlvT2xadk5rMTBUMFo2UzBwUlNXdFZiREk0VFhGU2VGRRAB,Nur Syaida,5,"Makanannya enak
pelayanannya baik,ramah, dan juga cepat
Makasih fajrin",9 bulan lalu,5,5,5,Saoenk Cobek Bone,Google Maps,2026-06-09 16:41:06
Ci9DQUlRQUNvZENodHljRjlvT2pCM1RGQmphbWROWVUxVU9ISnRRVkUwTkVSalYzYxAB,Farhan Aco,5,Makanan lezat. Fajrim,9 bulan lalu,5,5,5,Saoenk Cobek Bone,Google Maps,2026-06-09 16:41:06
Ci9DQUlRQUNvZENodHljRjlvT2xFNU9FOTRNV1kyUmpab1lYbFlTVmhxY0Y4eE5GRRAB,Nur Ainqistina,5,tempatnya bagus ikannya segar pelayanannya dek risma baik ramah,9 bulan lalu,,,,Saoenk Cobek Bone,Google Maps,2026-06-09 16:41:06
Ci9DQUlRQUNvZENodHljRjlvT25WWE1XSTBOVXRMYm1WUmJuRmZiMVoxVTNCMFVtYxAB,Shofia Indra Widari,5,"enak2 menu nya disini, selalu balik lagi. terimakasih jg kak risma atas pelayanannya. sukses selalu",9 bulan lalu,5,5,5,Saoenk Cobek Bone,Google Maps,2026-06-09 16:41:27
Ci9DQUlRQUNvZENodHljRjlvT2xWSFluUTFUelpRY0dFeGQyTkNORzlqTVd4bVVHYxAB,enalfianti 96,5,"pelayanannya bagus ramah

fajrin",10 bulan lalu,5,4,5,Saoenk Cobek Bone,Google Maps,2026-06-09 16:41:27
Ci9DQUlRQUNvZENodHljRjlvT2xSSlRuQm9WM0pEZEdWcGMzVlFVM1V4TFhaclEzYxAB,Rahmy Syahrir,5,"Pelayanan sangat baik
Rasa makanannya juga sangat enak
Terimakasih chef Fajrin",10 bulan lalu,5,5,5,Saoenk Cobek Bone,Google Maps,2026-06-09 16:41:27
Ci9DQUlRQUNvZENodHljRjlvT25kaU5FbHpTRzgyZVVsbk5HRlhZM0V0TmxoUE0wRRAB,Andi Haikal,5,"Jus alpukatnya segar, cocok banget buat cuaca seperti ini, harganya juga oke😘#Terima kasih Tiara😍",10 bulan lalu,5,5,5,Saoenk Cobek Bone,Google Maps,2026-06-09 16:41:27
Ci9DQUlRQUNvZENodHljRjlvT2w5VU5FNUlOREJZTlhKYUxVc3hkR1JUYkZaSFMzYxAB,Wanda,5,Semuanya sudah mantap👍Pelayanan mba tiara,10 bulan lalu,5,5,5,Saoenk Cobek Bone,Google Maps,2026-06-09 16:41:27
Ci9DQUlRQUNvZENodHljRjlvT2tkeldEZHBURXRGWjI1NWRIVTJaWE41TURKeFVsRRAB,Nur Akifa,5,"Ayam bakar madu nya enak,suasana sejuk,terimasih tiara 😊",10 bulan lalu,5,5,5,Saoenk Cobek Bone,Google Maps,2026-06-09 16:41:27
Ci9DQUlRQUNvZENodHljRjlvT21kc1ZFbFFjalIwVlU5YVFVWkpOVGxMYVdsU1NWRRAB,Fitriani Fitriani,5,Tmptnya bagus makanan enak pelayanan dek Risma baik ramah sangat puas pokoknya👍🏻,10 bulan lalu,5,5,5,Saoenk Cobek Bone,Google Maps,2026-06-09 16:41:27
Ci9DQUlRQUNvZENodHljRjlvT2s5RU5rVmlUVGRZTWxCWVFWQkRSRTFpWkc1Sk1IYxAB,Ainun Arfina,5,Makanannya enak dan pelayanannya sangat baik. Terimakasih Tiara💋,10 bulan lalu,5,5,5,Saoenk Cobek Bone,Google Maps,2026-06-09 16:41:27
Ci9DQUlRQUNvZENodHljRjlvT2xSd2RFVkZWMXBqWWpOSmRsUmZXVEpaYjJGemFWRRAB,Pinky Pinky,5,,10 bulan lalu,,,,Saoenk Cobek Bone,Google Maps,2026-06-09 16:41:27
Ci9DQUlRQUNvZENodHljRjlvT2pkRFRGQmZhRzF0WDBweWRISkdWMnAxU2kxVmRsRRAB,Bessenur Aviva,5,"Sangat bagus dan pelayanannya baik dan cepat
Risma",10 bulan lalu,5,5,5,Saoenk Cobek Bone,Google Maps,2026-06-09 16:41:27
Ci9DQUlRQUNvZENodHljRjlvT2t0RVNHVnNSVVpLU21oTVZXMHdaMHQwUTNnd01YYxAB,Hasmi Hamsah,5,,10 bulan lalu,5,5,4,Saoenk Cobek Bone,Google Maps,2026-06-09 16:41:47
Ci9DQUlRQUNvZENodHljRjlvT25sc05VdGZlbk5CWDFoNlZuRkNORTlVUldGU2QzYxAB,sriiiwhyunii,5,"Seafood tumpahnya bikin nagih,terimakasih pelayanan tiara 🤗",10 bulan lalu,4,5,4,Saoenk Cobek Bone,Google Maps,2026-06-09 16:41:47
Ci9DQUlRQUNvZENodHljRjlvT25BeU0wTlVXbkpKZW1SbFVUSjVWSGhhZVU5WFdVRRAB,CARE_IN BONE,5,Pelayanan Risma sangat bagus.,10 bulan lalu,5,5,5,Saoenk Cobek Bone,Google Maps,2026-06-09 16:41:47
Ci9DQUlRQUNvZENodHljRjlvT2t3elNGQkZRVzlsTmpKMGVrMTBVblpsUzFaVGVsRRAB,Una,5,"Pelayanannya cepat, makasih kak fajrin. Makanannya enak semua, ini kedua kalinya makan disini, suka gazebonya yg adem👍👍",10 bulan lalu,5,5,5,Saoenk Cobek Bone,Google Maps,2026-06-09 16:41:47
Ci9DQUlRQUNvZENodHljRjlvT2tZNGRrcEllRFZaZURocWNtMURPWGd3YTFaclRVRRAB,Minerva Aisyah,5,"Tempatnya bagus dan makanannya enak!! (^o^)/,makasih kak fajrin ngak perlu nambah dan udah ready semua",10 bulan lalu,5,5,5,Saoenk Cobek Bone,Google Maps,2026-06-09 16:41:47
Ci9DQUlRQUNvZENodHljRjlvT25kNFkwdzRjQzAxZDBSdmRIZGlZMDAwZUdaYU9WRRAB,Lucy Febrianti,5,"Masakan mantap , pelayanan baik
Fajrin",10 bulan lalu,5,5,5,Saoenk Cobek Bone,Google Maps,2026-06-09 16:41:47
Ci9DQUlRQUNvZENodHljRjlvT2tVNFZsUTFVRmxVTmxOUWVIWkdkakJZVWtWdGFHYxAB,Wanty,5,"Tempatnya nyaman, makanannya enak2..🙏🏻
Pelayanannya Risma memuaskan",10 bulan lalu,5,5,5,Saoenk Cobek Bone,Google Maps,2026-06-09 16:41:47
Ci9DQUlRQUNvZENodHljRjlvT2t4RmNISmFOMHBNY1dGelRsOTVWVEo2Vm5OUVYwRRAB,Amaliah Nur Rahmah,5,,10 bulan lalu,4,5,5,Saoenk Cobek Bone,Google Maps,2026-06-09 16:41:47
Ci9DQUlRQUNvZENodHljRjlvT2pOblFUYzJUREJVZUZVMWNXaERSSGxwZUdrNGNIYxAB,Selvi Ani,5,"Ayamx sangt enk pelayanan fajrin jg sangt baik,,,",10 bulan lalu,5,5,5,Saoenk Cobek Bone,Google Maps,2026-06-09 16:41:47
Ci9DQUlRQUNvZENodHljRjlvT2kxZk0xVllSa2RpUkVoUmQzTkZSa0Z1UldwMGFVRRAB,vivi suyanti,4,"Pertama kali ke soenk cobe bone ternyata tempatnya nyaman sekali, makanannya juga enak2 dan dilayani sama mba wine yg super ramah",10 bulan lalu,5,5,5,Saoenk Cobek Bone,Google Maps,2026-06-09 16:41:47
Ci9DQUlRQUNvZENodHljRjlvT21SS2FsOVZkVEV4WmpCNGVraEVZVEJ3TVdSUlpXYxAB,Dian Dian,5,Makananya enak ayam padangnya enak tempatnya nyaman bersih pelayanan bagus ramah makasi dek risma 👍,10 bulan lalu,5,5,5,Saoenk Cobek Bone,Google Maps,2026-06-09 16:42:08
Ci9DQUlRQUNvZENodHljRjlvT2xwYU1FOXliMDU2VWtVNFZFZHpkbDlrYWtocU4xRRAB,Azzam Al,5,"makanan enak banget pas rasa ,es campurnya saya suka,dan layanan Annisa baik",10 bulan lalu,5,5,5,Saoenk Cobek Bone,Google Maps,2026-06-09 16:42:08
Ci9DQUlRQUNvZENodHljRjlvT2pBemRXMU5SbWxYY1dsM2JsOVVRWFYzWjBWck5sRRAB,Ilmiyah Mhy,5,"Tempatnya nyaman, mkananya enak mantap trus pelayanannya bgus aplgi dgn risma",10 bulan lalu,5,5,5,Saoenk Cobek Bone,Google Maps,2026-06-09 16:42:08
Ci9DQUlRQUNvZENodHljRjlvT21KTVRUaDJaV1JLVUhoR1ZqUnNZVGsxWTJ4MWNrRRAB,Wahdini Nur,5,Makanannya enak tempatnya bagus nyaman pelayanan bagus ramah cepat mksi Risma👍,10 bulan lalu,5,5,5,Saoenk Cobek Bone,Google Maps,2026-06-09 16:42:08
Ci9DQUlRQUNvZENodHljRjlvT2xBNFRYUnhZMjAzTkRrMlgydEVaVFZoWjFZMWRtYxAB,Sidin Wtp,5,Enak(Nisa),10 bulan lalu,3,3,4,Saoenk Cobek Bone,Google Maps,2026-06-09 16:42:08
Ci9DQUlRQUNvZENodHljRjlvT2treVZESldUSHB5Yms5TmEyZEtkblZwV1hCalFrRRAB,ila said,5,"Makanannya Enak
Suasananya Bersih , Tenang dan Nyaman
Pelayanan sangat Cepat dan Ramah 👍🏻
Makasih Kk.Fajrin",10 bulan lalu,5,5,5,Saoenk Cobek Bone,Google Maps,2026-06-09 16:42:08
Ci9DQUlRQUNvZENodHljRjlvT2xGc1QydHFVbXhVYkdGYVUxOXpPV1phZEU5SVRHYxAB,Askur Lern,5,"Tempatnya nyaman, pelayanannya oke, risma",10 bulan lalu,5,5,5,Saoenk Cobek Bone,Google Maps,2026-06-09 16:42:08
Ci9DQUlRQUNvZENodHljRjlvT21FNFZFdHlRVWhVTFV0elRIbEdNR0U1WkRWSlQwRRAB,Dhika Dhika,5,,10 bulan lalu,5,5,5,Saoenk Cobek Bone,Google Maps,2026-06-09 16:42:08
Ci9DQUlRQUNvZENodHljRjlvT2pGb2IwbE5jSGR3Y0hCNWJqRkpUVVZRU0dSVWQzYxAB,Achmad M Haidar,5,"Pelayanannya ramah 👍
Khususnya fajrin ramadhan",10 bulan lalu,5,5,5,Saoenk Cobek Bone,Google Maps,2026-06-09 16:42:08
Ci9DQUlRQUNvZENodHljRjlvT21ZMWFHaGxVR3RVU0VNNGJIcGpaMjF2UWpoQlVFRRAB,Arga Alfana Arifin,5,"Layanan pelanggan sangat memuaskan! Fajrin sangat ramah, membantu kami memilih menu, dan selalu tersenyum. Jarang banget nemu pelayan sebaik ini. 5/5 bintang! 👍",10 bulan lalu,5,5,5,Saoenk Cobek Bone,Google Maps,2026-06-09 16:42:08
Ci9DQUlRQUNvZENodHljRjlvT2xWS1VqTldNMDQxWkdSa01FaG9SekUwVlVoWk5YYxAB,BRENDA MAUREEN RENTANAUNG,5,"Pelayannya ramah dan baik (Anisa)
Makanannya enak",10 bulan lalu,4,5,5,Saoenk Cobek Bone,Google Maps,2026-06-09 16:42:28
Ci9DQUlRQUNvZENodHljRjlvT2xVMFNIcDFiVTk0VUROeE0xWkViVzUwTVdsT1JtYxAB,Mhya a,5,"Udang telur asinya sangat recomended, Terimakasih tiara",10 bulan lalu,5,5,5,Saoenk Cobek Bone,Google Maps,2026-06-09 16:42:28
Ci9DQUlRQUNvZENodHljRjlvT2w4elNYVTJiWGRuWTI1bGRqRldhMmxqZGxWclIyYxAB,rahman arab,5,Pelayanannya wine ramah,10 bulan lalu,5,5,5,Saoenk Cobek Bone,Google Maps,2026-06-09 16:42:28
Ci9DQUlRQUNvZENodHljRjlvT2s5M1JFbHFOVTlZYzBKWlowSmtiSFpxYWxwZlUxRRAB,Marsella Jalil,5,enak dan pelayananx ramah risma,10 bulan lalu,5,5,5,Saoenk Cobek Bone,Google Maps,2026-06-09 16:42:28
Ci9DQUlRQUNvZENodHljRjlvT25aMFFURXlWVlpuUTBGSk9EQlljVVY0V25SRFZHYxAB,Vionajeliaawe Vioness,5,"makanannya enak tempatnya bersih , pelayanannya jg bgus risma",10 bulan lalu,5,5,5,Saoenk Cobek Bone,Google Maps,2026-06-09 16:42:28
Ci9DQUlRQUNvZENodHljRjlvT205UE9YQnNaakpPWTNkdGJtSlNhMWRDWWs5R1FWRRAB,Eva Sulistiawati,5,makanannya enak,10 bulan lalu,5,5,5,Saoenk Cobek Bone,Google Maps,2026-06-09 16:42:28
Ci9DQUlRQUNvZENodHljRjlvT2pscVlta3RVMkZzYzFKMU5tVjRWelptUzBOaGRWRRAB,Nita Aprilia,5,"makananya enak. cuma terlalu terasa mericanya. pelayananya bagus , tempatnya juga bersih.  dilayani oleh kk risma",10 bulan lalu,4,4,4,Saoenk Cobek Bone,Google Maps,2026-06-09 16:42:28
Ci9DQUlRQUNvZENodHljRjlvT2xORGN6ZGpRelEwY0d4WVpsTmhZMEpEYjI5bFYxRRAB,Lilis,5,Makanannya enak suasananya bagus pelayanan nak Risma baik ramah,10 bulan lalu,5,5,5,Saoenk Cobek Bone,Google Maps,2026-06-09 16:42:28
Ci9DQUlRQUNvZENodHljRjlvT21STk9VaE5URzlTWVVORWRUY3hRekpmZFZkUFltYxAB,Cidel Cisel,5,"Makana sangat enak dan harga terjangkau

""Annisa",10 bulan lalu,5,5,,Saoenk Cobek Bone,Google Maps,2026-06-09 16:42:28
Ci9DQUlRQUNvZENodHljRjlvT2tsdFYwTnpYM1IzZUUxSVgweHZaVlV5Y2pGdFVYYxAB,Anthy Husjed,5,"Pelayanan x bagus,makananx enak2,porsix puas,mksih saung cobek Bone.Risma",10 bulan lalu,5,5,5,Saoenk Cobek Bone,Google Maps,2026-06-09 16:42:28
Ci9DQUlRQUNvZENodHljRjlvT2pCSE56WlhkRzVrTFRsQ2VqQkZNV0l5VkhOUlRVRRAB,Aqilah Syafika,5,"Masakan Sangat memuaskan.... manyussss
Pelayanannya cepat dan pelayan atas nama Risma sangat ramah",10 bulan lalu,5,5,5,Saoenk Cobek Bone,Google Maps,2026-06-09 16:42:49
Ci9DQUlRQUNvZENodHljRjlvT2tkU1UzbExaemR3TFhGRmIxZzRTM1Z1UzBOa1gyYxAB,arsyaanggara putra,5,"SEMUANYA SANAGAT MEMUASKAN
RISMA",10 bulan lalu,5,5,5,Saoenk Cobek Bone,Google Maps,2026-06-09 16:42:49
Ci9DQUlRQUNvZENodHljRjlvT2xGbWREaE5URnBEVFc5Nk9FdDZkbVJFTjNkc05GRRAB,Achmad Ardi,5,"Makanan dan pelayanan mantap semua
Makasih Fajrin",10 bulan lalu,5,5,5,Saoenk Cobek Bone,Google Maps,2026-06-09 16:42:49
Ci9DQUlRQUNvZENodHljRjlvT2xkWExWQm9TMW8zZDFSa1UyNDJRVEJ5UVhKMFpuYxAB,Muhammad Nur,5,"Enak, gurih dan terasa...
Fajrin",10 bulan lalu,5,5,5,Saoenk Cobek Bone,Google Maps,2026-06-09 16:42:49
Ci9DQUlRQUNvZENodHljRjlvT2tsMVFubEZPV3hCWlZaRlZ6RnljMVo2WlRWS1ZFRRAB,Abang Ridho,5,"Pelayanan sangat bagus, dan buat pelayan atas nama wine sangat"" top🫰",10 bulan lalu,4,5,4,Saoenk Cobek Bone,Google Maps,2026-06-09 16:42:49
Ci9DQUlRQUNvZENodHljRjlvT2xNeVIyNU1jVkJQTkROSGNGZEJNekpVY1VOaWJsRRAB,Kira Hira,5,,10 bulan lalu,5,5,5,Saoenk Cobek Bone,Google Maps,2026-06-09 16:42:49
Ci9DQUlRQUNvZENodHljRjlvT21ablJqRnBTMWhFTlhsWWRFMUhaVkJMVUROME9IYxAB,rezkyawaliaaah,5,"saya paling ikan pallumaranya 🥰
pelayanannya oke sekali oleh kak risma",10 bulan lalu,5,5,4,Saoenk Cobek Bone,Google Maps,2026-06-09 16:42:49
Ci9DQUlRQUNvZENodHljRjlvT2tGRVVWQlFNa2xpUlc1NlgydExNMFoyWDFSYVkxRRAB,Reza Arjuanda,5,Makanannya rekomendasi skli untuk mkn sm teman dan keluarga Mksi dek Risma,10 bulan lalu,5,5,5,Saoenk Cobek Bone,Google Maps,2026-06-09 16:42:49
Ci9DQUlRQUNvZENodHljRjlvT2xSQllsVklTM1l6VjJwdVFWQXdhR2xzUTNWRk9VRRAB,Emmang Emmang,5,"Makanannya enak, tempatnya nyaman, pelayanannya bagus

(Annisa)",10 bulan lalu,3,4,4,Saoenk Cobek Bone,Google Maps,2026-06-09 16:42:49
Ci9DQUlRQUNvZENodHljRjlvT2psblVTMHdXV0pPU2pJdGNIaHRNVUU1Um1oSGJWRRAB,muhammad adli adli,5,Suasananya nyaman tempatnya bagus makanannya enak dan pelayanannya dek Risma baik,10 bulan lalu,5,5,5,Saoenk Cobek Bone,Google Maps,2026-06-09 16:42:49
Ci9DQUlRQUNvZENodHljRjlvT2kxMmJFUlpaVkZ3V25kSGVteG1TbU15YVZWNVEyYxAB,Kahlil Gibe,5,Pelayanan tiara sangat baik,10 bulan lalu,5,5,4,Saoenk Cobek Bone,Google Maps,2026-06-09 16:43:10
Ci9DQUlRQUNvZENodHljRjlvT2psWFdWOXNkM2RaWjJwM1lWQklhRkpVYW5keVJtYxAB,Dina Olivia29,5,"Tempat sejuk,makanan juga sudah oke,pelayan tiaraa",10 bulan lalu,5,5,5,Saoenk Cobek Bone,Google Maps,2026-06-09 16:43:10
Ci9DQUlRQUNvZENodHljRjlvT2xKdlJGWjBPSFIxWTJGR1RUVTBNV2xFVVRSRVEzYxAB,Dina Olivia,5,"Tempat sejuk,makanan juga sudah oke,pelayan tiara",10 bulan lalu,5,5,5,Saoenk Cobek Bone,Google Maps,2026-06-09 16:43:10
Ci9DQUlRQUNvZENodHljRjlvT21OclVFaHlNVWhaV0V4MldXSnpSV2R5Wm0xVlFuYxAB,Nur Halisa,5,"Makanannya Sangat memuaskan semua, puas banget bintang 5 pokoknya
Fajrin",10 bulan lalu,5,5,5,Saoenk Cobek Bone,Google Maps,2026-06-09 16:43:10
Ci9DQUlRQUNvZENodHljRjlvT2tsbGNIaHVWVVJuVFhGdk1ubHBkMVpyV2kwd2JrRRAB,Nur Buana Amir,5,Makanannya enakk dan ayamm pedasnya juga luar biasaa pedasnya mantapp •Fajrin,10 bulan lalu,5,5,5,Saoenk Cobek Bone,Google Maps,2026-06-09 16:43:10
Ci9DQUlRQUNvZENodHljRjlvT205V01sOXhUSHBhTTJWQlRrWXdiVEJYZFhaQ2QxRRAB,Lidiya Diya,5,pelayanannya bagus Wina,10 bulan lalu,5,5,5,Saoenk Cobek Bone,Google Maps,2026-06-09 16:43:10
Ci9DQUlRQUNvZENodHljRjlvT2tKb1FVOHhVRzVCYW5sWk9ESTBVVmQwV0ZGQmQyYxAB,Kamu Tuyah,5,"suasananya pas untuk makan bersama keluarga

(anisa)",10 bulan lalu,5,5,5,Saoenk Cobek Bone,Google Maps,2026-06-09 16:43:10
Ci9DQUlRQUNvZENodHljRjlvT2xac1NtVk1PVkJHVDJOWU9YVktlV3RFUjBKUU5FRRAB,Abd Rahman,5,pelayanan ramah makanan nya enak dan tempat nya nyaman maksih a.wina,10 bulan lalu,5,5,5,Saoenk Cobek Bone,Google Maps,2026-06-09 16:43:10
Ci9DQUlRQUNvZENodHljRjlvT21KMmFYaDBkSHBzYzNOcFZGOW5NMFZYVjJKR1UzYxAB,maryadi darwis,5,"Makanan enak, suasana bagus
(anisa)",10 bulan lalu,5,5,5,Saoenk Cobek Bone,Google Maps,2026-06-09 16:43:10
Ci9DQUlRQUNvZENodHljRjlvT2t4S1JXZFhXbTlxYmpjNVdFdGhkR2hmWDI4MU1VRRAB,nur ayunda,5,"Makanannya enak, pelayanan bagus",10 bulan lalu,5,5,5,Saoenk Cobek Bone,Google Maps,2026-06-09 16:43:10
Ci9DQUlRQUNvZENodHljRjlvT2pCWWRHb3dRbDloUlRWTVJrVlRUa2hqUjBkRllsRRAB,Nur Andini,5,"Dijamin bakal balik lagi, buat sekeluarga cocok banget, vibesnya lumayan estetik pas jdi penghuni sg wkwkwk. Oiya thanks buat fajrin, pelayanannya lumayan rapih dan sopan👌🏻. Sukses selalu:)",10 bulan lalu,5,5,5,Saoenk Cobek Bone,Google Maps,2026-06-09 16:43:30
Ci9DQUlRQUNvZENodHljRjlvT2s1c2NURmxSRGd3YkhWdWRIaHpWUzFwWWpNdFZsRRAB,Elsafis Elsafiss,5,Pelayanannya ramah wine,10 bulan lalu,5,5,5,Saoenk Cobek Bone,Google Maps,2026-06-09 16:43:30
Ci9DQUlRQUNvZENodHljRjlvT2tOR1VHaHdiVVo0ZDNwa2FtdEJNbXBTVUhVNGJYYxAB,Selvi Aprilia,5,Cita rasanya dipertahankan#Tiara,10 bulan lalu,5,5,5,Saoenk Cobek Bone,Google Maps,2026-06-09 16:43:30
Ci9DQUlRQUNvZENodHljRjlvT25kYVNXVTFXRkJUZGpnMFJGVnBhbVphV1dGcFRrRRAB,Rioska,5,"Cocok untuk makan siang,terima kasih tiara😊",10 bulan lalu,5,5,5,Saoenk Cobek Bone,Google Maps,2026-06-09 16:43:30
Ci9DQUlRQUNvZENodHljRjlvT21wRVJEQk5Xa2RpU0dOUmNXZ3lVRWR6T1daMlZGRRAB,asriyanti arsyad,5,"Makanan sesuai dengan selera dan layanan memuaskan
(Risma)",10 bulan lalu,5,5,5,Saoenk Cobek Bone,Google Maps,2026-06-09 16:43:30
Ci9DQUlRQUNvZENodHljRjlvT2xsU1JXTXpZMDVaUTNGbVlWRlNaRGxVWjFablkzYxAB,Idham Darwis,5,"Pelayannannya adek Risma the best
Not only that makanannya juga mantap",10 bulan lalu,5,5,5,Saoenk Cobek Bone,Google Maps,2026-06-09 16:43:30
Ci9DQUlRQUNvZENodHljRjlvT21aNGExSjNaa053U2xaTU9FRnpaRFExV0dwQllVRRAB,Adhel Novita,5,tempatnya nyaman makannya enak pelayannya wine bagus,10 bulan lalu,5,5,5,Saoenk Cobek Bone,Google Maps,2026-06-09 16:43:30
Ci9DQUlRQUNvZENodHljRjlvT2pRd1ZFWjZRazFaWmw5NVptZ3hPRGMxVERCQlUxRRAB,husnul awal nur,5,"Semuanya akan bintang 5. Pelayanan penuh oleh Annisa, senyumnya manis dan Mba Riska selalu bersikap baik, terima kasih.
Kerja bagus!",Diedit 10 bulan lalu,5,5,5,Saoenk Cobek Bone,Google Maps,2026-06-09 16:43:30
Ci9DQUlRQUNvZENodHljRjlvT2tKclJFbGpOR3RCTlMxVU0wMDBOVFZzWlRCeFMwRRAB,Reynaldi Idris,5,"Makanan mantap , pelayanan baik dan suasana bersih dan Nyaman .
Makasih Kk Fajrin",10 bulan lalu,5,5,5,Saoenk Cobek Bone,Google Maps,2026-06-09 16:43:30
Ci9DQUlRQUNvZENodHljRjlvT25FNGFWcHZTMjFHYjI1WE9IWnRjak56UW1kUVduYxAB,Gustina Wtp,5,Enak(Anisa),10 bulan lalu,4,5,5,Saoenk Cobek Bone,Google Maps,2026-06-09 16:43:30
Ci9DQUlRQUNvZENodHljRjlvT2pFdFdFcE9TMUF0YlhSMVlXdENiMU0xUmpCdlNYYxAB,Muh.naufal Ramadhan,5,Ok trimah kasi atas pelayanan yg baik nya tiara,10 bulan lalu,5,5,5,Saoenk Cobek Bone,Google Maps,2026-06-09 16:43:51
Ci9DQUlRQUNvZENodHljRjlvT2tKSFkxYzNUMFEwZWxsemRqRnNZblZyWWpaM2NXYxAB,arpah malikh,5,makan malam sama keluarga semuanya sudah mantap #tiara,10 bulan lalu,5,5,5,Saoenk Cobek Bone,Google Maps,2026-06-09 16:43:51
Ci9DQUlRQUNvZENodHljRjlvT2xwNU1rMU5kV1ZTYzFCbmVXWklhV28wVDFoUU0yYxAB,Asriani Ani,5,"Tempatnya bagus,pelayannya risma baik",10 bulan lalu,5,5,5,Saoenk Cobek Bone,Google Maps,2026-06-09 16:43:51
Ci9DQUlRQUNvZENodHljRjlvT2tWSlJXdHVaMnAxVm5KcFVGRmZWbE5JWmtOMU1tYxAB,Haerani Hera,5,"Makanannya bagus,tempatnya bagus (Anisa)",10 bulan lalu,5,5,5,Saoenk Cobek Bone,Google Maps,2026-06-09 16:43:51
Ci9DQUlRQUNvZENodHljRjlvT21GbkxVODJkSHB2UlU5WmRVbHJibEE1YUdST1gxRRAB,Afiqah Syahirah S.,5,Tempatnya bagus dan bersih. View-nya bagus. Harga terjangkau. Dan layanan yg baik.,10 bulan lalu,5,5,5,Saoenk Cobek Bone,Google Maps,2026-06-09 16:43:51
Ci9DQUlRQUNvZENodHljRjlvT2tGdVQxUjNhV2cyUWs1NFN6SmZTMFZaVFRSZlYyYxAB,Nur haerati Aslama,5,"Bagus tempatnya dan makanannya enak"", pelayan dari kak risma juga bagus bamget",10 bulan lalu,5,5,5,Saoenk Cobek Bone,Google Maps,2026-06-09 16:43:51
Ci9DQUlRQUNvZENodHljRjlvT21ac04wOWxNWGcwVHpWVmRERlFkR3RmVjFVMVJuYxAB,Syamsul Bahri,5,Nyaman dan enak... terimakasih (Anisa) 🙏,10 bulan lalu,5,5,5,Saoenk Cobek Bone,Google Maps,2026-06-09 16:43:51
Ci9DQUlRQUNvZENodHljRjlvT2xFeGREVlJkRTVyVlU1dk5WVjJUR1kwY25FeFJFRRAB,Desty Adhaa,5,Tempatnya nyaman makannya sesuai selera pelayannya wine bagus,10 bulan lalu,5,5,5,Saoenk Cobek Bone,Google Maps,2026-06-09 16:43:51
Ci9DQUlRQUNvZENodHljRjlvT2xCRVJHMXZZWGxRU2kxbGJrUlZjbXBUVDJkaldVRRAB,Mimine well,5,Makanannya Enak dan Terima Kasih juga untuk Kak Fajrin atas pelayanannya,10 bulan lalu,5,5,5,Saoenk Cobek Bone,Google Maps,2026-06-09 16:43:51
Ci9DQUlRQUNvZENodHljRjlvT2xkTFkybDRWbmhmWDNOU01UQmlWSE4yU2kwNU4zYxAB,sitti rosnawati,1,Susananya adem makannanya jga enak pelayannya wine sopan,10 bulan lalu,5,5,5,Saoenk Cobek Bone,Google Maps,2026-06-09 16:43:51
Ci9DQUlRQUNvZENodHljRjlvT25GMllqUmxaRTVyVUhGMlJWaGxWRkpxUkVkTllWRRAB,Serti Poliyana,5,makanannya enak sedap bukan hanya itu pelayanannya sangat bagus dan baik maupun sopan terimakasih atas pelayanannya buat tiara memang the best deh 🫰🏻,10 bulan lalu,5,5,5,Saoenk Cobek Bone,Google Maps,2026-06-09 16:44:12
Ci9DQUlRQUNvZENodHljRjlvT25CTlVGQm5lbE0wUWtoWlgxUjZiVFZaT0VGblEyYxAB,Hardy,5,Mantap,10 bulan lalu,5,5,5,Saoenk Cobek Bone,Google Maps,2026-06-09 16:44:12
Ci9DQUlRQUNvZENodHljRjlvT2xsUGQwOXhZMmhyZVROaE9UUllNemd0Um5oaFIxRRAB,A. Jesy Zahratul Anisah,5,Masha allah makanannya enakk dan Fajrin juga the best saat melayani castamer Mntapp broo tingkatkannn👍🏻,10 bulan lalu,5,5,5,Saoenk Cobek Bone,Google Maps,2026-06-09 16:44:12
Ci9DQUlRQUNvZENodHljRjlvT2s1dmRqSTFSSFJFZERCWFMxQXdiM2xDVlV0SVZXYxAB,Ermita Ali,5,Makanannya enak dan Mbak Tiara melayani kami dengan sangat baik. Pasti akan datang lagi.,10 bulan lalu,5,5,5,Saoenk Cobek Bone,Google Maps,2026-06-09 16:44:12
Ci9DQUlRQUNvZENodHljRjlvT2tReGQwMTJhM2hGTUY4MVMxZEpVV1o1YXpNNFRVRRAB,Farhan Farid,5,puas dengan makananyaaa👍 terimakasih pelayananya tiara👌,10 bulan lalu,5,5,5,Saoenk Cobek Bone,Google Maps,2026-06-09 16:44:12
Ci9DQUlRQUNvZENodHljRjlvT2pCd0xVOXBkelp4ZDJVNVJVeEtTekp5TFRKSVJVRRAB,Adhi Adhi,5,"Makanannya enak”…puas makan disini
Jauh” dari maros makan disini tdk kecewa",10 bulan lalu,5,5,5,Saoenk Cobek Bone,Google Maps,2026-06-09 16:44:12
Ci9DQUlRQUNvZENodHljRjlvT2xObmQxVTNNRTVMVWt4U1dFWktNRkV0Um5oaVgzYxAB,Sri ayu Andira,5,"Makanannya enak
Pelayanannya Risma bagus
Suasananya tidak membosankan",10 bulan lalu,5,5,5,Saoenk Cobek Bone,Google Maps,2026-06-09 16:44:12
Ci9DQUlRQUNvZENodHljRjlvT2pSemVURjJiV3h3UzBVNGNXTlZhVVp3TW05RGVtYxAB,Ayaszhh,5,Pelayanannya Fajrin Ramah dan Sopan. makasih Fajrin✨✨,10 bulan lalu,,,,Saoenk Cobek Bone,Google Maps,2026-06-09 16:44:12
Ci9DQUlRQUNvZENodHljRjlvT201Ull6SmFOVTVxTlZwYWFrNWlOVTFzTFRneFZuYxAB,Annamarya Abdlatief,5,"Makanannya enak,pelayanannya baik dan cepat !!! Risma",10 bulan lalu,5,5,5,Saoenk Cobek Bone,Google Maps,2026-06-09 16:44:12
Ci9DQUlRQUNvZENodHljRjlvT2tsamJIUjFlRk5pWmxORlZYTmFabVJhV1dRelduYxAB,Andi Muhammad Taufik,5,"Suasana Ok ,porsi makannya lumayan puas, waitersnya ramah ramah,murah senyum terutama Annisa",10 bulan lalu,5,5,1,Saoenk Cobek Bone,Google Maps,2026-06-09 16:44:12
Ci9DQUlRQUNvZENodHljRjlvT2tSalRuSkxTRjkwVkVKc2RGTkhNWHBOYVZaQ1prRRAB,Chantika Tirta,5,"Semuanya sudah mantap,terimakasih tiara",10 bulan lalu,5,5,5,Saoenk Cobek Bone,Google Maps,2026-06-09 16:44:32
Ci9DQUlRQUNvZENodHljRjlvT2pGd1UyMWlUV3RuV1RsdGVXOUViWEpZVkc1Vk4zYxAB,yorismawati rombe,5,"Makanannya bagus,pelayanannya ramah,suasananya tenang. Terima kasih @wina",10 bulan lalu,5,5,5,Saoenk Cobek Bone,Google Maps,2026-06-09 16:44:32
Ci9DQUlRQUNvZENodHljRjlvT21WZmFXZE1VMnczUkRWd2FsRTBUSFl3VFZSaVZsRRAB,Fahirah Taufiq,5,"Enak dan nyaman, pelayanannya okey a.n risma",10 bulan lalu,5,5,5,Saoenk Cobek Bone,Google Maps,2026-06-09 16:44:32
Ci9DQUlRQUNvZENodHljRjlvT25KdmNWcHFlakJrWlUxQlVqbGxRa05PUnpSVGMxRRAB,Lenny Marlina,5,"Suasananya adem, asri
Makanannya bolehlah
Pelayanannya mantap 👍🏻

_Annisa_",10 bulan lalu,4,5,5,Saoenk Cobek Bone,Google Maps,2026-06-09 16:44:32
Ci9DQUlRQUNvZENodHljRjlvT2tJNWNuUmplVWxuZUdOWlZqVk1MV3hmVlVoUWNIYxAB,Naraya Dzakirah ZH,5,"Makanan enak trus harganya nda terlalu mahal ☺️
Kami d layani sm Annisa, ramah baik trus murah senyum..
Suasana nyaman ademm ☺️",10 bulan lalu,5,5,5,Saoenk Cobek Bone,Google Maps,2026-06-09 16:44:32
Ci9DQUlRQUNvZENodHljRjlvT2pKcGNVWkpTbnBEV25CRFRsZE9lWEY2VG5waFJVRRAB,Sapurang salsabillah Tuasamu,5,"Pelayanan sangat baik
Makasih fajrin",10 bulan lalu,5,5,5,Saoenk Cobek Bone,Google Maps,2026-06-09 16:44:32
Ci9DQUlRQUNvZENodHljRjlvT2tFeFVFZzNia3RhVlV0NFppMWxVbkpqZDBoeVEyYxAB,Fadlydak Dak,5,,10 bulan lalu,5,5,5,Saoenk Cobek Bone,Google Maps,2026-06-09 16:44:32
Ci9DQUlRQUNvZENodHljRjlvT2paTFVpMXpVVEpqUnpRMWRVZDVPVzlRUVZSVGMzYxAB,Pira Januandari,5,"recommended sih,pelayanan tiara okey.next kesini cobain menu yang lain 😍🤗",10 bulan lalu,5,5,5,Saoenk Cobek Bone,Google Maps,2026-06-09 16:44:32
Ci9DQUlRQUNvZENodHljRjlvT2xCTGNsVXhVamxIYVRWMllVWm5TV1ZUWVhFNFQxRRAB,Rida Fransiska,5,"Tempatnya nyaman, menu fav ayam pedas kemangi. Pelayanan ramah risma",10 bulan lalu,4,5,5,Saoenk Cobek Bone,Google Maps,2026-06-09 16:44:32
Ci9DQUlRQUNvZENodHljRjlvT2poQ1RVOU1ObEprU1ZsaldTMTBjVEZ6TWtsMFRIYxAB,anisa ashari,5,Makanannya cukup enak di dukung dngan tempatnya yg nyaman. Juga pelayanannya yg baik Risma,10 bulan lalu,4,4,5,Saoenk Cobek Bone,Google Maps,2026-06-09 16:44:32
Ci9DQUlRQUNvZENodHljRjlvT214c1UzcFNNRlJhYW5wTmRURXlRMVZYV0MwMExXYxAB,Farel Farel,5,Suasana sangat bagus dan makanan yg sangat enak dan pelayananya baik 😉(Anisa),10 bulan lalu,5,5,5,Saoenk Cobek Bone,Google Maps,2026-06-09 16:44:53
Ci9DQUlRQUNvZENodHljRjlvT214RlRXbEtkRW81YjNoa1JHZGtlRFZEWWpOMlkzYxAB,Nurul Hikmah,5,Mantap (anisa),10 bulan lalu,3,5,5,Saoenk Cobek Bone,Google Maps,2026-06-09 16:44:53
Ci9DQUlRQUNvZENodHljRjlvT25wRmNXWXdjRVIwZVZBMVJtMWpUa1ppTmkxTmNuYxAB,Ghus _Lim,5,"Makanan mantap
Pelayanan baik dan ramah
Fajrin",10 bulan lalu,4,5,4,Saoenk Cobek Bone,Google Maps,2026-06-09 16:44:53
Ci9DQUlRQUNvZENodHljRjlvT201aU1rMHpiVVo1WVU5dWRGVjVVa2xxUzNGeFoyYxAB,Ahmad Reza Gunawan,5,"pelayanan oke,cepat dan enak (wina)",10 bulan lalu,5,5,5,Saoenk Cobek Bone,Google Maps,2026-06-09 16:44:53
Ci9DQUlRQUNvZENodHljRjlvT21sa05VWmZVazVTV0RoWlVEZFNVVmwyWHkwek1IYxAB,Eky Khubsurath,5,Makanaan oke tempat asik dan penjaga ramah yg bernama wina,10 bulan lalu,5,5,5,Saoenk Cobek Bone,Google Maps,2026-06-09 16:44:53
Ci9DQUlRQUNvZENodHljRjlvT2pCMllXUm1WblIxVTFwRmIxTnNXVlY1V0V0TVgzYxAB,Ayhu Andira,5,"Saya puas, terima kasih atas pelayanannya.",10 bulan lalu,,,,Saoenk Cobek Bone,Google Maps,2026-06-09 16:44:53
Ci9DQUlRQUNvZENodHljRjlvT2w5Vk1FMTBTRlpXYTNSQ2NGaFZSMEpVVFRkdmJYYxAB,Elha Cicah,5,Susasanya nyaman pelayanannya Risma baik ramah,10 bulan lalu,4,5,5,Saoenk Cobek Bone,Google Maps,2026-06-09 16:44:53
Ci9DQUlRQUNvZENodHljRjlvT2xoQ2NUUkRSbTF5WkcxUGNFaFdOMlozZFc1VU1GRRAB,Herdin Husen,5,Sangat rekomend,10 bulan lalu,5,,,Saoenk Cobek Bone,Google Maps,2026-06-09 16:44:53
Ci9DQUlRQUNvZENodHljRjlvT2kxTFVuWTRlbTVOV0dGNmMwTldkMlY1VjBWS1pGRRAB,andi zidan,5,"suasananya adem pelyanan bagus
whyne",10 bulan lalu,5,5,5,Saoenk Cobek Bone,Google Maps,2026-06-09 16:44:53
Ci9DQUlRQUNvZENodHljRjlvT2xVNFJsTkVka1pWY0doNmVXRklaRWRLWTNaUVIyYxAB,Lovastatin 04,5,"Makanan enak, tempatmya luas dan sejuk, terimakasih Fajrin sudah sarankan tempat makan yang enak👍🏻 dan pelayanananx memuaskan, terimakasih",10 bulan lalu,5,5,5,Saoenk Cobek Bone,Google Maps,2026-06-09 16:44:53
Ci9DQUlRQUNvZENodHljRjlvT2sxSVNXSk9NSGxHYUVOelRGVjRZMjVSU2xkcFExRRAB,Bahasa Arab Nurjanna,5,Makanya enak. Pelayanan baik. An. Risma,11 bulan lalu,5,5,4,Saoenk Cobek Bone,Google Maps,2026-06-09 16:45:14
Ci9DQUlRQUNvZENodHljRjlvT2tVeFUzVjBUMFJFZGw5YVZYaElhbkYyWmpkQ1dXYxAB,faz City,5,"Pelayan ramah sekali
Makanan enak
Rekomend banget",11 bulan lalu,,,,Saoenk Cobek Bone,Google Maps,2026-06-09 16:45:14
Ci9DQUlRQUNvZENodHljRjlvT21kblQwdEhaWFZ2ZEhFMGFXWnhkVmRyZUdKdmFXYxAB,Muh Rifky,5,Rasanya enak,11 bulan lalu,5,5,5,Saoenk Cobek Bone,Google Maps,2026-06-09 16:45:14
Ci9DQUlRQUNvZENodHljRjlvT21WS1ZXMHpWV2hPUkRGdlkwUldkRmxQUm5aTU0zYxAB,dea difitruani,5,"Wajib coba! Pelayanannya tiara super oke,ramah dan cepet banget. Makanannya enak-enak, bikin nagih.  Suasananya nyaman dan bersih. Pokoknya puas banget deh!",11 bulan lalu,5,5,5,Saoenk Cobek Bone,Google Maps,2026-06-09 16:45:14
Ci9DQUlRQUNvZENodHljRjlvT25NMlpFNVlhbkJ5YWkxeFFXdzRTbE56UW1GWmJsRRAB,Arnida Nida,5,makanannya enk susanya nyaman dan sejuk pelayanan ramah baik ramah makasi(Risma),11 bulan lalu,5,5,5,Saoenk Cobek Bone,Google Maps,2026-06-09 16:45:14
Ci9DQUlRQUNvZENodHljRjlvT25OcVF5MUZOalpQVGxsR1VraHViVnAwU1dSMWVYYxAB,audrysalsabila salsabila,5,"makanan nya enak dan murahh meriahh parkirannya luas dan pelayanan nya bagus
bersamaa kak anisa",11 bulan lalu,5,5,5,Saoenk Cobek Bone,Google Maps,2026-06-09 16:45:14
Ci9DQUlRQUNvZENodHljRjlvT2t0T2NrUmFVRzFsTFZnMlFteEZlbGx5U3pFMFduYxAB,YangkersGG,5,Masakan sama pelayanan yang baik.. Mantap,11 bulan lalu,5,5,5,Saoenk Cobek Bone,Google Maps,2026-06-09 16:45:14
Ci9DQUlRQUNvZENodHljRjlvT21RMGJsODJjRVZ0ZGxVNVN5MVlNamh2TFRNME1WRRAB,Nur Afni Ali,5,,11 bulan lalu,5,5,5,Saoenk Cobek Bone,Google Maps,2026-06-09 16:45:14
Ci9DQUlRQUNvZENodHljRjlvT2xCMk56UmFlSGg1ZURGZk4yNTVjRmREYXpkeExYYxAB,WAWAN DARMAWAN,5,,11 bulan lalu,5,5,5,Saoenk Cobek Bone,Google Maps,2026-06-09 16:45:14
Ci9DQUlRQUNvZENodHljRjlvT25wb1J6TldUVE5qWkVkRGFGVjVTRnBWV1VkRE5GRRAB,Ardiansyah Ardi,5,Suasananya nyaman dan sejuk dan makanannya enak pelayanan atas nama kak Risma baik ramah,11 bulan lalu,5,5,5,Saoenk Cobek Bone,Google Maps,2026-06-09 16:45:14
Ci9DQUlRQUNvZENodHljRjlvT2xCTWJFaGZhM2RRYTJWNFJXdHRZMFZKYm5vMGRYYxAB,A.Suci Damayanti,5,"Makanannya recomended, tempatnya nyaman dan layanan yg baik dari Muh. Fajrin👍🏻",11 bulan lalu,5,5,5,Saoenk Cobek Bone,Google Maps,2026-06-09 16:45:35
Ci9DQUlRQUNvZENodHljRjlvT2kxSFVIZDFUVzl2YzBWNVVITkZMV2x1ZEdwcVozYxAB,Muhammad Ikbal,5,"Secara keseluruhan, pengalaman makan saya sangat memuaskan! Setiap hidangan disajikan dengan cita rasa yang memuaskan.Porsi pas,dan area Restoran juga terlihat rapih dan bersih, dan meninggalkan kesan ingin kembali lagi.👍🏻",11 bulan lalu,5,4,4,Saoenk Cobek Bone,Google Maps,2026-06-09 16:45:35
Ci9DQUlRQUNvZENodHljRjlvT2sxWlJYZERZbkZSVTB0YWFEWnhRVWhvZDI5eFYzYxAB,Dhyman Zdt,5,"matap rekomendasi
apalagi waiters ANISA pelayanan sangat sopan ramah",11 bulan lalu,5,5,5,Saoenk Cobek Bone,Google Maps,2026-06-09 16:45:35
Ci9DQUlRQUNvZENodHljRjlvT2kxSFJuZFJXVk5UY25SNFpqRTRYMTlhWWpWNFVIYxAB,Rizka Narya,5,"makanan nya enak, tempat nya nyaman, cepat datang makanan nya. -fajrin",11 bulan lalu,5,5,4,Saoenk Cobek Bone,Google Maps,2026-06-09 16:45:35
Ci9DQUlRQUNvZENodHljRjlvT2xsaU1XVktjRkJPZW0xM01XOURWVmxKWm5GWlNtYxAB,Nurul Najmatulasria,5,"Pelayanannya sngt ramah ,tempatnya menarik dan lumayan tenang",11 bulan lalu,4,5,5,Saoenk Cobek Bone,Google Maps,2026-06-09 16:45:35
Ci9DQUlRQUNvZENodHljRjlvT25oalJFZEJXazVMYTBoNWNYVmplSFZuYW1zeWFWRRAB,Nurhikma Syakira,5,"enak bangeettt
kak risma dan kak fajrin pelayanannya bagus",11 bulan lalu,5,5,5,Saoenk Cobek Bone,Google Maps,2026-06-09 16:45:35
Ci9DQUlRQUNvZENodHljRjlvT2xvemVsTTNaa3cwVkRoZlZVUkRNMWMzUm05SFVWRRAB,Denis denis2623,4,Masakan rasanyaa enakk pelayanan cukup memuaskan fajrin,11 bulan lalu,5,4,5,Saoenk Cobek Bone,Google Maps,2026-06-09 16:45:35
Ci9DQUlRQUNvZENodHljRjlvT2tsdGRDMW5VMGxLTlVKalVIWm9MVWQ2ZEVOTk0xRRAB,Inna Pettu,5,Makanannya lumayan enak dan nuansa bikin adem karena ada kolam ikannya bisa membuat fikiran tenang sambil menikmati makanan yang ada(Anisa),11 bulan lalu,5,5,5,Saoenk Cobek Bone,Google Maps,2026-06-09 16:45:35
Ci9DQUlRQUNvZENodHljRjlvT2s1YVExUk9iMlptWVZaWFZHbzJVbFZHWkVwYVlrRRAB,Karisma Ramdhani,5,"Makananya enak puas,pelayanan tiara oke",11 bulan lalu,5,5,5,Saoenk Cobek Bone,Google Maps,2026-06-09 16:45:35
Ci9DQUlRQUNvZENodHljRjlvT2pkM1RWcElaemxmV1ZwS01VeHlWVWRITlU1TFUzYxAB,Masnidar Nidar,5,"Enak suasananya nyaman dn cepat saji. Pelayanannya sngt memuaskan.
Pelyananynya Risma sangat bagus ramah",11 bulan lalu,5,5,5,Saoenk Cobek Bone,Google Maps,2026-06-09 16:45:35
Ci9DQUlRQUNvZENodHljRjlvT210Q1JVVXdPREl6ZGtkc1MwcGlZVE4yUkZveWRtYxAB,ANDI ABDUL AZIS GANI,5,"tempatnya bagus suasananya nyaman makannannya pas dilidah pelayannya yg sopan dah ramah

whyne",11 bulan lalu,5,5,5,Saoenk Cobek Bone,Google Maps,2026-06-09 16:45:56
Ci9DQUlRQUNvZENodHljRjlvT2pKa1ltUmZSVGh4WlV0SGJHNUdhVGczU1ZGVWFtYxAB,Ibba Disbra,5,"Pelayanannya sangat ramah dan sopan

Whyne",11 bulan lalu,5,5,5,Saoenk Cobek Bone,Google Maps,2026-06-09 16:45:56
Ci9DQUlRQUNvZENodHljRjlvT21OWU5rZzJSRWxNTjBoT09XRjNlWGMzVTFOZmNVRRAB,Ria Arfa,5,Makanannya enak suasananya nyaman pelayanannya dek Risma baik dan ramah👍🏻👍🏻,11 bulan lalu,5,5,5,Saoenk Cobek Bone,Google Maps,2026-06-09 16:45:56
Ci9DQUlRQUNvZENodHljRjlvT2s4MGRDMHpMVUZ1ZGtSeE9XRkpTamN3WjBSYVFYYxAB,Muh Syauqi Mubarak,5,"Masakanx enak... Dan plyananx juga bagus👍👍
Trmh ksh dek atas pelayananx khususx buat dek fajrin....",11 bulan lalu,5,5,5,Saoenk Cobek Bone,Google Maps,2026-06-09 16:45:56
Ci9DQUlRQUNvZENodHljRjlvT2tOSlVXdDZhSEE1TlZVd2FGVndhMWxpT1Zkb1YyYxAB,Fauziah uchy,5,Tempatnya nyaman suasana bagus makanannya enak pelayanan atas mana kak Risma baik dan ramah,11 bulan lalu,5,5,5,Saoenk Cobek Bone,Google Maps,2026-06-09 16:45:56
Ci9DQUlRQUNvZENodHljRjlvT2pWVFYzVjZiMnRzVEZCdlRYZGZUMEl6VkZBdGFWRRAB,Ainun Jahriah,5,"Enak suasana bagus pelanyanan baik
Anisa",11 bulan lalu,5,5,5,Saoenk Cobek Bone,Google Maps,2026-06-09 16:45:56
Ci9DQUlRQUNvZENodHljRjlvT25SeFZ6bDBOWEZ6V2s5NFMxSXRlazl0YkZaTVpsRRAB,Sahil Hari,5,pelayanannya baik dan ramah dan di layani oleh kak fajrin.,11 bulan lalu,,,,Saoenk Cobek Bone,Google Maps,2026-06-09 16:45:56
Ci9DQUlRQUNvZENodHljRjlvT2toUFJtZFpiRkpEUlhCSk9IUlJOa3hhTVRoRFoyYxAB,Al Di,5,"Makanan mantap , suasananya Tenang , nyaman dan bersih
Pelayanannya ramah dan sopan
-GOOD JOB Fajrin",11 bulan lalu,5,5,5,Saoenk Cobek Bone,Google Maps,2026-06-09 16:45:56
Ci9DQUlRQUNvZENodHljRjlvT25kNVQyaGFiVzV4VFMxMFlWUkhWbFJWU21nd2FsRRAB,Arya Putra Cahyadi,5,"Masakan : enak dan recomended
Pelayanan : baik dan ramah
-fajrin",11 bulan lalu,5,5,5,Saoenk Cobek Bone,Google Maps,2026-06-09 16:45:56
Ci9DQUlRQUNvZENodHljRjlvT2pKc1NrVXRVRUZKWW5oQlEwVlBPWEl5WlhGSVNGRRAB,Aam 150519955,5,Makanannya enak suasananya nyaman pelayanan Risma baik ramah 👍👍👍,11 bulan lalu,5,5,5,Saoenk Cobek Bone,Google Maps,2026-06-09 16:45:56
Ci9DQUlRQUNvZENodHljRjlvT2tONGNWb3hiM0ZQTW10elRFcE9aRGg0Y1hoTVJFRRAB,Ani Syahriani,5,"Makananx mantap pas dlidah
Layananx Alhamdulillah baik jg#risma#
Suasanax nyaman",11 bulan lalu,5,5,5,Saoenk Cobek Bone,Google Maps,2026-06-09 16:46:17
Ci9DQUlRQUNvZENodHljRjlvT25VME1EVk9SRVJ3VVdaeloyUkpRMDFsTWs5YVZHYxAB,nurkhalisah munir,5,,11 bulan lalu,,,,Saoenk Cobek Bone,Google Maps,2026-06-09 16:46:17
Ci9DQUlRQUNvZENodHljRjlvT2tKdFgycGphekoyVTJsR2NUWnlRMmREVmxOdVNXYxAB,Samsung Adualima256,5,"Annisa,, pelayanannya bagus",11 bulan lalu,5,5,5,Saoenk Cobek Bone,Google Maps,2026-06-09 16:46:17
Ci9DQUlRQUNvZENodHljRjlvT25wb1oyZHVTRlJXZVZJeWFEUkJUMUpaWm5KeGNHYxAB,Intan Lestari,5,Makananya enak pelayanan fajrin baik ramah tempatnya bagus dan strategis pokoknya tidak mngecewakan 😀😀makasihhh fajrin,11 bulan lalu,5,5,5,Saoenk Cobek Bone,Google Maps,2026-06-09 16:46:17
Ci9DQUlRQUNvZENodHljRjlvT20xbGJGazNSazFwVlVSbVZtSjNWMjFJWm5sMVgzYxAB,Mutia oktaviani Aras,4,"Masakan mantap
Pelayanannya baik
Makasih Fajrin",11 bulan lalu,4,4,4,Saoenk Cobek Bone,Google Maps,2026-06-09 16:46:17
Ci9DQUlRQUNvZENodHljRjlvT25aTVZuTnhaa3RYU0RSWU5FdG5URVJrYTJsd1dFRRAB,Arjun Saputra,5,"Makanan enak
Pelayanannya ramah dan memuaskan
Makasih Fajrin",11 bulan lalu,5,5,5,Saoenk Cobek Bone,Google Maps,2026-06-09 16:46:17
Ci9DQUlRQUNvZENodHljRjlvT2t4d2FVd3RRV1ZUWkZKUFVVOXZUVWc1WlRGR1VXYxAB,Ali Yahya,5,,11 bulan lalu,,,,Saoenk Cobek Bone,Google Maps,2026-06-09 16:46:17
Ci9DQUlRQUNvZENodHljRjlvT2tSb2VUSllOR0pHWDFGbmQxaFZUSEU1TlZCMGRWRRAB,Sabri Abbyh,5,"Makanan lumayan enak, suasana adem, pelayanan dek Risma bintang lima.",11 bulan lalu,4,5,5,Saoenk Cobek Bone,Google Maps,2026-06-09 16:46:17
Ci9DQUlRQUNvZENodHljRjlvT2xCT1ZESlJhVFpOZFdnNWVGTktWVVYzZVd0RmFrRRAB,Anhi Aira,5,"Makanya enak
Sisanya nyaman
Pelayanany bagus
(Anisa)",11 bulan lalu,5,5,5,Saoenk Cobek Bone,Google Maps,2026-06-09 16:46:17
Ci9DQUlRQUNvZENodHljRjlvT2pSZk9VWXhPR0Y1WjIxMlREVTNjV280VG1adGRtYxAB,SARITANIA,5,Wine “Makasih Atas pelayanannya”,11 bulan lalu,5,5,5,Saoenk Cobek Bone,Google Maps,2026-06-09 16:46:17
Ci9DQUlRQUNvZENodHljRjlvT2paS1RuUXlka05JTFdsV1YwSm5ZamhTUkdST04zYxAB,Nurmaharaeni Ali,5,"Pelayanan Tiara bagus banget, ramah, makanannya enak, suasananya apalagi. Cocok untuk makan bareng keluarga, bareng temen, sendiri pun saya gas sih",11 bulan lalu,5,5,5,Saoenk Cobek Bone,Google Maps,2026-06-09 16:46:38
Ci9DQUlRQUNvZENodHljRjlvT2tObUxXRmFPSG94VEUxWmMwRXRZV3QwU1hST1JGRRAB,halo abo,5,"Banyak pilihan dan harga terjangkau. Pilihan utama kalau makan bersama keluarga tercinta di Bone..

Thanks kak Anisah untuk pelayanan ramahnya..",11 bulan lalu,5,5,5,Saoenk Cobek Bone,Google Maps,2026-06-09 16:46:38
Ci9DQUlRQUNvZENodHljRjlvT21KQmNqRnFjVGg1YjNSaE9YZHdXSFpIY1VwdFZGRRAB,Riska Erzeta,5,Mantap Annisa,11 bulan lalu,5,5,5,Saoenk Cobek Bone,Google Maps,2026-06-09 16:46:38
Ci9DQUlRQUNvZENodHljRjlvT2w5UFVraGpZVmxhU0VnNFNHUkhSSEZtTVZOcVlrRRAB,Haeruddin,5,"sangat rekomen makan di sini, pokoknya mantap pelayanan Risma baik ramah",11 bulan lalu,5,5,5,Saoenk Cobek Bone,Google Maps,2026-06-09 16:46:38
Ci9DQUlRQUNvZENodHljRjlvT205Uk1UZHdjbE0xZFV0V2RrVk5kbEpKUjNwelNVRRAB,Desy Purnamasari,5,"Tempatnya nyaman
Wine",11 bulan lalu,5,5,5,Saoenk Cobek Bone,Google Maps,2026-06-09 16:46:38
Ci9DQUlRQUNvZENodHljRjlvT21SME1rWmtMWEYzWTJ4UWJHbENiMUkwV0VVd2QzYxAB,Darma Wati,5,"Makananya enak, pelayanan juga sangat ramah (Tiara), ini kesekian kalinya saya dan keluarga makan d sini dan pasti akan balik lagi Krn suasananya yg bikin nyaman 🥰",11 bulan lalu,4,5,5,Saoenk Cobek Bone,Google Maps,2026-06-09 16:46:38
Ci9DQUlRQUNvZENodHljRjlvT25WeVdtSk5WWG95VFd0dFdUbHZWazU2Ym5RNVJFRRAB,Haslinda Inda,5,Makanannya enak dan pelayanannya cepat dan ramah kaka pajrin,11 bulan lalu,5,5,5,Saoenk Cobek Bone,Google Maps,2026-06-09 16:46:38
Ci9DQUlRQUNvZENodHljRjlvT21kcVZWVmxVa1ZJVDJsS1dFMUJOemRHYkhsc1IxRRAB,Riska Adhe,5,Lumayan bagus,11 bulan lalu,4,4,4,Saoenk Cobek Bone,Google Maps,2026-06-09 16:46:38
Ci9DQUlRQUNvZENodHljRjlvT2xKNlJEWnNZMGxtVGtSdVdqTnRkR3gwYTJFM2RVRRAB,Ratna Jelita Sari,5,Makanannya sangat enak dan tempatnya juga sangat nyaman. Pelayanan dari kakak annisa sangat baik,11 bulan lalu,5,5,5,Saoenk Cobek Bone,Google Maps,2026-06-09 16:46:38
Ci9DQUlRQUNvZENodHljRjlvT2xVNGMzRnJZMWRzYXpONmVtSXRPSGRYY25kbFQxRRAB,Ilmu Gadget,5,"Pelayanan mantap buat wine, makanan enak dan bersih",11 bulan lalu,,,,Saoenk Cobek Bone,Google Maps,2026-06-09 16:46:38
Ci9DQUlRQUNvZENodHljRjlvT25KR1ozUkJlbE5SUVV4VVNVUm1PSGREVlVGcFFWRRAB,Anha Wilda,5,"Porsi melimpah, tidak perlu menunggu lama untuk penyajiannya, pelayanannya ramah (khususnya Kak Risma).",11 bulan lalu,5,5,5,Saoenk Cobek Bone,Google Maps,2026-06-09 16:46:59
Ci9DQUlRQUNvZENodHljRjlvT21KS00wNHpMV2xrU205TlZEaDJMVkY1UzFRMFQxRRAB,Alvian Pane,5,"Masakan Enak
Suasana bersih dan Nyaman
Pelayanannya baik dan Ramah
Makasih Fajrin👍🏻👍🏻",11 bulan lalu,5,5,5,Saoenk Cobek Bone,Google Maps,2026-06-09 16:46:59
Ci9DQUlRQUNvZENodHljRjlvT2pSNGRYWjVObWRuVEdsdFZGWlpRVFYwUVY5WE1tYxAB,Ainun Ainun,5,"Pelayanan Tiara pelayanannya Bagus,ramah,cepat dan murah senyum",11 bulan lalu,5,5,5,Saoenk Cobek Bone,Google Maps,2026-06-09 16:46:59
Ci9DQUlRQUNvZENodHljRjlvT21sZk1IcFRObWx1ZW5kWlNrSmtUbkJRVldSMGRFRRAB,mas tanjung padmanegara,4,"Lebih bagus di pintu masuk setelah parkiran diberikan hiasan semacam gapura yg bertuliskan nama restonya, agar bisa lebih bagus terlihat dari jalan. Makanan dan harga relatif oke , suasananya juga cukup oke, wastafel, kipas, dan colokan listrik ada di setiap gazebonya, secara fasilitas juga cukup oke. Tetapi sedikit catatan untuk pelayan yg bernama kak RISMA yg meminta kami untuk mereview di google  agak kurang secara attitude, karena yg PERTAMA dia meminta di review dalam keadaan kita belum selesai makan, yg KEDUA dia menambahkan nama nya sendiri di google review yg sebelumnya sudah kita isi yg kita tidak tahu maksudnya apa, yg KETIGA attitude ketika menulis menu jangan bersandar di meja customer karna agak kurang sopan, berdirilah secara tegak. Terimakasih semoga bisa diperbaiki kedepannya",11 bulan lalu,4,2,4,Saoenk Cobek Bone,Google Maps,2026-06-09 16:46:59
Ci9DQUlRQUNvZENodHljRjlvT21KeExVZHVkMkYxT1hOM016aFJOazVQY0U5UFRsRRAB,Karina Wahyu,5,"Tempat nya oke, suasana juga bagus. Untuk makanan juga enak. Pelayanan  Risma ramah dan cepat.",11 bulan lalu,5,5,5,Saoenk Cobek Bone,Google Maps,2026-06-09 16:46:59
Ci9DQUlRQUNvZENodHljRjlvT2tkcmFXcDBTRGRKV1MwM2EybEpXRWRMYnpkM1IwRRAB,Dewi Lovitasari,5,"Suasana tempatnya nyaman, pelayanannya Risma  cepat dan rasa makanannya juara 🥰🥰",11 bulan lalu,5,5,5,Saoenk Cobek Bone,Google Maps,2026-06-09 16:46:59
Ci9DQUlRQUNvZENodHljRjlvT2psdGNFMDVkVlUyTkZScVdXNTJNRFZtVjNCbU9YYxAB,fitra sari,5,Sangat baik,11 bulan lalu,5,5,5,Saoenk Cobek Bone,Google Maps,2026-06-09 16:46:59
Ci9DQUlRQUNvZENodHljRjlvT25OSVdVTkZhRkZKZVMxcWMwYzRTRzFSVUhGTVRFRRAB,Didin Saleh,5,"Mknanya enak murah meriah suasana bersih dan nyaman pelayanannya baik dan ramah.
MAKASIH FAJRIN",11 bulan lalu,5,5,5,Saoenk Cobek Bone,Google Maps,2026-06-09 16:46:59
Ci9DQUlRQUNvZENodHljRjlvT2pkT1JIa3dRM1Z6VEc5T1RsWkNkWFEzYTJwQ2RWRRAB,Irda Asril,5,,11 bulan lalu,,,,Saoenk Cobek Bone,Google Maps,2026-06-09 16:46:59
Ci9DQUlRQUNvZENodHljRjlvT21OSmR6ZDBSVTB5ZWtkSVlYQXlTRmQ1Y2tsTmJHYxAB,A 049 Dzakiy Atsiil Azis,5,semuanya sudah cukup (TIARA),11 bulan lalu,4,5,5,Saoenk Cobek Bone,Google Maps,2026-06-09 16:46:59
Ci9DQUlRQUNvZENodHljRjlvT210ZmNuaFVlbmh0ZERGUVVFeENYekoxWkhCZlgyYxAB,Hafiz Saja,5,"Makanya,enak
Tempatnya ,sejuk nyaman luas
Pelayanannya , Risma,Rama sopan",11 bulan lalu,5,5,5,Saoenk Cobek Bone,Google Maps,2026-06-09 16:47:20
Ci9DQUlRQUNvZENodHljRjlvT2tWMmJ6TklYekF6TkZCcmNXUlZZV2R5Uld0d2FuYxAB,Velisa Lisa,5,Suasananya sejuk adem bagus untuk kumpul keluarga dan pelayanannya bagus ramah dan penyajiannya cepat..(Anisa),11 bulan lalu,5,5,5,Saoenk Cobek Bone,Google Maps,2026-06-09 16:47:20
Ci9DQUlRQUNvZENodHljRjlvT2tvM1RtRkxNRmxJVmpGMFRIaENiRFpQTUZvNFJuYxAB,Susi Yanti,5,Suasana Nyaman pelayanan risma baik ramah tempatnya bagus makanannya enak👍🏻👍🏻👍🏻,11 bulan lalu,5,5,5,Saoenk Cobek Bone,Google Maps,2026-06-09 16:47:20
Ci9DQUlRQUNvZENodHljRjlvT201c1NYZHNPR3RFYWpWU01HVkJVRlJ0TVcxM2JsRRAB,Yunita Wahyudi,5,tempat nyaman -pelayan tiara,11 bulan lalu,5,5,5,Saoenk Cobek Bone,Google Maps,2026-06-09 16:47:20
Ci9DQUlRQUNvZENodHljRjlvT201SldXNXhUSE5KUkV0bGEwdHBWa1Y2WWtKcVYzYxAB,erick paweroy,5,"Makanan ok banget, view dan vibesnya muantap....pokoknya prfect laah#Annisa😘",11 bulan lalu,5,5,5,Saoenk Cobek Bone,Google Maps,2026-06-09 16:47:20
Ci9DQUlRQUNvZENodHljRjlvT2xWeGVVNVlSbFphT1hoSWJsQnhZbHBZTW05Vk0wRRAB,ANHY Arsyad,5,"Pelayanannya Risma sangat bagus, maknanya jga recomended... Pkoknya the best dehh🥰😍",11 bulan lalu,5,5,5,Saoenk Cobek Bone,Google Maps,2026-06-09 16:47:20
Ci9DQUlRQUNvZENodHljRjlvT201U2MxZDJhakY0V0VKdFRHZ3djV3QyUld0U1RGRRAB,Yusri Ani,5,Makanannya enak. Pelayanannya sangat bagus..... suasana menyenangkan,11 bulan lalu,5,5,5,Saoenk Cobek Bone,Google Maps,2026-06-09 16:47:20
Ci9DQUlRQUNvZENodHljRjlvT20xVVIxbFdMVmhxY2xCMVFuZEVhbmxyVUdKc1pIYxAB,Nur Fadillah,5,"Makanan enak
Pelayanan yang ramah
Pelayan_Tiara",11 bulan lalu,5,5,5,Saoenk Cobek Bone,Google Maps,2026-06-09 16:47:20
Ci9DQUlRQUNvZENodHljRjlvT2xSWmFUTlFSM3AxZGtSTGFGTlphMlpxVlhwU1ZWRRAB,REYNALDI IDRIS,5,"makanannya enak dan murah , tempatnya nyaman dan bersih , pelayannya baik dan ramah.makasih Fajrin",11 bulan lalu,5,5,5,Saoenk Cobek Bone,Google Maps,2026-06-09 16:47:20
Ci9DQUlRQUNvZENodHljRjlvT2s1d2REVmxTbFJLU0RGTlZWRk9iMnRTT1V0MllsRRAB,Wiwi Tri,5,makanan enak dan pelayanannya tiara bagus,11 bulan lalu,5,5,5,Saoenk Cobek Bone,Google Maps,2026-06-09 16:47:20
Ci9DQUlRQUNvZENodHljRjlvT2xGaFRrRlFNbVJ2VVdGVFlYaDRlR290U25KWlRXYxAB,Fikrah Shafiyyah,5,Pelayanannya sangat memuaskan (nisa) dan tempatnya juga sangat nyaman,11 bulan lalu,5,5,5,Saoenk Cobek Bone,Google Maps,2026-06-09 16:47:41
Ci9DQUlRQUNvZENodHljRjlvT2prME1XRmFPV0pFWWtaUE1FZzBWMHMyWlVKYWRXYxAB,Satteriyani Yani,5,"Tempat makan yang nyaman dan lezat. Direkomendasikan!!

Attn: Tiara",11 bulan lalu,5,5,5,Saoenk Cobek Bone,Google Maps,2026-06-09 16:47:41
Ci9DQUlRQUNvZENodHljRjlvT2pGWlZVMVNUWGhSUlZoMFdreG9lR1pSU0hvd1RtYxAB,Riani Madung,5,"Tempatnya sangat bagus
Pelayanan  risma sangat ramah
Masakannya juga enak",11 bulan lalu,5,5,5,Saoenk Cobek Bone,Google Maps,2026-06-09 16:47:41
Ci9DQUlRQUNvZENodHljRjlvT2sxdGRIbG1iVEpQYTNkdFFVUk1UMWt3TUZCNlpGRRAB,fitriani nur,4,Alhamdulillah pelayanan dri saudari Anisa sangat memuaskan gercep,11 bulan lalu,4,5,5,Saoenk Cobek Bone,Google Maps,2026-06-09 16:47:41
ChZDSUhNMG9nS0VOV1M2dDNEejZtUUF3EAE,Tukang Plafon PVC,5,"MasyaAllah enak enak makanannya , pelayan Anisa juga ramah dan baik",11 bulan lalu,5,5,5,Saoenk Cobek Bone,Google Maps,2026-06-09 16:47:41
Ci9DQUlRQUNvZENodHljRjlvT2twVFRqRlJZelIxTjJaR2JtaHpVMUl6VVdsRlZsRRAB,Junias Crespo Tandibua,5,Makanan cukup terjangkau dan suasana yang menenangkan.,11 bulan lalu,,,5,Saoenk Cobek Bone,Google Maps,2026-06-09 16:47:41
Ci9DQUlRQUNvZENodHljRjlvT2paUWNUWm9lbmhZYkhZMVVTMW9aemhXV1dJNWNIYxAB,Yuniar Rahman,5,"Tempat ini sangat nyaman
Dan pelayanannya sangat ramah
Terutama pelayanan waitersnya atas nama risma",11 bulan lalu,5,5,5,Saoenk Cobek Bone,Google Maps,2026-06-09 16:47:41
Ci9DQUlRQUNvZENodHljRjlvT25OSWFVcEtlVFJPUWxOT1dXSkhWazFyUm5kb05GRRAB,Risma Yanti,5,Pelayananx anisa bagus skli ramah baik cantik,11 bulan lalu,5,5,5,Saoenk Cobek Bone,Google Maps,2026-06-09 16:47:41
ChZDSUhNMG9nS0VMYVUzLXFyM2VDTFVBEAE,Risna Wati,5,"Makananx mantap
Layanan sangat bagus dan rama (fajrin)
Suasana x nyaman",11 bulan lalu,5,5,5,Saoenk Cobek Bone,Google Maps,2026-06-09 16:47:41
ChZDSUhNMG9nS0VJNmpsSXFLZzducmZnEAE,Sandi arch,5,pelayanan risma baik,11 bulan lalu,5,5,5,Saoenk Cobek Bone,Google Maps,2026-06-09 16:47:41
Ci9DQUlRQUNvZENodHljRjlvT2pSWWVqWTVWR3hDVGxGMmVHTjRNVUUwWlVoRFMxRRAB,Dyah Zahratunnisa,5,"Makanannya enak, pelayannnya ramah",11 bulan lalu,5,5,5,Saoenk Cobek Bone,Google Maps,2026-06-09 16:48:05
Ci9DQUlRQUNvZENodHljRjlvT2xORk5VOU5UMHBJYkhwNmJuaG9UbFJYWDJSQ05WRRAB,Fauzan MuhFauzan,4,"Makanannya enak,suasana tenang dan damai
,pelayanan lumayan
Cuminya kasi banyak
Fajrin",11 bulan lalu,4,5,4,Saoenk Cobek Bone,Google Maps,2026-06-09 16:48:05
Ci9DQUlRQUNvZENodHljRjlvT2pWbFEwZDBkVXRyZVZKUWR6Y3hUUzB0Um14SmNsRRAB,Musriadi Mustafa,5,"Maa syaa Allah tempat. Nya nyaman., dan pelayan  Risma ramah ramah., sukses selalu saoenk cobek",11 bulan lalu,5,5,5,Saoenk Cobek Bone,Google Maps,2026-06-09 16:48:05
Ci9DQUlRQUNvZENodHljRjlvT2xVelprYzVhWFJQWDNGQmRsUmhVbGRhU1RRNFVrRRAB,Restifah Rathi,5,"Tempatnya adem, bagus juga bareng keluarga kalau makan disini harganya juga terjangkau di kantong, porsi makanannya banyak...",11 bulan lalu,5,5,5,Saoenk Cobek Bone,Google Maps,2026-06-09 16:48:05
ChZDSUhNMG9nS0VKRzltSWVnZ1BlbU5nEAE,Anna Rahma Syam,5,Baik - A. wina,11 bulan lalu,5,5,5,Saoenk Cobek Bone,Google Maps,2026-06-09 16:48:05
ChZDSUhNMG9nS0VNdU8tTUh5dzliVU9BEAE,Ikhsan Ikhsan,5,Tempat ini sangat di rekomendasikan untuk makan bersama keluarga karna tempatnya yang bersih dan luas sekalipun dengan makanannya yang enak enak dan pelayanannya yang bagus dan orangnya ramah ramah,setahun lalu,5,5,5,Saoenk Cobek Bone,Google Maps,2026-06-09 16:48:05
ChdDSUhNMG9nS0VPZWJsYnp6MHFDaTNnRRAB,Andi Awal,5,"Mantap, Pelayanan Baik dan Ramah Waitress an Annisa Tq Good jobs 👍",setahun lalu,4,5,5,Saoenk Cobek Bone,Google Maps,2026-06-09 16:48:05
ChZDSUhNMG9nS0VNT0M5ODdYemZEMEt3EAE,Amma Rusmin,5,Sangat menarik dan memuaskan dan pelayanan risma bagus,setahun lalu,5,5,5,Saoenk Cobek Bone,Google Maps,2026-06-09 16:48:05
ChZDSUhNMG9nS0VQQ1JyOW1FZ2RLV0JBEAE,Mia Moko,5,"Pelayanannya Fajrin,Risma,tiara sangat ramah,makanannya juga enak👍",setahun lalu,5,5,5,Saoenk Cobek Bone,Google Maps,2026-06-09 16:48:05
ChZDSUhNMG9nS0VJR0cxWkRoN0xYVU1BEAE,Dian Hastuti,5,Makanan nya enak dan tempat nya nyaman dengan nuansa alam dan pelayanan ka Risma bagus,setahun lalu,5,5,5,Saoenk Cobek Bone,Google Maps,2026-06-09 16:48:05
ChdDSUhNMG9nS0VPaWxfWmpVOGR6WnFRRRAB,Elly Majang,5,"Tempatx sangat menyenangkan, suasana sejuk, dan makanx Alhamdulillah lyar biasa, enak semua rasa rasanya pelayanan risma baik dan ramah",setahun lalu,5,5,5,Saoenk Cobek Bone,Google Maps,2026-06-09 16:48:26
ChZDSUhNMG9nS0VLeUhqZmppaUktNVd3EAE,JUMRIANI JUM,5,Makananya enak suasananya nyaman pelayanan risma bagus intinya sangat puas,setahun lalu,5,5,5,Saoenk Cobek Bone,Google Maps,2026-06-09 16:48:26
ChZDSUhNMG9nS0VKTEJ4N0htZ1Bfc0NnEAE,Ade Nova,5,Ikan masaknya enak sm ikan bakarnya jga enak suasananya bagus pelayanan risma baik ramah,setahun lalu,4,5,5,Saoenk Cobek Bone,Google Maps,2026-06-09 16:48:26
ChZDSUhNMG9nS0VOU2puODdBN05UWEVnEAE,Riska Maryam,5,"Enak, pelayanannya Ok
Makasih kakak Fajrin",setahun lalu,5,5,5,Saoenk Cobek Bone,Google Maps,2026-06-09 16:48:26
ChZDSUhNMG9nS0VJeS1sSjduczc3R1F3EAE,Reski Ani,5,"masakannya enak. pelayanannya sangat bagus dan an sangat memuaskan, fajrin",setahun lalu,4,4,4,Saoenk Cobek Bone,Google Maps,2026-06-09 16:48:26
ChdDSUhNMG9nS0VMZWpydHk2bUtTN3h3RRAB,Akifah Nur,5,"makananx enk, pas dilidah
minuman ice chocolatex kurang manis,
pelayananx oke, baik & ramah,
suasana tenang & nyaman,
recomended 👍👍",setahun lalu,5,5,5,Saoenk Cobek Bone,Google Maps,2026-06-09 16:48:26
ChZDSUhNMG9nS0VPR3RzUHV4bV9mWUJnEAE,Evi Maldiana,3,Pelayanan Fajrin cukup lumayan ramah dan sopan,setahun lalu,3,4,4,Saoenk Cobek Bone,Google Maps,2026-06-09 16:48:26
ChZDSUhNMG9nS0VJQ0FnSUN6dzdUYWZ3EAE,nurhaeni amir,5,"Luaassss. . Nyaman, ada vip room, gazebo & kolam ikan",Diedit setahun lalu,5,5,5,Saoenk Cobek Bone,Google Maps,2026-06-09 16:48:26
ChZDSUhNMG9nS0VJQ0FnTURvNHNHakJnEAE,Andi Muhammad Aswandi,5,Pelayanan kak risma sangat baik di rumah mkan ini,setahun lalu,4,5,5,Saoenk Cobek Bone,Google Maps,2026-06-09 16:48:26
ChZDSUhNMG9nS0VJQ0FnSURmMHRmX0VBEAE,irma_YSH,5,tempat makan yang mudah di jangkau,Diedit setahun lalu,5,5,5,Saoenk Cobek Bone,Google Maps,2026-06-09 16:48:26
ChZDSUhNMG9nS0VJQ0FnTUNJNElmZ1J3EAE,Firna Wati,1,"Pernah Mo Reservasi Tpi Tidak Ada Konfirmasi Dan Respon Sama Sekali Padahal Di suruh  Mnunggu ,Tpi Tidak Ada Konfirmasi Selanjutnya ,Di Chat Tidak Di Balas ,Di Telpon Tidak Di Angkat",setahun lalu,,1,,Saoenk Cobek Bone,Google Maps,2026-06-09 16:48:50
ChdDSUhNMG9nS0VJQ0FnTUNnbzVYdjBRRRAB,Fany hafilia,5,Makanannya enak suasananya bagus pelayanan risma baik ramah,setahun lalu,5,5,5,Saoenk Cobek Bone,Google Maps,2026-06-09 16:48:50
ChdDSUhNMG9nS0VJQ0FnTUNnNWEza25nRRAB,Mega Lestari Syam,5,Mie goreng seafoodnya asin pelayanannya risma ramah,setahun lalu,4,5,5,Saoenk Cobek Bone,Google Maps,2026-06-09 16:48:50
ChdDSUhNMG9nS0VJQ0FnTUNnb28tS2l3RRAB,Andi Syakir,5,,setahun lalu,5,5,5,Saoenk Cobek Bone,Google Maps,2026-06-09 16:48:50
ChZDSUhNMG9nS0VJQ0FnTUNBdXUtLWN3EAE,Anthy Kitty,5,makanannya enak ikannya enak kurang cuci tagan dan untuk pelayanannya risma alhamdulilah baik dan puas,setahun lalu,5,5,5,Saoenk Cobek Bone,Google Maps,2026-06-09 16:48:50
ChdDSUhNMG9nS0VJQ0FnSURfci1QbXlnRRAB,Ryskincare Reskiyani,5,"Makanan enak dan recomended semua
Cocok banget untuk kumpul keluarga dan Pelayanan staff juga sangat ramah",setahun lalu,5,5,5,Saoenk Cobek Bone,Google Maps,2026-06-09 16:48:50
ChdDSUhNMG9nS0VJQ0FnSURfNzkzU3Z3RRAB,Andi muh nabil raihan,5,Tempatnya bagus suasanya nyaman Makanannya enak pelayanan nya Risma baik ramah,setahun lalu,5,5,5,Saoenk Cobek Bone,Google Maps,2026-06-09 16:48:50
ChdDSUhNMG9nS0VJQ0FnSURfaWVxbm13RRAB,Desa Selli official,5,Tempatnya bagus suasananya nyaman makanannya enak pelayanan risma baik ramah,setahun lalu,5,5,5,Saoenk Cobek Bone,Google Maps,2026-06-09 16:48:50
ChZDSUhNMG9nS0VJQ0FnSURfbklQWVVREAE,Serli 26,5,tempatnya nyaman susananya bagus pelayanan risma baik,setahun lalu,5,5,5,Saoenk Cobek Bone,Google Maps,2026-06-09 16:48:50
ChdDSUhNMG9nS0VJQ0FnSUNfai0tZndRRRAB,Muhammad Sahih As Siddiq,5,mantapp. rekomendid di bone,setahun lalu,5,5,5,Saoenk Cobek Bone,Google Maps,2026-06-09 16:48:50
ChZDSUhNMG9nS0VJQ0FnSUNfM2NpNEd3EAE,Ibu Risna,5,"Tempatnya Bagus, Suasananya nyaman. Pelayanan risma juga bagus dan pokoknya Makanannya Luar Biasa Enak. Tetap dipertahankan semuanya 👍👍👍👍😊😊😊",setahun lalu,5,5,5,Saoenk Cobek Bone,Google Maps,2026-06-09 16:49:15
ChZDSUhNMG9nS0VJQ0FnSUNfbWMzTElREAE,Hairul 14,5,tempatnya bagus makananya enak pelayann risma baik ramah,setahun lalu,5,5,5,Saoenk Cobek Bone,Google Maps,2026-06-09 16:49:15
ChdDSUhNMG9nS0VJQ0FnSUNfNnZuSnBBRRAB,Nasrah Nha,5,"Nyaman, sejuk",setahun lalu,5,5,5,Saoenk Cobek Bone,Google Maps,2026-06-09 16:49:15
ChdDSUhNMG9nS0VJQ0FnSUNfZ29lV3V3RRAB,Sanum Wtp,5,Tempatnya nyaman makanan enak dan puas pelayanan Risma baik ramah,setahun lalu,5,5,5,Saoenk Cobek Bone,Google Maps,2026-06-09 16:49:15
ChdDSUhNMG9nS0VJQ0FnSURmMzhuVW9nRRAB,Sri Syatriani,5,,setahun lalu,,,,Saoenk Cobek Bone,Google Maps,2026-06-09 16:49:15
ChZDSUhNMG9nS0VJQ0FnSURmel9YRkdBEAE,Asrawati Daali,5,"Alhamdulillah tempat nya nyaman, makananya enak nambah selera pokoknya asyik pelayanan Risma cpt dan ramah",setahun lalu,5,5,5,Saoenk Cobek Bone,Google Maps,2026-06-09 16:49:15
ChdDSUhNMG9nS0VJQ0FnSURmejVXQ3NRRRAB,ADE ADRIANA NUR AKBAR,5,"Tempatnya bagus bersih pelayanan risma cpt servisnya ramah""",setahun lalu,5,5,5,Saoenk Cobek Bone,Google Maps,2026-06-09 16:49:15
ChdDSUhNMG9nS0VJQ0FnSURmNjlDRXVBRRAB,Asmaul Husna,5,Tempatnya rekomended,setahun lalu,5,5,5,Saoenk Cobek Bone,Google Maps,2026-06-09 16:49:15
ChdDSUhNMG9nS0VJQ0FnSURmNjRETThnRRAB,Mira,5,"Pada saat malam terlihat cantik banget, spot bagus kalau mau foto. Ikannya lucu lucu semua, makanannya juga enak pelayanan risma bagus",setahun lalu,5,5,5,Saoenk Cobek Bone,Google Maps,2026-06-09 16:49:15
ChdDSUhNMG9nS0VJQ0FnSURmcV8tXzhnRRAB,Rifka Febri,5,"Pelayanan mantap dan suasanx oceyy bgt,,,pelayana ats.uni baikk 🙏🤗",setahun lalu,5,5,5,Saoenk Cobek Bone,Google Maps,2026-06-09 16:49:15
ChZDSUhNMG9nS0VJQ0FnSURmeTczemFnEAE,Indah Rahmasari,5,pelayanan yang bagus dan makanan yang enak makasi risma,setahun lalu,5,5,5,Saoenk Cobek Bone,Google Maps,2026-06-09 16:49:38
ChZDSUhNMG9nS0VJQ0FnSURmdHJpYkVBEAE,A. Dzul89 Dzul,5,Makanannya enak susananya nyaman pelayanan risma baik sdh puas,setahun lalu,5,5,5,Saoenk Cobek Bone,Google Maps,2026-06-09 16:49:38
ChdDSUhNMG9nS0VJQ0FnSURmbHFmWDl3RRAB,Rahmah Maing,5,"Pelayanannya fajrin sebagai karyawan ok, Ramah.
Makanan enak
Ikan bakar pas dilidah
Tdk mngecewakan datangki nah jgn ragu",setahun lalu,5,5,5,Saoenk Cobek Bone,Google Maps,2026-06-09 16:49:38
ChdDSUhNMG9nS0VJQ0FnSURmNXNxRmxnRRAB,Vicky Raihan,5,,setahun lalu,5,5,5,Saoenk Cobek Bone,Google Maps,2026-06-09 16:49:38
ChZDSUhNMG9nS0VJQ0FnSURmaXN2b1NREAE,Annisa Tiara,5,Tempatnya nyaman makanan enak pelayanannya risma baik ramah,setahun lalu,5,5,5,Saoenk Cobek Bone,Google Maps,2026-06-09 16:49:38
ChZDSUhNMG9nS0VJQ0FnSURmMUxmbEVREAE,dwi yulisari,5,"Sangat memuaskan, pelayanan atas nama Fajrin pun sangat memuaskan, Terima kasih",setahun lalu,5,5,5,Saoenk Cobek Bone,Google Maps,2026-06-09 16:49:38
ChdDSUhNMG9nS0VJQ0FnSURmMU5mbTlRRRAB,Nima Ainun,5,,setahun lalu,5,5,4,Saoenk Cobek Bone,Google Maps,2026-06-09 16:49:38
ChZDSUhNMG9nS0VJQ0FnSUNmOWI3V1NBEAE,Serli Serli,5,,setahun lalu,5,5,5,Saoenk Cobek Bone,Google Maps,2026-06-09 16:49:38
ChZDSUhNMG9nS0VJQ0FnSUNmdGNlQkJBEAE,ElRose Abayomi,5,Semua menu makanan dan pelayanan sangat memuaskan . Fajrin,setahun lalu,5,5,5,Saoenk Cobek Bone,Google Maps,2026-06-09 16:49:38
ChZDSUhNMG9nS0VJQ0FnSUNmNWJIQVpREAE,sulaimana alfarizi,5,Makanannya enak tempatnya nyaman pelayanan nya baik puas,setahun lalu,5,5,5,Saoenk Cobek Bone,Google Maps,2026-06-09 16:49:38
ChZDSUhNMG9nS0VJQ0FnSUNmc2V5MEhREAE,novi minho,5,Makanannya enak tempatnya nyaman pelayanannya risma baik,setahun lalu,5,5,5,Saoenk Cobek Bone,Google Maps,2026-06-09 16:50:02
ChZDSUhNMG9nS0VJQ0FnSUNmX3J5QUdREAE,Elza Erlinda,4,Masakannya enak dan pelayanannya juga baik fajrin,setahun lalu,4,4,5,Saoenk Cobek Bone,Google Maps,2026-06-09 16:50:02
ChdDSUhNMG9nS0VJQ0FnSUNmX3BpV3FRRRAB,Sincere Adriani,4,"Enak dan pelayanan nya bagus
-Fajrin",setahun lalu,5,5,5,Saoenk Cobek Bone,Google Maps,2026-06-09 16:50:02
ChdDSUhNMG9nS0VJQ0FnSUNmX3BDamdnRRAB,Darlis Bugis,4,,setahun lalu,4,4,5,Saoenk Cobek Bone,Google Maps,2026-06-09 16:50:02
ChZDSUhNMG9nS0VJQ0FnSUNmdnRTWUtREAE,Akbar Sainal,5,"Fajrin pelayanan ramah,sdh mntap makanan nya",setahun lalu,5,5,5,Saoenk Cobek Bone,Google Maps,2026-06-09 16:50:02
ChZDSUhNMG9nS0VJQ0FnSUNmaHMyVFV3EAE,Wilda Asmadani,5,Makanannya enak saos Padangnya enak Susananya bagus dan adem pelayanan Risma ramah dan baik,setahun lalu,5,5,5,Saoenk Cobek Bone,Google Maps,2026-06-09 16:50:02
ChZDSUhNMG9nS0VJQ0FnSUNmNHEyMFRBEAE,nafsiah nafsiah,5,"Suasana ok banget, keramahan oke cuma bel ga berfungsi waktu ditekan tidak ada yg muncul, makanan enak tapi mie nya asin sekali minta sebelum disajikan sebaiknya dicoba dulu.. secara over all ok, saya suka",setahun lalu,5,5,5,Saoenk Cobek Bone,Google Maps,2026-06-09 16:50:02
ChZDSUhNMG9nS0VJQ0FnSUNmNHNYbE1BEAE,reza amini kadir,5,"Makanannya enak, fresh dan tempatnya bersih serta pelayanannya baik. Makasi risma",setahun lalu,5,5,5,Saoenk Cobek Bone,Google Maps,2026-06-09 16:50:02
ChZDSUhNMG9nS0VJQ0FnSUNmNHRuWWJ3EAE,Hidayat noer Arifin,5,"Penyajian cepat, suasana nyaman, orangnya ramah"" makasi risma",setahun lalu,5,5,5,Saoenk Cobek Bone,Google Maps,2026-06-09 16:50:02
ChdDSUhNMG9nS0VJQ0FnSUNmb3ZUbnhnRRAB,Andi Afief Nur,5,palekko bebeknya kurang pedis  suasanya nyaman dan peleyanan risma baik dan ramah,setahun lalu,5,5,5,Saoenk Cobek Bone,Google Maps,2026-06-09 16:50:02
ChdDSUhNMG9nS0VJQ0FnSUNmX042MDh3RRAB,Azma Bahirah,5,"Ini makanan dan minuman terbaik, terima kasih Fadia atas pelayanannya kepada keluarga saya, sampai jumpa lagi",setahun lalu,5,5,5,Saoenk Cobek Bone,Google Maps,2026-06-09 16:50:26
ChdDSUhNMG9nS0VJQ0FnSUNmMVBXbnJ3RRAB,Harmuriani Ririn,5,Bumbu parapenya d ikan kurang banyak pelayanan risma baik,setahun lalu,5,5,5,Saoenk Cobek Bone,Google Maps,2026-06-09 16:50:26
ChdDSUhNMG9nS0VJQ0FnSUNmMUtXcGh3RRAB,Khalilah Khalilah,5,makanannya enak susananya nyaman pelayanaan risma baik,setahun lalu,5,5,5,Saoenk Cobek Bone,Google Maps,2026-06-09 16:50:26
ChZDSUhNMG9nS0VJQ0FnSUNmMUpMSmFBEAE,risma wati,5,terongnya kurang matang susananya adem pelayanan risma baik dan ramah,setahun lalu,5,5,5,Saoenk Cobek Bone,Google Maps,2026-06-09 16:50:26
ChdDSUhNMG9nS0VJQ0FnSUNmNU8zRDFBRRAB,Kardi Nal,5,enakkk kesini cepatttt dan pelayanan risma baik dan ramah,setahun lalu,5,5,5,Saoenk Cobek Bone,Google Maps,2026-06-09 16:50:26
ChZDSUhNMG9nS0VJQ0FnSUNmNU5xdEVnEAE,Ana Febriana,5,,setahun lalu,4,5,4,Saoenk Cobek Bone,Google Maps,2026-06-09 16:50:26
ChZDSUhNMG9nS0VJQ0FnSUNmcFBtVVlREAE,Makmur Abu,5,"Rasa untuk makanan gurih dan nikmat, untuk suasana sendiri sangat menakjubkan.makasih Fajrin",setahun lalu,4,5,5,Saoenk Cobek Bone,Google Maps,2026-06-09 16:50:26
ChdDSUhNMG9nS0VJQ0FnSUNmcEpuMG9BRRAB,Manarul Hidayat,5,,setahun lalu,,,,Saoenk Cobek Bone,Google Maps,2026-06-09 16:50:26
ChZDSUhNMG9nS0VJQ0FnSUNmcFA3RUZREAE,Ardhi Ana,5,"Masakan enak saya sdh 2 kali kesini.
Layanan juga bagus
Semoga kedepannya jauh lebih bagus lagi. FAJRIN",setahun lalu,4,4,4,Saoenk Cobek Bone,Google Maps,2026-06-09 16:50:26
ChZDSUhNMG9nS0VJQ0FnSUR2NzdqLVBBEAE,Helmalia Putri,4,Pelayanan yg baik fajrin,setahun lalu,4,5,5,Saoenk Cobek Bone,Google Maps,2026-06-09 16:50:26
ChZDSUhNMG9nS0VJQ0FnSUR2cjlPak9BEAE,Gxgsh Hehesn,5,"Makanannya sudah bagus
Pelayanan kak Adrian ramah:)",setahun lalu,3,5,4,Saoenk Cobek Bone,Google Maps,2026-06-09 16:50:51
ChdDSUhNMG9nS0VJQ0FnSUR2el9LRGx3RRAB,rezky iute,5,"Restonya recommended, makanannya enakkk, cepat, dan tempatnya bersih
Pelayanannya Risma mantapp",setahun lalu,5,5,5,Saoenk Cobek Bone,Google Maps,2026-06-09 16:50:51
ChdDSUhNMG9nS0VJQ0FnSUR2ajZ2ejhBRRAB,ARNI AMAR,5,Masya allah....makanan enak banget . Next Bakal kesini lagi dengan rombongn teman2....dan pelayanan risma dan irna baik dan ramah,setahun lalu,5,5,5,Saoenk Cobek Bone,Google Maps,2026-06-09 16:50:51
ChZDSUhNMG9nS0VJQ0FnSUR2ajVhelBREAE,Fatmawati,5,Makanannya enak susanya nyaman pelayanan risma baik dan ramah sudah puas,setahun lalu,5,5,5,Saoenk Cobek Bone,Google Maps,2026-06-09 16:50:51
ChdDSUhNMG9nS0VJQ0FnSUR2ai1hdTZ3RRAB,normah nrmh11,5,Tempatnya nyaman makannya enak pelayanan Risma baik dan ramah,setahun lalu,5,5,5,Saoenk Cobek Bone,Google Maps,2026-06-09 16:50:51
ChdDSUhNMG9nS0VJQ0FnSUR2LThXUmlnRRAB,Miranda Aprilia,5,"Pelayanan nya bgs dan ramah, makanan nya juga tdk terlalu lama di tunggu",setahun lalu,4,5,5,Saoenk Cobek Bone,Google Maps,2026-06-09 16:50:51
ChZDSUhNMG9nS0VJQ0FnSUR2MjQ3Q2NnEAE,Ishak tamrin,5,Suasana nya Nyaman dan pelayanan nya Bagus. Makasih Fajrin,setahun lalu,5,5,5,Saoenk Cobek Bone,Google Maps,2026-06-09 16:50:51
ChZDSUhNMG9nS0VJQ0FnSUR2MjZ6RVd3EAE,Dia Carissa,5,Pelayanan bagus . Masakannya bagus.. thanks pelayanan nya @fadia dan Fajri,setahun lalu,5,5,5,Saoenk Cobek Bone,Google Maps,2026-06-09 16:50:51
ChZDSUhNMG9nS0VJQ0FnSUR2MjZ5QVJ3EAE,Ns. Siraj,5,Mantul (Fajrin),setahun lalu,5,5,5,Saoenk Cobek Bone,Google Maps,2026-06-09 16:50:51
ChdDSUhNMG9nS0VJQ0FnSUR2MjdUb193RRAB,Taruna Siaga Bencana,5,Wawwwww bikin kenyang,setahun lalu,5,,,Saoenk Cobek Bone,Google Maps,2026-06-09 16:50:51
ChZDSUhNMG9nS0VJQ0FnSUR2NjlxNUFREAE,Karmila Syam2712,5,"Nasinya yg pulen, cobeknya mantap pelayanan risma baik dan ramah",setahun lalu,5,5,5,Saoenk Cobek Bone,Google Maps,2026-06-09 16:51:18
ChdDSUhNMG9nS0VJQ0FnSUR2cTlxMDBRRRAB,Nursugiana,5,makanannya enak dan pelayanan risma baik dan ramah sudah sangat puas,setahun lalu,5,5,5,Saoenk Cobek Bone,Google Maps,2026-06-09 16:51:18
ChdDSUhNMG9nS0VJQ0FnSUR2cTdLNl9RRRAB,Hajja Miati,5,Makanannya enak dan pelayanannya Risma baik dan ramah,setahun lalu,5,5,5,Saoenk Cobek Bone,Google Maps,2026-06-09 16:51:18
ChdDSUhNMG9nS0VJQ0FnSUR2ZzRHcG13RRAB,Asril Mandala,5,"Makanan : Enak
Pelayanan Risma baik dan ramah",setahun lalu,5,5,5,Saoenk Cobek Bone,Google Maps,2026-06-09 16:51:18
ChZDSUhNMG9nS0VJQ0FnSUR2X2JiTkZnEAE,arnita rusli,5,"Tempat Bersih, Makanan Wenaaak dan pelayannya atas nama Risna sopan & baik",setahun lalu,5,5,5,Saoenk Cobek Bone,Google Maps,2026-06-09 16:51:18
ChdDSUhNMG9nS0VJQ0FnSUR2dmVqSC1nRRAB,Renaldi Aldi,5,,setahun lalu,5,5,5,Saoenk Cobek Bone,Google Maps,2026-06-09 16:51:18
ChdDSUhNMG9nS0VJQ0FnSUR2bGNMaDZRRRAB,Sri Musyrifah,5,PelayaNax cepat dan Ramah...mkasi mba irNa,setahun lalu,4,5,4,Saoenk Cobek Bone,Google Maps,2026-06-09 16:51:18
ChdDSUhNMG9nS0VJQ0FnSUR2bGNMMDRnRRAB,Ikbalamal Nurlela,5,Tempatnya bagus pemandagannya indah dan waiters atas nama Risma pelayanannya baik dan ramah,setahun lalu,5,5,5,Saoenk Cobek Bone,Google Maps,2026-06-09 16:51:18
ChdDSUhNMG9nS0VJQ0FnSUR2NWM3Q3NRRRAB,nurmelinda malik,5,Rekomended dan makanannya enak. Pelayanan risma baik dan ramah,setahun lalu,5,5,5,Saoenk Cobek Bone,Google Maps,2026-06-09 16:51:18
ChdDSUhNMG9nS0VJQ0FnSUR2cGF2X3pBRRAB,Irmawati Irmawati,5,"Makanan nya enak, pelayanan bagus",setahun lalu,5,5,5,Saoenk Cobek Bone,Google Maps,2026-06-09 16:51:18
ChdDSUhNMG9nS0VJQ0FnSUR2cGN1X3ZRRRAB,Evitasari 0212,5,tempatnya bagus dann nyaman jadi cocook kalau mau makan bareng keluarga dancpepayanannya bagus sekali gercep juga pelayanan irna,setahun lalu,5,5,5,Saoenk Cobek Bone,Google Maps,2026-06-09 16:51:42
ChZDSUhNMG9nS0VJQ0FnSUR2cGRhd1JnEAE,Besse Illang Brendy,5,Makanan enak banget. Risma mantul. Top markotop,setahun lalu,5,5,5,Saoenk Cobek Bone,Google Maps,2026-06-09 16:51:42
ChZDSUhNMG9nS0VJQ0FnSURQeHBDZWR3EAE,Tikha Duta88,4,,setahun lalu,4,3,5,Saoenk Cobek Bone,Google Maps,2026-06-09 16:51:42
ChdDSUhNMG9nS0VJQ0FnSURQeE5fVDRRRRAB,Nur amaliah,5,"-Untuk menu udang saos padangnya : uangnya kriuk², rasa saos padangnya jga pas.
Untuk persambelan : sambel merah ngk pedas cocok buat yg ngk suka mkan pedas, untuk sambel ijonya enak bnget pedasnya mntap, klo smbel cobeknya pedasnya jga pas ccok yg ngk suka pedas tpi mau merasakan sensasi pedas²
- untuk menu minuman itu mocktail blu blood sukaa bnyak natade coco nya,, pokoknya 1000/100 deh",setahun lalu,5,5,5,Saoenk Cobek Bone,Google Maps,2026-06-09 16:51:42
ChZDSUhNMG9nS0VJQ0FnSUNYaC1lekR3EAE,Chaerul Amri,4,"Suasananya bagus banget, makanannya enak, bakal balik lagi",setahun lalu,4,5,5,Saoenk Cobek Bone,Google Maps,2026-06-09 16:51:42
ChdDSUhNMG9nS0VJQ0FnSUNYOHRDTHNnRRAB,Tesar Dwicahyo,5,,setahun lalu,5,5,5,Saoenk Cobek Bone,Google Maps,2026-06-09 16:51:42
ChZDSUhNMG9nS0VJQ0FnSURIX2JLakFnEAE,Toko Oleh Oleh khas Bugis,5,Bagus,setahun lalu,5,4,5,Saoenk Cobek Bone,Google Maps,2026-06-09 16:51:42
ChZDSUhNMG9nS0VJQ0FnSURIaXRMOEl3EAE,Akka -,5,,setahun lalu,5,5,5,Saoenk Cobek Bone,Google Maps,2026-06-09 16:51:42
ChdDSUhNMG9nS0VJQ0FnSURIZ05XRjF3RRAB,Ismail Lina,4,,setahun lalu,,,,Saoenk Cobek Bone,Google Maps,2026-06-09 16:51:42
ChZDSUhNMG9nS0VJQ0FnSUNIaG83RWJREAE,Midhunk Jelek,4,Keren,setahun lalu,3,2,3,Saoenk Cobek Bone,Google Maps,2026-06-09 16:51:42
ChZDSUhNMG9nS0VJQ0FnSUNIMHVISUJ3EAE,Nurlinda,5,,setahun lalu,,,,Saoenk Cobek Bone,Google Maps,2026-06-09 16:52:06
ChdDSUhNMG9nS0VJQ0FnSURiay0tXzh3RRAB,agit eriyanto,4,Tempatnya asyik nuansa lesehan terapung,setahun lalu,4,4,4,Saoenk Cobek Bone,Google Maps,2026-06-09 16:52:06
ChdDSUhNMG9nS0VJQ0FnSUN4MmFmUzlRRRAB,Emhy Sweet,5,,Diedit setahun lalu,,,,Saoenk Cobek Bone,Google Maps,2026-06-09 16:52:06
ChdDSUhNMG9nS0VJQ0FnSURMdDc2QXJ3RRAB,Inggou David Purba,4,"Menu makanan dan minuman cukup lengkap, rasa enak, harga standar.
Tempatnya nyaman.
Pembayaran dapat menggunakan QRIS dan gesek kartu debit/credit tanpa dikenakan charge tambahan.",setahun lalu,4,4,5,Saoenk Cobek Bone,Google Maps,2026-06-09 16:52:06
ChZDSUhNMG9nS0VJQ0FnSUNUb3FudVNBEAE,Anis,5,Tempatnya nyaman dan makanannya enak-enak,2 tahun lalu,5,5,5,Saoenk Cobek Bone,Google Maps,2026-06-09 16:52:06
ChdDSUhNMG9nS0VJQ0FnSUNwbXMtY3pRRRAB,Diwir yupz,3,"Makanannya lumayan tp hambar, suasana ok tapi banyak nyamuk sm cicak",Diedit 2 tahun lalu,4,4,4,Saoenk Cobek Bone,Google Maps,2026-06-09 16:52:06
ChZDSUhNMG9nS0VJQ0FnSUNqejZiNkJREAE,Juswan Rahmat,5,"Bagus, bintang berbicara",2 tahun lalu,5,5,5,Saoenk Cobek Bone,Google Maps,2026-06-09 16:52:06
ChZDSUhNMG9nS0VJQ0FnSUNEZzlqQ2R3EAE,Muh Rustam,5,,2 tahun lalu,5,5,5,Saoenk Cobek Bone,Google Maps,2026-06-09 16:52:06
ChdDSUhNMG9nS0VJQ0FnSUM5a2RtNjhBRRAB,Indah Lycheva,5,,2 tahun lalu,5,5,5,Saoenk Cobek Bone,Google Maps,2026-06-09 16:52:06
ChZDSUhNMG9nS0VJQ0FnSUNkajdydmJBEAE,Sri Wahyuni,5,Suasana dan makanannya sesuai ekspektasi,2 tahun lalu,5,5,5,Saoenk Cobek Bone,Google Maps,2026-06-09 16:52:06
ChdDSUhNMG9nS0VJQ0FnSUNkajVyUmpRRRAB,Putra Afrianto,5,"Mantap lah rasa, pelayanan, dan suasananya... cocok untuk menghabiskan waktu bersama keluarga",2 tahun lalu,5,5,5,Saoenk Cobek Bone,Google Maps,2026-06-09 16:52:30
ChdDSUhNMG9nS0VJQ0FnSUROdWF6VzlRRRAB,Zepcus SV,5,,2 tahun lalu,3,4,5,Saoenk Cobek Bone,Google Maps,2026-06-09 16:52:30
ChZDSUhNMG9nS0VJQ0FnSUNOdllHQVVnEAE,Selamat Telaumbanua,2,"Makanannya Enak. Tapi
Layanannya Kurang Bagus lambat sekali Keluar makanan
Suasana ruangan Panas.",Diedit 2 tahun lalu,5,1,1,Saoenk Cobek Bone,Google Maps,2026-06-09 16:52:30
ChdDSUhNMG9nS0VJQ0FnSUNOcHVQUGpnRRAB,Fitri Setiawan,4,"Tempat bagus, tapi makanannya B aja",2 tahun lalu,3,4,5,Saoenk Cobek Bone,Google Maps,2026-06-09 16:52:30
ChZDSUhNMG9nS0VJQ0FnSUQxcnY2YmZ3EAE,Andi Asriayu ARA,3,,2 tahun lalu,,,,Saoenk Cobek Bone,Google Maps,2026-06-09 16:52:30
ChZDSUhNMG9nS0VJQ0FnSUMxdk42U2ZBEAE,Ekafadly Jusuf,5,Ayah dan pelayanan yang hebat.,2 tahun lalu,5,5,5,Saoenk Cobek Bone,Google Maps,2026-06-09 16:52:30
ChdDSUhNMG9nS0VJQ0FnSURWMmEySjV3RRAB,Uge Anugraria,4,,2 tahun lalu,,,,Saoenk Cobek Bone,Google Maps,2026-06-09 16:52:30
ChdDSUhNMG9nS0VJQ0FnSURsb0pQWndBRRAB,Adi Jaya,5,"Tempat yang cukup asri dan sangat menarik, makanannya enak dan harga ramah di kantong, next ke Singapura lagi. Parkirannya juga luas.",2 tahun lalu,,,,Saoenk Cobek Bone,Google Maps,2026-06-09 16:52:30
ChZDSUhNMG9nS0VJQ0FnSUNsbnZIaFRBEAE,Henny Rosalina,4,,2 tahun lalu,,,,Saoenk Cobek Bone,Google Maps,2026-06-09 16:52:30
ChZDSUhNMG9nS0VJQ0FnSUNsanRQTVR3EAE,Usman Tahang,5,,2 tahun lalu,5,5,5,Saoenk Cobek Bone,Google Maps,2026-06-09 16:52:30
ChdDSUhNMG9nS0VJQ0FnSURGcU9xOTlBRRAB,Naharuddin Alwi,4,Tempatntya cukup nyaman,2 tahun lalu,4,4,5,Saoenk Cobek Bone,Google Maps,2026-06-09 16:52:54
ChZDSUhNMG9nS0VJQ0FnSUNGN3VYYVR3EAE,Emydwiyani,4,,2 tahun lalu,,,,Saoenk Cobek Bone,Google Maps,2026-06-09 16:52:54
ChZDSUhNMG9nS0VJQ0FnSUNadHN5V0Z3EAE,eko cahyono,4,Tempat yang bagus untuk menghabiskan waktu bersama keluarga.,2 tahun lalu,4,5,5,Saoenk Cobek Bone,Google Maps,2026-06-09 16:52:54
ChZDSUhNMG9nS0VJQ0FnSUNaNlBDRk5BEAE,Rahmat Wahyudi,5,,2 tahun lalu,,,,Saoenk Cobek Bone,Google Maps,2026-06-09 16:52:54
ChZDSUhNMG9nS0VJQ0FnSURwcC1LZ0JREAE,made indra jaya,3,Suasananya ingat kampung halaman,2 tahun lalu,3,4,5,Saoenk Cobek Bone,Google Maps,2026-06-09 16:52:54
ChdDSUhNMG9nS0VJQ0FnSURwZ3BmTXpRRRAB,Dian Angraini,1,Pelayanan yang sangat amat tidak baik..,2 tahun lalu,,,,Saoenk Cobek Bone,Google Maps,2026-06-09 16:52:54
ChdDSUhNMG9nS0VJQ0FnSURwOUozUjFBRRAB,mely asrina,1,,2 tahun lalu,1,1,1,Saoenk Cobek Bone,Google Maps,2026-06-09 16:52:54
ChdDSUhNMG9nS0VJQ0FnSURwOUxIa2pRRRAB,erni ratnawati,1,"Pelayanan yg kurang memuaskan, makanan kurang enak,,",2 tahun lalu,1,1,2,Saoenk Cobek Bone,Google Maps,2026-06-09 16:52:54
ChZDSUhNMG9nS0VJQ0FnSUNwaXFPcUV3EAE,Delvianti Fahmi,5,,2 tahun lalu,5,5,5,Saoenk Cobek Bone,Google Maps,2026-06-09 16:52:54
ChdDSUhNMG9nS0VJQ0FnSUNwdFBEdGdRRRAB,Rijal Syamsul,5,,2 tahun lalu,,,,Saoenk Cobek Bone,Google Maps,2026-06-09 16:52:54
ChZDSUhNMG9nS0VJQ0FnSUNwNkpLR0tREAE,Leni,5,,2 tahun lalu,4,5,5,Saoenk Cobek Bone,Google Maps,2026-06-09 16:53:18
ChdDSUhNMG9nS0VJQ0FnSURKNzRUeTRRRRAB,Dwi Januar Putra Kusuma,5,"Suasana oke , di angin sejuk ditengah panas kota Bone , makanan standart harga lumayan menguras",2 tahun lalu,5,4,5,Saoenk Cobek Bone,Google Maps,2026-06-09 16:53:18
ChZDSUhNMG9nS0VJQ0FnSURKMXJhemRREAE,dewhy yulianty,5,,2 tahun lalu,,,,Saoenk Cobek Bone,Google Maps,2026-06-09 16:53:18
ChdDSUhNMG9nS0VJQ0FnSURKbHBHVXBnRRAB,Perhiasan Duniawi,3,"Makan lumanyan enak
Pelayanan mantap
Suasana Romantis",2 tahun lalu,3,4,4,Saoenk Cobek Bone,Google Maps,2026-06-09 16:53:18
ChZDSUhNMG9nS0VJQ0FnSURKZ01LZGRREAE,Ali Imran 13,5,Bagus.,2 tahun lalu,,,,Saoenk Cobek Bone,Google Maps,2026-06-09 16:53:18
ChZDSUhNMG9nS0VJQ0FnSUNKamFmTlNBEAE,Muly Mulya,5,,2 tahun lalu,,,,Saoenk Cobek Bone,Google Maps,2026-06-09 16:53:18
ChdDSUhNMG9nS0VJQ0FnSUR4cXUycHRnRRAB,Murdian Ekawati,5,,3 tahun lalu,,,,Saoenk Cobek Bone,Google Maps,2026-06-09 16:53:18
ChZDSUhNMG9nS0VJQ0FnSUN4MThlZUx3EAE,Hikmah fzh,5,,3 tahun lalu,5,5,5,Saoenk Cobek Bone,Google Maps,2026-06-09 16:53:18
ChdDSUhNMG9nS0VJQ0FnSUN4MmFEczlRRRAB,sri wulan,5,,3 tahun lalu,,,,Saoenk Cobek Bone,Google Maps,2026-06-09 16:53:18
ChZDSUhNMG9nS0VJQ0FnSUN4N3ZpQWFBEAE,yuzz Happy,5,"suasananya bagus ,santai",3 tahun lalu,3,5,5,Saoenk Cobek Bone,Google Maps,2026-06-09 16:53:18
ChdDSUhNMG9nS0VJQ0FnSUN4MUlxNmdBRRAB,Prety Sinta,4,,3 tahun lalu,,,,Saoenk Cobek Bone,Google Maps,2026-06-09 16:53:42
ChZDSUhNMG9nS0VJQ0FnSURSNWJpclFnEAE,andi rully asgap,5,"Suasana nya nyaman dengan nuansa tradisional disertai pelayanan yang baik, sangat pas dijadikan tempat berkumpul bersama keluarga.",3 tahun lalu,4,5,5,Saoenk Cobek Bone,Google Maps,2026-06-09 16:53:42
ChdDSUhNMG9nS0VJQ0FnSURSaGUzaDdBRRAB,Dalleta Dalleta,2,"tempatnya bagus… tapi menurutku harga makanannya terlalu overprice. pesan ikan bakar yang harga 100an satu ekor tpi ikannya sdh tidak segar dan bau amis banget. sdh berekspektasi tinggi krn harga mahal tapi rasa hambar dan amis. order ayam bakar ternyata blum include sambelnya 😅 ya udah order sambel lagi deh jadinya. kirain cuma ikan bakarnya yang hambar, ternyata ayamnya jg. Sudahlah… cukup",3 tahun lalu,,,,Saoenk Cobek Bone,Google Maps,2026-06-09 16:53:42
ChdDSUhNMG9nS0VJQ0FnSURSdWJlc29RRRAB,renhal dwi,5,"Nyaman Dan Enak
Jangan Di Ragukan Lagy
Quality Time And Family Time Lets Try",3 tahun lalu,,,,Saoenk Cobek Bone,Google Maps,2026-06-09 16:53:42
ChdDSUhNMG9nS0VJQ0FnSURScVlPeW1nRRAB,Satriani Syamsuddin,5,,3 tahun lalu,5,5,5,Saoenk Cobek Bone,Google Maps,2026-06-09 16:53:42
ChZDSUhNMG9nS0VJQ0FnSURSOXY3YmRnEAE,syahir official,5,Lulus,3 tahun lalu,5,4,4,Saoenk Cobek Bone,Google Maps,2026-06-09 16:53:42
ChdDSUhNMG9nS0VJQ0FnSURSMnNXWHN3RRAB,Rina Erawati,4,"Makan siang di sini ramai-ramai dengan keluarga. Beberapa menu yg dipesan tidak tersedia. Dari segi rasa, enak. Masakan ikan dan udang nya mantap. Sayur terong balado enak, Jus juga enak. Cm tadi makanan agak lama baru disajikan. Menu otak2 sisa satu porsi saja td. Kalau di tempat lain biasanya menu ayam ada daun2 lalapan maka di sini benar2 hanya potongan ayam saja yg masuk menunya.  Mungkin karena pohon-pohon di sekitar gazebo masih kurang jadi agak panas dan silau sedikit. Kelebihan lainnya, ikan di kolam lumayan banyak jadi anak-anak bisa terhibur sambil menunggu makanan disiapkan.",Diedit 3 tahun lalu,5,5,4,Saoenk Cobek Bone,Google Maps,2026-06-09 16:53:42
ChZDSUhNMG9nS0VJQ0FnSURSNXRQU1dREAE,Khalil Aqso,3,Makanannya agak enak dari ikannya.,3 tahun lalu,2,5,5,Saoenk Cobek Bone,Google Maps,2026-06-09 16:53:42
ChZDSUhNMG9nS0VJQ0FnSUNSNTZXVkdREAE,Ocha 88cl,5,Bagus,3 tahun lalu,,,,Saoenk Cobek Bone,Google Maps,2026-06-09 16:53:42
ChdDSUhNMG9nS0VJQ0FnSUNSZ2FHNmx3RRAB,kurniah sari,5,,3 tahun lalu,5,5,5,Saoenk Cobek Bone,Google Maps,2026-06-09 16:53:42
ChZDSUhNMG9nS0VJQ0FnSURobDRtTGRREAE,Fatir Blk,4,Keren,3 tahun lalu,,,,Saoenk Cobek Bone,Google Maps,2026-06-09 16:54:06
ChdDSUhNMG9nS0VJQ0FnSURocV9YOHFRRRAB,istiana darwis,5,,3 tahun lalu,5,5,4,Saoenk Cobek Bone,Google Maps,2026-06-09 16:54:06
ChdDSUhNMG9nS0VJQ0FnSURoc3EyaTJ3RRAB,Asis Merak,2,,3 tahun lalu,,,,Saoenk Cobek Bone,Google Maps,2026-06-09 16:54:06
ChdDSUhNMG9nS0VJQ0FnSURoZ3BpdmxnRRAB,Mr. Bas,5,Warung Soenk Cobek Bone,3 tahun lalu,5,5,5,Saoenk Cobek Bone,Google Maps,2026-06-09 16:54:06
ChdDSUhNMG9nS0VJQ0FnSURodkxQZnRBRRAB,Frengky Utama,5,Suasana yang nyaman dan makanan nya mantaps,3 tahun lalu,5,5,5,Saoenk Cobek Bone,Google Maps,2026-06-09 16:54:06
ChZDSUhNMG9nS0VJQ0FnSUNoMTVLRklnEAE,Nenly Marindah,4,Menunya variatif dan rasa masakan nya enak,3 tahun lalu,,,,Saoenk Cobek Bone,Google Maps,2026-06-09 16:54:06
ChZDSUhNMG9nS0VJQ0FnSUNobG8ycVJREAE,Muhammad Amri Amir,3,"Tempat dan pelayanan oke, hanya rasa makanan masih kurang, bisa dibilang hampir hambar tak ada rasa apalagi dengan harga segitu. Ditingkatkan lagi rasa masakannya supaya rasanya bisa bikin balik lagi",3 tahun lalu,,,,Saoenk Cobek Bone,Google Maps,2026-06-09 16:54:06
ChdDSUhNMG9nS0VJQ0FnSUNoNkxINzlBRRAB,ISMAIL ALRIP,5,,3 tahun lalu,5,4,5,Saoenk Cobek Bone,Google Maps,2026-06-09 16:54:06
ChdDSUhNMG9nS0VJQ0FnSURCMzRfTzl3RRAB,Hj Hasni,5,,3 tahun lalu,,,,Saoenk Cobek Bone,Google Maps,2026-06-09 16:54:06
ChZDSUhNMG9nS0VJQ0FnSURCbjd2VEpREAE,Wawan Riswandy,5,Mantap apalagi klo di traktir hehehe,3 tahun lalu,5,,,Saoenk Cobek Bone,Google Maps,2026-06-09 16:54:06
ChdDSUhNMG9nS0VJQ0FnSURCb2RTZV9BRRAB,Fadila Husnul Khatimah,2,,3 tahun lalu,2,2,2,Saoenk Cobek Bone,Google Maps,2026-06-09 16:54:33
ChRDSUhNMG9nS0VJQ0FnSURCb3NsShAB,Ilham Bastiar,2,"Service dari waiter baik dan memuaskan, suasana nyaman. Sedikit saran saya spy costumer tdk kecewa perlu diperjelas untuk menu seafood yg termasuk M, L dan XL itu brp gram atau ons . Seperti misalnya menu cumi goreng tepung seporsi hrg 45rb cuma bbrp iris kecil dan tipis2. Ikan kakap putih selebar telapak tangan saja dibilang masuk ukuran Large. Belum lagi sayur asem yg rasanya agak aneh krn  dicampur kunyit. Harga menu jg agak sensitif , kalau tll tinggi bs jd cuma rame krn mencoba sj,  tp sulit buat jd langganan..",3 tahun lalu,,,,Saoenk Cobek Bone,Google Maps,2026-06-09 16:54:33
ChdDSUhNMG9nS0VJQ0FnSUNCcnBxUXdRRRAB,Ayub Nur Falqy,5,"Reservasi untuk jam 1 tapi telat sampai jam 2, it's okay karena masih baru dan keliatan keteteran ketika sudah ramai, untung karyawannya murah senyum sebagian 😁
Makanannya enak kok dan suasananya juga sejuk dengan kolam di tengah-tengah gazebo. Saran sih tembok pembatas dengan rumah warga dibuat lebih tinggi saja dan diberi markah untuk gazebo 1,2 dst sebelum jembatan jadi pelanggan tau apa harus nyebrang dulu atau tidak. Tapi keren sistemnya bisa pesan di gazebo langsung pakai alat yang sudah tertanam di meja, ada beberapa pilihan seperti call, order, pay. Nice, sukseski",3 tahun lalu,5,5,5,Saoenk Cobek Bone,Google Maps,2026-06-09 16:54:33
ChdDSUhNMG9nS0VJQ0FnSUNCbHBiVnJRRRAB,Adinda Safira Dwi Putri,3,"Makanannya lumayan enak, kurangnya cuma di servicenya aja sih pelayannya lari²an terus seperti dikejar sesuatu (mungkin niatnya agar fast service tapi jadi keliatan rusuh), pelayan cowoknya masih ada yang ngerokok sambil kerja jadi kurang higienis, pelayannya juga ribut banget saling teriak² jadi agak kurang nyaman sih. Mejanya masih bau juga kayak cuman di lap buru². Semoga bisa diperbaiki deh ya 👍",3 tahun lalu,,,,Saoenk Cobek Bone,Google Maps,2026-06-09 16:54:33
ChdDSUhNMG9nS0VJQ0FnSUQtNzd2dGlRRRAB,Jull lianto,4,"Pelayanan kurang gesit mungkin krn masih baru jadi butuh proses belajar karyawannya,kewalahan melayani tamu.
Makanan lumayan enak
Semoga bisa awet ramainya,krn biasanya kalo dibone awalnya ji ramai pengunjung.
Saran buat pengelolah kalo bisa tembok pembatas rumah warga ditinggikan.",3 tahun lalu,4,4,4,Saoenk Cobek Bone,Google Maps,2026-06-09 16:54:33
