review_id,nama_pengguna,rating,komentar,tanggal,rating_makanan,rating_layanan,rating_suasana,cabang,platform,tanggal_scraping
Ci9DQUlRQUNvZENodHljRjlvT2pWSk4ySk5Oa1F5YWtGaFRWVnlMVE01VWpSbWRuYxAB,Mety,5,"Pelayanan mantap
Mkasih mba ninis",6 jam lalu,5,5,5,Saoenk Cobek Sudiang,Google Maps,2026-05-14 20:45:09
Ci9DQUlRQUNvZENodHljRjlvT21WalNIb3dielZzYlhKZmVXSnhhRVpoUTNOSmJFRRAB,Niputu Kyran,4,,1 hari lalu,4,5,5,Saoenk Cobek Sudiang,Google Maps,2026-05-14 20:45:09
Ci9DQUlRQUNvZENodHljRjlvT2xNNFVIQmtSV3BMY1ZkdmNHaFlXSE0zVUZCbE9YYxAB,Andi Azriel Akbar,5,Apa kabar Daniel?,4 hari lalu,5,5,5,Saoenk Cobek Sudiang,Google Maps,2026-05-14 20:45:09
Ci9DQUlRQUNvZENodHljRjlvT2pGdWFEYzRaR013WTJ4WFoxVlFNa1ZWV1dVdE1sRRAB,MANG . EAKK,5,Pelayanan kak Danil bagus,4 hari lalu,5,5,5,Saoenk Cobek Sudiang,Google Maps,2026-05-14 20:45:09
Ci9DQUlRQUNvZENodHljRjlvT21wRE1GQlhWM0pYT0hsbVZrTkdVVTV1UzFSUU0zYxAB,Masdul,5,,seminggu lalu,5,5,3,Saoenk Cobek Sudiang,Google Maps,2026-05-14 20:45:09
Ci9DQUlRQUNvZENodHljRjlvT25sRlZrdHFhSE13WkRsTFYxOWhXSEpEYUVGTGVVRRAB,wirna wati,5,Daniel sangat bagus pelayanannya,seminggu lalu,5,5,5,Saoenk Cobek Sudiang,Google Maps,2026-05-14 20:45:09
Ci9DQUlRQUNvZENodHljRjlvT25SVVYxWkpOWGxQYWxKVWEwOWlUemg0VDNKVE5uYxAB,Sahid Iqbal,4,"Makanannya benar-benar enak, karena mereka punya banyak pilihan masakan di menu mereka, Anda bisa memesan makanan tradisional Makassar di sana.",seminggu lalu,5,4,4,Saoenk Cobek Sudiang,Google Maps,2026-05-14 20:45:09
Ci9DQUlRQUNvZENodHljRjlvT2xsaWIxQmphVk5mTmpOQ1NYbzJhMHd0YlZkNlExRRAB,Ita Yunita,5,"Tempatnya bagus & nyaman
Parkirannya luas
Alamatnya mudah di jangkau

#Danil",seminggu lalu,5,5,5,Saoenk Cobek Sudiang,Google Maps,2026-05-14 20:45:09
Ci9DQUlRQUNvZENodHljRjlvT2xweWVqaFplbWszUTFoWFlsRjFUSE5QYjNOU1NrRRAB,Lizhna Karim,5,Pelayanannya an pak Danil Baik,seminggu lalu,5,4,5,Saoenk Cobek Sudiang,Google Maps,2026-05-14 20:45:09
Ci9DQUlRQUNvZENodHljRjlvT2tadE5Ua3hXbFJ0TkROZmJrTlNUMHhXTVhNMVUzYxAB,Virene Tulak,4,,seminggu lalu,4,4,4,Saoenk Cobek Sudiang,Google Maps,2026-05-14 20:45:09
Ci9DQUlRQUNvZENodHljRjlvT21kRmFHZGpaM2xzVVhkalpUbGtNemRzUXpGa1dHYxAB,Nia Ramadany,1,Pelayanan lama nggk worthit bayar mahal tidak sesuai rasa,seminggu lalu,2,1,5,Saoenk Cobek Sudiang,Google Maps,2026-05-14 20:45:30
Ci9DQUlRQUNvZENodHljRjlvT2sxYU1IaEtZVkZZYUZCVk5pMTFhR2h5UkhCYVpWRRAB,Verial Vee,2,"Klo bandingin dengan saung cobek lainnya, yg ini lama pelayanan nya... Pilihan menu biasa nd lengkap",seminggu lalu,5,2,3,Saoenk Cobek Sudiang,Google Maps,2026-05-14 20:45:30
Ci9DQUlRQUNvZENodHljRjlvT21wVVZ6WXplamhuV0hweGFWWkxWRVpQZUc1b1FrRRAB,TIDAK TAU,5,Makasih kaka daniel ats pelayananya tadi,2 minggu lalu,5,5,5,Saoenk Cobek Sudiang,Google Maps,2026-05-14 20:45:30
Ci9DQUlRQUNvZENodHljRjlvT2poeE5ITmlibVJKY210eVZGUlpPRVpPY3pKbmFVRRAB,andi amril,4,"Makanannya enak dan pelayanan cepat,ramah dan tempatnya bagus.terima kasih pelayanannya daniel",2 minggu lalu,4,4,5,Saoenk Cobek Sudiang,Google Maps,2026-05-14 20:45:30
Ci9DQUlRQUNvZENodHljRjlvT21GelFVTjFUbUpXUW10aFIwUnNka3BSTW5SNk5HYxAB,Freya Jr,5,Bagus dan nyaman,3 minggu lalu,5,5,5,Saoenk Cobek Sudiang,Google Maps,2026-05-14 20:45:30
Ci9DQUlRQUNvZENodHljRjlvT2t4aVFYbEtaUzFJVUZrME4wWnBiblowUlRoUGEyYxAB,yeri birana,5,Semoga pelayanan x semakin baik dan untuk pak Daniel yg ramah terhadap tamu pokoknya jempol buat dia👍,3 minggu lalu,5,5,5,Saoenk Cobek Sudiang,Google Maps,2026-05-14 20:45:30
Ci9DQUlRQUNvZENodHljRjlvT2tGTVMwZFdVMlZ0U0V4Q2NISnZXRlp6ZFMxTU5IYxAB,Muh.irfan Ippang,5,Daniel pelayan nya baik sekali,3 minggu lalu,5,5,5,Saoenk Cobek Sudiang,Google Maps,2026-05-14 20:45:30
Ci9DQUlRQUNvZENodHljRjlvT2pkNWNYcFhWVXRJWWxrM2VrRkpUakIxU0dsWWFrRRAB,Bambang Abdulla,5,Mksih mba ninis,3 minggu lalu,5,5,5,Saoenk Cobek Sudiang,Google Maps,2026-05-14 20:45:30
Ci9DQUlRQUNvZENodHljRjlvT2poS1kwcHVTMnM0WlhOWlYwODFWWE5yUzFGMlRXYxAB,Fathur Rachman,5,"Cukup rekomended untuk keluarga,makan cepat saji,suasana nyaman dan pelayanan baik.Big thank's for Ninis and goodjob🙏👍🤝 pertahankan pelayanannya 👍🤝",3 minggu lalu,4,5,4,Saoenk Cobek Sudiang,Google Maps,2026-05-14 20:45:30
Ci9DQUlRQUNvZENodHljRjlvT205SmREUTFTbEpFTlUxeFJEQlZVVmxuY0dWNlgyYxAB,yudha ramadhani,5,,3 minggu lalu,5,5,5,Saoenk Cobek Sudiang,Google Maps,2026-05-14 20:45:30
Ci9DQUlRQUNvZENodHljRjlvT25GMWFUUm5PRmxJVW5GT2FrcHJUVGQ2VUZGNk9VRRAB,Abrar Zainal,5,"Promo mantap
Thank Ninis",4 minggu lalu,5,5,5,Saoenk Cobek Sudiang,Google Maps,2026-05-14 20:45:50
Ci9DQUlRQUNvZENodHljRjlvT21sdWFHUnFUREJDTFVkc04zaHpjbmhXYzJsU0xYYxAB,Nurfauziah Salsabila,5,Makasih kak daniel,4 minggu lalu,5,5,5,Saoenk Cobek Sudiang,Google Maps,2026-05-14 20:45:50
Ci9DQUlRQUNvZENodHljRjlvT2xoWlpGZ3dRVUZCZFVvMWJrRTRNR1JXVXpoeWVYYxAB,Winda Sari,5,"Banyak promo dan pelayanan ramah, mkanan mantap
Mksih Ninis",sebulan lalu,5,5,5,Saoenk Cobek Sudiang,Google Maps,2026-05-14 20:45:50
Ci9DQUlRQUNvZENodHljRjlvT2xkUWREVXhZME5JUlRSVWRUZGxVRmRTY1dwb1ZrRRAB,andi satria,5,Pelayanan dan mkanan mantap skali thanks Ninis,sebulan lalu,5,5,5,Saoenk Cobek Sudiang,Google Maps,2026-05-14 20:45:50
Ci9DQUlRQUNvZENodHljRjlvT21zdFMwSlpTMGd5WkRSYVUzRXhjbFV3ZDFBNFpVRRAB,Juni Hartono,5,Pelayanan mantap thank kak ninis,sebulan lalu,5,5,5,Saoenk Cobek Sudiang,Google Maps,2026-05-14 20:45:50
Ci9DQUlRQUNvZENodHljRjlvT2s5NFFVUXpNMVJKZVdGNk1rRmtUMGRLUWw5eVFWRRAB,Masdiana,5,Trimakasih pelayanannya kak ninis,sebulan lalu,5,5,5,Saoenk Cobek Sudiang,Google Maps,2026-05-14 20:45:50
Ci9DQUlRQUNvZENodHljRjlvT2xkWUxWVTNSMHhUZW0xSk1VTkNVemRhY2s1elpFRRAB,ANSAR,5,"Makanan yang paling berkesan karena enak, di tambah nuansa yang adem cocok buat acara acara keluarga dan kantor.",sebulan lalu,5,5,5,Saoenk Cobek Sudiang,Google Maps,2026-05-14 20:45:50
Ci9DQUlRQUNvZENodHljRjlvT21OdFVqVmpaUzFCYTBoS1lubEJYME5JT1Vob1VHYxAB,Ronald Halim,3,"Makanannya enak,,,pelayanannya oky hanya kurang bersih mejanya tinggal bau amisnya,,,selebihnya recomendeee",sebulan lalu,5,4,4,Saoenk Cobek Sudiang,Google Maps,2026-05-14 20:45:50
Ci9DQUlRQUNvZENodHljRjlvT2t0dGVWUlNNMHRCUldod2QydGZSVU5QT0VaS2EyYxAB,Suryanty Ahmad,5,Mantap mkanan dan promonya mkasih kak ninis,sebulan lalu,5,5,5,Saoenk Cobek Sudiang,Google Maps,2026-05-14 20:45:50
Ci9DQUlRQUNvZENodHljRjlvT25ScmNHd3hlVnBpU0ZReWNFbEdla1pYZG1oaVRFRRAB,Dewi Mhjir,5,"Makanan enak pelayanan mantap
Thanks Ninis",sebulan lalu,5,5,5,Saoenk Cobek Sudiang,Google Maps,2026-05-14 20:45:50
Ci9DQUlRQUNvZENodHljRjlvT2xOM01qQXdhbGhvY0VJeVNrSTBla0U1VGtOb1dWRRAB,Neneng Surma,5,"Mantap pelayanan ramah , makanan enak poll
Mksih mba Ninis",sebulan lalu,5,5,5,Saoenk Cobek Sudiang,Google Maps,2026-05-14 20:46:11
Ci9DQUlRQUNvZENodHljRjlvT2pCUWNtbFFWMDFOTkdWS2FreEhiRzg1T0dOc1dFRRAB,Dewi Sari,5,makasih atas bantuanx mas daniel,sebulan lalu,5,5,5,Saoenk Cobek Sudiang,Google Maps,2026-05-14 20:46:11
Ci9DQUlRQUNvZENodHljRjlvT20xYVVsRlVXREJDUTBaR2Jra3llV1F5T1VRMFVFRRAB,Wahdi Amir,5,Pelayanannya bagus untuk semua Karyawan terutama Daniel,sebulan lalu,5,5,5,Saoenk Cobek Sudiang,Google Maps,2026-05-14 20:46:11
Ci9DQUlRQUNvZENodHljRjlvT21KSlREWXhUalZ6V0ROWlJFbHNiSGRMVVRnMVprRRAB,Abdul Rahman,5,Pelayanan mamntap dan ramah . Mkdih ninis,sebulan lalu,5,5,5,Saoenk Cobek Sudiang,Google Maps,2026-05-14 20:46:11
Ci9DQUlRQUNvZENodHljRjlvT2xaTlVUVnVOVzkyYjJKWmNFc3plRVkzUTBsd1NFRRAB,Arno Aja,5,Terimkasih playanan mantap mba ninis,sebulan lalu,5,5,5,Saoenk Cobek Sudiang,Google Maps,2026-05-14 20:46:11
Ci9DQUlRQUNvZENodHljRjlvT25oMlUyaHRjbWQyVEdzMU9ESktjMU5HZHpKalJFRRAB,Dalib Sulaiman,5,Thank kak Ninis,sebulan lalu,5,5,5,Saoenk Cobek Sudiang,Google Maps,2026-05-14 20:46:11
Ci9DQUlRQUNvZENodHljRjlvT2tKbVJXOVRiVzV0T0ZWa01TMXhUVlJ2TkZWRmIyYxAB,Arda Nawawi,5,Dilayani dengan baik oleh Mbak Ninis. Terima kasih,sebulan lalu,5,5,5,Saoenk Cobek Sudiang,Google Maps,2026-05-14 20:46:11
Ci9DQUlRQUNvZENodHljRjlvT210ME1GQk9TRGRzYW5RelMxQnVjR0pHT0V4clRVRRAB,Danang Laksono,5,"Enak tempat nya, punya privasi tiap saungnya, makanan juga banyak pilihannya",sebulan lalu,5,5,5,Saoenk Cobek Sudiang,Google Maps,2026-05-14 20:46:11
Ci9DQUlRQUNvZENodHljRjlvT2xwS04zaDNiR1JSVjIxb2RYZERVVzlxTVdoNlIyYxAB,sitti mughniati,5,PELAYANAN OK ATAS NAMA NINIS,sebulan lalu,5,5,5,Saoenk Cobek Sudiang,Google Maps,2026-05-14 20:46:11
Ci9DQUlRQUNvZENodHljRjlvT2tFMldXMWtOMkZ3ZEhKWWFWZERhSEl4WkdoS1gwRRAB,RRR 22,5,Terimkasih pelayanannya kak ninis mantap,sebulan lalu,5,5,5,Saoenk Cobek Sudiang,Google Maps,2026-05-14 20:46:11
Ci9DQUlRQUNvZENodHljRjlvT2pKUmJVMWpYMHRmTkV4bE1EWnFRVWhRTFhkd1UwRRAB,Mutma Inna,5,"Wah enak sekali makanannya,apalagi pelayanannya ramah² dan sopan👍🏻👍🏻",sebulan lalu,5,5,5,Saoenk Cobek Sudiang,Google Maps,2026-05-14 20:46:31
Ci9DQUlRQUNvZENodHljRjlvT2trMVYxVnNPR05oUzJGRmJ6QXpiVlYyWDJZd1JYYxAB,Muh Ikrimah Hidayat (Ikrimah),1,"Reservasi 1 hari sebelumnya, sudah pesan ikan tapi tidak di masukkan dalam menu, pelayan yang di tnya tidak ada solusinyang ditawawrkan malah menghilang mengabaikan kami.",sebulan lalu,,1,,Saoenk Cobek Sudiang,Google Maps,2026-05-14 20:46:31
Ci9DQUlRQUNvZENodHljRjlvT25GSlVVeHRjMDFuWnpReExXUnJVa1J6VG1WUldXYxAB,Muh Hayyun Jaya,5,"Thank Ninis
Pelayanan mantap",2 bulan lalu,5,5,5,Saoenk Cobek Sudiang,Google Maps,2026-05-14 20:46:31
Ci9DQUlRQUNvZENodHljRjlvT2paaFNIa3RjVW8xVXpaaFZHRXROVVJSZWtGTFRuYxAB,Abu Nafisah,5,Direkomendasikan...,2 bulan lalu,5,5,5,Saoenk Cobek Sudiang,Google Maps,2026-05-14 20:46:31
Ci9DQUlRQUNvZENodHljRjlvT2t0bk1HVk9NbU00WTBkb2VFRjBhM0kwTkcxMVluYxAB,Suci Maharani,5,Makananna the best. Soal rasa tidak perlu di ragukan.,2 bulan lalu,5,5,5,Saoenk Cobek Sudiang,Google Maps,2026-05-14 20:46:31
Ci9DQUlRQUNvZENodHljRjlvT2treE5VSlBiV2hRU0V0eGVWb3lVV3QwYTJGSlpsRRAB,Sofi Yuwa,5,MAKANAN MANTAPP SUASANANYA ADEM,2 bulan lalu,5,5,5,Saoenk Cobek Sudiang,Google Maps,2026-05-14 20:46:31
Ci9DQUlRQUNvZENodHljRjlvT21acFIxZDFaWFYyVlZONWFGaEhjWFJrVG1WeWVtYxAB,Nur Alifia,5,Makanannya enak pelayanan ramah2,2 bulan lalu,5,5,5,Saoenk Cobek Sudiang,Google Maps,2026-05-14 20:46:31
Ci9DQUlRQUNvZENodHljRjlvT2xaQ01HcHJSR3Q0WkhGU2QwaHVNV0ZvV1dwNU9WRRAB,Asti Bade,5,"Pelayanan mantap
Mkasih mba ninis",2 bulan lalu,5,5,5,Saoenk Cobek Sudiang,Google Maps,2026-05-14 20:46:31
Ci9DQUlRQUNvZENodHljRjlvT2poZmJGbE5UbEJZYlZkRFEyOVBZWFpQYjBScFJHYxAB,Giska Putry,1,"Malam ini kesana kah pesan take away kepiting nampan paket A saus asam manis sama satu porsi cumi asam manis, tapi pas pulang kah makan, mengecewakan sekali menu utamanya kepiting malah kurus dan bauh, sama cumi nya demi allah tidak ada mau makan keluarga ku bau sekali nyengat di hidung baunya,alhamdulillah nya kepitingnya meskipun kurus sama ada bau2 nya dikit tapi masih tetap ji di makan karena lapar mi keluarga ku, sedangkan cumi gak di habisi, memang bumbunya enak sihh, tapi tolong menu utamanya di perhatikan, sudah beli mahal2 malah kecewa betul, sebenarnya kalau sudah ndak tutup ini malam mau kah kesana langsung kasih ki ini cumi nya nah cobah ki langsung yg masak, tpi sudah tutup,,siapun owner nya tolong perhatikan kesegaran menu utamanya,apalagi karyawan perempuannya pada jutek2😒",2 bulan lalu,1,1,1,Saoenk Cobek Sudiang,Google Maps,2026-05-14 20:46:31
Ci9DQUlRQUNvZENodHljRjlvT2twZk1YcHBla2xDUVZwdU5GaFdNbXg0Ykc1TE5IYxAB,Wulandari Astin,3,"Untuk suasananya Nyaman tapi untuk makanan tidak rekomendasi, ikannya tdk fresh bahkan sdah tercium Bau tdk enak, cah cangkungnya kebanyakan air, sayur asemnya tdk ada rasa Gurihnya dominan rasa asem.. tolong pelayananannya diperbaiki lagi apalagi dibulan puasa seperti ini, kalo kita tdk komplen tdk tau kapan makanan yg qt pesan di antar. Saking lamanya menunggu pesanan akhirnya qt makan sayur,nasi,sdah dingin,ikannya juga tolong Yg fresh.",2 bulan lalu,2,3,4,Saoenk Cobek Sudiang,Google Maps,2026-05-14 20:46:31
Ci9DQUlRQUNvZENodHljRjlvT25aS2IxUTNhV014VnpKRVZuaHlRVWMwWnpGdGVtYxAB,Melinda Sari,1,"Pelayanan sangat sangat mengecewakan, makan datangnya lama padahal sudah pesan 12 jam sebelum datang, kasir kurang informatif memberikan pelayanan.",2 bulan lalu,2,2,2,Saoenk Cobek Sudiang,Google Maps,2026-05-14 20:46:51
Ci9DQUlRQUNvZENodHljRjlvT2xOWllsQlNjVEJRZEZFeGJEWXdkWFo1YVhsYVZtYxAB,Muh Riri,1,"pelayan soffy, sangat sangat lambat pelayannya banyak orang yang komplain karna pesanannya lama datang sudah reservasi sebelum hari H tapi makanan dan minuman lama datang sedangkan kita mau berbuka puasa, makanan dan minuman sebagian datang sudah buka puasa mohon di perbaiki pelayanannya🙏🙏🙏",2 bulan lalu,1,1,1,Saoenk Cobek Sudiang,Google Maps,2026-05-14 20:46:51
Ci9DQUlRQUNvZENodHljRjlvT25aWWVGaGlWRFE1UkV4QlFpMWFNM2t5VFhScFdrRRAB,Wafiqah Ulya,5,Thanks kak Ninis,2 bulan lalu,5,5,5,Saoenk Cobek Sudiang,Google Maps,2026-05-14 20:46:51
Ci9DQUlRQUNvZENodHljRjlvT2s0MlRtMUhOWFEyVkdkUkxVaGtZa0ZtWDBKRWJFRRAB,Marham Rayan,5,"Promo menarik dan pelayanan ramah
Mksih mba Ninis",2 bulan lalu,5,5,5,Saoenk Cobek Sudiang,Google Maps,2026-05-14 20:46:51
Ci9DQUlRQUNvZENodHljRjlvT2xGb1pFTldWVVkwVVdwNFZrSktTMkZQTFdKWU5HYxAB,Irfan Juniar,5,,2 bulan lalu,,,,Saoenk Cobek Sudiang,Google Maps,2026-05-14 20:46:51
Ci9DQUlRQUNvZENodHljRjlvT2xKUGFsUnROa1ZNY21obFV5MUhkWFpEV1dKaGRrRRAB,Miya Mee,5,Makasih mba ninis pelayanannya mantap,2 bulan lalu,5,5,5,Saoenk Cobek Sudiang,Google Maps,2026-05-14 20:46:51
Ci9DQUlRQUNvZENodHljRjlvT201dVpGRjJlRlZoTkROcGMzQjVaRm90U0doRVZsRRAB,Harsyah Rahmat,5,Promo menarik thank Ninis,2 bulan lalu,5,5,5,Saoenk Cobek Sudiang,Google Maps,2026-05-14 20:46:51
Ci9DQUlRQUNvZENodHljRjlvT2xaYVNEWjVka3RLU0hOVlZtSkhkV0ZHVDBoMVRVRRAB,zul daffa,5,,2 bulan lalu,5,5,5,Saoenk Cobek Sudiang,Google Maps,2026-05-14 20:46:51
Ci9DQUlRQUNvZENodHljRjlvT2pabE1HaDJRV2RvWDE5TmJteFViVWRZT0hOVloxRRAB,asriati natsir,5,"Pelayanan mantap dan promo jga bnyk
Mksih mba ninis",2 bulan lalu,5,5,5,Saoenk Cobek Sudiang,Google Maps,2026-05-14 20:46:51
Ci9DQUlRQUNvZENodHljRjlvT21oeVZXWkJka2xNZWt0Q05WYzRZa3h4WjB0MVEwRRAB,Ukki Daeng,5,makanannya enak dan pelayanan ramah dan cepat.sangat recomded.thanks kak ninis,2 bulan lalu,,,,Saoenk Cobek Sudiang,Google Maps,2026-05-14 20:46:51
Ci9DQUlRQUNvZENodHljRjlvT2xGNmFqUTBOM0l3Y2xkNVRYRkpTVmxqZUhoaVlXYxAB,Nasrullah Mo,5,Lokasi nya luas dan parkirannya seafoodnya nge fressh mantap lah the best untuk rekomendasi kak ninis,2 bulan lalu,,5,5,Saoenk Cobek Sudiang,Google Maps,2026-05-14 20:47:12
Ci9DQUlRQUNvZENodHljRjlvT25KTFpsWm9NbUl0VjFwSlNFSnZjMFk0TW5Rd2VtYxAB,Arman Wijayanto,5,Thsnks Ninis pelayanannya,2 bulan lalu,5,5,5,Saoenk Cobek Sudiang,Google Maps,2026-05-14 20:47:12
Ci9DQUlRQUNvZENodHljRjlvT2w5U1FYbHFVQzFCUmpkeU9FZDViMlZFYlROblpIYxAB,Ana Astiani,1,"Mknan enak, tapi karyawannya ribut besar suara marah2 smpe sholat diatas pun kedengaran",2 bulan lalu,,,,Saoenk Cobek Sudiang,Google Maps,2026-05-14 20:47:12
Ci9DQUlRQUNvZENodHljRjlvT21WRFpXbFphbUYwYkU0eWNrUXlSRVY2ZGxCUlFsRRAB,Inaya Paralita,5,Mantap,2 bulan lalu,5,5,5,Saoenk Cobek Sudiang,Google Maps,2026-05-14 20:47:12
Ci9DQUlRQUNvZENodHljRjlvT2xSV2MwNTJWVE14YzJwUFZHOVNZWFpmUVdFd1ZIYxAB,Alisha Nurassyifa,5,"Promo mantap
Mksih mba Ninis",2 bulan lalu,5,5,5,Saoenk Cobek Sudiang,Google Maps,2026-05-14 20:47:12
Ci9DQUlRQUNvZENodHljRjlvT2xBM1ZVNVhORjlmU1ZjMGQxaGFZWFJSVUZWaFZYYxAB,elmosafer,5,"Langganan di sini, dan sejauh ini oke terus. Bahkan coba yg di cabang lainnya juga.",2 bulan lalu,5,5,5,Saoenk Cobek Sudiang,Google Maps,2026-05-14 20:47:12
Ci9DQUlRQUNvZENodHljRjlvT2pSUlEyTTViM0YyUVd4S2JsbHlPVmRFTjNoblpXYxAB,Marjuni Sukmawati,5,"pelayanan ramah
thanks Ninis",3 bulan lalu,5,5,5,Saoenk Cobek Sudiang,Google Maps,2026-05-14 20:47:12
Ci9DQUlRQUNvZENodHljRjlvT2w5aGRYSlRlbFI0U0dkUVExcGlSVFJGY21Zd09XYxAB,Muhammad Fajar Zahwan,5,,3 bulan lalu,5,5,5,Saoenk Cobek Sudiang,Google Maps,2026-05-14 20:47:12
Ci9DQUlRQUNvZENodHljRjlvT25sTVRWSldha1UwZG5BMVVHMXRSbmx3YURCWlRXYxAB,Muh Asri,5,,3 bulan lalu,5,5,5,Saoenk Cobek Sudiang,Google Maps,2026-05-14 20:47:12
Ci9DQUlRQUNvZENodHljRjlvT2xaNVlYQkpVbE50VjBsME5TMVRkRjlNU2tsek5tYxAB,Koperasi Gunung sari,5,"Terimakasih mba ninis ramah
Recomended dan bnyk promo disk",3 bulan lalu,5,5,5,Saoenk Cobek Sudiang,Google Maps,2026-05-14 20:47:12
Ci9DQUlRQUNvZENodHljRjlvT25OTlpYSk9hbkk0YjNWWVpGOTZTMnBsTWtKWWMwRRAB,sulastri monalisa,5,Thanks Ninis,3 bulan lalu,5,5,5,Saoenk Cobek Sudiang,Google Maps,2026-05-14 20:47:32
Ci9DQUlRQUNvZENodHljRjlvT25NMmR6QnVNWFJ4UjJGRU9YRmZkamh3V2tJMVdFRRAB,Ninis Chairunniswatin,5,"Pelayanan ramah dan promo menarik
Mksih mva Ninis",3 bulan lalu,5,5,5,Saoenk Cobek Sudiang,Google Maps,2026-05-14 20:47:32
Ci9DQUlRQUNvZENodHljRjlvT2xOMmNUZEpUbmxzV214d2JsWTVUbFZJUkVwSVFWRRAB,Andi Sunardi,5,"Pelayanan baik dan ramah
Thanks Ninis",3 bulan lalu,5,5,5,Saoenk Cobek Sudiang,Google Maps,2026-05-14 20:47:32
Ci9DQUlRQUNvZENodHljRjlvT2tadk9WSnZia0Z0YVdsVVEySjROR05SYjJsZmFHYxAB,Firdi Athaya,5,"parkirannya luas, bumbu makanan nampol, pelayan servicenya cepat, udah 3x kesini so far so good sih 👍",3 bulan lalu,5,5,4,Saoenk Cobek Sudiang,Google Maps,2026-05-14 20:47:32
ChdDSUhNMG9nS0VJQ0FnSUREdUpHbDlnRRAB,Ibrahim Mks088,2,"Harga mahal menunya biasa2 saja
Kurang bagus",Diedit 3 bulan lalu,5,5,5,Saoenk Cobek Sudiang,Google Maps,2026-05-14 20:47:32
Ci9DQUlRQUNvZENodHljRjlvT2tKS1FVeEVUVUU0WVdWYWNqUTJOVEUyTTFwSVZIYxAB,Rapika Rentung,5,Pelayanan dan makanan mantap . Kapten hall ramah Ninis,3 bulan lalu,5,5,5,Saoenk Cobek Sudiang,Google Maps,2026-05-14 20:47:32
Ci9DQUlRQUNvZENodHljRjlvT2kxZlgzaDJaM0I2UjJ4TlZXNTBkMTlDU0RaVk1IYxAB,Rahman Lola,5,"Makananya enak,pelayan ramah ninis",3 bulan lalu,5,5,5,Saoenk Cobek Sudiang,Google Maps,2026-05-14 20:47:32
Ci9DQUlRQUNvZENodHljRjlvT25CUVlWVndTMlZuTm5SSlVGUkVTRkJpYVRkaU5tYxAB,taufika fika,5,Pelayanan ramah dan mkanan recomended . makasih Ninis,3 bulan lalu,5,5,5,Saoenk Cobek Sudiang,Google Maps,2026-05-14 20:47:32
Ci9DQUlRQUNvZENodHljRjlvT25rMlRtWjRORWN0VFd0V1FteDZjWHBRT0VaSWJuYxAB,Ica Ica,5,pelayanan dan makanan enk . mksih Ninis,3 bulan lalu,5,5,5,Saoenk Cobek Sudiang,Google Maps,2026-05-14 20:47:32
Ci9DQUlRQUNvZENodHljRjlvT25neGRYaEJjREZIUkVkRWNDMXRObW90TVZOSk1IYxAB,NINDI WULANDARI,5,"makanannya enak, pelayannya juga ramah dan cepat. makasihh kak putraa😍 mantapp poll👍🏻",3 bulan lalu,5,5,5,Saoenk Cobek Sudiang,Google Maps,2026-05-14 20:47:32
Ci9DQUlRQUNvZENodHljRjlvT2pCb1gyUnNVVXMwVjBwclRXNDRSWE5HTnpSaWMxRRAB,Dian Milasari,5,"Pelayanan ramah , thank NINIS",3 bulan lalu,5,5,5,Saoenk Cobek Sudiang,Google Maps,2026-05-14 20:47:53
Ci9DQUlRQUNvZENodHljRjlvT2xGMk1tWm1TakV4Wm5WRVFURkViVjg1U0RsUFIxRRAB,Felicia Ivanna,5,"Pelayannya bagusss , dan ramahh  sma anak2
Makasih putra 🥰",3 bulan lalu,5,5,5,Saoenk Cobek Sudiang,Google Maps,2026-05-14 20:47:53
Ci9DQUlRQUNvZENodHljRjlvT20weVZUZEhXbXQyU0V3ek5sTkRiSEpRT1ZoQlZIYxAB,2C_TRKB_22_057_ HikmahCahyani,5,Goid job kak Ninis,3 bulan lalu,5,5,5,Saoenk Cobek Sudiang,Google Maps,2026-05-14 20:47:53
Ci9DQUlRQUNvZENodHljRjlvT2pKVFlVSnFibVpyVjFCTFIyOW5TM0o2V0dZMFdHYxAB,Nur Isma,5,Terimakasih mba Ninis,3 bulan lalu,5,5,5,Saoenk Cobek Sudiang,Google Maps,2026-05-14 20:47:53
Ci9DQUlRQUNvZENodHljRjlvT25wTFYxVmpabEJNYlc4eFkzZENXWFpEV0ZZdFJHYxAB,Novi Darsya,5,Pelayan ninis,3 bulan lalu,5,5,5,Saoenk Cobek Sudiang,Google Maps,2026-05-14 20:47:53
Ci9DQUlRQUNvZENodHljRjlvT2kwelZWbEdTazR3UVhWVVlWaGtNRFZsZVcxSWRFRRAB,Raoda Isthytaa,4,kapten hallnya ramah atas nama Ninis,3 bulan lalu,5,4,5,Saoenk Cobek Sudiang,Google Maps,2026-05-14 20:47:53
Ci9DQUlRQUNvZENodHljRjlvT2tsbk1XZzFXbTlEYnpSSWNqWnNibkl0UWpGc1pFRRAB,Hanisah,5,"Pengalaman pertama masuk makan disini,kasirnya ramah sekali biarpun saya banyak tanya,suasananya nyaman,seafoodnya fresh,
Mantap sekali.",3 bulan lalu,5,5,5,Saoenk Cobek Sudiang,Google Maps,2026-05-14 20:47:53
Ci9DQUlRQUNvZENodHljRjlvT2xKemExa3phekZNWkhONlYxTTVaVGd6TkZkcWFWRRAB,Arifuddin Yunus,5,Cocok untuk semua kelompok,3 bulan lalu,5,5,5,Saoenk Cobek Sudiang,Google Maps,2026-05-14 20:47:53
Ci9DQUlRQUNvZENodHljRjlvT2twWGRTMUxjR0Z3V1V3M1NVZEhSbTQwVUdjMlMwRRAB,Rental Duaputri,5,Makanan enak sekali,3 bulan lalu,5,5,5,Saoenk Cobek Sudiang,Google Maps,2026-05-14 20:47:53
Ci9DQUlRQUNvZENodHljRjlvT21KVU4wdE1ka3h2VnpkbFJqUm1SVFZaVjBJM1ozYxAB,rosmiati yusuf,5,"Makanannya semua enak, dr segi pelayanan karyawan cukup ramah",4 bulan lalu,5,5,5,Saoenk Cobek Sudiang,Google Maps,2026-05-14 20:47:53
Ci9DQUlRQUNvZENodHljRjlvT25kRk5FZGZhREExUVZCcGRGQnFjM2RKVkZrMlYxRRAB,Usya kuro,2,,4 bulan lalu,,,,Saoenk Cobek Sudiang,Google Maps,2026-05-14 20:48:13
Ci9DQUlRQUNvZENodHljRjlvT2taS0xXVldWWHA1UTFoemRWWndORXN4T0VWamEzYxAB,gisel gisel,5,pelayanannya sangat baik terimakasih kak putri,4 bulan lalu,5,5,5,Saoenk Cobek Sudiang,Google Maps,2026-05-14 20:48:13
Ci9DQUlRQUNvZENodHljRjlvT21oTWQxZFlUWFZmU0VkNVptRlBSMEpMZFRjeFQyYxAB,Iswan Setiawan,5,Terimakasih untuk pelayananya waters putri. Pelayanan baik cara menjelaskan menunya juga jelas.,4 bulan lalu,5,5,5,Saoenk Cobek Sudiang,Google Maps,2026-05-14 20:48:13
Ci9DQUlRQUNvZENodHljRjlvT2tWaFdWaGZkaloyTkZCYU1qRlhObEp6TjNwclQxRRAB,Abd Rahman,5,Terimakasih pelayanan kak putri baik pelayanan nya,4 bulan lalu,5,5,5,Saoenk Cobek Sudiang,Google Maps,2026-05-14 20:48:13
Ci9DQUlRQUNvZENodHljRjlvT25rdFRVdGllVGhVVTE5T2FWUnhiVE5CU0VWWFdIYxAB,wali,5,Pelayanan mbak putri baik,4 bulan lalu,5,5,5,Saoenk Cobek Sudiang,Google Maps,2026-05-14 20:48:13
Ci9DQUlRQUNvZENodHljRjlvT21GT01rdEhRVzFvVUVwc04wZGZUbWwyZGtoNFFuYxAB,Murniati Mapnur,5,Putri pelayanan baik,4 bulan lalu,5,5,5,Saoenk Cobek Sudiang,Google Maps,2026-05-14 20:48:13
Ci9DQUlRQUNvZENodHljRjlvT2w5V1pEVjNia3hMTldkUWVYVkZhWE5WUWxod1ZIYxAB,Reno Intan,5,Pelayanannya ok putri,4 bulan lalu,5,5,5,Saoenk Cobek Sudiang,Google Maps,2026-05-14 20:48:13
Ci9DQUlRQUNvZENodHljRjlvT2xWWlpteGliSGhZWnpsRWFuTTFjV2c1UXpsRU9IYxAB,Habiba Nurramadani,5,Pelayan kak putri ok,4 bulan lalu,5,5,5,Saoenk Cobek Sudiang,Google Maps,2026-05-14 20:48:13
Ci9DQUlRQUNvZENodHljRjlvT2tKT1QxVTVWMlZmZURjemNtcG1XRTQ0ZGw5cFMwRRAB,Andi Nur Sakinah,5,Pelayan dari putri baik,4 bulan lalu,5,5,5,Saoenk Cobek Sudiang,Google Maps,2026-05-14 20:48:13
Ci9DQUlRQUNvZENodHljRjlvT25kYVozaDZhMk4zYkdSbWRtOXphMFJxVWtKbVFXYxAB,Fisky Ainunnisa,5,Pelayanan dari waters putri baik,4 bulan lalu,5,5,5,Saoenk Cobek Sudiang,Google Maps,2026-05-14 20:48:13
Ci9DQUlRQUNvZENodHljRjlvT2pobWVHWm9aeko1UTJScWJHTk5SREZZU1hveWNsRRAB,Yenipratiwi Bulo,1,Sangat tidak recommended pelayan nya ..,4 bulan lalu,,,,Saoenk Cobek Sudiang,Google Maps,2026-05-14 20:48:34
Ci9DQUlRQUNvZENodHljRjlvT2poRU1WZElVbkZJV0VRelRHVldTRVYwYVRsa2QxRRAB,nia Ramdhani,5,"Makanannya enak, pelayanan ramah

#WaitersMANDA",4 bulan lalu,5,4,4,Saoenk Cobek Sudiang,Google Maps,2026-05-14 20:48:34
Ci9DQUlRQUNvZENodHljRjlvT2pZMmRFTm1WVXR0VkdGR2VGRTRkbEp0U0RGeFkxRRAB,Hafshah hafizhah,5,"saran yah buku menunya di perbaiki
Wt apri",4 bulan lalu,5,5,4,Saoenk Cobek Sudiang,Google Maps,2026-05-14 20:48:34
Ci9DQUlRQUNvZENodHljRjlvT2xob1dEZDRhR05XV1hsQ1VHazFXRWRtZUd4bldWRRAB,Yeni,5,Putri pelayanan baik,4 bulan lalu,5,5,5,Saoenk Cobek Sudiang,Google Maps,2026-05-14 20:48:34
Ci9DQUlRQUNvZENodHljRjlvT2toVlVFRmhUV2gyVFZSUlJYQkNTMDVEY2tGV1ZXYxAB,hanbin imma,5,"Makanannya enak dan kami mendapatkan pelayanan yang baik dari karyawannya, salah satunya Manda ☺️",4 bulan lalu,5,5,4,Saoenk Cobek Sudiang,Google Maps,2026-05-14 20:48:34
Ci9DQUlRQUNvZENodHljRjlvT21wRGRHZDBSbkk1U25nMmJFdFpRMnhwWDJOVlQyYxAB,Jilan Tsabita,5,"Makanan nya Enak""
Banyak promonya, pelayanan dan kasir nya ramah"" banget.
Mksh u/kak Era dan team",4 bulan lalu,5,5,5,Saoenk Cobek Sudiang,Google Maps,2026-05-14 20:48:34
Ci9DQUlRQUNvZENodHljRjlvT214eVZXNHdabHByUkZWYVMzRmpibmxvYXpWTVpHYxAB,Wulan Melany,5,"Makanan nya Enak""
Banyak promonya, pelayanan dan kasir nya ramah"" banget.
Mksh u/kak Era dan team",4 bulan lalu,5,5,5,Saoenk Cobek Sudiang,Google Maps,2026-05-14 20:48:34
Ci9DQUlRQUNvZENodHljRjlvT205bFVGOWpZa2w2Vms5U1JGWk1iVnBEVEZkMlRuYxAB,Muh. Ilham,5,Good job bnyk promo disknya,4 bulan lalu,4,5,5,Saoenk Cobek Sudiang,Google Maps,2026-05-14 20:48:34
Ci9DQUlRQUNvZENodHljRjlvT2tnd2VYcGpUMDlxUzBGVk5EaDROR3h2WjE5RVUyYxAB,Mineay,5,pelayanan dan mkanan enak,4 bulan lalu,4,4,4,Saoenk Cobek Sudiang,Google Maps,2026-05-14 20:48:34
Ci9DQUlRQUNvZENodHljRjlvT25ST2IyMTZVelI1WDJ4TFoxWjFPSEEwV2psVVlsRRAB,Advan Barsup,5,"Makanan nya Enak"" dan memuaskan
Banyak promonya, pelayanan dan kasir nya ramah"" banget.
Mksh u/kak Era dan team",4 bulan lalu,5,5,5,Saoenk Cobek Sudiang,Google Maps,2026-05-14 20:48:34
Ci9DQUlRQUNvZENodHljRjlvT2s5T09HczJkVEptVWsxeE5EZDJlRjlITldSQldGRRAB,Cika Ramdhani,5,"Enak pallumaranya. Udang telur asinnya juga.
Pelayanan Mba era Baik, ramah & sopan.
Tempt nyaman u/makn brsm kluarga.bgusnya resrvsi sih sblm dtang.",4 bulan lalu,5,5,5,Saoenk Cobek Sudiang,Google Maps,2026-05-14 20:48:54
Ci9DQUlRQUNvZENodHljRjlvT205V2QxWjRZV3RWVVRodU4xZDRkQzFUUm5NMVlXYxAB,Fadhiah Ramadhani,5,"Pelayan putra ,
Pelayanan sangat memuaskan & para pelayan sangat ramah",4 bulan lalu,5,5,5,Saoenk Cobek Sudiang,Google Maps,2026-05-14 20:48:54
Ci9DQUlRQUNvZENodHljRjlvT2kxdlRuVkRaVlJaZG5oVFdVZDFiVlprZWxCWFVIYxAB,Angelica Samara,5,"Palumara dan ikan bakarnya juara, paceku yg pilih2 makanan lahap skli makan sampai habiss🫰🏻",4 bulan lalu,5,5,5,Saoenk Cobek Sudiang,Google Maps,2026-05-14 20:48:54
Ci9DQUlRQUNvZENodHljRjlvT25kU05IUlpWMVZQTjNWQmJsZDJSVzFvWmxvd2FXYxAB,ashara nurlidya putri,4,pertahankan pelayanan dan mkanannya,4 bulan lalu,4,4,4,Saoenk Cobek Sudiang,Google Maps,2026-05-14 20:48:54
Ci9DQUlRQUNvZENodHljRjlvT2t4ek1TMVhVMngwVm10dGEyWlJabFZWYmsxQlpVRRAB,Desry Randa,5,Pelayanan dan makan GOOD,4 bulan lalu,4,4,4,Saoenk Cobek Sudiang,Google Maps,2026-05-14 20:48:54
Ci9DQUlRQUNvZENodHljRjlvT2pFdFJIQTNOVWhUYUZKTU5qWk1OR2xTYTNwakxYYxAB,Dina Dina,5,"MAKANANNYA ENAK,PELAYANANYA MANTAP",4 bulan lalu,5,5,5,Saoenk Cobek Sudiang,Google Maps,2026-05-14 20:48:54
Ci9DQUlRQUNvZENodHljRjlvT2tZNVFXMVllR0ZOWW5reE1WUTNWSFk0VkV0aldVRRAB,uti uti,1,tidak lagi” datang kesini pelayanannya kurang,4 bulan lalu,,1,,Saoenk Cobek Sudiang,Google Maps,2026-05-14 20:48:54
Ci9DQUlRQUNvZENodHljRjlvT2pCd2RYZEdlRXhoVEdKcWJUbFlTbTlUYzFWV1NIYxAB,Ri Ri,1,sangat” kurang pelayanannya,4 bulan lalu,,,,Saoenk Cobek Sudiang,Google Maps,2026-05-14 20:48:54
Ci9DQUlRQUNvZENodHljRjlvT2tkM09HeG9ja3BHWm5CalJHNTBXVmt4WjFNNVNFRRAB,Vioni Oni,4,pelayanannya sangat kurang baik,4 bulan lalu,,1,,Saoenk Cobek Sudiang,Google Maps,2026-05-14 20:48:54
Ci9DQUlRQUNvZENodHljRjlvT2xGeU1qRnVZa1F4UlVGa1EzQkViRTEyZUVaVmJrRRAB,Rangga Dani,1,"pelanyanan nya kurang, pelayannya kurang baik, ga lagi” makan disini👎🏽",4 bulan lalu,,,,Saoenk Cobek Sudiang,Google Maps,2026-05-14 20:48:54
Ci9DQUlRQUNvZENodHljRjlvT2taZmNrUlNhMnBVVGt4cWNqaGZVbTlwTTJJMVJXYxAB,Vionaabr,1,"pelayanan tidak ramah, tidak dilayani karena liat liat orang, judes, tidak bintang satu tapi minesss 10👎🏻👎🏻👎🏻👎🏻👎🏻 …",4 bulan lalu,,,,Saoenk Cobek Sudiang,Google Maps,2026-05-14 20:49:15
Ci9DQUlRQUNvZENodHljRjlvT2xGU2Qzb3lUa1prTUVoemJGUmtaamRTUVdKNVpGRRAB,andiriametasari bone,5,Pelayan apri,4 bulan lalu,5,5,5,Saoenk Cobek Sudiang,Google Maps,2026-05-14 20:49:15
Ci9DQUlRQUNvZENodHljRjlvT2tKUlkwZG9lbmhoTmpONGNHOUljMEZLTTFwNlNGRRAB,asti sugiarti,4,Putri sebagai waiters cukup ramah dan memberi informasi ckp jelas ttg menu dan lainnya,4 bulan lalu,4,5,5,Saoenk Cobek Sudiang,Google Maps,2026-05-14 20:49:15
Ci9DQUlRQUNvZENodHljRjlvT2tkcVZYRmZYM2RRT1ZkdE1Wb3hOa0psUVVzMWRIYxAB,ummu kalsum ahmad said,5,makanannya enak,4 bulan lalu,5,5,4,Saoenk Cobek Sudiang,Google Maps,2026-05-14 20:49:15
Ci9DQUlRQUNvZENodHljRjlvT25wdmFYQmpOR1IzWjBSbUxWRkNWMVpKUVROV2EyYxAB,Syaiful Taba,4,Makanan enak dan karyawan nya ramah (atas nama ninis) Good job 👌👍👏,4 bulan lalu,4,4,4,Saoenk Cobek Sudiang,Google Maps,2026-05-14 20:49:15
Ci9DQUlRQUNvZENodHljRjlvT2xOWlZuWmxkV0ZvYWtWS1VGSnFNblp3YWpSRlRrRRAB,Lexi Hot11s,5,Pelayanan baguussss....👍👍👍👍👍,4 bulan lalu,5,5,5,Saoenk Cobek Sudiang,Google Maps,2026-05-14 20:49:15
Ci9DQUlRQUNvZENodHljRjlvT25wdVVsOXFSMHBJWVV4cVQyZHNSVlZ4VFV3NWRrRRAB,Benazir Wafiek Siddik,5,"Sudah beberapa kali makan disini karena suasananya yang nyaman dan makanannya enak-enak. Pallumara, ikan bakar rica parape dipadukan dengan cah kangkung jadi hidangan favorit, jusnya juga enak-enak. Ikan fillet saus asam manis jadi kesukaan anakku, palekkonya juga juara sih karena pakai minyak kelapa asli, cumi lada hitamnya lembut dan empuk, sayangnya yang terposting disini hanya menu ikan saos asam manis saja. Untuk harga mungkin agak pricey tapi sebandinglah dengan makanan dan pelayanannya. Mau datang lagi? Ya, tentu saja.",Diedit 5 bulan lalu,5,5,5,Saoenk Cobek Sudiang,Google Maps,2026-05-14 20:49:15
Ci9DQUlRQUNvZENodHljRjlvT2sxYU1WSndVVU5UTTJWME1uUlVORGxXV2xreFRGRRAB,Saiful Mukminin,5,Recomended,5 bulan lalu,5,,,Saoenk Cobek Sudiang,Google Maps,2026-05-14 20:49:15
Ci9DQUlRQUNvZENodHljRjlvT2tsQmJISlVhRFkwUWxNd1duVklRWFZhTjAxWU1sRRAB,Agus Purwantara,4,Makanan enak dengan suasana yang nyaman.,5 bulan lalu,4,5,4,Saoenk Cobek Sudiang,Google Maps,2026-05-14 20:49:15
Ci9DQUlRQUNvZENodHljRjlvT201eVJtTjBObWhtYVhSRVZXOWZka04yY0hkNFpsRRAB,wahyuni uni,3,Room meetingnya puanaassss gaesss,5 bulan lalu,5,4,4,Saoenk Cobek Sudiang,Google Maps,2026-05-14 20:49:15
Ci9DQUlRQUNvZENodHljRjlvT21aMGMxSm9aemxOYlVFd1VFRXhkRWg1UVVGS2FuYxAB,Muhammad Akmal,5,,5 bulan lalu,4,4,5,Saoenk Cobek Sudiang,Google Maps,2026-05-14 20:49:35
Ci9DQUlRQUNvZENodHljRjlvT2pkRlVFNVJlVFJ6TWsxemVsaEdXbmd6WDBNNVVHYxAB,Umhy kalsum,5,"Pelayanannya baik, yg layani saya waktu itu namanya putra",5 bulan lalu,5,5,5,Saoenk Cobek Sudiang,Google Maps,2026-05-14 20:49:35
Ci9DQUlRQUNvZENodHljRjlvT25sQlJYZGFhMnQxZFVKM1NYbHJRVmxzWTNkT2JXYxAB,supri adi,5,,5 bulan lalu,5,5,5,Saoenk Cobek Sudiang,Google Maps,2026-05-14 20:49:35
Ci9DQUlRQUNvZENodHljRjlvT2w5RWVFdFpZbEJ6UkZCWFlrbE5WRGxrUkRaME1XYxAB,Merlin Rumagit,5,"Pesanan sudah di konfirmasi,tapi pas nyampe katanya karyawannya sudah pergantian shift jadi tdk tau.
Pelayanan harus lebih di utamakan",6 bulan lalu,4,2,4,Saoenk Cobek Sudiang,Google Maps,2026-05-14 20:49:35
Ci9DQUlRQUNvZENodHljRjlvT21neVNEZHJUMU4xT1ZkM2RIaEJTM0pXUkhWQ1JsRRAB,Musawwir,5,Putra,6 bulan lalu,5,5,5,Saoenk Cobek Sudiang,Google Maps,2026-05-14 20:49:35
Ci9DQUlRQUNvZENodHljRjlvT2kwM1VuUkNUVmhXTmxwNFp6azFkVVYyUTFOTFFuYxAB,Fitrin Kusuma Dewi,5,,6 bulan lalu,5,5,5,Saoenk Cobek Sudiang,Google Maps,2026-05-14 20:49:35
Ci9DQUlRQUNvZENodHljRjlvT2psUmFESkNiMDk2TnpsNllVcFNTVGhKY0VZeFVWRRAB,Nesti Nesti,5,"Putri
Baguss dan sopan",6 bulan lalu,5,5,5,Saoenk Cobek Sudiang,Google Maps,2026-05-14 20:49:35
Ci9DQUlRQUNvZENodHljRjlvT21wUkxVdDRWWGR0VFhSRFUyZDRZemcwZGpoQlQzYxAB,Venansius Alvin,5,Putri pelayanannya baik,6 bulan lalu,5,5,5,Saoenk Cobek Sudiang,Google Maps,2026-05-14 20:49:35
Ci9DQUlRQUNvZENodHljRjlvT2tkb05YTkxlVFZJVWxKZmFtZHVWbWc1TkhKaVdVRRAB,Irmawis channel,5,,6 bulan lalu,,,,Saoenk Cobek Sudiang,Google Maps,2026-05-14 20:49:35
Ci9DQUlRQUNvZENodHljRjlvT2s5eFNFdzJTbGRYVm5wMllYZEhTMnQ2YnpkWlJuYxAB,sutrisno sewang,5,Anak laki-laki pelayan,6 bulan lalu,5,5,5,Saoenk Cobek Sudiang,Google Maps,2026-05-14 20:49:35
Ci9DQUlRQUNvZENodHljRjlvT2xKMldWUkxWblpXY25ObVgwcERVMXBGU1V0Qk9IYxAB,Nurul Ainun,5,,6 bulan lalu,5,5,5,Saoenk Cobek Sudiang,Google Maps,2026-05-14 20:49:56
Ci9DQUlRQUNvZENodHljRjlvT2treE5WWmZUREpmUkVWd1ducHRlRVZUVTFGeFFtYxAB,Suwardah Wardah,5,Pelayanannya bagus. Karyawan putri,6 bulan lalu,5,5,5,Saoenk Cobek Sudiang,Google Maps,2026-05-14 20:49:56
Ci9DQUlRQUNvZENodHljRjlvT25ORmJXUkhlRnB4UTBzeVZVcEphMWd3WTNoWmFIYxAB,Hary Asland,5,"Putri pelayanan baik, ramah, gercep",6 bulan lalu,5,5,5,Saoenk Cobek Sudiang,Google Maps,2026-05-14 20:49:56
Ci9DQUlRQUNvZENodHljRjlvT20wMGRXRlZkbXQwWjJ4T2N6UlZTbFJIZDE5clJrRRAB,Ovfrianty Fery Sampe,5,"Putri
Pelayanan rama dan baik",6 bulan lalu,5,5,5,Saoenk Cobek Sudiang,Google Maps,2026-05-14 20:49:56
Ci9DQUlRQUNvZENodHljRjlvT2tjdE5GaEVlVEZuTFZWNWRYTnVUV1pNZHkxb1JYYxAB,Fedriyanti Gabriella,5,,6 bulan lalu,5,5,5,Saoenk Cobek Sudiang,Google Maps,2026-05-14 20:49:56
Ci9DQUlRQUNvZENodHljRjlvT2psQ1NWQkljMXBGUmtreFpEUk5jRFpuTlVSM2JtYxAB,mu'izz kamal,5,"Waiters atas nama putra dengan Pelayanan ramah dan cepat, makanan enak dan disajikan fresh, suasana tenang, dan sudah jadi langganan",6 bulan lalu,5,5,5,Saoenk Cobek Sudiang,Google Maps,2026-05-14 20:49:56
Ci9DQUlRQUNvZENodHljRjlvT21OdVZubGlVWFJmUm1SQ01WVXhZMGxMU0dFNWRtYxAB,Fahriani Idris,5,Terima kasih atas pelayanan dari mas putra dan mba manda.,6 bulan lalu,5,5,5,Saoenk Cobek Sudiang,Google Maps,2026-05-14 20:49:56
Ci9DQUlRQUNvZENodHljRjlvT25aYU1YUmhaamhIV0Mxc05raHRUSEZpTURSaFFsRRAB,M S,5,pelayanan dari kak putri baik ramah,6 bulan lalu,5,5,5,Saoenk Cobek Sudiang,Google Maps,2026-05-14 20:49:56
Ci9DQUlRQUNvZENodHljRjlvT20xMk5VbEpWVTlvZDNaUU4zZHliME5YT0hCclVWRRAB,wahid KPP215,5,Servis cepat & memuaskan cc Fitra,6 bulan lalu,,,,Saoenk Cobek Sudiang,Google Maps,2026-05-14 20:49:56
Ci9DQUlRQUNvZENodHljRjlvT2tFemVqVlFaRFppVmt0eWEycHBhSGRaUW1STlUyYxAB,Rosmala Dewi,5,Pelayanan baik mbak putri,7 bulan lalu,5,5,5,Saoenk Cobek Sudiang,Google Maps,2026-05-14 20:49:56
Ci9DQUlRQUNvZENodHljRjlvT2t3M09FWmxhbVpCYm5nM2VERkJVM3A1Wm0xSU4xRRAB,Rangga Prawira,5,Pelayanan mantap dari mbak putri terimakasih,7 bulan lalu,5,5,5,Saoenk Cobek Sudiang,Google Maps,2026-05-14 20:50:16
Ci9DQUlRQUNvZENodHljRjlvT2pSZlVqQm5ibXRMVkZkZllqVjVZblp3VEVaSFdFRRAB,Novita Wirawati,5,makanan sangat enak dan pelayanan atas nama mbak putri sangattt ramahh dan bagus gercep,7 bulan lalu,5,5,5,Saoenk Cobek Sudiang,Google Maps,2026-05-14 20:50:16
Ci9DQUlRQUNvZENodHljRjlvT21rMlgwZzJlUzFxUTFsSU1rWktSWGh2YUVkcGJtYxAB,Selfi Aminah,5,Putri pelayanan ya bagus dan gercep dalam melayani cartemers yg berkunjung di saung cobek sudiang,7 bulan lalu,5,5,5,Saoenk Cobek Sudiang,Google Maps,2026-05-14 20:50:16
Ci9DQUlRQUNvZENodHljRjlvT2pWMFdGWnNTRVU0WnpBMlZIVnZNVTV5TW5SbE5FRRAB,endang yanas,5,Pelayanan dari waitres putri baik dan sangat ramah,7 bulan lalu,5,5,5,Saoenk Cobek Sudiang,Google Maps,2026-05-14 20:50:16
Ci9DQUlRQUNvZENodHljRjlvT2t3elpWSmhORGhhVERjeGIySlFZbWhaY25aU05IYxAB,nutrientshark,5,,7 bulan lalu,5,5,5,Saoenk Cobek Sudiang,Google Maps,2026-05-14 20:50:16
Ci9DQUlRQUNvZENodHljRjlvT21WcGQxaEtlRTVuU1UwNGNFdHljMmg1ZHpsQ1gwRRAB,Ahmad Sirat,5,,7 bulan lalu,4,4,4,Saoenk Cobek Sudiang,Google Maps,2026-05-14 20:50:16
Ci9DQUlRQUNvZENodHljRjlvT2twQlJXUnBTVGRCWmpjemJEQkNlbVZMWW05eGVIYxAB,iwan Dannari,5,Pelayanan dari waiters putri baik,7 bulan lalu,5,5,5,Saoenk Cobek Sudiang,Google Maps,2026-05-14 20:50:16
Ci9DQUlRQUNvZENodHljRjlvT2xsTFdHOUVWbTUzU1haUE1XUXRMWE5hV1ZoYVgzYxAB,amel anjani,5,"atas nama kak putri pelayanannya bagus, ramah, gercep dan untuk tempatnya strategis nyaman serta asri",7 bulan lalu,5,5,5,Saoenk Cobek Sudiang,Google Maps,2026-05-14 20:50:16
Ci9DQUlRQUNvZENodHljRjlvT2t4T1pGUlFkazFPUkd4T2IzTnZiM053TVdKSWEwRRAB,nresky pratiwi,5,nikmat tenang ramah,7 bulan lalu,5,5,5,Saoenk Cobek Sudiang,Google Maps,2026-05-14 20:50:16
Ci9DQUlRQUNvZENodHljRjlvT2xoMlZWOUlNMWxpWVdOaWRHNW9WRlJEV1MxRFRGRRAB,Taufik Hidayat,5,pelayanan excellent putra,7 bulan lalu,5,5,5,Saoenk Cobek Sudiang,Google Maps,2026-05-14 20:50:16
Ci9DQUlRQUNvZENodHljRjlvT2xCMGJ6SlpPWFJIYjFWNmNIbFVOVEE1TWtoNWEyYxAB,Amiruddin Rauf,5,"Putri, pelayanan bagus",7 bulan lalu,5,5,5,Saoenk Cobek Sudiang,Google Maps,2026-05-14 20:50:37
Ci9DQUlRQUNvZENodHljRjlvT2xGaFEyaFJVRmhWYTB0d2VsUnhXSE55U3pscWRsRRAB,Qonita ramadhani,5,Pelayan putri baik,7 bulan lalu,5,5,5,Saoenk Cobek Sudiang,Google Maps,2026-05-14 20:50:37
Ci9DQUlRQUNvZENodHljRjlvT2xkRVRXRTRUR014ZUV4QmJtdHhiMjFLUkc1bVozYxAB,Ahmad Romadhon,2,"Gazebonya lesehan tapi pegawainya membersihkan gazebo dengan tetap memakai alas kaki, jadi terasa kurang higienis",7 bulan lalu,4,2,3,Saoenk Cobek Sudiang,Google Maps,2026-05-14 20:50:37
Ci9DQUlRQUNvZENodHljRjlvT205Q1dHY3pURWRzYzNCTlEwOVFSVWRWVDB0Nk1rRRAB,sakti bbksdasulsel,5,"Pelayanannnya Mba Putri bintang lima, top",7 bulan lalu,5,5,5,Saoenk Cobek Sudiang,Google Maps,2026-05-14 20:50:37
Ci9DQUlRQUNvZENodHljRjlvT2t0R1pXeDBiWEprZUhkS2FrWmFZemN4Uld4YVVtYxAB,Muh rezky,5,"Pelayanan dri kak putri sangat baik dan ramah, makanannya enaknya trutama capcay dan sambel ayamnya.",7 bulan lalu,5,5,5,Saoenk Cobek Sudiang,Google Maps,2026-05-14 20:50:37
Ci9DQUlRQUNvZENodHljRjlvT200NFIwVjZkSGh2U25jelFVTlRNVkZ6YkhOWGJsRRAB,Nandar,5,Pelayanan atas nama putri baik,7 bulan lalu,5,5,5,Saoenk Cobek Sudiang,Google Maps,2026-05-14 20:50:37
Ci9DQUlRQUNvZENodHljRjlvT2xGelMxRkpZbm80YzFwMmFrNTFXRGR2T0VSa09HYxAB,Misma Hanifa,5,Pelaya putri ramah,7 bulan lalu,5,5,5,Saoenk Cobek Sudiang,Google Maps,2026-05-14 20:50:37
Ci9DQUlRQUNvZENodHljRjlvT2s5bGVIUm9hVVJ4ZVU1a01rWmhjemhYY25Wc0xYYxAB,Petrus Sk,5,Pelayanan dari waiters putri baik,7 bulan lalu,5,5,5,Saoenk Cobek Sudiang,Google Maps,2026-05-14 20:50:37
Ci9DQUlRQUNvZENodHljRjlvT2pOS2MybHFialJ6Y1hkR1dFbGxZbFJRTm5Ga1JFRRAB,Sultan Alauddin,5,Alhamdulillah pelayanan atas nama putri sangat baik,7 bulan lalu,5,5,5,Saoenk Cobek Sudiang,Google Maps,2026-05-14 20:50:37
Ci9DQUlRQUNvZENodHljRjlvT2s1NWFHcHNhelJLVkVGMFZWazBWMjFwWDNodGRIYxAB,Multi ivon,5,Pelayanan dari putri baik,7 bulan lalu,5,5,5,Saoenk Cobek Sudiang,Google Maps,2026-05-14 20:50:37
Ci9DQUlRQUNvZENodHljRjlvT2s5ZmVtdDZOMnAzWTJSSFgySnNVSFE0WWtjdFgyYxAB,ayuwarasari rusmana,5,Pelayanan mbak putri baik ramah,7 bulan lalu,5,5,5,Saoenk Cobek Sudiang,Google Maps,2026-05-14 20:50:57
Ci9DQUlRQUNvZENodHljRjlvT200NUxVMXRaRnBEUzJzd1NuWlBOa3h3WnpkRGNGRRAB,Gina Fianita,5,Pelayan putri baik,7 bulan lalu,5,5,5,Saoenk Cobek Sudiang,Google Maps,2026-05-14 20:50:57
Ci9DQUlRQUNvZENodHljRjlvT2taRlFsWlZaRzV6TWpCd1MySkhRbEpKTXpaYVdWRRAB,Tsalis Amaliya,5,Pelayanan atas nama waitres putri baik dan ramah dalam menjelaskan menunya. Thank you kaka putri .,7 bulan lalu,5,5,5,Saoenk Cobek Sudiang,Google Maps,2026-05-14 20:50:57
Ci9DQUlRQUNvZENodHljRjlvT2pBMFJtdGxhRGhLZFVaVFNVMUZTVEZIYjFVNFpYYxAB,Kartini Khaidir,5,Pelayanan putri baik,7 bulan lalu,5,5,5,Saoenk Cobek Sudiang,Google Maps,2026-05-14 20:50:57
Ci9DQUlRQUNvZENodHljRjlvT21jeVluWlZObk5SYzFSRmFHWmlVMHc0VkdWd05HYxAB,Irma Zainal,5,Pelayan putra,7 bulan lalu,5,5,4,Saoenk Cobek Sudiang,Google Maps,2026-05-14 20:50:57
Ci9DQUlRQUNvZENodHljRjlvT2xKVWExVXdRWEUzU3psM1YwWTFSbUpvZVVkbmVtYxAB,Kaidar Kaidar,5,Pelayan putri mantap,7 bulan lalu,5,5,5,Saoenk Cobek Sudiang,Google Maps,2026-05-14 20:50:57
Ci9DQUlRQUNvZENodHljRjlvT2xrelFqWnFhR3hqVUdWalpFWkJNRkpMU2xnMGVFRRAB,Rasdianti Anti,5,Pelayanan putri baik dan ramah lincah juga,7 bulan lalu,5,5,5,Saoenk Cobek Sudiang,Google Maps,2026-05-14 20:50:57
Ci9DQUlRQUNvZENodHljRjlvT2s5b2RVTk5NRGcyVkRORmVuTkVSRlJPYTBjM1RWRRAB,Ayana Djufri,5,putri pelayanannya sangan ramah dan lincah,7 bulan lalu,5,5,5,Saoenk Cobek Sudiang,Google Maps,2026-05-14 20:50:57
Ci9DQUlRQUNvZENodHljRjlvT2tOeWVGVlFNa05sU0V0WmVsUTRaa2hCWlU5T1gyYxAB,rahmawati akib,5,Pelayanan atas nama putri baik,7 bulan lalu,5,5,5,Saoenk Cobek Sudiang,Google Maps,2026-05-14 20:50:57
Ci9DQUlRQUNvZENodHljRjlvT2pkcVdVeDBOVGRoUTNvNFdsQlBZME14VjFwclNGRRAB,Ardi Ardi,5,putri pelayanan baik,7 bulan lalu,5,5,5,Saoenk Cobek Sudiang,Google Maps,2026-05-14 20:50:57
Ci9DQUlRQUNvZENodHljRjlvT25sc05uVnRaRm94ZWpWVFIwSjVORkZpZVU0NVFrRRAB,Ratna Wati,5,Pelayanan atas nama.putri baik sangat,7 bulan lalu,5,5,5,Saoenk Cobek Sudiang,Google Maps,2026-05-14 20:51:18
Ci9DQUlRQUNvZENodHljRjlvT2xvMlZXaDRaRFE1VEVwUVFUbFBhamw2Wkd4cGFtYxAB,warnet dhirgham,5,Putri layananx cepat dan ramah,7 bulan lalu,5,5,5,Saoenk Cobek Sudiang,Google Maps,2026-05-14 20:51:18
Ci9DQUlRQUNvZENodHljRjlvT25GR2JVVnNXVGMyT1dGTldXaDBjR00zTTNkeVduYxAB,IQ MAR,5,nama saya putri pelayanannya bagus,7 bulan lalu,5,5,5,Saoenk Cobek Sudiang,Google Maps,2026-05-14 20:51:18
Ci9DQUlRQUNvZENodHljRjlvT2w5Zk0xbzVaakJmU21kbllVUldWVXR2WlhadVgzYxAB,Shinta pratiwi,5,"Pelayanan nya mantap,waiters atas na putri sangat detail menjelaskan tentang promo nya",7 bulan lalu,5,5,5,Saoenk Cobek Sudiang,Google Maps,2026-05-14 20:51:18
Ci9DQUlRQUNvZENodHljRjlvT2pKMVJrSlNaQzF5T0Vkd1RWWlZNVkpaT0cxaFRrRRAB,Annisa Desjklin,5,Mandat pelayan,7 bulan lalu,5,5,5,Saoenk Cobek Sudiang,Google Maps,2026-05-14 20:51:18
Ci9DQUlRQUNvZENodHljRjlvT21GR2VrMWlMVnA2TXpWdVRsSkVjV1JZVG1sd1NWRRAB,Muh AqilrA Adil,5,putra,7 bulan lalu,5,5,5,Saoenk Cobek Sudiang,Google Maps,2026-05-14 20:51:18
Ci9DQUlRQUNvZENodHljRjlvT2xka2MwaHFkMXBaUXpORGJqWTRlSFIwVkdveVJHYxAB,Rendi Jaya,5,Putri pelayanan ok,7 bulan lalu,5,5,5,Saoenk Cobek Sudiang,Google Maps,2026-05-14 20:51:18
Ci9DQUlRQUNvZENodHljRjlvT2tKS1FYWmljbHBQVDBKYU5HWmlVbk5pU1VKblQzYxAB,Muli 18,5,"Makan malam yang menyenangkan suasana nyaman, waiters manda",7 bulan lalu,5,5,5,Saoenk Cobek Sudiang,Google Maps,2026-05-14 20:51:18
Ci9DQUlRQUNvZENodHljRjlvT2t4TmN6QlpZVXQwVjBrMU1HTm5OMDVvTkdwaVdHYxAB,Nur Fadillah,5,"Anak hamba, terima kasih anakku.",7 bulan lalu,5,5,5,Saoenk Cobek Sudiang,Google Maps,2026-05-14 20:51:18
Ci9DQUlRQUNvZENodHljRjlvT2xnMVEwcDFVVmRUZFV0UVRVRTJObWQwYWtwTk1FRRAB,Fahrul Islam,5,Terimakasih pelayanannya kakak putri baik pelayanannya,7 bulan lalu,5,5,5,Saoenk Cobek Sudiang,Google Maps,2026-05-14 20:51:18
Ci9DQUlRQUNvZENodHljRjlvT2xoQ1pYUTNOMlpZTkcxTWFGWjJhbU5yYVd0b2FYYxAB,Elsy Rigel,5,Pelayanan putri mantap,7 bulan lalu,5,5,5,Saoenk Cobek Sudiang,Google Maps,2026-05-14 20:51:38
Ci9DQUlRQUNvZENodHljRjlvT2t0dVpWaFlkSEV5WjA1dmRIcEdjRXN5U214dmVrRRAB,Muhammad Akbar Salcha,5,Puas,7 bulan lalu,5,5,5,Saoenk Cobek Sudiang,Google Maps,2026-05-14 20:51:38
Ci9DQUlRQUNvZENodHljRjlvT21ReVIzaHlaVlZGVDI5NGVUUkVRVGxLWkhwVlVtYxAB,sasi pry,5,"Pengalaman menyenangkan makan disini. Tempatnya  nyaman untuk makan sekeluarga, pelayanan cepat , menu makanan lengkap, rasa enak,harga terjangkau ,ada bell yg memudahkan orderan. Dilayani oleh kak putri dan tim yg ramah,satset, sgt worth it untuk datang nilai plus krna parkir gratis👍🔥🔥🔥👌",7 bulan lalu,5,5,5,Saoenk Cobek Sudiang,Google Maps,2026-05-14 20:51:38
Ci9DQUlRQUNvZENodHljRjlvT2tseFR6TnFZbTVPVTFsd2NUZFBORlE1UmtKbE5sRRAB,Rita Mega,5,Alhamdulillah bagus Putri,7 bulan lalu,5,5,5,Saoenk Cobek Sudiang,Google Maps,2026-05-14 20:51:38
Ci9DQUlRQUNvZENodHljRjlvT2poZk1uaHdMVlpqYW5NMWIxSnljbUZ3VEdONFVVRRAB,astiny husni,5,"Putri, ramah dan makananx fresh",7 bulan lalu,5,5,5,Saoenk Cobek Sudiang,Google Maps,2026-05-14 20:51:38
Ci9DQUlRQUNvZENodHljRjlvT21RNE5uTXRkbmd6T1dOcVQzUXpaamgwTmxwR1MzYxAB,darul septiawan,5,Puti pelayanan baik,7 bulan lalu,5,5,5,Saoenk Cobek Sudiang,Google Maps,2026-05-14 20:51:38
Ci9DQUlRQUNvZENodHljRjlvT2t0eGVGaFFia1ZFZVZjeVUyWXpja3RvTjB0S1MwRRAB,Nurfadhilah Faisal,5,pelayan putra,7 bulan lalu,5,5,5,Saoenk Cobek Sudiang,Google Maps,2026-05-14 20:51:38
Ci9DQUlRQUNvZENodHljRjlvT2tseVYyTlJjM1o0ZVY4M1J6Snljbmd6VjJKNE5uYxAB,Yosinta Buntu,5,"Putri,pelatanan mantap🙏",7 bulan lalu,5,5,5,Saoenk Cobek Sudiang,Google Maps,2026-05-14 20:51:38
Ci9DQUlRQUNvZENodHljRjlvT2t0UVlUbFplVWhOU21OeE5qbGFMWFJLU1dNdFFYYxAB,Midra Patila,5,Putri pelayanan bagus,7 bulan lalu,5,5,5,Saoenk Cobek Sudiang,Google Maps,2026-05-14 20:51:38
Ci9DQUlRQUNvZENodHljRjlvT2xoS2NrVmhhbFp4TW5WSk9VUmtUVkZNU0hkNU4yYxAB,Delinar,5,,7 bulan lalu,5,,5,Saoenk Cobek Sudiang,Google Maps,2026-05-14 20:51:38
Ci9DQUlRQUNvZENodHljRjlvT2xGdVYzaGZjV1Z4YVhjeE1sQTNURGc1TnpsVFlXYxAB,Indah Widi,5,Makanan dan minuman enak semua sih,7 bulan lalu,5,5,5,Saoenk Cobek Sudiang,Google Maps,2026-05-14 20:51:59
Ci9DQUlRQUNvZENodHljRjlvT2tsTWNUVjFNSFpQWHpneVNXVTVhRnBTY1U1MVNtYxAB,adhi taufiq,5,"Serve by putri : servenya baik, orgnya ramah and sopan dlm melayani costumer terutama keluarga sy",7 bulan lalu,5,5,5,Saoenk Cobek Sudiang,Google Maps,2026-05-14 20:51:59
Ci9DQUlRQUNvZENodHljRjlvT2xWcFQzZHJNRVZXZDI1bWFHOUxVVXd5U25WUVJrRRAB,Mutmainnah Arfah,5,Pelayan putra  makasih putra,7 bulan lalu,4,5,4,Saoenk Cobek Sudiang,Google Maps,2026-05-14 20:51:59
Ci9DQUlRQUNvZENodHljRjlvT2kxRlVqQlNTRjl6YkZGcWR6WkpaM1pUWW0xcGQwRRAB,Pika Pebriani,5,Putri pelayanan ramah,7 bulan lalu,5,5,5,Saoenk Cobek Sudiang,Google Maps,2026-05-14 20:51:59
Ci9DQUlRQUNvZENodHljRjlvT21aWGRuRTJZbGt5ZUdoRlFWaDBNbmMzYTFSNFFWRRAB,MuhTaufik _MB-48-11,5,pelayanannya bagus dan ramah putri,7 bulan lalu,5,5,5,Saoenk Cobek Sudiang,Google Maps,2026-05-14 20:51:59
Ci9DQUlRQUNvZENodHljRjlvT2xWeE5sTkJZMUpaVlRKUWRtUjFjemRvU2t0dVZsRRAB,Riska Novia Ramadhana,5,putri pelayanan memuaskan,8 bulan lalu,5,5,5,Saoenk Cobek Sudiang,Google Maps,2026-05-14 20:51:59
Ci9DQUlRQUNvZENodHljRjlvT21KT1VUaDFkVXhRWVdNMk1qVTJXWEE1YzFKUlMwRRAB,inencia erica,5,Pelayanannya bagus dan makanannya enak. Kami mendapatkan good service dari waiter atas nama Putra. Terima kasih,8 bulan lalu,,,,Saoenk Cobek Sudiang,Google Maps,2026-05-14 20:51:59
Ci9DQUlRQUNvZENodHljRjlvT2w5dFRHaE9VakZJYUV3NGMydE5Sa0ZvVlVJeWVuYxAB,Wahyuni Yhuyu,5,"Pelayanan putra , thankss",8 bulan lalu,5,5,5,Saoenk Cobek Sudiang,Google Maps,2026-05-14 20:51:59
Ci9DQUlRQUNvZENodHljRjlvT25sNFVFOU5ibGRZVDJScU4zTTNUbUZuTjE4eE1VRRAB,Jasma Wati,5,Pelayan putra . Pelayan bagussss makasihhh. Ramah pelayannya,8 bulan lalu,4,5,5,Saoenk Cobek Sudiang,Google Maps,2026-05-14 20:51:59
Ci9DQUlRQUNvZENodHljRjlvT25CVGRVMDBhVWRLT0d4QmNWTjZTMXBWWkV0T1UyYxAB,Nayy Ramandha,5,Pelayanan atas nama kakak putri sangat ramah baik,8 bulan lalu,5,5,5,Saoenk Cobek Sudiang,Google Maps,2026-05-14 20:51:59
Ci9DQUlRQUNvZENodHljRjlvT21WbFUzQmliSGt0VW5OTFQzQnJkMWhuVWpWclNrRRAB,Nazwa kyla,5,terimakasih pelayanannya kak putri,8 bulan lalu,5,5,5,Saoenk Cobek Sudiang,Google Maps,2026-05-14 20:52:20
Ci9DQUlRQUNvZENodHljRjlvT21FMldGWmthbU0zVUVSbFdsbFpjbkl3VjJOclRGRRAB,Musdalifah syarifuddin,2,"Makanan enak tp banyak lalat, saung berdebu, air buat cuci tangan dimatikan padahal masih ada Kami yg sedang makan belum cuci tangan.",8 bulan lalu,5,3,2,Saoenk Cobek Sudiang,Google Maps,2026-05-14 20:52:20
Ci9DQUlRQUNvZENodHljRjlvT2s5NU0wVjVWMDl1VTFGUVVWZEdiR3cwYTJVMU5VRRAB,Yulia Tirta,5,"Putri
Pelayanan Baik",8 bulan lalu,5,5,5,Saoenk Cobek Sudiang,Google Maps,2026-05-14 20:52:20
Ci9DQUlRQUNvZENodHljRjlvT2poWmEwbGtOMEZ4U21wVldWbGtSRTVOUXpkcVowRRAB,Ade Arlan,5,Putri pelayanan bagus,8 bulan lalu,5,5,5,Saoenk Cobek Sudiang,Google Maps,2026-05-14 20:52:20
Ci9DQUlRQUNvZENodHljRjlvT25nNFpWaFFhVEkwVEU1NFdHWlNhRmxXYnpoWGNsRRAB,San Rego,5,Putri pelayanannya mantap,8 bulan lalu,5,5,5,Saoenk Cobek Sudiang,Google Maps,2026-05-14 20:52:20
Ci9DQUlRQUNvZENodHljRjlvT2psbGJ6a3hOVVZZYlVkbWJERXRhWGRaYlZJMVZrRRAB,Mutmainnah Muslimin,5,"Putri, mantap",8 bulan lalu,5,5,5,Saoenk Cobek Sudiang,Google Maps,2026-05-14 20:52:20
Ci9DQUlRQUNvZENodHljRjlvT2paYVpuSTBMVGxUY2toRVZFd3hTekJyY0VOSU1GRRAB,Chandra Nugraha,5,Putri pelayananya bagus,8 bulan lalu,5,5,5,Saoenk Cobek Sudiang,Google Maps,2026-05-14 20:52:20
Ci9DQUlRQUNvZENodHljRjlvT2xsNVdFMVZRMWhYVFZGTVQycEVUWEpFVWxSZlVFRRAB,Fardian Muis,5,Pelayanannya ramah putri,8 bulan lalu,5,5,5,Saoenk Cobek Sudiang,Google Maps,2026-05-14 20:52:20
Ci9DQUlRQUNvZENodHljRjlvT2pSSGJFbzRjbGxWTUhOVFlrVXdaamt5UjI5QlUxRRAB,Orleen Luvena,5,"Anak pelayan, terima kasih nak.",8 bulan lalu,5,5,5,Saoenk Cobek Sudiang,Google Maps,2026-05-14 20:52:20
Ci9DQUlRQUNvZENodHljRjlvT2xSNlVFMXdNMlowVFRKbWJETlVZM1pWUTBkcFZuYxAB,Muh faqih Husnur,5,Ainun pelayan yg paling ramah murah senyum pokoknya rekomended skli makanan dan pelayanannya,8 bulan lalu,5,5,5,Saoenk Cobek Sudiang,Google Maps,2026-05-14 20:52:20
Ci9DQUlRQUNvZENodHljRjlvT2tablpuZGpZWGRVVW1zMVNXaFJTV2hOWnpaQmJFRRAB,Laely Resky,5,pelayan ats nama ainun pelayanannya sangat ramah baik dan murah senyum,8 bulan lalu,5,5,5,Saoenk Cobek Sudiang,Google Maps,2026-05-14 20:52:40
Ci9DQUlRQUNvZENodHljRjlvT2sxYVYwRnRjVTFVVlcwM2FEVkNObmhsYlhOQ2VsRRAB,ISTIINCEZZ INCEZZ,5,Pelayanannya sangat ramah baik cara menjelaskannya kak putri,8 bulan lalu,5,5,5,Saoenk Cobek Sudiang,Google Maps,2026-05-14 20:52:40
Ci9DQUlRQUNvZENodHljRjlvT2xaaFdIbFlUVkZ1ZW1KdlFtZDJPV1J1Y0ZSNVdsRRAB,abdillah ulla,4,"Pembantu anakku, terima kasih.",8 bulan lalu,5,5,4,Saoenk Cobek Sudiang,Google Maps,2026-05-14 20:52:40
Ci9DQUlRQUNvZENodHljRjlvT2tsbldXcHdOR0ZMVEVObFR6VmxablJrV2pOMExWRRAB,valdi randa,5,Terimakasih pelayanannya kak putri,8 bulan lalu,5,5,5,Saoenk Cobek Sudiang,Google Maps,2026-05-14 20:52:40
Ci9DQUlRQUNvZENodHljRjlvT2pkV1ZtWlJhMmxPWW1WcVkyTlRYMGRNYjNvMFluYxAB,Meri Anti,5,Mbak putri pelayanan baik sekali ramah murah senyum sukses untuk mbak putrinya,8 bulan lalu,5,5,5,Saoenk Cobek Sudiang,Google Maps,2026-05-14 20:52:40
Ci9DQUlRQUNvZENodHljRjlvT214cVpHWnRkVXRZUTFaUFpYbG1SbE5RT1c5RlkzYxAB,N Indah rahmadani,5,Mba putri pelayanannya bagus dan ramah,8 bulan lalu,5,5,5,Saoenk Cobek Sudiang,Google Maps,2026-05-14 20:52:40
Ci9DQUlRQUNvZENodHljRjlvT2xCeU5uYzJSR1JKUVRadGJubzVWMDlOYWs0eGEyYxAB,Sulaiman Dwitanto,5,Putri pelayanan mantap,8 bulan lalu,5,5,5,Saoenk Cobek Sudiang,Google Maps,2026-05-14 20:52:40
Ci9DQUlRQUNvZENodHljRjlvT25aSFJTMXNZVXRNUmpaQlVqbHdkVmcyVW1STlNFRRAB,Abdullah Qossam,5,Kakak putriiii terimakasih layanannya baik sangat murah senyum juga,8 bulan lalu,5,5,5,Saoenk Cobek Sudiang,Google Maps,2026-05-14 20:52:40
Ci9DQUlRQUNvZENodHljRjlvT2xaa1N6UlhkMGxaUVU0eGRqYzJkbmR5Tm5CdGVuYxAB,Andi Haryani,5,Sangat ramah pelayan atas nama putri,8 bulan lalu,5,5,5,Saoenk Cobek Sudiang,Google Maps,2026-05-14 20:52:40
Ci9DQUlRQUNvZENodHljRjlvT2s5clZtTmZhM0ZEY1c1cmRFaHpaMUZoVW5CR1ZHYxAB,Soray Wayya,5,"Pelayan putra, makasih putra",8 bulan lalu,5,5,5,Saoenk Cobek Sudiang,Google Maps,2026-05-14 20:52:40
Ci9DQUlRQUNvZENodHljRjlvT2pGcFVrRlZjRlJ6WVc5aFVXNTZZWHB5Y0UxSVVtYxAB,Ilham Saputra,5,Putrriii terimakasih pelayanannya,8 bulan lalu,5,5,5,Saoenk Cobek Sudiang,Google Maps,2026-05-14 20:53:01
Ci9DQUlRQUNvZENodHljRjlvT25SMFJqUmZTMmg1YkdWaGFXVnZWVWhGZVdFNGVVRRAB,one piece,5,,8 bulan lalu,5,5,5,Saoenk Cobek Sudiang,Google Maps,2026-05-14 20:53:01
Ci9DQUlRQUNvZENodHljRjlvT2xsV2QybG5Ua0ZHTFVJM2MzZzVTRU5xZHpReloyYxAB,Sulastri tiya Masari,5,Kak putri terimakasih atas pelayanannya pelayanannya baik,8 bulan lalu,5,5,5,Saoenk Cobek Sudiang,Google Maps,2026-05-14 20:53:01
Ci9DQUlRQUNvZENodHljRjlvT25aUVdEaE9MV3RyWDA5aU9FUnJlV0U0YmxwaGIyYxAB,Fathiyah Jinan Adyta,5,Putri pelayanannya ramah dan cepat,8 bulan lalu,5,5,5,Saoenk Cobek Sudiang,Google Maps,2026-05-14 20:53:01
Ci9DQUlRQUNvZENodHljRjlvT25WdWRXUkhNV0ZsYjBaWU5tTm1MV0Z2Tkc4eldXYxAB,Hasriani Azis,5,Pelayanan nya baik,8 bulan lalu,5,5,5,Saoenk Cobek Sudiang,Google Maps,2026-05-14 20:53:01
Ci9DQUlRQUNvZENodHljRjlvT2tNNVVtaFdkVGh3YUdKT1VGWXhObHB4Wm0xRWFFRRAB,ihwan ilham37,5,Kak putri pelayanannya sangat memuaskan,8 bulan lalu,5,5,5,Saoenk Cobek Sudiang,Google Maps,2026-05-14 20:53:01
Ci9DQUlRQUNvZENodHljRjlvT2t0Zk1VSktSMFl6ZFV0UVdIVkRYMjQyYlc5dllXYxAB,Pahri Jafar,5,Putri melayani dgn tulus dan ramah,8 bulan lalu,5,5,5,Saoenk Cobek Sudiang,Google Maps,2026-05-14 20:53:01
Ci9DQUlRQUNvZENodHljRjlvT2xwRVpXYzBlRTFNU2pOSmRWUlRZVGRxWVZCa05GRRAB,fahri ammar,5,putri pelayanannya baik,8 bulan lalu,5,5,5,Saoenk Cobek Sudiang,Google Maps,2026-05-14 20:53:01
Ci9DQUlRQUNvZENodHljRjlvT2t4bFMxQXlZV0pHTTIxRE5XWmpUSHBIZHpGd1gzYxAB,Andi Maharif01,5,"kakak putriiiii pelayanannya baik sekali, dan ramah. terimakasih kakak manisss",8 bulan lalu,5,5,5,Saoenk Cobek Sudiang,Google Maps,2026-05-14 20:53:01
Ci9DQUlRQUNvZENodHljRjlvT2xwVVZXbGFSVFZxWmxsR1QzaFZSbHBLVkVWVFQzYxAB,Tsel Orbit01,5,𝘗𝘶𝘵𝘦𝘳𝘪 𝘱𝘦𝘭𝘢𝘺𝘢𝘯𝘢𝘯𝘺𝘢 𝘮𝘢𝘯𝘵𝘢𝘱 𝘴𝘦𝘳𝘵𝘢 𝘣𝘢𝘪𝘬 𝘳𝘢𝘮𝘢𝘩 𝘥𝘢𝘯 𝘮𝘢𝘯𝘪𝘴,8 bulan lalu,5,5,5,Saoenk Cobek Sudiang,Google Maps,2026-05-14 20:53:01
Ci9DQUlRQUNvZENodHljRjlvT210MVlqRmFiSEIzZGtkSk9UQkRWa2x3VEhoSGNrRRAB,Rahmat Hidayat,5,Putri Sangat ramah dan baik. Makasih 🙏,8 bulan lalu,5,5,5,Saoenk Cobek Sudiang,Google Maps,2026-05-14 20:53:21
Ci9DQUlRQUNvZENodHljRjlvT2t0bFdEWnVRV1p0WlRaNk1rbG1ZbUZGUVUxSlZsRRAB,Andi Reza,5,"Nur Ainun Pelayanan nya bagus ramah orangnya dan murah senyum,pelayanannya cepat juga 🫶🏻",8 bulan lalu,5,5,5,Saoenk Cobek Sudiang,Google Maps,2026-05-14 20:53:21
Ci9DQUlRQUNvZENodHljRjlvT2xoMlRrdGFObFZsTFhoTFpHOXFUR3RIVHpodmRtYxAB,Arnat Tangkedatu,5,"Pelayanan:Ainun
A.Pelayanannya bagus
B.makanannya enak bangat
C.suasananya sejuk dan bagus",8 bulan lalu,5,5,5,Saoenk Cobek Sudiang,Google Maps,2026-05-14 20:53:21
Ci9DQUlRQUNvZENodHljRjlvT2tOeU1HRlRWMjFGYnkxeVNVUXRjM2hETjBkcVJGRRAB,Rista Tangkedatu,5,"Pelayanan atas nama Ainun
Makanan nya enak, dan suasana juga nyaman",8 bulan lalu,4,5,4,Saoenk Cobek Sudiang,Google Maps,2026-05-14 20:53:21
Ci9DQUlRQUNvZENodHljRjlvT2sxQlQzRjFVbWRUVG1OeVNtbElWM0JyTTBFeGRIYxAB,Gihon Rante lambung,5,,8 bulan lalu,5,5,5,Saoenk Cobek Sudiang,Google Maps,2026-05-14 20:53:21
Ci9DQUlRQUNvZENodHljRjlvT2xRMlRsVjFhMTlFVUhkYVIwbEtSREpNVVhSSlVuYxAB,Mala Gitong,5,Pelayan putra,8 bulan lalu,5,5,5,Saoenk Cobek Sudiang,Google Maps,2026-05-14 20:53:21
Ci9DQUlRQUNvZENodHljRjlvT2tsc01GSm1SV1J3VUZWSk1HWjNPVFl3VTI5cmMyYxAB,Nooby,5,"Pelayanan bagus, tempatnya bagus",8 bulan lalu,5,5,5,Saoenk Cobek Sudiang,Google Maps,2026-05-14 20:53:21
Ci9DQUlRQUNvZENodHljRjlvT21ZM1pVVlNaRmg2ZUZWaGNra3RkSEZIV1c1c2IyYxAB,Ukly Arifin,5,"Putri pelayanannya baik , ramah dan murah senyum",8 bulan lalu,5,5,5,Saoenk Cobek Sudiang,Google Maps,2026-05-14 20:53:21
Ci9DQUlRQUNvZENodHljRjlvT25BMk4xTnRhMWwyTFhCNFRuWkhlSEo0VFc5WlRrRRAB,Arief Wahab,5,Putri sangat ramah dan cepat d layani,8 bulan lalu,5,5,5,Saoenk Cobek Sudiang,Google Maps,2026-05-14 20:53:21
Ci9DQUlRQUNvZENodHljRjlvT2xJM1pWUmtVa05NWm5WWFJtcFpVRUpYVVMxQlZsRRAB,Azzahrah Syafana,5,"ainun
pelayanan sangat baik, makanan enak dan cepat disajikan",8 bulan lalu,5,5,5,Saoenk Cobek Sudiang,Google Maps,2026-05-14 20:53:21
Ci9DQUlRQUNvZENodHljRjlvT210U1IxVkZSVWhJTFRBMmJXZGtkVjkzYWpOS1JWRRAB,yuliana boenawan,5,Enak loh makanannya,8 bulan lalu,5,5,5,Saoenk Cobek Sudiang,Google Maps,2026-05-14 20:53:42
Ci9DQUlRQUNvZENodHljRjlvT2tGWVdtUnZTVWhWVVhJdE9YUnZhelZEZVc0d2RuYxAB,Zahraazzahrah29,5,pelayan putra,8 bulan lalu,5,5,5,Saoenk Cobek Sudiang,Google Maps,2026-05-14 20:53:42
Ci9DQUlRQUNvZENodHljRjlvT2pjMVptNW9TbWhxWDNocWJYbHlZbkpFZGxsMlgyYxAB,Muhhadi Setiadi170300,5,Putri pelayanan baik,8 bulan lalu,5,5,5,Saoenk Cobek Sudiang,Google Maps,2026-05-14 20:53:42
Ci9DQUlRQUNvZENodHljRjlvT2xaRWEyRnBXVzFwYWpsVVlscDJkemMyVW1sMmRuYxAB,fira salsabila,5,"Pelayanannya baik, yang namanya putra juga termasuk yang melayani dgn sepenuh hati",8 bulan lalu,5,5,5,Saoenk Cobek Sudiang,Google Maps,2026-05-14 20:53:42
Ci9DQUlRQUNvZENodHljRjlvT21ST1JEVjJWRXhzTVZOdFdESkZjV3RhV1cwMVJtYxAB,Asyah Sahira,5,putri pelayanannya bagus dan ramah,8 bulan lalu,5,5,5,Saoenk Cobek Sudiang,Google Maps,2026-05-14 20:53:42
Ci9DQUlRQUNvZENodHljRjlvT2pSRmFuTXdOa1ptZVVKeFNTMVdkekZKYTJST05HYxAB,subhan kepsek18mks,5,Putri pelayanannya sangat memuaskan,8 bulan lalu,5,5,5,Saoenk Cobek Sudiang,Google Maps,2026-05-14 20:53:42
Ci9DQUlRQUNvZENodHljRjlvT2xkdFRrcFBja2xFUzBsWmRVTkNZbU5pVXpoUU1IYxAB,Jonathan Kharisma,5,Putri sangat baik dan ramah,8 bulan lalu,5,5,5,Saoenk Cobek Sudiang,Google Maps,2026-05-14 20:53:42
Ci9DQUlRQUNvZENodHljRjlvT2kxS1VYbzBPRlJXVDFrNU0zQmZRa015WldKTmVrRRAB,Agus Raba,5,"Kakak putri pelayanannya sangat baik, sempurna, ramah, dan melayani kami dengan hati serta murah senyum manis",8 bulan lalu,5,5,5,Saoenk Cobek Sudiang,Google Maps,2026-05-14 20:53:42
Ci9DQUlRQUNvZENodHljRjlvT2xWVlR6SmxWSFJpVVZWYWN6QXRiR3A1TVZsSmMxRRAB,Mulia Anggraeni,1,"NOT RECOMENDED, orang order jam 1 sampai jam 2 ndk keluar👊🏻👎🏻",8 bulan lalu,1,1,1,Saoenk Cobek Sudiang,Google Maps,2026-05-14 20:53:42
Ci9DQUlRQUNvZENodHljRjlvT2taNlIwVXpRWFZ6VlZCQkxXMDJaV3AxTjNKeVJYYxAB,Alvin Saputra,1,SGT TIDAK REKOMENDASI !!!!!! Saya sudah info utk keluar jam 1 tp hampir jm 2 blm keluar makananx,8 bulan lalu,1,1,1,Saoenk Cobek Sudiang,Google Maps,2026-05-14 20:53:42
Ci9DQUlRQUNvZENodHljRjlvT2paMk1rMDVhVEJGTjNnM1IwdFJhR1JIYjJKVFpHYxAB,Cakra Buana,5,Putri pelayanannya memuaskan,8 bulan lalu,5,5,5,Saoenk Cobek Sudiang,Google Maps,2026-05-14 20:54:03
Ci9DQUlRQUNvZENodHljRjlvT2w4MU5sVTBUbVJoZGxKNGVqZzVOVzVtUkUxNE5uYxAB,Hasmiati Hamzah,5,Putri pelayanannya baik dan ramah,8 bulan lalu,5,5,5,Saoenk Cobek Sudiang,Google Maps,2026-05-14 20:54:03
Ci9DQUlRQUNvZENodHljRjlvT2tKamVtbDRiMUZUTFZaMFVtTklSMnBKWWtKWFVVRRAB,nur annisa nisa,5,"Putri ramah, sopan dan santun, pelayanan sangat memuaskan
Melayani dengan hati tidak terkesan di buat2",8 bulan lalu,5,5,5,Saoenk Cobek Sudiang,Google Maps,2026-05-14 20:54:03
Ci9DQUlRQUNvZENodHljRjlvT2psWlZtVXdNRkpKVmtwS2MwY3Raa2h3WVVzMFozYxAB,arfina muftiha,5,"ainun, terima kasih sudah dibantu selesaikan orderan semua tepat waktu🤩",8 bulan lalu,5,5,4,Saoenk Cobek Sudiang,Google Maps,2026-05-14 20:54:03
Ci9DQUlRQUNvZENodHljRjlvT2xsdGRrZFJZa0YyWVd0U05GSnhTMnR2Ym5aTU4zYxAB,Dea Rezky Ananda Damayanti,5,Pelayan atas nama ainun,8 bulan lalu,5,5,5,Saoenk Cobek Sudiang,Google Maps,2026-05-14 20:54:03
Ci9DQUlRQUNvZENodHljRjlvT25SRU5FTlBRbTUxYW5kWVdXUTFjV2xLVmtOaFpXYxAB,Cicagoo01,4,"Enak, bersih dan nyaman
#apri",8 bulan lalu,5,5,5,Saoenk Cobek Sudiang,Google Maps,2026-05-14 20:54:03
Ci9DQUlRQUNvZENodHljRjlvT21WSVZsaHhaSFZ4U0ZsMVIxTk5SV3BYUTNvd2MyYxAB,Defflevar,5,"Pelayan putra , maksih putra gantengggg makannannyaa enakkk",8 bulan lalu,4,5,5,Saoenk Cobek Sudiang,Google Maps,2026-05-14 20:54:03
Ci9DQUlRQUNvZENodHljRjlvT21aeExWbE5ORk5sVVZGT1NqbG5PVXQ1VGtwbFQyYxAB,Astuty azis,5,"Putri pelayanannya sangat baik,, orangnya ramah,,, cantik lagi,,,, ☺",8 bulan lalu,5,5,5,Saoenk Cobek Sudiang,Google Maps,2026-05-14 20:54:03
Ci9DQUlRQUNvZENodHljRjlvT25GdVkxVjJOMVJJTWpKQ2MyVldXazU0V21OWmFsRRAB,Putri Regina,5,Putri pelayanan sangat baik,8 bulan lalu,5,5,5,Saoenk Cobek Sudiang,Google Maps,2026-05-14 20:54:03
Ci9DQUlRQUNvZENodHljRjlvT205WlRISXdkbmh2V0RkbVFUVk5WelpvZEZock4zYxAB,Cakdi 96,5,Makanan enak pelayanan ramah menunya varian #waiters manda,8 bulan lalu,5,5,5,Saoenk Cobek Sudiang,Google Maps,2026-05-14 20:54:03
Ci9DQUlRQUNvZENodHljRjlvT25wRVgyRTFTMU5FZHpoNGJWZ3dhMDFKYm1VNGJIYxAB,Salahuddin Bahsyam,5,"Putra, pelayanan baik",8 bulan lalu,5,5,4,Saoenk Cobek Sudiang,Google Maps,2026-05-14 20:54:23
Ci9DQUlRQUNvZENodHljRjlvT21oM05EZHZNbUZFU3padFkyTXlaMVZXVmpsdVdVRRAB,Suriyanti Zakaria,5,Putri orangnya supel dan ramah melayani pengunjung,8 bulan lalu,5,5,5,Saoenk Cobek Sudiang,Google Maps,2026-05-14 20:54:23
Ci9DQUlRQUNvZENodHljRjlvT25KNlpGUnNPRFZrVmxGYVF6bFBTRk5KWVRWWFRYYxAB,Velicia Dhea,5,"putri : ramah, baik, sopan dan cepatt",8 bulan lalu,5,5,5,Saoenk Cobek Sudiang,Google Maps,2026-05-14 20:54:23
Ci9DQUlRQUNvZENodHljRjlvT2sxT00wWkVSbVoxTjNSTWJsQjViM0JuWTFSVFVtYxAB,Arfandi Achmad,5,Putri alhamdulillah baik,8 bulan lalu,5,5,5,Saoenk Cobek Sudiang,Google Maps,2026-05-14 20:54:23
Ci9DQUlRQUNvZENodHljRjlvT25NM1QwTXlkbEpYWTJ0V1RGQjBjbTV2U2pCb09YYxAB,Cahaya Lintas Sulawesi,5,Putri pelayanannya luar biasa,8 bulan lalu,5,5,5,Saoenk Cobek Sudiang,Google Maps,2026-05-14 20:54:23
Ci9DQUlRQUNvZENodHljRjlvT2sxc2IyNURiV2RMYjNOWVoxZFhMVmd6WVdoSGFXYxAB,Ahmad Yudi,5,"Suasana ademm , pelayan baikk , makasihh putraaa",8 bulan lalu,5,5,5,Saoenk Cobek Sudiang,Google Maps,2026-05-14 20:54:23
Ci9DQUlRQUNvZENodHljRjlvT21SNlpEWlNlREZsWW1SWVdUSkNUblJ2TUUxdFEzYxAB,Dela Adheliana,5,"Pelayanannya bagus, ramah dan helpful. Top lah pokoknya 👍🏼",8 bulan lalu,5,5,5,Saoenk Cobek Sudiang,Google Maps,2026-05-14 20:54:23
Ci9DQUlRQUNvZENodHljRjlvT25wbWF6bGpaMHBtUWpSak4weFdiMFE1WnpZMGFGRRAB,Suspa Sahar,5,Makanan enak...,8 bulan lalu,5,5,3,Saoenk Cobek Sudiang,Google Maps,2026-05-14 20:54:23
Ci9DQUlRQUNvZENodHljRjlvT2t0eVNIQk5ZbnAwWWxod2NGOVRVRXhZTjJaaFZYYxAB,Sabrawi 7521,5,Pelayanan dari Putri mantap dan cepat,8 bulan lalu,5,5,5,Saoenk Cobek Sudiang,Google Maps,2026-05-14 20:54:23
Ci9DQUlRQUNvZENodHljRjlvT21kdFRUYzVaVmw2UkROM2Ftb3dabU55YlZGaVZVRRAB,NURINAYAH SEWANG,5,putri pelayanannya sangat memuaskan,8 bulan lalu,5,5,5,Saoenk Cobek Sudiang,Google Maps,2026-05-14 20:54:23
Ci9DQUlRQUNvZENodHljRjlvT2toM1VqSkhTVTF6ZDNoSGNFRlBhV1JRYUhSSVZsRRAB,Ruwaidah,5,Mba putri terima kasih dengan pelayanannya  yang sangat cekatan dan makanannya enak sekali,8 bulan lalu,5,5,5,Saoenk Cobek Sudiang,Google Maps,2026-05-14 20:54:44
Ci9DQUlRQUNvZENodHljRjlvT21GT04xWnVja1ZCYVdSSE0xQXpTbEpqZWsxSk1GRRAB,Efril M.S,3,"Udah beberapa kali datang kesini, makanannya enak, tempatnya bersih dan nyaman. Tapi pelayanannya lelet. Di panggil tapi liat liat doang sesama karyawan. Pokoknya harus di bell 5x sambil di panggil lagi biar nyamperin untuk tambah pesanan.  Mau nambah mesen jadi males soalnya lelet banget.lagi makan tapi kita mau nambah minum ampe nasi udah mau habis pelayanannya baru nyamper itupun kita nahan pegawai yang lagi anterin makanan di meja lain, buat ambil list menu kita. Intinya kesel bangett  lagi makan tapi serett, soalnya lelet banget. Lelet nya bukan apanya yah tapi kita ngeliat karyawan nya suka oper operan. Kalau gak niat kerja mending gak usah. Tolong di perbaiki lagi, soalnya sering kesini bareng keluarga.",8 bulan lalu,5,1,5,Saoenk Cobek Sudiang,Google Maps,2026-05-14 20:54:44
Ci9DQUlRQUNvZENodHljRjlvT25wRkxXdDBMVVkyWTE5U2MwZFlSMGhwVjJnd2EwRRAB,Andrew Tapangan,4,Makanannya enak dan lezat,8 bulan lalu,4,,,Saoenk Cobek Sudiang,Google Maps,2026-05-14 20:54:44
Ci9DQUlRQUNvZENodHljRjlvT2tKM01IcHdNSFZMVVZNelNtWnRNRTVuUnpoeE9VRRAB,SRI WAHYUNI,5,"Makannya mntp, enak, pelayanannya bagus👍@apri",8 bulan lalu,5,5,5,Saoenk Cobek Sudiang,Google Maps,2026-05-14 20:54:44
Ci9DQUlRQUNvZENodHljRjlvT2tJd2NqQXdOQzAxV21zMGJuWm1PVTFtTUZaRlZGRRAB,Rahmatika,5,#membuka,8 bulan lalu,5,5,5,Saoenk Cobek Sudiang,Google Maps,2026-05-14 20:54:44
Ci9DQUlRQUNvZENodHljRjlvT21scFMxcFJXbEJXUjJ4Q1prc3hTM2xtUm5WdE5XYxAB,Muhammad Rezki Zahrain Ramlan,5,"Tempatnya bagus dan cocok buat keluarga, menu nya juga enak
#Apri",8 bulan lalu,4,4,4,Saoenk Cobek Sudiang,Google Maps,2026-05-14 20:54:44
Ci9DQUlRQUNvZENodHljRjlvT2xwMGJ6VjRNbWRwUjNBeVkxVjFaMDVUUzNNelFXYxAB,Kristiani Widyaningtyas,5,Pelayan putra . Makanan enak makasih putra,8 bulan lalu,5,5,5,Saoenk Cobek Sudiang,Google Maps,2026-05-14 20:54:44
Ci9DQUlRQUNvZENodHljRjlvT205eGJtSk9kVlJTV0ZwM1J6bGFTREpRU0UxbVdsRRAB,Ika Kartika Endang Ariana,5,"Tempat nya nyaman,,,sejuk,,,pelayanannya jg baik,,,kak putri pelayan nya ramah….terima kasih kak",8 bulan lalu,5,,,Saoenk Cobek Sudiang,Google Maps,2026-05-14 20:54:44
Ci9DQUlRQUNvZENodHljRjlvT2pSMmVsazFlRXMxV1VWdlJVRjJRbk41UTJaTGNGRRAB,Mery Rantepadang,5,Mbak putri pelayanannya baik Ramah dan murah senyum,8 bulan lalu,5,5,5,Saoenk Cobek Sudiang,Google Maps,2026-05-14 20:54:44
Ci9DQUlRQUNvZENodHljRjlvT2xWdWQyRnZNbVpYV1dGaGRGRXdhRlJmYW5KT1RrRRAB,Nosiani Palinggi,5,"Tempatnya bagus rekomen untuk family dan kids ada tempat cuci tangan masing2 saung
Pelayanan ramah khusus mba Ainun permintaan semua di terima.
Untuk ikan nya enak, perkedel nya mungkin bisa lebih garing lagi",Diedit 8 bulan lalu,4,5,5,Saoenk Cobek Sudiang,Google Maps,2026-05-14 20:54:44
Ci9DQUlRQUNvZENodHljRjlvT2kxaVl6QkpRbkZqYm1GVE9XSTNNbVZVVVhnMFJrRRAB,Mik ka,5,"Pelayan putra, makasih putra",8 bulan lalu,5,5,5,Saoenk Cobek Sudiang,Google Maps,2026-05-14 20:55:04
Ci9DQUlRQUNvZENodHljRjlvT21wdmRrdDVWVWxZTW5NeVVUVk1ZbEZGY0hKMk9VRRAB,Usman L. Ose,5,Putri: pelayanannya baik,8 bulan lalu,5,5,5,Saoenk Cobek Sudiang,Google Maps,2026-05-14 20:55:04
Ci9DQUlRQUNvZENodHljRjlvT2tOd00ySldaMFkzUTFsQk5WaEpXSGxvU2s5Wk9IYxAB,Girls Shop,5,putri pelayanan nya bagus dan ramah,8 bulan lalu,5,5,5,Saoenk Cobek Sudiang,Google Maps,2026-05-14 20:55:04
Ci9DQUlRQUNvZENodHljRjlvT2tScVZrdFJURlZwVkRVNVMwdzNiSEkxVW5KS1EyYxAB,Fadil Doyo,5,"Putri, pelayanannya ramah dan murah senyum
.",8 bulan lalu,5,5,5,Saoenk Cobek Sudiang,Google Maps,2026-05-14 20:55:04
Ci9DQUlRQUNvZENodHljRjlvT2kxUVNVRlhRWEU1VFdzNGVFbHRkQzFDZURSRWNFRRAB,hans dudus,5,Putri good service,8 bulan lalu,5,5,5,Saoenk Cobek Sudiang,Google Maps,2026-05-14 20:55:04
Ci9DQUlRQUNvZENodHljRjlvT21nM1dGOWZPVzQxU210bE9HRk5iQzAwUWtSdllsRRAB,Yanti Yanti,5,Pelayan putra,8 bulan lalu,5,5,5,Saoenk Cobek Sudiang,Google Maps,2026-05-14 20:55:04
Ci9DQUlRQUNvZENodHljRjlvT21SWVJUbFlVSGgxWjNWMFZXTjJXVXhoYld0UFVtYxAB,yenny Jayanty,5,"Putri pelayanannya sangat baik , ramah",8 bulan lalu,5,5,5,Saoenk Cobek Sudiang,Google Maps,2026-05-14 20:55:04
Ci9DQUlRQUNvZENodHljRjlvT2xkQmJETXRUelUzUzNaclRIVldhbkZDVDJ4WmNHYxAB,Fitri Yani,5,"Pelayan putra ,makasih putra",8 bulan lalu,5,5,5,Saoenk Cobek Sudiang,Google Maps,2026-05-14 20:55:04
Ci9DQUlRQUNvZENodHljRjlvT21ReU5WZEZjbnBLZEMxR2QyNXZRMEk0VlZwNWJFRRAB,DV3 A. Canggau,5,PELAYANANNYA MANTAP. THANKYUUU MBAK PUTRIII,8 bulan lalu,5,5,5,Saoenk Cobek Sudiang,Google Maps,2026-05-14 20:55:04
Ci9DQUlRQUNvZENodHljRjlvT2s1TFduRmtSbEpaUVZZM01XdzRNM1p0WkRGRmQyYxAB,Sukardi Sikanuddin,4,👍👍👍👍,8 bulan lalu,4,4,4,Saoenk Cobek Sudiang,Google Maps,2026-05-14 20:55:04
Ci9DQUlRQUNvZENodHljRjlvT201TFZFUlNWSGh5ZWxVemJrWnlUVVpqTkRkbFpXYxAB,Yudi Arianto,5,,8 bulan lalu,4,5,5,Saoenk Cobek Sudiang,Google Maps,2026-05-14 20:55:25
Ci9DQUlRQUNvZENodHljRjlvT2xweU0wRmhTVmhpYVZsRlN6ZHRVams1WXpCNVVGRRAB,Rini Alim Alim,5,"Putri pelayanannya baik,ramah,cepat.suka!!",8 bulan lalu,5,5,5,Saoenk Cobek Sudiang,Google Maps,2026-05-14 20:55:25
Ci9DQUlRQUNvZENodHljRjlvT21Jd1UwWkZVMFU0V0RCbGRFWnJTamRIWlZGbGVYYxAB,Syamsinar Sunusi,5,"pelayan putra , makanan enakkkk .pelayanannnn baikkk",8 bulan lalu,5,5,5,Saoenk Cobek Sudiang,Google Maps,2026-05-14 20:55:25
Ci9DQUlRQUNvZENodHljRjlvT25sSFlXOXNaRXhYUkhoNVUwbzRMVEZSUWtSV2VYYxAB,Risna Elmo,5,Putri baik,8 bulan lalu,4,4,5,Saoenk Cobek Sudiang,Google Maps,2026-05-14 20:55:25
Ci9DQUlRQUNvZENodHljRjlvT2tZM00weHdNRXBxV1ZaVGVISjVhRmxUT0VsbUxXYxAB,Imel Imeeel,5,Putri pelayananya. Oke sangat bagus👍,8 bulan lalu,5,5,5,Saoenk Cobek Sudiang,Google Maps,2026-05-14 20:55:25
Ci9DQUlRQUNvZENodHljRjlvT21oV1dHWnJMVk5rVGpCdWIxUnJkbU5oTWpkb2FWRRAB,Musnia dewi,5,Putri pelayanannya BAIK,8 bulan lalu,5,5,5,Saoenk Cobek Sudiang,Google Maps,2026-05-14 20:55:25
Ci9DQUlRQUNvZENodHljRjlvT21Wb2QySnNUVzlDZDNKZmRXNUJZbDlzZVdWSFpGRRAB,Devil Alyah98,5,Waiters Ainun,8 bulan lalu,4,4,4,Saoenk Cobek Sudiang,Google Maps,2026-05-14 20:55:25
Ci9DQUlRQUNvZENodHljRjlvT25GeE1WRmxXa3RvY0dwZmNUaHRhMTlOT0dwSVRtYxAB,ARCTIC 26,5,Makan malam yg menyenangkan suasana adem makanannya enak enak dan pelayanan yg baik dan sangat ramah  (waiters manda),8 bulan lalu,5,5,5,Saoenk Cobek Sudiang,Google Maps,2026-05-14 20:55:25
Ci9DQUlRQUNvZENodHljRjlvT2twclpWWkNTVVJVVEdGVGMxVTVZbFV0ZWpCTFZYYxAB,Amaliah Amaliah,4,Ainun,8 bulan lalu,4,4,4,Saoenk Cobek Sudiang,Google Maps,2026-05-14 20:55:25
Ci9DQUlRQUNvZENodHljRjlvT21OVVJsVnllakUxZFdoUGFFUnZZMUY0ZEROZmVYYxAB,Mega Utami,5,"pelayan : ainun
makanan enak cuman terlalu lama menunggu 🙏",8 bulan lalu,5,5,5,Saoenk Cobek Sudiang,Google Maps,2026-05-14 20:55:25
Ci9DQUlRQUNvZENodHljRjlvT2swMUxXdHJhM1JUVVRoNFpteGxOSFl0ZDAxalNXYxAB,wasriany srie,5,Mantap 👍,8 bulan lalu,5,4,4,Saoenk Cobek Sudiang,Google Maps,2026-05-14 20:55:46
Ci9DQUlRQUNvZENodHljRjlvT213MmFtSjNZVzA1ZUV0V1lXVmZjak5aYVd4VldGRRAB,aloha bilo,5,"Makanannya enak ,pelayan putra",8 bulan lalu,5,5,5,Saoenk Cobek Sudiang,Google Maps,2026-05-14 20:55:46
Ci9DQUlRQUNvZENodHljRjlvT21abVNITXpaWEZzWTJKU2RVOVhOSEZrZDJnM09VRRAB,Eva Agustina,4,"Makannya enak tempatnya nyaman

#apri",8 bulan lalu,,,,Saoenk Cobek Sudiang,Google Maps,2026-05-14 20:55:46
Ci9DQUlRQUNvZENodHljRjlvT2xwamIwaDZkVEZzUW1sRWRrMTNhR1kyV1cxWGRHYxAB,Muhammad huzaefi m,4,"Enak
#apri",8 bulan lalu,4,4,4,Saoenk Cobek Sudiang,Google Maps,2026-05-14 20:55:46
Ci9DQUlRQUNvZENodHljRjlvT25VM1dWOW1PV2xqTm10RFMxWlBSMWhmVUY5cVozYxAB,Yusran M,5,"Makanannya dan suasananya enak dan nyaman
#apri",8 bulan lalu,5,5,5,Saoenk Cobek Sudiang,Google Maps,2026-05-14 20:55:46
Ci9DQUlRQUNvZENodHljRjlvT20xMlZIbzRhalZKVFRJd1VVZEljRUZtUzNGbFNFRRAB,Andi Sudirman,5,pelayan putra . sangat ramah dan bagus pelayanannya,8 bulan lalu,5,5,5,Saoenk Cobek Sudiang,Google Maps,2026-05-14 20:55:46
Ci9DQUlRQUNvZENodHljRjlvT2xOb1dqWXpaRGxTTW5GNWIzUk1TRmt4VWxFNGFYYxAB,Andika Anugrah,5,Putri : sangat baik,8 bulan lalu,5,5,5,Saoenk Cobek Sudiang,Google Maps,2026-05-14 20:55:46
Ci9DQUlRQUNvZENodHljRjlvT2pJMVJsbGtaVUpmV2s5bFlYRkZUR2xKVkdwcVMxRRAB,Ahmad Juanda,5,"Putri pelayanan luar biasa, tutur kata santun dan penuh senyum dlm melayani kami.",8 bulan lalu,5,5,5,Saoenk Cobek Sudiang,Google Maps,2026-05-14 20:55:46
Ci9DQUlRQUNvZENodHljRjlvT21WVlZYWk1RblJCYjBZMUxVRmthR2RUZG5seWQxRRAB,Virda Yanti,5,Putri  ( pelayanan nyaaa bagus ),8 bulan lalu,5,5,5,Saoenk Cobek Sudiang,Google Maps,2026-05-14 20:55:46
Ci9DQUlRQUNvZENodHljRjlvT2psR1ZrVlRiV1JZYzFKM1JDMUxabFo2VW5ScExXYxAB,lia rachman,5,"Pelayan atas nama ainun, mantap taawwaa!",8 bulan lalu,5,5,5,Saoenk Cobek Sudiang,Google Maps,2026-05-14 20:55:46
Ci9DQUlRQUNvZENodHljRjlvT213MmJWRlpNVFZIZGxCb1UxQkhjVXgzZVdRMWJIYxAB,Suwardi Muhammad,5,Apri,8 bulan lalu,5,5,5,Saoenk Cobek Sudiang,Google Maps,2026-05-14 20:56:06
Ci9DQUlRQUNvZENodHljRjlvT25jdFpqZG1NV0l0TVRsSmJIVmpVbloyZUVSZmJVRRAB,Mariyahulfah Ulfah,5,"Makanya enak sekali
Dan pelayanannya sangat ramah by putra",8 bulan lalu,5,5,5,Saoenk Cobek Sudiang,Google Maps,2026-05-14 20:56:06
Ci9DQUlRQUNvZENodHljRjlvT2xBemNWWlNXbE5oUlVkU1pFMUtiMnBwVlVFeU5HYxAB,Muammar Amin,5,Pelayan putra . Makanan enakkkkk,8 bulan lalu,5,5,5,Saoenk Cobek Sudiang,Google Maps,2026-05-14 20:56:06
Ci9DQUlRQUNvZENodHljRjlvT2tsUE1YUTNNWEJoVUhaT1oyNUlRM2xvUXpreFNIYxAB,Anti Anti,5,Pelayan putra,8 bulan lalu,5,5,5,Saoenk Cobek Sudiang,Google Maps,2026-05-14 20:56:06
Ci9DQUlRQUNvZENodHljRjlvT2kxNmVqUk1jVEkxTUVsbU9EaEpPRTVvYjFsMmVVRRAB,Kurnia Wati,5,Ainun,8 bulan lalu,5,5,5,Saoenk Cobek Sudiang,Google Maps,2026-05-14 20:56:06
Ci9DQUlRQUNvZENodHljRjlvT2tsbGJEVkRSWFpJY1RNNExXdHFUSHBaY2pOc2FXYxAB,asti wulandari,5,"Pelayan putra , Alhamdulillah pada ramah² banget. Makasih ya",8 bulan lalu,4,4,4,Saoenk Cobek Sudiang,Google Maps,2026-05-14 20:56:06
Ci9DQUlRQUNvZENodHljRjlvT20xSFUwRXhhbXhOVVdsRGJucHRRalo1VEVsalRIYxAB,anni,5,"Pertama kali kesini sore jam 4 lumayan sepi cuma 2 saung yang terisi. Namun menunggu makanan datang lumayan lama <30menit tapi karena sambil ngeliatin ikan jadi tidak terasa. Makanannya enak dan beraneka macam ada, sayang lupa ngefotonya.",8 bulan lalu,5,5,5,Saoenk Cobek Sudiang,Google Maps,2026-05-14 20:56:06
Ci9DQUlRQUNvZENodHljRjlvT25kV2JVOUhUbTlqVDFWTGRuWnhNVnAwT1RRM1JsRRAB,Black cat,5,"pelayan putra , suasananya nyaman, makanannya enak, kalo buat tempat makan sama temen dan keluarga kumpul"" top banget dah, pelayannya juga ramah dan sangat membantu",8 bulan lalu,5,5,5,Saoenk Cobek Sudiang,Google Maps,2026-05-14 20:56:06
Ci9DQUlRQUNvZENodHljRjlvT2w5b1MxWlhORVJ4U1VsclozbDFWVkpJVTFKSGIzYxAB,Asri Alimin,5,"Tempat cukup nyaman, layanan ramah,  kami cukup terkesan dengan pelayanan yang sangat ramah mbak Putri. Mantap 👍",8 bulan lalu,5,5,5,Saoenk Cobek Sudiang,Google Maps,2026-05-14 20:56:06
Ci9DQUlRQUNvZENodHljRjlvT2tkVWNtRTRjMWd6TkhkblZFUnZlR1JpU1ZabVVrRRAB,MUH HAIKAL RIZKULLA,5,Putri pelayanan cukup baik dan ramah,8 bulan lalu,5,5,5,Saoenk Cobek Sudiang,Google Maps,2026-05-14 20:56:06
Ci9DQUlRQUNvZENodHljRjlvT210dk56TlRjMEZOV2tSRGJVcGllakZWY0hoU09FRRAB,asma yanti,5,Putri: ramah,8 bulan lalu,5,5,5,Saoenk Cobek Sudiang,Google Maps,2026-05-14 20:56:27
Ci9DQUlRQUNvZENodHljRjlvT2xkbkxXZzNTRk5PZVhWZmJ5MDFRbEE0Y0c1T2FVRRAB,Muh Hilmy,5,mantapp...putra,8 bulan lalu,5,5,5,Saoenk Cobek Sudiang,Google Maps,2026-05-14 20:56:27
Ci9DQUlRQUNvZENodHljRjlvT25kbE5UaHhjbWwyTVZWcFVURkhVMk5mTXpnNVdrRRAB,iful madinah,5,"Pelayaan putra,",8 bulan lalu,5,5,5,Saoenk Cobek Sudiang,Google Maps,2026-05-14 20:56:27
Ci9DQUlRQUNvZENodHljRjlvT25KeVV6WjRUSFowWmkwNFQxcGtabkJJZUZWZk0wRRAB,Raodha. April94,5,,8 bulan lalu,5,5,5,Saoenk Cobek Sudiang,Google Maps,2026-05-14 20:56:27
Ci9DQUlRQUNvZENodHljRjlvT2swNWIwcG5ZWFJzVkZWcE5HWmtSM1V3VmxGRVVtYxAB,abdullah grab,5,,8 bulan lalu,5,5,5,Saoenk Cobek Sudiang,Google Maps,2026-05-14 20:56:27
Ci9DQUlRQUNvZENodHljRjlvT25wMVJWZFJYMHRyVTFCdllrMDFTRUYxTWt4SWIwRRAB,Yiyin Klistafani,5,Ainun hebat,9 bulan lalu,4,4,5,Saoenk Cobek Sudiang,Google Maps,2026-05-14 20:56:27
Ci9DQUlRQUNvZENodHljRjlvT21KcmNqVkhkM0l4VjBoaFkxTk1aMmxSZWtGTVpuYxAB,Vidi Prayogi,5,Pelayanan nya sangat memuaskan dan ramah serta cepat atas nama Putra,9 bulan lalu,5,5,5,Saoenk Cobek Sudiang,Google Maps,2026-05-14 20:56:27
Ci9DQUlRQUNvZENodHljRjlvT2tGR1kyOUVVM2xCUnpkTVFqRndWRE5HVEc1M1pIYxAB,netaa,5,"Putri ,pelayanan nya ramah,cepat",9 bulan lalu,5,5,5,Saoenk Cobek Sudiang,Google Maps,2026-05-14 20:56:27
Ci9DQUlRQUNvZENodHljRjlvT25aRlVGTkNOR2czZFdObk5VZFVkbTlPUzJSZlJYYxAB,leo arbi,5,"dilayani oleh kak putri dengan sangat baik, makanan enak, pesan ayam bawang bone less enak sekali",9 bulan lalu,5,5,5,Saoenk Cobek Sudiang,Google Maps,2026-05-14 20:56:27
Ci9DQUlRQUNvZENodHljRjlvT25aSWFqTnBkMHRyV1d3MVNEQmtZMHg0V25WWmNXYxAB,Iin,5,okey sihhh pelayan putra,9 bulan lalu,5,5,3,Saoenk Cobek Sudiang,Google Maps,2026-05-14 20:56:27
Ci9DQUlRQUNvZENodHljRjlvT21wdFpWZERhVkJsWjNwMlJHOXhVVFJLVUZsWGRHYxAB,neny irnita,5,"Waiters Manda. Sudah kesekian kali makan di sini. Suasananya nyaman, tempatnya jg bagus. Makanan enak, favorit kepiting nampan, udang saos telur asin, lokasi strategis.",9 bulan lalu,5,5,5,Saoenk Cobek Sudiang,Google Maps,2026-05-14 20:56:47
Ci9DQUlRQUNvZENodHljRjlvT21SeVNrTkxObkJTZURaV1FrZE5jWEJ4Vm10WlpIYxAB,Azka Alfatih,5,Mantap #apri,9 bulan lalu,5,5,5,Saoenk Cobek Sudiang,Google Maps,2026-05-14 20:56:47
Ci9DQUlRQUNvZENodHljRjlvT2twU2FsaFBkbGhyYXpST1pUUjVTMDl0UjNWNVUzYxAB,Nur Hidayah,5,pelayanan ramah dan cepat waiter putra,9 bulan lalu,5,5,5,Saoenk Cobek Sudiang,Google Maps,2026-05-14 20:56:47
Ci9DQUlRQUNvZENodHljRjlvT2xVeU1VZE1kRlJhVVhWSWJtbEZhVTF3WldSVlJtYxAB,Farras Hamidah,5,"Makanannya enak-enak, recommended! #apri",9 bulan lalu,5,5,5,Saoenk Cobek Sudiang,Google Maps,2026-05-14 20:56:47
Ci9DQUlRQUNvZENodHljRjlvT2pFM2JuUkVaRFJ5VFdnNWJXZG1iSHBFYlRJME9GRRAB,Nurina Apriyanti,5,"Enak sekali makanannya
#APRI",9 bulan lalu,5,5,5,Saoenk Cobek Sudiang,Google Maps,2026-05-14 20:56:47
Ci9DQUlRQUNvZENodHljRjlvT21sb2VsVmlMWFZ5ZDJKWWNYZDNWRlZqYld4VGNHYxAB,azwan 26,5,Tempatnya adem untuk kumpul dengan keluarga atau teman kerja,9 bulan lalu,4,5,4,Saoenk Cobek Sudiang,Google Maps,2026-05-14 20:56:47
Ci9DQUlRQUNvZENodHljRjlvT2sxc1ltZzJNMVZzUjBkNllYQkJRa051U3psSE9WRRAB,Muhammad Rachmat,5,Dilayani secara ramah oleh Putra.,9 bulan lalu,4,5,5,Saoenk Cobek Sudiang,Google Maps,2026-05-14 20:56:47
Ci9DQUlRQUNvZENodHljRjlvT2pGNWRsOXFka2hrTFRGNllYVjRSek51UzFJMGFWRRAB,Irha Ramdhany,5,Putri pelayanan baik,9 bulan lalu,5,5,5,Saoenk Cobek Sudiang,Google Maps,2026-05-14 20:56:47
Ci9DQUlRQUNvZENodHljRjlvT205alFqZDNRVXh5UkVWWU5GcDVMVEE0Y0RCRGJVRRAB,Fifinella Claire,5,,9 bulan lalu,,,,Saoenk Cobek Sudiang,Google Maps,2026-05-14 20:56:47
Ci9DQUlRQUNvZENodHljRjlvT2xwYVlXSTROQzAyU0VweVZqTnpkRGQwYjIxM1JtYxAB,BRILink Idha,5,Alhamdulillah (Apri),9 bulan lalu,5,5,5,Saoenk Cobek Sudiang,Google Maps,2026-05-14 20:56:47
Ci9DQUlRQUNvZENodHljRjlvT2pkMVMxZ3lSa2xGVTNJeVltRkNhVTlDTFZsb1RYYxAB,Syalom Pangaroan,5,"Pelayanan baik, suasana ademm , pelayan putra",9 bulan lalu,5,5,5,Saoenk Cobek Sudiang,Google Maps,2026-05-14 20:57:08
Ci9DQUlRQUNvZENodHljRjlvT21aSk0zSnRaa2xzWVdaVFJtVjJRWGRzZGkwNFkwRRAB,slly dwilstri,5,"mantap tawwa makanannya dan affordable

#apri",9 bulan lalu,5,5,5,Saoenk Cobek Sudiang,Google Maps,2026-05-14 20:57:08
Ci9DQUlRQUNvZENodHljRjlvT25SRWVFVk5UbW93T1daalNIaFNOM2RzZUdsQ1YyYxAB,Michael Galla,5,"Makanan nya enak dan pelayanan nya baik
#apri",9 bulan lalu,5,5,5,Saoenk Cobek Sudiang,Google Maps,2026-05-14 20:57:08
Ci9DQUlRQUNvZENodHljRjlvT21jdGNUVm1iM0J5VlVwRGJITkZRMDFLY3pGemQyYxAB,Munasri Stewar,5,,9 bulan lalu,5,5,5,Saoenk Cobek Sudiang,Google Maps,2026-05-14 20:57:08
Ci9DQUlRQUNvZENodHljRjlvT25veFZsODBWVVZ1VVdsU1lUWXpNMkZvU1RFMVpuYxAB,Nindar Ndah,5,Pelayanan mba putri okee,9 bulan lalu,5,5,5,Saoenk Cobek Sudiang,Google Maps,2026-05-14 20:57:08
Ci9DQUlRQUNvZENodHljRjlvT25ab1JtdEVlWEJqVkY5R2VXVTNSVWRPYWxSdFJVRRAB,Rama Wijaya,5,"Makanannya lumayan enak  dan suasananya ademm , pelayannya ramah , makasih putra",9 bulan lalu,5,5,5,Saoenk Cobek Sudiang,Google Maps,2026-05-14 20:57:08
Ci9DQUlRQUNvZENodHljRjlvT25vdGNtZDBZbTlRUWtoVGFXZGZSMHRtY2t3dFgwRRAB,Ivha Apriliea,5,"Ramah, nyaman tempat nya dan bersih, enak juga masakan nya
Witers apri",9 bulan lalu,5,5,5,Saoenk Cobek Sudiang,Google Maps,2026-05-14 20:57:08
Ci9DQUlRQUNvZENodHljRjlvT20xTVl5MTNObXR6UTFKNVVsVjZWVVYzUTFGZmVWRRAB,Marsya Zefanya,5,Makanan nya enak #april,9 bulan lalu,5,5,5,Saoenk Cobek Sudiang,Google Maps,2026-05-14 20:57:08
Ci9DQUlRQUNvZENodHljRjlvT2kxd1NUaDVVM3BKYVdacGNFaDJaVWxhVkZFNFoyYxAB,Andi Awalia Sucitra,5,"sangat baik ,
makanan enak
waitersnya ramah , pak apri",9 bulan lalu,5,5,5,Saoenk Cobek Sudiang,Google Maps,2026-05-14 20:57:08
Ci9DQUlRQUNvZENodHljRjlvT2xSc01URTVVME4xTmw5eldUbGZiVWx6WlVKSU4zYxAB,Dytha Dzalzabila,5,"makanan enak dan lumayan cepat pelayanan atas nama putra ramah, tanggap dan baik",9 bulan lalu,4,4,4,Saoenk Cobek Sudiang,Google Maps,2026-05-14 20:57:08
Ci9DQUlRQUNvZENodHljRjlvT25JMVMwTnRRM293VFVaeU9VWlJPVFJMZVhkcWIyYxAB,Jamira Mira,5,Tempat ini sejuk.tenang.suka lama lama berada di tempat ini.pelayanan putra,9 bulan lalu,5,5,5,Saoenk Cobek Sudiang,Google Maps,2026-05-14 20:57:29
Ci9DQUlRQUNvZENodHljRjlvT21aaFptbGliSGREVjJkSmRUZHpjMk0wY0dWYWNtYxAB,Febelisa Antuanette,4,"Ainun
Ramah,cekatan
Makanannya Enak",9 bulan lalu,4,4,4,Saoenk Cobek Sudiang,Google Maps,2026-05-14 20:57:29
Ci9DQUlRQUNvZENodHljRjlvT2xWSFUxQXpTR3Q2UW1GbWMxUkVlbDkwZW5oeVpHYxAB,Kornelius Palinggi,5,Waiter Ainun Melayani Ramah,9 bulan lalu,5,5,5,Saoenk Cobek Sudiang,Google Maps,2026-05-14 20:57:29
Ci9DQUlRQUNvZENodHljRjlvT2tVeFVIZEtRM0pJTW1kdVZYQnpVeTFXU0d0d1kwRRAB,Agnes Elyakin Chandra,5,"Dilayani sm mba Putri, pelayanan nya baik dan ramah👍🏻",9 bulan lalu,5,5,5,Saoenk Cobek Sudiang,Google Maps,2026-05-14 20:57:29
Ci9DQUlRQUNvZENodHljRjlvT2xJMFRteHVkVzFGZFY5NFpEQlZiamxEWkVaUlEyYxAB,Sheza Ariana,5,"Pengalaman pertama makan di saung cobek sudiang. Tempatnya enak, menunya lumayan, gak perlu nunggu terlalu lama juga dan makanannya datang berbarengan. Pelayanannya lebih bagus lagi. Kami dilayani pegawai atas nama ainun yang gercep dan full senyum. Keep up the good work 👍🏻",9 bulan lalu,4,5,5,Saoenk Cobek Sudiang,Google Maps,2026-05-14 20:57:29
Ci9DQUlRQUNvZENodHljRjlvT2pGVWJsSklNMkpKT1dGc1ZtcGFRbFpwUjBoQ01HYxAB,Suhartono Pranoto,5,Makanan enak mantap,9 bulan lalu,5,5,5,Saoenk Cobek Sudiang,Google Maps,2026-05-14 20:57:29
Ci9DQUlRQUNvZENodHljRjlvT2tKQlZuZ3RhMnA1Yldjek5WTk1kV0owZG01WlIzYxAB,Yumi Gracia rayo,5,ainun,9 bulan lalu,5,5,5,Saoenk Cobek Sudiang,Google Maps,2026-05-14 20:57:29
Ci9DQUlRQUNvZENodHljRjlvT200NWFtTkdRaTFmWldkQ1NYTkZlRko1ZUdGdWNsRRAB,Febyy,5,"Susana tenang,saung"" diatas kolam ikan,cocok untuk makan bersama keluarga👍🏻
Dipastikan akn dtg kembalii🫰🏻",9 bulan lalu,5,5,5,Saoenk Cobek Sudiang,Google Maps,2026-05-14 20:57:29
Ci9DQUlRQUNvZENodHljRjlvT25WNE5VOHlVSEV6U0U1clRIQTVkemhFTUdKbVdXYxAB,Ainun Mutma,5,"Senang berkunjung disini , makanan mantap, suasana nyaman, pelayan putra gercep humble abis, next mau dilayani lagi tingkatkan terimakasi",9 bulan lalu,5,5,5,Saoenk Cobek Sudiang,Google Maps,2026-05-14 20:57:29
Ci9DQUlRQUNvZENodHljRjlvT2twNldYSmxUR1YxU0ZCbVVteGFTRzgwZVdWM1JIYxAB,yunika Alla,5,"Makanan nya enak , pelanannya baik ,makasih putra",9 bulan lalu,5,5,5,Saoenk Cobek Sudiang,Google Maps,2026-05-14 20:57:29
Ci9DQUlRQUNvZENodHljRjlvT2tkaWQyVlNUbFY0ZDBWbmFXeHdXVU5PUTBwMlFWRRAB,sriwidya waty,5,"Alhamdulillah..selalu k saung cobek..g prnh kecewa..mkn enak..bersih..pelayanan sopan ats nm mas putra ....hrga terjangkau pula..,🥰🥰..makin sukses",9 bulan lalu,5,5,5,Saoenk Cobek Sudiang,Google Maps,2026-05-14 20:57:49
Ci9DQUlRQUNvZENodHljRjlvT2s4M2J6a3RURTlmV2paMFJtWm5UemN6TVVjeFNrRRAB,Rizky Nur Fatimah,5,"Waiters Ainun
Pelayanannya baik, waitersnya ramah. Makanannya enak.",9 bulan lalu,5,5,5,Saoenk Cobek Sudiang,Google Maps,2026-05-14 20:57:49
Ci9DQUlRQUNvZENodHljRjlvT2pRMWEydEJYMmM1UjJSVFJqRXdla293UjNCVFpWRRAB,Alfaruq Muhammad,5,"Menu cocok di lidah, harga rasional, tempatnya asyik, ramah anak, makasih mas Wahyu Saputra sudah ramah melayani",9 bulan lalu,5,5,5,Saoenk Cobek Sudiang,Google Maps,2026-05-14 20:57:49
Ci9DQUlRQUNvZENodHljRjlvT205WVNrWmpUbWR2U2tkblZWY3hTVEp6U0cxTVIzYxAB,wahyuni ikra,5,Bagus pelayanannya putra tawwa,9 bulan lalu,5,5,5,Saoenk Cobek Sudiang,Google Maps,2026-05-14 20:57:49
Ci9DQUlRQUNvZENodHljRjlvT2pSall6SnlYM0ZFT0VKM05VTjFhVTFITVVSWlNuYxAB,Nurmi Tristaningsih,5,Pelayanan dari putra memuaskan👍👍,9 bulan lalu,5,5,5,Saoenk Cobek Sudiang,Google Maps,2026-05-14 20:57:49
Ci9DQUlRQUNvZENodHljRjlvT2xSeGRFeEdMV0pSVlVaQmNuZDJPV3RFZDBWbVVrRRAB,mikiyal maulidan,5,"sangat nyaman ,, makanan enak .. pelayanan pak putra ramah , sopan , baik .. pokok a the best .. makasih saoenk cobek .. 🙏🤗",9 bulan lalu,5,5,5,Saoenk Cobek Sudiang,Google Maps,2026-05-14 20:57:49
Ci9DQUlRQUNvZENodHljRjlvT25reU16WkpNQzF3Y3pCMVZXODBOVVpGUVZOTFMxRRAB,Kinan Amir,5,"Makanannya enak dan bumbunya lezat
Pelayanannya jyga oke, cepat dan ramah
Sya dilayani dgn mbak Apri
Keren",9 bulan lalu,5,5,5,Saoenk Cobek Sudiang,Google Maps,2026-05-14 20:57:49
Ci9DQUlRQUNvZENodHljRjlvT2t4MmRWcHVWMWMwWDBRelkyOXZjbXhUYjFCcGVYYxAB,Patrick Kun,5,"Di layani dengan pelayan nur ainun,ramah,baik dan murah senyum",9 bulan lalu,5,5,5,Saoenk Cobek Sudiang,Google Maps,2026-05-14 20:57:49
Ci9DQUlRQUNvZENodHljRjlvT25GalUwSktjR2hxVFd0eFduaG1ZblZaVlRWTk4xRRAB,Archin Davinia,5,"Pelayannya ramah(putra)
Makanan enak",9 bulan lalu,5,5,5,Saoenk Cobek Sudiang,Google Maps,2026-05-14 20:57:49
Ci9DQUlRQUNvZENodHljRjlvT2xKdWRpMUlOamRVTm1oVmNrOWlXWGRmV0Mxb1gzYxAB,mila karmilasari,5,putra,9 bulan lalu,5,5,5,Saoenk Cobek Sudiang,Google Maps,2026-05-14 20:57:49
Ci9DQUlRQUNvZENodHljRjlvT205WlJVaDFNVjh5Tld4U1ZWUnJjRFZhWVdOeFowRRAB,maisrah sabry,5,"Makananx enak2 👍

#apri",9 bulan lalu,5,5,5,Saoenk Cobek Sudiang,Google Maps,2026-05-14 20:58:10
Ci9DQUlRQUNvZENodHljRjlvT21oSFYwdHdOemhvZDFSTk16bEtjMDFZZGs4MlFuYxAB,Irfan Alifiandra,5,,9 bulan lalu,5,5,5,Saoenk Cobek Sudiang,Google Maps,2026-05-14 20:58:10
Ci9DQUlRQUNvZENodHljRjlvT2xWaU9WUkpMWG8xYUZFeVYwMXdUbTgwVldsMVQyYxAB,shury pinky,5,,9 bulan lalu,5,5,5,Saoenk Cobek Sudiang,Google Maps,2026-05-14 20:58:10
Ci9DQUlRQUNvZENodHljRjlvT2w5RWN6SlRkMVV6Y25rME9FRnlOMlpuVFhkR01FRRAB,Risky Yuniarti,5,Sdri. Putri pelayanan sangat baik dan ramah,9 bulan lalu,5,5,5,Saoenk Cobek Sudiang,Google Maps,2026-05-14 20:58:10
Ci9DQUlRQUNvZENodHljRjlvT21jNGRHZFJSbTlDUzJOVFZVcENMVGxMZWs5YWNVRRAB,Lita Sadega,5,"Dilayani sama waiters Ainun
Pelayanannya bagus sekali. Makanannya enak-enak mantap. Selalu bawa makan keluarga kesini 👍🏼",9 bulan lalu,5,5,5,Saoenk Cobek Sudiang,Google Maps,2026-05-14 20:58:10
Ci9DQUlRQUNvZENodHljRjlvT25WMlQzUlNjM1pVZUZwR2VtWXpSbWxNVkhaclFsRRAB,Aulia,4,"Suasananya sangat menyenangkan, makanannya lumayan, dan pelayanannya kelas atas (terima kasih kepada Kak Ainun yang sangat baik).",9 bulan lalu,4,5,5,Saoenk Cobek Sudiang,Google Maps,2026-05-14 20:58:10
Ci9DQUlRQUNvZENodHljRjlvT25wcVkxUmxia3B2YW5kUGMydENjakJ0V0hsYVRYYxAB,Hamzah Hadi,5,putri,9 bulan lalu,5,5,4,Saoenk Cobek Sudiang,Google Maps,2026-05-14 20:58:10
Ci9DQUlRQUNvZENodHljRjlvT2t4VlRuaEdkWGM0VkVSeFoxVkxUa3hYY20xaE5HYxAB,Nhava Nhavriani,5,"waiters ainun pelayanan nya baik, ramah, cepat dan cekatan",9 bulan lalu,5,4,4,Saoenk Cobek Sudiang,Google Maps,2026-05-14 20:58:10
Ci9DQUlRQUNvZENodHljRjlvT2taNkxUVndVV0pxV2xCcFJHVTNjbEpIUlRoYVJtYxAB,Juharmin 96,5,,9 bulan lalu,5,5,5,Saoenk Cobek Sudiang,Google Maps,2026-05-14 20:58:10
Ci9DQUlRQUNvZENodHljRjlvT2tsbWRucFZORnAxWjFCSk9FMDJhME50UjFkTmVrRRAB,Venerini Gaudia,5,Cepat dan tepat. Pelayanannya jg ok bgt,9 bulan lalu,5,5,5,Saoenk Cobek Sudiang,Google Maps,2026-05-14 20:58:10
Ci9DQUlRQUNvZENodHljRjlvT2xscFNXUm9abkJRY1RCc1kyOUJjRVZJUkhOVFdYYxAB,Muthmainnah MT,5,Makanannya enak. Pelayanannya ramah dilayani dgn waiters ainun,9 bulan lalu,5,5,5,Saoenk Cobek Sudiang,Google Maps,2026-05-14 20:58:31
Ci9DQUlRQUNvZENodHljRjlvT21ReFVtSlJjbXBvZVRGcVVFMUpjRUZpUVRCa1dFRRAB,Fitrianti Fitrianti,5,"Pelayanan nya ramah, tempat nya bagus luas",9 bulan lalu,5,5,5,Saoenk Cobek Sudiang,Google Maps,2026-05-14 20:58:31
Ci9DQUlRQUNvZENodHljRjlvT2s5Nk0wZHdWbFl5YlVKUk0wNVZiMWgxU1doWmRuYxAB,Widya Adriani,5,"Ainub pelayanannya baik, makanan enak, susana bersih",9 bulan lalu,5,5,5,Saoenk Cobek Sudiang,Google Maps,2026-05-14 20:58:31
Ci9DQUlRQUNvZENodHljRjlvT2tZMU5EVTJjRzVPTUVkellWRXRSVWcxWWpBM1JHYxAB,Intan Ayu Putri Handarbeny,5,Putri. Pelayanan yang sangat baik dan memuaskan,9 bulan lalu,5,5,5,Saoenk Cobek Sudiang,Google Maps,2026-05-14 20:58:31
Ci9DQUlRQUNvZENodHljRjlvT2pKcmVsRklUVTFwVEZoV1QyOVFhRmd5T0U4M1QzYxAB,Hardi,5,"Enak.....
Terima kasih layanannya @putra",9 bulan lalu,5,5,5,Saoenk Cobek Sudiang,Google Maps,2026-05-14 20:58:31
Ci9DQUlRQUNvZENodHljRjlvT2paWFUwNTNkalpSWTBwbFZXMVhYMDltY1ZGa1JGRRAB,maumauta baraccung,5,"pelayanan bagus,makasih apri",9 bulan lalu,5,5,5,Saoenk Cobek Sudiang,Google Maps,2026-05-14 20:58:31
Ci9DQUlRQUNvZENodHljRjlvT2xGRGRtNTVMVXhpYkUxQ2RWQXhWRE01VmpKV1lVRRAB,Ramadhan Febrianto,4,,9 bulan lalu,4,4,4,Saoenk Cobek Sudiang,Google Maps,2026-05-14 20:58:31
Ci9DQUlRQUNvZENodHljRjlvT25WeE1GUTNORXc1WjBWTE16aDBVMlJQZGxneVRYYxAB,dwi tiara sukma rivai,5,,9 bulan lalu,5,5,5,Saoenk Cobek Sudiang,Google Maps,2026-05-14 20:58:31
Ci9DQUlRQUNvZENodHljRjlvT2xaa01GSTBSbU4yV1ZSdlZqTk1UbWt3ZFhweVJrRRAB,Prascilya Safira Qolbi,5,tempat dan makanannya sangat enak,9 bulan lalu,5,5,5,Saoenk Cobek Sudiang,Google Maps,2026-05-14 20:58:31
Ci9DQUlRQUNvZENodHljRjlvT2pneGJuRk5ibGwwVUhSSGJFUkJRMmxQVkRCaVRWRRAB,Imran sadarma,5,Menu makanannya cukup lengkap dan rasa makanannya enak. Tersedia banyak paket untuk pilihan rombongan.,9 bulan lalu,5,5,5,Saoenk Cobek Sudiang,Google Maps,2026-05-14 20:58:31
Ci9DQUlRQUNvZENodHljRjlvT2xjMlEwSmhRMU5HYWpkVVZtRnNZME5pYUhSdllYYxAB,Marianus Riwanto,5,Menu ikan enak.  Ainun,9 bulan lalu,5,5,5,Saoenk Cobek Sudiang,Google Maps,2026-05-14 20:58:51
Ci9DQUlRQUNvZENodHljRjlvT25oSFEyVkdRMHRxUkMxdWVIQTNaa0ZhTkRSSE5IYxAB,Desa Temmabarang,5,Bagus,9 bulan lalu,5,5,5,Saoenk Cobek Sudiang,Google Maps,2026-05-14 20:58:51
Ci9DQUlRQUNvZENodHljRjlvT21oYVVUbExWR2hYVjNSWVgyeGZNRGQ2Y3pGaE5HYxAB,Muhajir Suyuti,5,"Salah satu Tempat makan terbaik di Makassar. Dekat lampu merah POLDA Sulsel. Makanannya enak, menu andalan klo makan disini Ikan Baronang Bakar Parape + Ricarica dan Cah Paria. Otak-otak Bakarnya juga enak. Tempatnya nyaman dan ada kolam ikannya.",9 bulan lalu,5,5,5,Saoenk Cobek Sudiang,Google Maps,2026-05-14 20:58:51
Ci9DQUlRQUNvZENodHljRjlvT2toZldXbDRNVGhEUkRKVGVYUjRWemxuYzFkeVJHYxAB,Hartini Samioen,5,Pelayanan atas nama putri baik dan cepat tingkatkan terus pelayanannya,9 bulan lalu,5,5,5,Saoenk Cobek Sudiang,Google Maps,2026-05-14 20:58:51
Ci9DQUlRQUNvZENodHljRjlvT25GT1NtVXRiVWgyYWkxTlQxSjZVRlJMU21OTmFrRRAB,Muhammad Rezki,5,"Mantap waitersnya, Ainun is the best servicer",9 bulan lalu,5,5,5,Saoenk Cobek Sudiang,Google Maps,2026-05-14 20:58:51
Ci9DQUlRQUNvZENodHljRjlvT2pkbll6RjJTM3BSZW14UFZqVjVjM2d3ZEhSaE1WRRAB,Muliati Rahman,5,Waiters ainun,9 bulan lalu,5,5,5,Saoenk Cobek Sudiang,Google Maps,2026-05-14 20:58:51
Ci9DQUlRQUNvZENodHljRjlvT25kUGVVdHhlVXBqYkhkaVYxTlBPVTF6Wkc1V2NIYxAB,wahyuni wayudi,5,"Enak, hanya kuah sayur asamx kurang segar, pelayananx ok
Apri",9 bulan lalu,5,5,5,Saoenk Cobek Sudiang,Google Maps,2026-05-14 20:58:51
Ci9DQUlRQUNvZENodHljRjlvT2paSGVHNDBha0V5ZVRCS1RGRklNVGR1UldSdFltYxAB,sudarmi darma,5,Pelayanan mba Putri yang sangat Ramah dan baik,9 bulan lalu,5,5,5,Saoenk Cobek Sudiang,Google Maps,2026-05-14 20:58:51
Ci9DQUlRQUNvZENodHljRjlvT21zMlNHeEZTa1p1YWxOelMxOVZabE5sTTJsMk0yYxAB,erva cella,5,"Putri, pelayanan mantap",9 bulan lalu,5,5,5,Saoenk Cobek Sudiang,Google Maps,2026-05-14 20:58:51
Ci9DQUlRQUNvZENodHljRjlvT2xkT016bEdjM2MwYUhaUU4waFlOalpTYkV0VE9XYxAB,nico tolaba,5,Putri pelayanannya mantap.... terima kasih,9 bulan lalu,5,5,5,Saoenk Cobek Sudiang,Google Maps,2026-05-14 20:58:51
Ci9DQUlRQUNvZENodHljRjlvT2xsUVJUSmhVM0Z3U0hvNGVVdEZTV0ZtV0VKUlMwRRAB,Puji Sabriani Putri,5,Sangat baik pelayanan dari putri,9 bulan lalu,5,5,5,Saoenk Cobek Sudiang,Google Maps,2026-05-14 20:59:12
Ci9DQUlRQUNvZENodHljRjlvT2t0MVQwRXpjRzVFTUc5V1JGWkVOalZvTnpsRlMyYxAB,Muhammad hadi assegaf Egha,5,Putri...sangat baik..sajian cepat ..thanks,9 bulan lalu,5,5,5,Saoenk Cobek Sudiang,Google Maps,2026-05-14 20:59:12
Ci9DQUlRQUNvZENodHljRjlvT2pSVFdYbE5lVEp3U1U5eVFteG1WSEl5UmxCUWFFRRAB,Kiki Rzky Saputri,4,"Makanan dan tempatnya sangat enak dan nyaman.
Pelayanan karyawan Ats nama putra sangat baik.",9 bulan lalu,5,5,5,Saoenk Cobek Sudiang,Google Maps,2026-05-14 20:59:12
Ci9DQUlRQUNvZENodHljRjlvT2taNE9EaFZXWE42YVdaVmNqbFhTVGM0YUhOa1YzYxAB,Mariani Ani,5,"Waiter Ainun, mantap.",9 bulan lalu,5,5,5,Saoenk Cobek Sudiang,Google Maps,2026-05-14 20:59:12
Ci9DQUlRQUNvZENodHljRjlvT2tOTlpWaERUVTB0VW1wQ1FuaDZTbFJrYVZGbVpIYxAB,fitriyani siahaan,5,"Mba Ainun, Ramah sekali, The bestlah pelayanannya",9 bulan lalu,5,5,5,Saoenk Cobek Sudiang,Google Maps,2026-05-14 20:59:12
Ci9DQUlRQUNvZENodHljRjlvT2xaaU16QlpNa0p0TjFweVNqQkNhWE5OTWxCU2MzYxAB,Nur Lathifah,5,"Putra pelayanannya bagus, cepat responnya",9 bulan lalu,5,5,5,Saoenk Cobek Sudiang,Google Maps,2026-05-14 20:59:12
Ci9DQUlRQUNvZENodHljRjlvT2tVNVZXa3RaMUYzVTBNMlN6WkVlVEZ2YjFCMWNuYxAB,Fahmi Fahmi,5,"KAK PUTRI PELAYANAN NYA SANGAT BAIK DAN RAMAH
MAKASIH KAK PUTRI",9 bulan lalu,5,5,5,Saoenk Cobek Sudiang,Google Maps,2026-05-14 20:59:12
Ci9DQUlRQUNvZENodHljRjlvT25GUlYzUXlhV016TUhKaWR6Vm1jVTFaYzBkbGQyYxAB,Mauliddah Ekasari,5,Pelayanannya memuaskan. Waiter nya Apri sopan,9 bulan lalu,4,5,5,Saoenk Cobek Sudiang,Google Maps,2026-05-14 20:59:12
Ci9DQUlRQUNvZENodHljRjlvT2xKaWF6RkxlbEZoYlY5MVQzaFdUMHRzYVdWcWIzYxAB,Utami Putri,5,"Suasana yg menyenangkan
Pelayanan baik.
Waiters manda",9 bulan lalu,5,5,5,Saoenk Cobek Sudiang,Google Maps,2026-05-14 20:59:12
Ci9DQUlRQUNvZENodHljRjlvT2pWWkxVOW1iVU5XVUZOd2NUWTBVbGQ2ZWxsbVgwRRAB,Anindya Qurratu Aini Amin,5,"Suasananya bagus, makanannya enak, pelayanannya luar biasa, terima kasih Kak April atas pelayanannya.",9 bulan lalu,5,5,5,Saoenk Cobek Sudiang,Google Maps,2026-05-14 20:59:12
Ci9DQUlRQUNvZENodHljRjlvT2taalZIZzNhMUYxV201a05EUndXRkJJWkY4eFJIYxAB,muh.fahmi rezkiawan,5,"Putri, pelayanan baik",9 bulan lalu,5,5,5,Saoenk Cobek Sudiang,Google Maps,2026-05-14 20:59:33
Ci9DQUlRQUNvZENodHljRjlvT2kxdVNFNTRjME5EYlZaeWJtdHlMVlJUZWtOVGFIYxAB,Ummu Aisyah,5,Putri pelayanannya cepat,9 bulan lalu,5,5,5,Saoenk Cobek Sudiang,Google Maps,2026-05-14 20:59:33
Ci9DQUlRQUNvZENodHljRjlvT21Wc1gxZHNhM2xsZW0xc01uaG5ZbUoxWkc1RE1sRRAB,Chandra Halim,5,,9 bulan lalu,5,5,5,Saoenk Cobek Sudiang,Google Maps,2026-05-14 20:59:33
Ci9DQUlRQUNvZENodHljRjlvT2tWNFVUbHFSMk5DVkV0TFkwWkZWamgyVTNoWGRFRRAB,Sefnice Rantelembang,4,Waiter ainun kerennn gerceppp,9 bulan lalu,4,4,4,Saoenk Cobek Sudiang,Google Maps,2026-05-14 20:59:33
Ci9DQUlRQUNvZENodHljRjlvT201bGIwMUVTbUYxZWtKZk1GSXRUbFZoUmxRdFdXYxAB,Emmha rahmawaty,5,Ainun  yg melayani,9 bulan lalu,5,4,5,Saoenk Cobek Sudiang,Google Maps,2026-05-14 20:59:33
Ci9DQUlRQUNvZENodHljRjlvT2s1eGVtRnRia3hGZEUxRFpUQnVZMVZUV0c1YVgzYxAB,Hilda Yani,5,"Baik,memuaskan putri",9 bulan lalu,5,5,5,Saoenk Cobek Sudiang,Google Maps,2026-05-14 20:59:33
Ci9DQUlRQUNvZENodHljRjlvT2tWWlZXVllkSEV0WldOWGFrRkZXVFZRVTFoSlpHYxAB,IRMA SURYANI Nanie,5,"Terima kasih kak Putri, sudah melayani dengan baik dan ramah. Makanannya enak, suasananya cozy dan nyaman buat anak-anak.",9 bulan lalu,5,5,5,Saoenk Cobek Sudiang,Google Maps,2026-05-14 20:59:33
Ci9DQUlRQUNvZENodHljRjlvT2xjMU1YRnNNbmR5V0Y5MU9IaHROell5UlZGc05VRRAB,Syarifa Tenriola,5,waiters ainun the bestttt bintang 5,9 bulan lalu,5,5,5,Saoenk Cobek Sudiang,Google Maps,2026-05-14 20:59:33
Ci9DQUlRQUNvZENodHljRjlvT25OelpFZE5ibFp1UzFadGFURkdPV05KZGpkU09FRRAB,Siti Mulyani,5,,9 bulan lalu,5,5,5,Saoenk Cobek Sudiang,Google Maps,2026-05-14 20:59:33
Ci9DQUlRQUNvZENodHljRjlvT2pBNGNETnNSRUZKZWxaMk5FUlRVbVp2YmpGalgyYxAB,C1 muhammad zidane azziro,5,ainun,9 bulan lalu,5,5,5,Saoenk Cobek Sudiang,Google Maps,2026-05-14 20:59:33
Ci9DQUlRQUNvZENodHljRjlvT2xBeVdIZE1OMTg0TURRMFYxSTVTMEo2YlZRMFYyYxAB,Sri Muliani,4,"Rasa makanannya enak dan pelayanannya juga baik. Hanya saja, banyak kerang yang tidak ada isinya(cangkang kosong), ditambah cukup banyak pecahan kulit kerang dan ada dua potongan lengkuas berukuran besar. Semoga ke depannya bisa lebih diperhatikan agar kualitas makanan semakin baik. Paling penting Parkirnya gratis",9 bulan lalu,4,4,4,Saoenk Cobek Sudiang,Google Maps,2026-05-14 20:59:54
Ci9DQUlRQUNvZENodHljRjlvT25SM2EwZE5hRmR2ZUdrMWJWSlhabk14Y1hRNU9FRRAB,Mutya Rahmadani,5,"Makanannya enak enak
Waiters manda ramah, pelayanan top, dan sopan",9 bulan lalu,5,5,5,Saoenk Cobek Sudiang,Google Maps,2026-05-14 20:59:54
Ci9DQUlRQUNvZENodHljRjlvT2tweWRuRTNlbGx1VW1KVVJHZHdPV1JNYjBwUmMxRRAB,Reski Ikki,5,Lebih lanjut: manda,Diedit 9 bulan lalu,5,5,5,Saoenk Cobek Sudiang,Google Maps,2026-05-14 20:59:54
Ci9DQUlRQUNvZENodHljRjlvT25OR1EyMVBXbVZIUVZCWGFsTjJYM0ZCVWpGb1NHYxAB,sulfahmi uul,5,Manda Penulis,9 bulan lalu,5,5,5,Saoenk Cobek Sudiang,Google Maps,2026-05-14 20:59:54
Ci9DQUlRQUNvZENodHljRjlvT201S1MzVnJaa2hoYVhaUlUxSmpWRXR0VGpCSWNsRRAB,IW yunie85,5,"Makanan enak, pelayanan juga bagus, waiters atas nama putri sangat Ramah",10 bulan lalu,5,5,5,Saoenk Cobek Sudiang,Google Maps,2026-05-14 20:59:54
Ci9DQUlRQUNvZENodHljRjlvT2pkYVpUWjFaMjlFYjBGaWVtRlNkMDlGYUhVM2VrRRAB,Sulaeha Amin,5,Putri,10 bulan lalu,5,5,4,Saoenk Cobek Sudiang,Google Maps,2026-05-14 20:59:54
Ci9DQUlRQUNvZENodHljRjlvT2tWQ2ExUk1jM1JOUWtacWRDMW1XVGx5YzB0QmRXYxAB,Nilayani Abbas,5,Putri,10 bulan lalu,5,5,5,Saoenk Cobek Sudiang,Google Maps,2026-05-14 20:59:54
Ci9DQUlRQUNvZENodHljRjlvT21KSlMzQmxiRGxMVkhwb1YxYzRaM290Vmt4c2VrRRAB,Fajrina Asyifa,5,"Putri , untuk pelayanan lumayan luas, dan baik
Makanannya juga enak,",10 bulan lalu,5,5,5,Saoenk Cobek Sudiang,Google Maps,2026-05-14 20:59:54
Ci9DQUlRQUNvZENodHljRjlvT25GaVExRXRkVmhWV0ROaFZFUnBUbkE1Tm5rNWFFRRAB,Putri mahardika,5,Pelayan: Manda,10 bulan lalu,5,5,5,Saoenk Cobek Sudiang,Google Maps,2026-05-14 20:59:54
Ci9DQUlRQUNvZENodHljRjlvT2poZlFXaGtPRWRIV1cxNVNuUXhVa1ZxYW5weU5rRRAB,Aditha Fauzyah,5,Makanan Enak @apri,10 bulan lalu,5,5,5,Saoenk Cobek Sudiang,Google Maps,2026-05-14 20:59:54
Ci9DQUlRQUNvZENodHljRjlvT21wVlJFNWthMHRGY0ZOSlpWZFlWVmhaWmxOWk1XYxAB,Muh Ichak,5,Alhamdulillah baik dan memuaskan,10 bulan lalu,4,5,5,Saoenk Cobek Sudiang,Google Maps,2026-05-14 21:00:15
Ci9DQUlRQUNvZENodHljRjlvT25JNVZ6VnhaVTFPYmtZMVFtUnpWa293YVhkclJIYxAB,Apriuni Rahim,5,Putri pelayanannya Alhamdulillah baik dan memuaskan,10 bulan lalu,5,5,5,Saoenk Cobek Sudiang,Google Maps,2026-05-14 21:00:15
Ci9DQUlRQUNvZENodHljRjlvT21Oc2VtY3RVR2RMYlhCaWFrdEhZakJ0TlRaWFJrRRAB,Muhammad Fajrin,5,"Suasana enak dan nyaman, ikannya segar2.. Selama makan dilayani dengan baik oleh mas putra",10 bulan lalu,5,5,5,Saoenk Cobek Sudiang,Google Maps,2026-05-14 21:00:15
Ci9DQUlRQUNvZENodHljRjlvT20xcFIwaFpRVWhpTUU5Rk4xQktNMFpTWTJwWVFtYxAB,Fafi Laya,5,"Makasihh kak putrii, pelayanannnya ramah cepat dan sabar. Mantap👍👍",10 bulan lalu,5,5,5,Saoenk Cobek Sudiang,Google Maps,2026-05-14 21:00:15
Ci9DQUlRQUNvZENodHljRjlvT2tac09GaG1hbk10V1hkNU9GUTNYMlJ4VnpSdE4zYxAB,jiyeon sehun,5,terima kasih kak putri layanannya,10 bulan lalu,5,5,5,Saoenk Cobek Sudiang,Google Maps,2026-05-14 21:00:15
Ci9DQUlRQUNvZENodHljRjlvT2s0M1VXOTNabDl4YWtjMGFXWnlWMVJtWVZocFlrRRAB,Andi Putri Najwah,5,,10 bulan lalu,5,5,5,Saoenk Cobek Sudiang,Google Maps,2026-05-14 21:00:15
Ci9DQUlRQUNvZENodHljRjlvT2taVVVWSkhMVTVMYWt0R1FqQlBaR1YxWVhwbVRYYxAB,andi hamriani,5,"Sangat bagus dan memuaskan makanannya

#apri",10 bulan lalu,5,5,5,Saoenk Cobek Sudiang,Google Maps,2026-05-14 21:00:15
Ci9DQUlRQUNvZENodHljRjlvT2tkUFIzbERVakJuWWs1bVdHZDVhbTVNTlhaV05FRRAB,Kaelan abiwara Al isra,5,Enak & nyaman.. dilayani dengan mbak apri yg ramah & murah senyum.. thankyuu mbak ? :),10 bulan lalu,5,5,5,Saoenk Cobek Sudiang,Google Maps,2026-05-14 21:00:15
Ci9DQUlRQUNvZENodHljRjlvT2s1c1RGVndVRXhIYUhKdFdIWm5lSE14Ym1vM1lXYxAB,ocang efootball,5,Putri pelayanannya baik,10 bulan lalu,5,5,5,Saoenk Cobek Sudiang,Google Maps,2026-05-14 21:00:15
Ci9DQUlRQUNvZENodHljRjlvT2xwZlZHNVRXazF5YUZOU2VIVTJWRlJ6WlY5NVlsRRAB,Farah Fathiah,5,"Langganan keluargaa, makanan juaraaak, pelayanan cepat dan superrr ramah. Fasilitas lengkap ada musholanya jugaa. Buncis saos telur asinnya beuh🤩🤍
- waiters ainun",10 bulan lalu,5,5,5,Saoenk Cobek Sudiang,Google Maps,2026-05-14 21:00:15
Ci9DQUlRQUNvZENodHljRjlvT2tWMVNrOURZbUZ0UkZvMFNYSXdPRlpRWDJKUlNVRRAB,muh hasbir,5,"Pelayanan nya cepatt banget
Enak semua
Pelayanan Putri sangat cepatt",10 bulan lalu,5,5,5,Saoenk Cobek Sudiang,Google Maps,2026-05-14 21:00:35
Ci9DQUlRQUNvZENodHljRjlvT2poWlQydzBSeTB6TWpGdE5uSm5hVlY2U1c5M2JtYxAB,SURYA DHARMAWATY,5,"Makanan enak, harga kompetitif
Pelayanan mb Apri dan Tim mantabs
Sudah sering kesini",10 bulan lalu,5,5,5,Saoenk Cobek Sudiang,Google Maps,2026-05-14 21:00:35
Ci9DQUlRQUNvZENodHljRjlvT205VWJXcG5kMlIwUVV0cGJVcHRSa0k1T1hGWWFsRRAB,Amirullah,5,Pelayanan super sekali.. terutama yang bernama Apri..,10 bulan lalu,5,5,5,Saoenk Cobek Sudiang,Google Maps,2026-05-14 21:00:35
Ci9DQUlRQUNvZENodHljRjlvT2s1SmR6TmZSSFpoTmxKcGVqbE1iVkJTWVdNeWVsRRAB,Nur Aeni Fadillah,5,Waitwrs ainun yang melayani,10 bulan lalu,5,5,5,Saoenk Cobek Sudiang,Google Maps,2026-05-14 21:00:35
Ci9DQUlRQUNvZENodHljRjlvT2xGVlNYSmlSR3RIVWtGalVqaHpaaTFEWkVoNGEzYxAB,Sri Wahyuningsih,4,,10 bulan lalu,4,5,5,Saoenk Cobek Sudiang,Google Maps,2026-05-14 21:00:35
Ci9DQUlRQUNvZENodHljRjlvT25sSU1GWjBiWE50WjJKTmNrNTFMVzVrVGpNMFNVRRAB,"Andi Rizal Mandala Putra, S.Pd.",5,,10 bulan lalu,,,,Saoenk Cobek Sudiang,Google Maps,2026-05-14 21:00:35
Ci9DQUlRQUNvZENodHljRjlvT25GdWRVNWFkMUJ6ZWpZeE5tcHNlbmRtYWt3NFUyYxAB,erdi purwanto,5,"cocok untuk jamuan keluarga, di saung-saung yg dikelilingi kolam ikan.

ikannya enak, sambalnya mantap.",10 bulan lalu,5,5,5,Saoenk Cobek Sudiang,Google Maps,2026-05-14 21:00:35
Ci9DQUlRQUNvZENodHljRjlvT2paNVJXOXRkMEZEY1Y5dmEyNHhkVXBOVFdOb2FVRRAB,Muhammad Firdaus,5,"Recomended banget...
Mulai dri ikan, sampe sayurnya itu enak banget...
Sampe sy bungkus buat suami untuk makan malam n sahur nantinya 🥰 …",10 bulan lalu,,,,Saoenk Cobek Sudiang,Google Maps,2026-05-14 21:00:35
Ci9DQUlRQUNvZENodHljRjlvT21WSFVFbHNiRmg2UkdvM1RFOWFkQzFvVUhoTVluYxAB,Mak Bul,5,"Enak hijenis
Pelayan manda",10 bulan lalu,5,5,5,Saoenk Cobek Sudiang,Google Maps,2026-05-14 21:00:35
Ci9DQUlRQUNvZENodHljRjlvT21zeE1Fb3lURFZ1Tm13NU5YUk5ZVVJ5WldRNVYxRRAB,Nabyan Muh,5,Seafood tumpah andalan ank2,10 bulan lalu,5,5,5,Saoenk Cobek Sudiang,Google Maps,2026-05-14 21:00:35
Ci9DQUlRQUNvZENodHljRjlvT21OWE1YSkxUWE5EYjFkaGRWVktNR0ZXTWtkVlVVRRAB,Anugrahwati,5,"Putri : baik ,rakah,sopan",10 bulan lalu,5,5,5,Saoenk Cobek Sudiang,Google Maps,2026-05-14 21:00:56
Ci9DQUlRQUNvZENodHljRjlvT2tweVZqVnBiWGxOVWtOdVRIQm5jMFJ2TkdaMWMzYxAB,Ardhy Anzah,5,"Putri = pelanyangnya bagus, ramah dan sopan...",10 bulan lalu,5,5,5,Saoenk Cobek Sudiang,Google Maps,2026-05-14 21:00:56
Ci9DQUlRQUNvZENodHljRjlvT2s4MmJsbFpRemhmUkVWd05VcENYMU52Y3poRlFsRRAB,Andi Rahman,5,,10 bulan lalu,5,5,5,Saoenk Cobek Sudiang,Google Maps,2026-05-14 21:00:56
Ci9DQUlRQUNvZENodHljRjlvT2xOcGN6bEtXR2RxTXpCcFdYQXlaV1pvV1d0RFZIYxAB,Gadis Tiansyah,5,Enak semua makanannyaaaa,10 bulan lalu,5,5,5,Saoenk Cobek Sudiang,Google Maps,2026-05-14 21:00:56
Ci9DQUlRQUNvZENodHljRjlvT2poVWMzZE5TVWRtTFVFMGJUQm5ZMHR4WW5CdlJWRRAB,Nengsih Nengsih,5,Sangat memuaskan putra,10 bulan lalu,,,,Saoenk Cobek Sudiang,Google Maps,2026-05-14 21:00:56
Ci9DQUlRQUNvZENodHljRjlvT2w5T05rZDZhbGxqVFROcFQyeFdRVGQxWkdadU1WRRAB,dian effendi,5,"Pelayanan putri cepat,ramah dan makanan yang di sajikan enak",10 bulan lalu,5,5,5,Saoenk Cobek Sudiang,Google Maps,2026-05-14 21:00:56
Ci9DQUlRQUNvZENodHljRjlvT2xSWlFscHpWekYwZG1KcWFWaFdhbnBETTA1RWJFRRAB,Agus Suwadi,5,,10 bulan lalu,,,,Saoenk Cobek Sudiang,Google Maps,2026-05-14 21:00:56
Ci9DQUlRQUNvZENodHljRjlvT20xcmMxRkZSRk5TUkVabkxYQlJRMnhEYVhKT2NYYxAB,Muh Fahrul,5,bagus dan enak,10 bulan lalu,5,5,5,Saoenk Cobek Sudiang,Google Maps,2026-05-14 21:00:56
Ci9DQUlRQUNvZENodHljRjlvT2pSWFdYaFpOVUpuVVUwM2RtZFVTRzVWWDJKa1MwRRAB,Hasriani Harun,5,Pelayan manda,10 bulan lalu,5,5,5,Saoenk Cobek Sudiang,Google Maps,2026-05-14 21:00:56
Ci9DQUlRQUNvZENodHljRjlvT21Wd1lWWnNVRk54V1c4MWRrOUVOREpEV1dsbVpsRRAB,nasrina nawir,5,"Makanannya enak
#Apri",10 bulan lalu,5,5,5,Saoenk Cobek Sudiang,Google Maps,2026-05-14 21:00:56
Ci9DQUlRQUNvZENodHljRjlvT2tWM05FTnZheTFKWjFKblRIQlZNM0kzUzJweFlsRRAB,Ardis Sua,5,Nikmat rasanya,10 bulan lalu,5,5,5,Saoenk Cobek Sudiang,Google Maps,2026-05-14 21:01:17
Ci9DQUlRQUNvZENodHljRjlvT201VWJHdHJiRTQxUW0xeFZVcHBiSEJZVTBwQmRIYxAB,ayunurul huda,5,"Terimakasih buat pelayanan mas putra..
Sangat memuaskan, makanannya enak, tempatnya bersih..",10 bulan lalu,5,5,5,Saoenk Cobek Sudiang,Google Maps,2026-05-14 21:01:17
Ci9DQUlRQUNvZENodHljRjlvT25KeGIwNTVYMk0zVW1semNqZFlOVW8xTUZOelZIYxAB,fitri Eka,5,"Pelayanan sangat ramah,karyawan2nya pada gesit2 dan satset",10 bulan lalu,5,5,5,Saoenk Cobek Sudiang,Google Maps,2026-05-14 21:01:17
Ci9DQUlRQUNvZENodHljRjlvT20wdFFrNWhRbVJyYzNOWk9VVkhaelIxVFRac2RrRRAB,liya liya,5,mbak ainun cantik dan cekatan melayani,10 bulan lalu,5,5,5,Saoenk Cobek Sudiang,Google Maps,2026-05-14 21:01:17
Ci9DQUlRQUNvZENodHljRjlvT25CSGVtZHlaMWh1UmpoUmRIRkdNRUZVVFZWT1MwRRAB,Andi Sutri,4,"Ainun
Makanannya enak2, apalagi pelayan dri mbak ainun sangat ramah 👍",10 bulan lalu,4,5,,Saoenk Cobek Sudiang,Google Maps,2026-05-14 21:01:17
Ci9DQUlRQUNvZENodHljRjlvT2taaVJVOURWWFJzWjNGQldYaExMVzlHU25kblkzYxAB,Abou Bakr,1,Bagus tawwa pelayanannya,10 bulan lalu,5,5,5,Saoenk Cobek Sudiang,Google Maps,2026-05-14 21:01:17
Ci9DQUlRQUNvZENodHljRjlvT21WV1pYcEJWVmhCVGt0SGNGOXdhbDlaUkhONGFrRRAB,Alesha Zahra,5,"Makanan enak2, pelayanan baik, suasana bagus",10 bulan lalu,,,,Saoenk Cobek Sudiang,Google Maps,2026-05-14 21:01:17
Ci9DQUlRQUNvZENodHljRjlvT2s1NlVXb3liakZPYlhNMWJsaDRRMHBJWjJOU05HYxAB,Lukman Sulaiman,5,"Atas nama Ainun yang melayani, ikannya kurang berasa",10 bulan lalu,5,5,5,Saoenk Cobek Sudiang,Google Maps,2026-05-14 21:01:17
Ci9DQUlRQUNvZENodHljRjlvT2xCdlNtSmhhbEo0T0U4NE0xOTJja3QwVEdGVWJsRRAB,JUSNIATY SM,5,"Makanannya enak semuaaa
#APRI",10 bulan lalu,5,5,5,Saoenk Cobek Sudiang,Google Maps,2026-05-14 21:01:17
Ci9DQUlRQUNvZENodHljRjlvT25ORlFXeE9ObVV6UkdSb05raElNMUF5TFRscmMxRRAB,St Nahriah,5,"Waiters manda pelayanannya ramah poll,",10 bulan lalu,5,5,5,Saoenk Cobek Sudiang,Google Maps,2026-05-14 21:01:17
Ci9DQUlRQUNvZENodHljRjlvT20xbVIyMUxaa1o0YldJd1NqSlFkblJLY2pOaFluYxAB,Nayla Nonci,5,"waiters manda, pelayan nya sangat bagus dan hidangan nya sangat enak",10 bulan lalu,5,5,5,Saoenk Cobek Sudiang,Google Maps,2026-05-14 21:01:37
Ci9DQUlRQUNvZENodHljRjlvT2sxcFRVVkRiRE5pYm5KNFZrVnBUR05ZTWtaMFRsRRAB,Mawar Nurjannah,5,"pelayanan waiters manda mantapppppp, semangat terus yaa",10 bulan lalu,5,5,5,Saoenk Cobek Sudiang,Google Maps,2026-05-14 21:01:37
Ci9DQUlRQUNvZENodHljRjlvT25SblJVcElZVk5wWmpack1tbFBaemxXVDFKMWJFRRAB,Abrar Abe,5,Anak perempuan pelayan,10 bulan lalu,5,5,5,Saoenk Cobek Sudiang,Google Maps,2026-05-14 21:01:37
Ci9DQUlRQUNvZENodHljRjlvT25ZMGVrVkpUbGN5YlZsMVlXUkRjWGRxVUZkMVpYYxAB,Mabar Alai,5,"Putri waiters: ramah, baik, dan murah senyum",10 bulan lalu,5,5,4,Saoenk Cobek Sudiang,Google Maps,2026-05-14 21:01:37
Ci9DQUlRQUNvZENodHljRjlvT2twZlNrRnpNRXM0Wkd3emJrbERhRlJPYlZSNE1tYxAB,Masita Kalla,5,"Putri waiters ,ramah, lincah",10 bulan lalu,5,5,5,Saoenk Cobek Sudiang,Google Maps,2026-05-14 21:01:37
Ci9DQUlRQUNvZENodHljRjlvT25SdVJsWTRhREJvVTNaWkxXRmZVVzltUzJaMVkyYxAB,Dion 1976,5,"Putri waiters
Pelayanannya baik..",10 bulan lalu,5,5,5,Saoenk Cobek Sudiang,Google Maps,2026-05-14 21:01:37
Ci9DQUlRQUNvZENodHljRjlvT2xsdWRtdFlPV2d3TXpCRFMyeGxlbFJXZFhaVE9HYxAB,Suardi Ardi,5,Cobek nya sedap,10 bulan lalu,5,5,4,Saoenk Cobek Sudiang,Google Maps,2026-05-14 21:01:37
Ci9DQUlRQUNvZENodHljRjlvT2xOUVVqRTVhUzAzTVdWa2F6UmpZbUl4VWpkdFFYYxAB,Andi Masni,5,Terima kasih waiters manda atas pelayanannya,10 bulan lalu,5,5,5,Saoenk Cobek Sudiang,Google Maps,2026-05-14 21:01:37
Ci9DQUlRQUNvZENodHljRjlvT201cll6TTFNbGROTVZkeVlrbzNUWGcyTmsxQ2JWRRAB,Fauziah Fajar,5,Waiters putri the bestt pelayanannya,10 bulan lalu,5,5,5,Saoenk Cobek Sudiang,Google Maps,2026-05-14 21:01:37
Ci9DQUlRQUNvZENodHljRjlvT25NeFMxUTVTWGhQU25oWGJWQnRURkU0YW5FMFZIYxAB,Elviyanti Rissing,5,"Waiters putri, pelayanannya sangat baik dan ramah",10 bulan lalu,5,5,5,Saoenk Cobek Sudiang,Google Maps,2026-05-14 21:01:37
Ci9DQUlRQUNvZENodHljRjlvT25VNVQzVjVhbE5LWjBwVk5EWTBWRlZRYldOMVFWRRAB,USMAN usrha,5,Yang melayani ainun,10 bulan lalu,5,5,5,Saoenk Cobek Sudiang,Google Maps,2026-05-14 21:01:58
Ci9DQUlRQUNvZENodHljRjlvT2xSdk5uSndlWFpxZVVocE5rWkVkMGRvYVRkdGFXYxAB,Rd Ankho,5,"Waiters putri pelayanannya baik, ramah makanannya enak",10 bulan lalu,5,5,5,Saoenk Cobek Sudiang,Google Maps,2026-05-14 21:01:58
Ci9DQUlRQUNvZENodHljRjlvT21ZM2FUQnlRMHhFTTFNd1pGRmpVbGh0ZWxCV2FWRRAB,musdalifah fitriani,5,"Apri
Pelayanan bagus,Makanan enak,suasana nyaman",10 bulan lalu,5,5,5,Saoenk Cobek Sudiang,Google Maps,2026-05-14 21:01:58
Ci9DQUlRQUNvZENodHljRjlvT214RlVIaE9aMWxzZGpkMFluaFNaRTl5YlRWZllWRRAB,sepsriyanti kannapadang,4,"Manda
Makanan nya enak",10 bulan lalu,4,5,5,Saoenk Cobek Sudiang,Google Maps,2026-05-14 21:01:58
Ci9DQUlRQUNvZENodHljRjlvT2tSMFpYWnRkMHhvVEVKV1FtbzVNME5IYjNaaUxVRRAB,Asniati Asny,5,Wt: manda,10 bulan lalu,5,5,5,Saoenk Cobek Sudiang,Google Maps,2026-05-14 21:01:58
Ci9DQUlRQUNvZENodHljRjlvT21kc1ZFY3RjVjl5UkZCRFoxVmpia05aU2xKWk0zYxAB,Maira,5,,10 bulan lalu,5,5,5,Saoenk Cobek Sudiang,Google Maps,2026-05-14 21:01:58
Ci9DQUlRQUNvZENodHljRjlvT2xob1YyUmFWVGx4Vm14UGQxWTNMVUZPZG1sMFRIYxAB,Anindira Septiani,5,Dia mengirim,10 bulan lalu,5,5,5,Saoenk Cobek Sudiang,Google Maps,2026-05-14 21:01:58
Ci9DQUlRQUNvZENodHljRjlvT2xwMGJucGZNV0ZIUzBkalpuZG9jbUpQZDFoaVpsRRAB,Rusdi Syam,5,Tempat ini nyaman untuk menjamu tamu ditambah pelayan ramah #apri,10 bulan lalu,5,5,5,Saoenk Cobek Sudiang,Google Maps,2026-05-14 21:01:58
Ci9DQUlRQUNvZENodHljRjlvT21kUlJXaDJWMGQzUVdKWU1tNUxjakZNUjJOQ1NVRRAB,Anjani Bacca,5,,10 bulan lalu,5,5,5,Saoenk Cobek Sudiang,Google Maps,2026-05-14 21:01:58
Ci9DQUlRQUNvZENodHljRjlvT2s1S00yTkZTRk0yWlRoRGRqTk9XV0prT0ZOUGJIYxAB,Fitriani Amran,5,Ramah skali apri,10 bulan lalu,5,5,5,Saoenk Cobek Sudiang,Google Maps,2026-05-14 21:01:58
Ci9DQUlRQUNvZENodHljRjlvT2xWbFlXcHNZVWc0TUVKMmIxOUhVbVJwT0hOdlIzYxAB,Dea putri,5,Waiters putri pelayanannya cukup baik dan ramah,10 bulan lalu,5,5,5,Saoenk Cobek Sudiang,Google Maps,2026-05-14 21:02:19
Ci9DQUlRQUNvZENodHljRjlvT2pVNVYzbFNSbU5vYkU5NVdFc3RTbWhTVXpSMVVIYxAB,Anny Yuliana,5,"Makananx enak dan lengkap, pelayanan juga oke",10 bulan lalu,5,5,5,Saoenk Cobek Sudiang,Google Maps,2026-05-14 21:02:19
Ci9DQUlRQUNvZENodHljRjlvT21Jd09UaDZaREZtTTB0VmJqTkdSemR0VW01SFkzYxAB,Qadi Abdul,5,"Makanan dan pelayanan mantap.
Waitress PUTRI paling ramah,gercep. Jadinya puas kita.",10 bulan lalu,5,5,5,Saoenk Cobek Sudiang,Google Maps,2026-05-14 21:02:19
Ci9DQUlRQUNvZENodHljRjlvT21wT2JYVTRUekJIU0VoMVkxWmZTV2xxYkRZNVdVRRAB,Ria Irawati,5,,10 bulan lalu,5,5,5,Saoenk Cobek Sudiang,Google Maps,2026-05-14 21:02:19
Ci9DQUlRQUNvZENodHljRjlvT25sMFpsQTNPRWh3WW5Cd1pHMXhSamxRU0RBM2JVRRAB,Ninda Fauziah,5,Waiters Ainun yang melayani enak rasanya lokasi covok buat keluarga,10 bulan lalu,5,5,5,Saoenk Cobek Sudiang,Google Maps,2026-05-14 21:02:19
Ci9DQUlRQUNvZENodHljRjlvT21GclFsRklUazF0VVcxclQyVXdRMGxmVDIxV1JtYxAB,CHANDRA MOERDIONO KANDAR,5,"Menu mantap. Rasa mantap. Pelayanan ramah dan suasana asri khas pedesaan.
#Apri",10 bulan lalu,5,5,5,Saoenk Cobek Sudiang,Google Maps,2026-05-14 21:02:19
Ci9DQUlRQUNvZENodHljRjlvT25ocGJUQTJURk0wVWtWUU1ERXliVlZZUldsc2QwRRAB,wulan Sri,3,"Makanan sya kasik bintang 3 kalo pelayanan saya kasik 5,sya kasik bintang 3 makanan nya krn lama keluar ayam goreng ku padahal ayam goreng bawang sudah keluar dluan padahal cuma ayam goreng biasa loh kok lama kluar sedangkan ayam goreng bawang cepat keluar 😡",10 bulan lalu,3,5,5,Saoenk Cobek Sudiang,Google Maps,2026-05-14 21:02:19
Ci9DQUlRQUNvZENodHljRjlvT25sRFJrdFBVakZtU21WRlFtUkZhakZ5Y0ZSZllWRRAB,Jasmi Alwi,5,,10 bulan lalu,5,5,5,Saoenk Cobek Sudiang,Google Maps,2026-05-14 21:02:19
Ci9DQUlRQUNvZENodHljRjlvT2pJNFJWbHVUVzlpT0d4bU16RllUV2RmVlRsT1gwRRAB,Muchlasoemar 2,5,"Makanan enak tempat bagus

Apri",10 bulan lalu,5,5,5,Saoenk Cobek Sudiang,Google Maps,2026-05-14 21:02:19
Ci9DQUlRQUNvZENodHljRjlvT25OdUxXeE5hbUkwTVVGRE5GQjBSV2xPVTJsc1ZsRRAB,Rizaldi Sriwardana,5,"Waiters putri pelayanan mantap bagus, dan sopan serta ramah",10 bulan lalu,5,5,5,Saoenk Cobek Sudiang,Google Maps,2026-05-14 21:02:19
Ci9DQUlRQUNvZENodHljRjlvT25FeGFWaENSM2Q1TkRoRFJVTXlRaTFKWjBjNGFrRRAB,Siti Musdalifah,5,Putra,10 bulan lalu,5,5,5,Saoenk Cobek Sudiang,Google Maps,2026-05-14 21:02:39
Ci9DQUlRQUNvZENodHljRjlvT2pGelQzWkNNbDltWlVKTFowNVVOM1puUXpsTFYzYxAB,Iwan Setiawan,5,Ainunbyang melayani,10 bulan lalu,5,5,5,Saoenk Cobek Sudiang,Google Maps,2026-05-14 21:02:39
Ci9DQUlRQUNvZENodHljRjlvT21kUlMwcDNjUzFuWlVScGFHTnNUVmN6TUdZemFWRRAB,Audrey Alysa (Audrey),5,"Waiters putri baik dan ramah, membantu rekomendasikan menu",10 bulan lalu,5,5,5,Saoenk Cobek Sudiang,Google Maps,2026-05-14 21:02:39
Ci9DQUlRQUNvZENodHljRjlvT21OWFdFWlFWVkZhU0dkUWJscENUbTlWWDNkamQzYxAB,Nur Khalviati,5,"waiters putri baik, cara menyampaikannya bagus dan ramah juga",10 bulan lalu,5,5,5,Saoenk Cobek Sudiang,Google Maps,2026-05-14 21:02:39
Ci9DQUlRQUNvZENodHljRjlvT2tKNE5HOVdWRXRuUm1GZmNrZEhOa0pDTTIxSWEyYxAB,Nur Inggit,5,Pelayanan Nur  Ainun Sangat Ramah dan cepat,10 bulan lalu,5,5,5,Saoenk Cobek Sudiang,Google Maps,2026-05-14 21:02:39
Ci9DQUlRQUNvZENodHljRjlvT2xGSk1VSnhiMm95V2tWd2VUaHZPVVJNTmkxbFJWRRAB,Sukmawati M,4,Pelayannya a.n Ainun sgt ramah melayani,10 bulan lalu,4,5,4,Saoenk Cobek Sudiang,Google Maps,2026-05-14 21:02:39
Ci9DQUlRQUNvZENodHljRjlvT2xJd2VYWmhUblV0ZWtoWlVXRjVUM0owWkdZMU5HYxAB,V & V,5,"Pelayanannya bagus dan sopan 👍🏻
#apri",10 bulan lalu,5,5,5,Saoenk Cobek Sudiang,Google Maps,2026-05-14 21:02:39
Ci9DQUlRQUNvZENodHljRjlvT2xNNFVUVkZXR2xpTm5WdE5reDNjMnMzYnpaclZuYxAB,ribka tomaripi,4,"Apri
Seafood platternya lengkap udang mayonaise top...
Capcay enak...seger...
Tempat nyaman ... Buat dinner bersama keluarga sangat baik
Harganya ramah di kantong",10 bulan lalu,4,5,5,Saoenk Cobek Sudiang,Google Maps,2026-05-14 21:02:39
Ci9DQUlRQUNvZENodHljRjlvT2poRFZWRkRRVWRhVDI1T2FVOVlOakV5YmxCUGFYYxAB,Fera Yuliana,5,"Kepiting nampan, cumi dan buncis telur asin andalan bgt, seafood nya segar, rasanya oke",10 bulan lalu,5,5,5,Saoenk Cobek Sudiang,Google Maps,2026-05-14 21:02:39
Ci9DQUlRQUNvZENodHljRjlvT25kcE1rSTNSRGhqUVdwTE1rRnBRVmhCVkV0SGJGRRAB,Noviana try mulan,5,"waiters putri pelayanan baik + ramah, tempat dan lingkungan bagus.",10 bulan lalu,4,5,5,Saoenk Cobek Sudiang,Google Maps,2026-05-14 21:02:39
Ci9DQUlRQUNvZENodHljRjlvT2pZeVYyODVabHBNYm1GMFVuZHlOaTFaYkRCdFQwRRAB,Hamida Ardin,5,Waiters putri baik ramah pokoknya Baik👍,10 bulan lalu,5,5,5,Saoenk Cobek Sudiang,Google Maps,2026-05-14 21:03:00
Ci9DQUlRQUNvZENodHljRjlvT2tkMlp6ZG9abmgzYjBSS1NIZDFTblJRU0RjdGJtYxAB,indah mika lestari,5,Para pelayan Ainun melakukan pekerjaan yang bagus.,10 bulan lalu,5,5,5,Saoenk Cobek Sudiang,Google Maps,2026-05-14 21:03:00
Ci9DQUlRQUNvZENodHljRjlvT2kxSGQzWmlTbkowWDBvNVoyeHpaVFZuVTBsSU1sRRAB,Wirda Albaar,5,"Menyenangkan dan makanannya enak , dilayani dg baik dan ramah oleh mba arna",10 bulan lalu,5,5,5,Saoenk Cobek Sudiang,Google Maps,2026-05-14 21:03:00
Ci9DQUlRQUNvZENodHljRjlvT21Vd2RXWmZWRGRoU20xWlRFZFdWVWhHYjNGbVZtYxAB,Ande Mahadir,5,"Waiters putri : pelayanannya ramah, murah senyum",10 bulan lalu,5,5,5,Saoenk Cobek Sudiang,Google Maps,2026-05-14 21:03:00
Ci9DQUlRQUNvZENodHljRjlvT21WQlJ6VjRhbVJMUkVsM1EyTk5Wbmg0TmpOdlUzYxAB,Abdul gafur Gafur,5,Waiters putri pelayanannya mantap,10 bulan lalu,5,5,5,Saoenk Cobek Sudiang,Google Maps,2026-05-14 21:03:00
Ci9DQUlRQUNvZENodHljRjlvT25KQ05sUlJWVFExWmxWV2VYYzVOMGg2ZGpkWGNrRRAB,ARYANDI Ipa 6,5,Waiters putri pelayana luar biasa,10 bulan lalu,5,5,5,Saoenk Cobek Sudiang,Google Maps,2026-05-14 21:03:00
Ci9DQUlRQUNvZENodHljRjlvT2pZelFWaDBVMGxOVTJkMlN6ZHhMUzFQYm1ocWJYYxAB,adi supriadi,5,Waiters putri bagus dan cepat tersaji,10 bulan lalu,5,5,5,Saoenk Cobek Sudiang,Google Maps,2026-05-14 21:03:00
Ci9DQUlRQUNvZENodHljRjlvT2s5aGJqWlplR0pNTWpsWlowVjNlbUptWDNkdVNHYxAB,Astrid Chayuni Halim,5,Waiters putri baik ramah,10 bulan lalu,5,5,5,Saoenk Cobek Sudiang,Google Maps,2026-05-14 21:03:00
Ci9DQUlRQUNvZENodHljRjlvT20xcVZFbGxlQzFYYzNNNUxVTTFXVkpMU1hWNWNIYxAB,ari lavita,4,Sedikit masukan saja karyawan yg flu tolong pake masker. Krn anda berkontak langsung dng makanan. Terima kasih,10 bulan lalu,5,2,4,Saoenk Cobek Sudiang,Google Maps,2026-05-14 21:03:00
Ci9DQUlRQUNvZENodHljRjlvT25Nd056WnVlUzFNZEZOZk1FcDJaRTU2YXpkb1ZYYxAB,Andi nur fadhila shalihati,5,"pelayan : manda
rekomen sekalii
enakk tawwaa menu"" nya, ramah juga pelayan nyaa",10 bulan lalu,5,5,5,Saoenk Cobek Sudiang,Google Maps,2026-05-14 21:03:00
Ci9DQUlRQUNvZENodHljRjlvT25sa1dFcFlTMEZ5TFZkV1F6TlViV281ZEZCUU9FRRAB,Im Dedsec,5,pelayan : manda,10 bulan lalu,5,5,5,Saoenk Cobek Sudiang,Google Maps,2026-05-14 21:03:21
Ci9DQUlRQUNvZENodHljRjlvT21NM0xVeHBhWGhrTW5FelJXUkpOWEp6VWxoa1duYxAB,Muh Ismail,5,Waiters putri ayu wahdania m.adam pelayanannya ok dan baik,10 bulan lalu,5,5,5,Saoenk Cobek Sudiang,Google Maps,2026-05-14 21:03:21
Ci9DQUlRQUNvZENodHljRjlvT25OaWIxTjRaR2xzVEZWd1ZVbzFhMGxSVm5FdGRYYxAB,RESSS,5,"Waiters putri ayu wahdania m. Adam pelayanannya baik, sopan, ramah dan tingkatkan pelayanananya lagi saoenk cobek sudiang mantap makanannya",10 bulan lalu,5,5,5,Saoenk Cobek Sudiang,Google Maps,2026-05-14 21:03:21
Ci9DQUlRQUNvZENodHljRjlvT25CeGJFOTZRVVJQVjJ0QmIwbERORVpzY1UxUVpsRRAB,caca mirai,5,Waiters putri ayu wahdania m.adam sopan ramah dan baik sekali,10 bulan lalu,5,5,5,Saoenk Cobek Sudiang,Google Maps,2026-05-14 21:03:21
Ci9DQUlRQUNvZENodHljRjlvT25SUWQxRkRMV010VXpneU1tdHhUVFF0TWtnMFVVRRAB,Ayu Wahyuni,5,Waiters putri ayu wahdania m adam,10 bulan lalu,5,5,5,Saoenk Cobek Sudiang,Google Maps,2026-05-14 21:03:21
Ci9DQUlRQUNvZENodHljRjlvT25GdGJVeHFaVmh0ZVZwck4zQlVWakpJZDFad2NsRRAB,Nia Zahara (Nin),5,,10 bulan lalu,,,,Saoenk Cobek Sudiang,Google Maps,2026-05-14 21:03:21
Ci9DQUlRQUNvZENodHljRjlvT2psMWJHOUhURFZsYkVwTE0yWkRaRVpvYkhSeVVtYxAB,Gheysar Fadhil,5,waiters putri ayu wahdania m.adam bagus,10 bulan lalu,5,5,5,Saoenk Cobek Sudiang,Google Maps,2026-05-14 21:03:21
Ci9DQUlRQUNvZENodHljRjlvT2tkRWVUTk1jWGhDUWtwUVUwaE9PRkp1YkRGc2NYYxAB,Erniaty Rahman,5,"Pelayanan ramah,makanan enak
#ARNA",10 bulan lalu,5,5,5,Saoenk Cobek Sudiang,Google Maps,2026-05-14 21:03:21
Ci9DQUlRQUNvZENodHljRjlvT21GZmNHSldWblJDY1hFMGJXSlVRVWxQWlRJdFZrRRAB,andis nebo,5,"Tempatnya adem, layanan baik, makanan enak",10 bulan lalu,5,5,5,Saoenk Cobek Sudiang,Google Maps,2026-05-14 21:03:21
Ci9DQUlRQUNvZENodHljRjlvT2xaNVdrbDZlbDltTm5kYWJFWjBORFl0ZEd4R0xWRRAB,Hardy Satriawan,5,Yang melayani waiters Ainun pelayanan sangat baik,10 bulan lalu,5,5,5,Saoenk Cobek Sudiang,Google Maps,2026-05-14 21:03:21
Ci9DQUlRQUNvZENodHljRjlvT2pKc1owWkZlRGR3TUROZk5HMTJhWFJyZWpOaVIwRRAB,Mutiara Nur Azizah,5,"waitres putri ayu wahdania m.adam pela
pelayannya bagus",10 bulan lalu,5,5,5,Saoenk Cobek Sudiang,Google Maps,2026-05-14 21:03:42
Ci9DQUlRQUNvZENodHljRjlvT25jMU5YRmFlSE5uZEVGa1oxQlZUVEphTFd0Wk9WRRAB,Abdi Putra Soppeng,5,"Waiters Putri Ayu Wahdaniah M Adam
Pelayanan Ramah dan Bagus👍👍👍",10 bulan lalu,5,5,5,Saoenk Cobek Sudiang,Google Maps,2026-05-14 21:03:42
Ci9DQUlRQUNvZENodHljRjlvT20xQmFUUnlkSEp2YWtGUVZXOTFXbDlKVW1GdVZXYxAB,Erni Asni,5,Waiters putri ayu wahdania m.adam pelayananx sangat bagus dan memuaskan.,10 bulan lalu,5,5,5,Saoenk Cobek Sudiang,Google Maps,2026-05-14 21:03:42
Ci9DQUlRQUNvZENodHljRjlvT2pGNmJXTkJkREJUT1RRdFUycGFUM3AzWTB0ZlltYxAB,Harmawati Harma,5,Waiters putri ayu wahdania m.adam,10 bulan lalu,5,5,5,Saoenk Cobek Sudiang,Google Maps,2026-05-14 21:03:42
Ci9DQUlRQUNvZENodHljRjlvT2xsblVEQjZielJwWTJ3d2VISnliMXBWYkZVd2NtYxAB,Achwani Wani,5,Pelayan putra,10 bulan lalu,5,5,5,Saoenk Cobek Sudiang,Google Maps,2026-05-14 21:03:42
Ci9DQUlRQUNvZENodHljRjlvT21wRk1ITk5TbUpIZWtRelNrWXpjMGhHVTFOV1RsRRAB,Alya Fadilla,5,Putri ayu wahdaniyah (waiters) alhamdulillah pelayanannya baik,10 bulan lalu,5,5,5,Saoenk Cobek Sudiang,Google Maps,2026-05-14 21:03:42
Ci9DQUlRQUNvZENodHljRjlvT2tJM05tdzBhemhPY0hsNU5YUnVYMVZKYlROaGVtYxAB,Indra Dwi Cahyo,5,"waiters putri ayu, pelayan bagus",10 bulan lalu,5,5,5,Saoenk Cobek Sudiang,Google Maps,2026-05-14 21:03:42
Ci9DQUlRQUNvZENodHljRjlvT2sxVFkxcENlRTVRTm5KS1dscFpURWhrWlV0S1RXYxAB,Elsa Dian Febriyanti,5,"Waiters Putri Ayu Wahdania M. Adam,, pelayanannya bagus, ramah dan baik..",10 bulan lalu,5,5,5,Saoenk Cobek Sudiang,Google Maps,2026-05-14 21:03:42
Ci9DQUlRQUNvZENodHljRjlvT21WVlUwOVdabVJCUVVzNVpHRmZZak5KYzJKVVQwRRAB,Namirah Zainal,5,"Waiters putri ayu wahdania m adam. Pelayanannya baik, ramah dan sangat membantu. Terimakasih banyk 🙏🏻",10 bulan lalu,5,5,5,Saoenk Cobek Sudiang,Google Maps,2026-05-14 21:03:42
Ci9DQUlRQUNvZENodHljRjlvT2kwMFF6TktWbnA1YjNSc1ZERlVUWGd3VGpWdlNWRRAB,Nur Hidaya,5,"Wow makanannya enak , pelayanannya mantap 🥰👍👍👍👍
Waiters nur amanda putri mantap mbak 🫶🏻👍 …",10 bulan lalu,,,,Saoenk Cobek Sudiang,Google Maps,2026-05-14 21:03:42
Ci9DQUlRQUNvZENodHljRjlvT21KUlJtOUhlbFpWVVZCbUxUVlJjM1pUY2xKcVNGRRAB,Nur Astevi,5,"makanannya enak, pelayanan cepat dan ramah

weiters: Nur Amanda Putri",10 bulan lalu,5,5,5,Saoenk Cobek Sudiang,Google Maps,2026-05-14 21:04:03
Ci9DQUlRQUNvZENodHljRjlvT21Kb1JXZEJiRUpRV0VsTE9VSk9hRVYxTWpkS1ptYxAB,Jusnanda,5,Waiters: nur amanda putri,10 bulan lalu,5,5,5,Saoenk Cobek Sudiang,Google Maps,2026-05-14 21:04:03
Ci9DQUlRQUNvZENodHljRjlvT2t0WlpqbEhSbFJ4TjFKR1JqRkJkbWRTZG1WSmFuYxAB,Suhar Daniati,5,"Untuk pelayananx bagus, pegawaix ramah & makananx enak2",10 bulan lalu,5,5,5,Saoenk Cobek Sudiang,Google Maps,2026-05-14 21:04:03
Ci9DQUlRQUNvZENodHljRjlvT25KWVoxWTVlSFprY1RodlgzY3pZMjFVTTJ0amNsRRAB,Nur Hidayati,5,"Waiters: Putri Ayu Wahdania M.Adam
Pelayanannya bagus dan ramah",10 bulan lalu,5,5,5,Saoenk Cobek Sudiang,Google Maps,2026-05-14 21:04:03
Ci9DQUlRQUNvZENodHljRjlvT21GRVYzWTBSM1pKWldSSWNrTkVlSGgzZEhrMVExRRAB,Syamsul Rijal Abukhaer,5,waitress Putri ayu wahdania pelayanan nya bagus,10 bulan lalu,5,5,5,Saoenk Cobek Sudiang,Google Maps,2026-05-14 21:04:03
Ci9DQUlRQUNvZENodHljRjlvT21sbFoyUTFhbTl2WlRWdmNIbGpZMHRMUkRjNFMzYxAB,sri andilolo,5,"Waiters : putri ayu wahdaniya
Pelayanan oke dan cepat. Terus tingkatkan pelayanan. Ayam bakarnya kurang berasa bumbunya. Masih bisa di tambahkan bumbu biar lebih strong. Makasih",10 bulan lalu,5,5,5,Saoenk Cobek Sudiang,Google Maps,2026-05-14 21:04:03
Ci9DQUlRQUNvZENodHljRjlvT25abGQyWnpjbGx0U25sYVEycG9MVzlFUVd0U2QzYxAB,bau mila tunnizha,5,"Buncis telur asinn 10000/100🌟🌟🌟
@aulia @yusril @titi 🫶🏻",10 bulan lalu,5,5,5,Saoenk Cobek Sudiang,Google Maps,2026-05-14 21:04:03
Ci9DQUlRQUNvZENodHljRjlvT210NlV5MWlWV04xV1hOQlpXWXhUVUpQTldSTVUwRRAB,Sakinah Azzahra,5,Waters putri ayu wahdania : pelayananya bagus. Makanan mantap,10 bulan lalu,5,5,5,Saoenk Cobek Sudiang,Google Maps,2026-05-14 21:04:03
Ci9DQUlRQUNvZENodHljRjlvT2tSU2RrSndXSGhCZUdoNE9FOVhOa2RvTW1wU2FGRRAB,andri putra,5,"Waitress putri ayu wahdania m adam
Pelayanan nya cepat",10 bulan lalu,5,5,5,Saoenk Cobek Sudiang,Google Maps,2026-05-14 21:04:03
Ci9DQUlRQUNvZENodHljRjlvT2pWelpIUnhUR3hqWVdKVWJIVkhiRE5mTVRaaWRWRRAB,Thariq Lamappatunru,5,"Restoran enak, pelayananx baik, namax ainun, acara ultah paling cocok disini",10 bulan lalu,5,5,5,Saoenk Cobek Sudiang,Google Maps,2026-05-14 21:04:03
Ci9DQUlRQUNvZENodHljRjlvT25wUGVESmtVVTFzVW1KNWIyZzVNV1ZhTVhadmJHYxAB,ayuu rosary,5,"Makanannya enakkk,, pelayanannya ramah an. Arna",10 bulan lalu,5,5,5,Saoenk Cobek Sudiang,Google Maps,2026-05-14 21:04:23
Ci9DQUlRQUNvZENodHljRjlvT2xSb2NIbEJTRTEzYWtOSVdFTnlMWFJQVUVsUVNtYxAB,Mitha Dewi,5,Bagus ..rasa lumayan enak..kebersihan baik.pelayanan cukup memuaskan,10 bulan lalu,4,4,4,Saoenk Cobek Sudiang,Google Maps,2026-05-14 21:04:23
Ci9DQUlRQUNvZENodHljRjlvT214TVYwOW9XRTFqUVVOVVVubDZRVGh2V0RsRk9YYxAB,Risna Azhary,5,"Oke banged
Pelayan aulia ❤",10 bulan lalu,5,5,5,Saoenk Cobek Sudiang,Google Maps,2026-05-14 21:04:23
Ci9DQUlRQUNvZENodHljRjlvT2pVNFFuVmxiM0pJYlZkVlJIQXlkREZsUjNKdmJVRRAB,Mirtha Beauty Kosmetik,5,"Waiters putri ayu wahdania m.adam pelayanannya sangat baik, dan ramah.",10 bulan lalu,5,5,5,Saoenk Cobek Sudiang,Google Maps,2026-05-14 21:04:23
Ci9DQUlRQUNvZENodHljRjlvT2pOamNGZHdObmxYU1ZOUlN6VlFNM056Wm5JMlltYxAB,agus hendrianto,5,Pelayan tinggi berwarna putry,10 bulan lalu,5,5,5,Saoenk Cobek Sudiang,Google Maps,2026-05-14 21:04:23
Ci9DQUlRQUNvZENodHljRjlvT2xkRFRIUnJUalJ3V21SMmRIQmhNM0kwV0VkUWRrRRAB,Imelda Budiono,5,"Pelayanan Mba Apri bagus, Mbanya ramah, murah senyum",10 bulan lalu,5,5,5,Saoenk Cobek Sudiang,Google Maps,2026-05-14 21:04:23
Ci9DQUlRQUNvZENodHljRjlvT2tGbVdsaEdRM05TTFZwNlNXTnJiM2d6UzFJNFZXYxAB,ocha paray,5,"Whoters putri ayu wahdania m adam
Pelayana  baik
Citarasa enak",10 bulan lalu,5,5,5,Saoenk Cobek Sudiang,Google Maps,2026-05-14 21:04:23
Ci9DQUlRQUNvZENodHljRjlvT2t4cmJVMW9TbUoyUXkxVlN6RjJVRTlZV21SVFYwRRAB,Jane Moka-Riupassa,5,Putri Ayu waiters pelayanannya sangat baik dan ramah,10 bulan lalu,5,5,5,Saoenk Cobek Sudiang,Google Maps,2026-05-14 21:04:23
Ci9DQUlRQUNvZENodHljRjlvT213dGJFTlphazA0UnpWVWRVNDRUME5EYUUxTU1YYxAB,indah yusuf,5,"Sejuk & makanan enak semua ,rekomeeeennn",10 bulan lalu,5,5,5,Saoenk Cobek Sudiang,Google Maps,2026-05-14 21:04:23
ChZDSUhNMG9nS0VKNll6TFBrOTdqOVFREAE,Andi Edli,5,Pelayanan baik dan ramah. Waiters ainun,10 bulan lalu,5,5,5,Saoenk Cobek Sudiang,Google Maps,2026-05-14 21:04:23
Ci9DQUlRQUNvZENodHljRjlvT2xkMFlVZGFhMkoxVEhCM2FXTkVUVEI2WmxsalMzYxAB,Nurul ismi,5,Pelayanan baik dan ramah. Waiters ainun,10 bulan lalu,5,5,5,Saoenk Cobek Sudiang,Google Maps,2026-05-14 21:04:44
Ci9DQUlRQUNvZENodHljRjlvT210blJtSnRSWFpMVEhGc2NXTnVWelExTlVkSExXYxAB,UMAR,5,Pelayanan ramah hrg murah n rasanya mantap,10 bulan lalu,5,5,5,Saoenk Cobek Sudiang,Google Maps,2026-05-14 21:04:44
Ci9DQUlRQUNvZENodHljRjlvT2kxNU1VcFhZWE4xZEhCV09HNHhhekV4TVhkbWJrRRAB,Delfiani Barapadang,5,"Weaters Putri Ayu..Pelayanannya baik dan ramah, Humble",10 bulan lalu,5,5,5,Saoenk Cobek Sudiang,Google Maps,2026-05-14 21:04:44
Ci9DQUlRQUNvZENodHljRjlvT204MWJYRTRVbTVZYWxKM1dVMXJaVmhtYUU1TVVrRRAB,Faza Ulya,5,Pelayanannya ramah dan atas nama Putra memberi pelayanan terbaik,10 bulan lalu,4,5,5,Saoenk Cobek Sudiang,Google Maps,2026-05-14 21:04:44
Ci9DQUlRQUNvZENodHljRjlvT2xwcWQzZGFSV295VVZWMlZGbHhjMEZHWmkxYVoxRRAB,sorahtriwulandari mei,5,"Putri Ayu wahdania M. Adam

pelayanan kak putri ayu sangat memuaskan. ramah dan cekatan. Sudah baik dan semoga bisa di pertahankan dan menjadi lebih baik lagi",10 bulan lalu,5,5,5,Saoenk Cobek Sudiang,Google Maps,2026-05-14 21:04:44
ChdDSUhNMG9nS0VQR3VoTzZwc09lb3dRRRAB,riska awalia,5,"Waiters Putri Ayu Wahdania M. Adami
Pelayanannya baik, kakaknya ramah",10 bulan lalu,5,5,5,Saoenk Cobek Sudiang,Google Maps,2026-05-14 21:04:44
Ci9DQUlRQUNvZENodHljRjlvT2xGNk5XZENNRGR4TjFRMU9VVmxabGN4Y2t4d1ZGRRAB,citra djuhari,5,"Waiters Putri Ayu pelayanannya baik, ramah",10 bulan lalu,5,5,5,Saoenk Cobek Sudiang,Google Maps,2026-05-14 21:04:44
ChZDSUhNMG9nS0VPYVJtTVNMeXFQZEVnEAE,Nurfita Dewi,5,Waiter putri ayu,10 bulan lalu,5,5,5,Saoenk Cobek Sudiang,Google Maps,2026-05-14 21:04:44
ChZDSUhNMG9nS0VPWHFpNXFVeVlheVFnEAE,Nur qalbi,5,"Waitters Putri Ayu
Pelayanan bagus, tempatmenyenangkan, bersih, makanan enak..recomended....",11 bulan lalu,5,5,5,Saoenk Cobek Sudiang,Google Maps,2026-05-14 21:04:44
ChdDSUhNMG9nS0VQbnQwTUhTcVp2b25RRRAB,Muhammad Dwi Syahrul,5,Pelayanan atas nama Ainun,11 bulan lalu,5,5,5,Saoenk Cobek Sudiang,Google Maps,2026-05-14 21:04:44
ChZDSUhNMG9nS0VLdk5yYVctdUp2dEVnEAE,Nur Wahyuni Ningsih,5,"Makanan enak, cocok jadi tempat family time. Di order sama mas fery",11 bulan lalu,5,5,5,Saoenk Cobek Sudiang,Google Maps,2026-05-14 21:05:05
Ci9DQUlRQUNvZENodHljRjlvT21GcmNFSlVORTVYUnpaRE5tbExiREppZWxReUxWRRAB,Putri AnNahl,5,"Makanannya enak, pelayanannya cepat.
Di order sm mas fery",11 bulan lalu,5,5,5,Saoenk Cobek Sudiang,Google Maps,2026-05-14 21:05:05
Ci9DQUlRQUNvZENodHljRjlvT25aVFExbG1PV2hPZDJwTmVqSnVkVEZaZEhwNGNHYxAB,Suci Aryisnawati,5,"Sangat recomended untuk makan bareng keluarga atau kolega.

Pelayanan by Arna",11 bulan lalu,4,5,5,Saoenk Cobek Sudiang,Google Maps,2026-05-14 21:05:05
Ci9DQUlRQUNvZENodHljRjlvT25oU1JFSlpiR05VVWprM2RqSmtSRmxMUlhGdlZWRRAB,Mohammad Zamrud Official,5,"Pelayanannya bagus, makanannya enak, suasananya mantap. Pelayan atas nama putra cukup baik menjamu tamu.",11 bulan lalu,5,5,5,Saoenk Cobek Sudiang,Google Maps,2026-05-14 21:05:05
ChZDSUhNMG9nS0VOZlRyWUttM01xYmF3EAE,muhammad ilham,4,Pelayan kak ferry mantap,11 bulan lalu,,,,Saoenk Cobek Sudiang,Google Maps,2026-05-14 21:05:05
ChZDSUhNMG9nS0VPbmZpWS0zMzV1Rkt3EAE,Nurul Reski Susanti,5,,11 bulan lalu,5,5,5,Saoenk Cobek Sudiang,Google Maps,2026-05-14 21:05:05
ChZDSUhNMG9nS0VNWDFuNjZXeHFLVVB3EAE,LOGIC ByeBye,5,Pelayan a.n Aulia luar biasaaaa !!!! 🔥🔥,11 bulan lalu,5,5,5,Saoenk Cobek Sudiang,Google Maps,2026-05-14 21:05:05
ChZDSUhNMG9nS0VQU3lfZlN1cjg3WkNBEAE,juwita baadilla,5,"Makanannya enak top deh ,ikan bakar rica dan parape udang saos telur asin enak, makan diatas kolam ikan koi,nyaman suasana asri,mushola full AC nyaman banget dan Layanan terbaik oleh kak Putra,,makasih banyak yaaaa",11 bulan lalu,5,5,5,Saoenk Cobek Sudiang,Google Maps,2026-05-14 21:05:05
Ci9DQUlRQUNvZENodHljRjlvT25Bd1NWbEhTSFpmY3pGWlRHbFZPV3BETkVvMVVVRRAB,Irma akbar,4,"Makanan enak, pelayanan baik dan ramah, hanya saat siang atau sore agak panas krn kipas anginx ada yg rusak, tp rasa dan pelayanan 👌👌
Pelayan Putra 👍",11 bulan lalu,5,5,4,Saoenk Cobek Sudiang,Google Maps,2026-05-14 21:05:05
Ci9DQUlRQUNvZENodHljRjlvT25CNFltcGZkVjlXVUhZM1p6QjFNQzFvYkVrM1dYYxAB,Qurrota Ayunin,5,"Makanannya enak,suasananya dan pelayannya ramah2 cocok untuk makan dengan keluarga atau teman kantor",11 bulan lalu,5,5,5,Saoenk Cobek Sudiang,Google Maps,2026-05-14 21:05:05
ChdDSUhNMG9nS0VLZTlrcGJIai1lQ29nRRAB,Lyra Roel,5,Pelayanannya bagus dan ramah waiters Ferry .dan makanannya enak,11 bulan lalu,,,,Saoenk Cobek Sudiang,Google Maps,2026-05-14 21:05:29
ChdDSUhNMG9nS0VNclV5Sld0cDhEeXdBRRAB,Muh Zulqifli Rahman,5,okee waiters ainun,11 bulan lalu,5,5,5,Saoenk Cobek Sudiang,Google Maps,2026-05-14 21:05:29
ChZDSUhNMG9nS0VMVE1ncENqdTRIMlpnEAE,St Nurhaliza,5,"Kak kiki sm fery
Bagus bngettt , cocok untukk makan breng keluarga, teman",11 bulan lalu,5,5,5,Saoenk Cobek Sudiang,Google Maps,2026-05-14 21:05:29
ChZDSUhNMG9nS0VOT0toN2I5N3ZLd0ZnEAE,dwi meytiana,4,"Dilayani waiters Ainun

Pelayanan bagus dan suasana enak",11 bulan lalu,4,4,5,Saoenk Cobek Sudiang,Google Maps,2026-05-14 21:05:29
ChdDSUhNMG9nS0VQYlQ4ZktDN182UTBRRRAB,Pak Syarul,5,RM ini bagus dan nyaman sejuk tenpat bagus pelayan ramah dan sopan apalagi parkir luas harga juga murah,11 bulan lalu,5,5,5,Saoenk Cobek Sudiang,Google Maps,2026-05-14 21:05:29
ChdDSUhNMG9nS0VPMnU2WUQzdW9UYjNRRRAB,Ristiani Ayuni,5,"Pelayanan nya baik ramah , untuk makanan nya lumayan
#putra",11 bulan lalu,4,5,5,Saoenk Cobek Sudiang,Google Maps,2026-05-14 21:05:29
ChZDSUhNMG9nS0VLLTcxSnEzbGU3NkhBEAE,Muhammad Aslam Ahmad Patawari,5,"putra
pelayanan dan suasana nya bagus",11 bulan lalu,5,5,5,Saoenk Cobek Sudiang,Google Maps,2026-05-14 21:05:29
ChZDSUhNMG9nS0VPdmExTS1fdWRiZU93EAE,033_ Kadek Aris Wahyu Jundika,5,Baikk memuaskan gurih waiters auliaa,11 bulan lalu,5,5,5,Saoenk Cobek Sudiang,Google Maps,2026-05-14 21:05:29
ChdDSUhNMG9nS0VJU05fTVNZa2FDZXZnRRAB,Ayu laksmi,5,"Makanannya enak"" gurih  waiters aulia",11 bulan lalu,5,5,5,Saoenk Cobek Sudiang,Google Maps,2026-05-14 21:05:29
ChZDSUhNMG9nS0VPTGtvdUhPaHBEWFR3EAE,Aca Riskiyani,5,Waiters aulia,11 bulan lalu,5,5,5,Saoenk Cobek Sudiang,Google Maps,2026-05-14 21:05:29
ChZDSUhNMG9nS0VQTHA5NUsxZ0tfNll3EAE,A. A SAYU MELIA ANANTA MAHESUARI,4,Makanan nya enak enak,11 bulan lalu,,,,Saoenk Cobek Sudiang,Google Maps,2026-05-14 21:05:50
ChdDSUhNMG9nS0VPdXloNUswc0tyQy1nRRAB,Juan Massora,5,Waiters aulia pelayananya baik Dan ramah,11 bulan lalu,5,5,5,Saoenk Cobek Sudiang,Google Maps,2026-05-14 21:05:50
ChZDSUhNMG9nS0VLSHkzdkRvbTZUUGNnEAE,ilzy jum ahmad,5,"Makanannya enakk,, pelayan nya kak apri ramah,,, bakalan dtg lagi keknya",11 bulan lalu,5,5,5,Saoenk Cobek Sudiang,Google Maps,2026-05-14 21:05:50
ChZDSUhNMG9nS0VNV0YxZkRHenJUVUJ3EAE,Evi,5,"Terima kasih mba apri, makanan disini enak dan pelayanan ramah",11 bulan lalu,,,,Saoenk Cobek Sudiang,Google Maps,2026-05-14 21:05:50
ChdDSUhNMG9nS0VNaVA3NXFobDhHXzVRRRAB,Anto Anto,4,,11 bulan lalu,,,,Saoenk Cobek Sudiang,Google Maps,2026-05-14 21:05:50
ChdDSUhNMG9nS0VLamhqcV92NmRqZXh3RRAB,Victor Tri Kurnia Jaya,5,Makanan Mantap dan pelayanan #apri,11 bulan lalu,5,5,5,Saoenk Cobek Sudiang,Google Maps,2026-05-14 21:05:50
ChZDSUhNMG9nS0VJYTU0OWkwemV1SER3EAE,rara Maharani putri,5,putri waitres pelanan bagus rama dan sopan,11 bulan lalu,5,5,4,Saoenk Cobek Sudiang,Google Maps,2026-05-14 21:05:50
ChZDSUhNMG9nS0VPNkw4ZXpzbjlLTlh3EAE,Kiandra Eka Prahasta,5,baik.. pelayanan nya putri ramah,setahun lalu,5,5,5,Saoenk Cobek Sudiang,Google Maps,2026-05-14 21:05:50
ChZDSUhNMG9nS0VMakQ2dkNDN3VUd0RBEAE,Dota Traveler,5,Mantap cuy,setahun lalu,5,5,4,Saoenk Cobek Sudiang,Google Maps,2026-05-14 21:05:50
ChdDSUhNMG9nS0VJQzdoYVNOcUwza3pRRRAB,Pak Haji,2,,setahun lalu,1,1,1,Saoenk Cobek Sudiang,Google Maps,2026-05-14 21:05:50
ChZDSUhNMG9nS0VJQ0FnTUNZN3REV2JREAE,wahyu fiqhi,1,Ngambil orderan di resto ini 40 menit makanan belum ready padahal cuma dua item... Walhasil orderan sy cancel karena terlalu lama... Kapok ambil orderan ojol di resto ini,setahun lalu,,1,,Saoenk Cobek Sudiang,Google Maps,2026-05-14 21:06:17
ChdDSUhNMG9nS0VJQ0FnTUNZcktiR3dnRRAB,Fyrz Mthr_,5,putri,setahun lalu,5,5,5,Saoenk Cobek Sudiang,Google Maps,2026-05-14 21:06:17
ChZDSUhNMG9nS0VJQ0FnTUNZck1iNURREAE,aminatomo tomo,5,"Putri,  pelayanan sangat bagus da ramah",setahun lalu,5,5,5,Saoenk Cobek Sudiang,Google Maps,2026-05-14 21:06:17
ChdDSUhNMG9nS0VJQ0FnTUNZckxDS3dnRRAB,Habibi 2789,4,"Suasananya nyaman dan tenang, d hibur kolam dgn ikan koi d dalamnya, tp sayang airnya keruh tp sdh cukup lumayan kok",setahun lalu,4,4,5,Saoenk Cobek Sudiang,Google Maps,2026-05-14 21:06:17
ChZDSUhNMG9nS0VJQ0FnTUNZek1fZ0RREAE,Syarifah Alzitidi,5,"Rasanya enak, disajikan oleh Putri dan pelayanannya sangat baik.",setahun lalu,5,5,5,Saoenk Cobek Sudiang,Google Maps,2026-05-14 21:06:17
ChdDSUhNMG9nS0VJQ0FnTUNZc0oyUXlBRRAB,Ajiria Ajiria,5,Waiters aulia pelayanan baik dan ramah,setahun lalu,5,5,5,Saoenk Cobek Sudiang,Google Maps,2026-05-14 21:06:17
ChZDSUhNMG9nS0VJQ0FnTUNZb0s2WVJ3EAE,Nindysa Sri Salfira Lumbaa (Nindy),5,"Waiters putri pelayananx bagus,tepat,cepat dan sopan.",setahun lalu,5,5,5,Saoenk Cobek Sudiang,Google Maps,2026-05-14 21:06:17
ChZDSUhNMG9nS0VJQ0FnTURvay1iUVJREAE,Fhahri Mubarak,5,"Makanan enak, pelayanan baik. Suasana agak gelap",setahun lalu,5,5,4,Saoenk Cobek Sudiang,Google Maps,2026-05-14 21:06:17
ChZDSUhNMG9nS0VJQ0FnTURvazZUelF3EAE,Dewi Christina,5,"Makanan dan minumannya enak, suasananya juga enak, pelayannya juga ramah2, kebetulan yg layani kami@aulia",setahun lalu,5,5,5,Saoenk Cobek Sudiang,Google Maps,2026-05-14 21:06:17
ChdDSUhNMG9nS0VJQ0FnTURvNDgtWjRRRRAB,Wahyuddin27,4,"Tempat yang rekomended.... pelayanan prima... makanannya sudah sesuai dengan yang diharapkan...

#APRI",setahun lalu,,,,Saoenk Cobek Sudiang,Google Maps,2026-05-14 21:06:17
ChdDSUhNMG9nS0VJQ0FnTURvNDVuWDNRRRAB,Arsyad Mappa,5,Romantis segar pemandangan nya dan bagus pelayanan nya #feri,setahun lalu,5,5,5,Saoenk Cobek Sudiang,Google Maps,2026-05-14 21:06:38
ChdDSUhNMG9nS0VJQ0FnTURvZzV2MXNRRRAB,NurulAlisa,5,Pelayanan sangat baik mbak putri👍🏻,setahun lalu,5,5,5,Saoenk Cobek Sudiang,Google Maps,2026-05-14 21:06:38
ChZDSUhNMG9nS0VJQ0FnTUNJMlpLV09BEAE,Dewee,5,,setahun lalu,,,,Saoenk Cobek Sudiang,Google Maps,2026-05-14 21:06:38
ChdDSUhNMG9nS0VJQ0FnSUNSLXZLOXhRRRAB,Yuhardin SSI,5,Mantap dan Keren,Diedit setahun lalu,5,5,5,Saoenk Cobek Sudiang,Google Maps,2026-05-14 21:06:38
ChdDSUhNMG9nS0VJQ0FnTUNJaVpEZjZRRRAB,Umar Arabah,5,,setahun lalu,,,,Saoenk Cobek Sudiang,Google Maps,2026-05-14 21:06:38
ChZDSUhNMG9nS0VJQ0FnTUR3MGN2YmN3EAE,Robin Beadle,5,"Menurut saya, makanan saya di sini benar-benar luar biasa. Saya memesan Ikan Nampan / Piring Ikan. Jus jeruk nipis segarnya juga sangat enak. Stafnya sangat ramah dan suasananya menyenangkan. Saya datang sendirian, tetapi akan lebih menyenangkan jika datang bersama rombongan dan menyewa sauna / gazebo / pondok.",setahun lalu,5,5,5,Saoenk Cobek Sudiang,Google Maps,2026-05-14 21:06:38
ChZDSUhNMG9nS0VJQ0FnTUR3LVBub0dREAE,Edhy Limpo,5,Mantap pooollll,setahun lalu,5,5,5,Saoenk Cobek Sudiang,Google Maps,2026-05-14 21:06:38
ChZDSUhNMG9nS0VJQ0FnTUN3OWV6Y1lBEAE,Hikma Aulia,1,"Kurang memuaskan, pernah kesana dengan rombongan pas lagi rame-ramenya. Kami ingin duduk tapi meja dan kursi nya basah banget krn hujan. Kami 2 kali menyampaikan kepada pelayanan tapi tidak ada tindakan dari pelayanan nya, kami sudah menunggu sekitar 15 - 20 menit, pada akhirnya kami tidak jadi makan dan meninggalkan tempat dengan kecewa",setahun lalu,,1,,Saoenk Cobek Sudiang,Google Maps,2026-05-14 21:06:38
ChZDSUhNMG9nS0VJQ0FnTURRamNQclRBEAE,AyuRizki Utami,5,,setahun lalu,5,4,5,Saoenk Cobek Sudiang,Google Maps,2026-05-14 21:06:38
ChdDSUhNMG9nS0VJQ0FnTUNRamNxaTh3RRAB,Yuyun Karlina,5,"Recomended banget...
Mulai dri ikan, sampe sayurnya itu enak banget...
Sampe sy bungkus buat suami untuk makan malam n sahur nantinya 🥰",setahun lalu,5,5,5,Saoenk Cobek Sudiang,Google Maps,2026-05-14 21:06:38
ChdDSUhNMG9nS0VJQ0FnTUNnaWZlb3JBRRAB,Sofyan Koramil,5,"Waiters aulia,pelayananya sangat memuaskan dan penyajiannya cepat menu makanannya enak",setahun lalu,5,5,5,Saoenk Cobek Sudiang,Google Maps,2026-05-14 21:07:01
ChZDSUhNMG9nS0VJQ0FnTUNnaWJMNkV3EAE,Ris Fadly,5,Waiters Putri Ayu pelayanan baik dan ramah,setahun lalu,5,5,4,Saoenk Cobek Sudiang,Google Maps,2026-05-14 21:07:01
ChdDSUhNMG9nS0VJQ0FnTUNnMGNiYXJ3RRAB,Rimahyanti Muti,5,Makannya enk tempatnya enk pelayannya bagus rama dan lincah atas nama ( rian ),setahun lalu,5,5,5,Saoenk Cobek Sudiang,Google Maps,2026-05-14 21:07:01
ChZDSUhNMG9nS0VJQ0FnTUNnNGJIZlJREAE,ismail 88,4,"Feri
Suasana tempanya nyaman dan makanannya cukup enak dan mengenyangkan",setahun lalu,3,5,5,Saoenk Cobek Sudiang,Google Maps,2026-05-14 21:07:01
ChdDSUhNMG9nS0VJQ0FnTUNnNnB1eG9BRRAB,Ainun Zoraya,5,"makanan mantap enak apalagi sambalnya,
pelayanan an. ainun sangat ramah murah senyum
kebetulan namanya sama 😅😅",setahun lalu,5,5,5,Saoenk Cobek Sudiang,Google Maps,2026-05-14 21:07:01
ChZDSUhNMG9nS0VJQ0FnTUNnNnZIY1dnEAE,Nur Faizah Husain,5,"pelayanan kak ferri sangat baik, makanannya enak semua, nasi gorengnya sangat banyak, pokoknya memuaskan",setahun lalu,5,5,5,Saoenk Cobek Sudiang,Google Maps,2026-05-14 21:07:01
ChdDSUhNMG9nS0VJQ0FnTUNnNnRIbzNRRRAB,Nur Faadiyah Husain,5,,setahun lalu,5,5,5,Saoenk Cobek Sudiang,Google Maps,2026-05-14 21:07:01
ChZDSUhNMG9nS0VJQ0FnTUNnMUtQd1hREAE,Nahdira Al aqila,5,Alhamdulillah pelayanannya bagus,setahun lalu,5,5,5,Saoenk Cobek Sudiang,Google Maps,2026-05-14 21:07:01
ChZDSUhNMG9nS0VJQ0FnTUNnMUlPV1l3EAE,Agustina .17,5,,setahun lalu,5,5,5,Saoenk Cobek Sudiang,Google Maps,2026-05-14 21:07:01
ChZDSUhNMG9nS0VJQ0FnTUNnMUlPa0xREAE,Kurniati Btpns,5,Weathers putri,setahun lalu,5,5,5,Saoenk Cobek Sudiang,Google Maps,2026-05-14 21:07:01
ChZDSUhNMG9nS0VJQ0FnTURBcklhSWVREAE,Queta ari,5,Putri ayu wahdania....pelayanan bagus dan cepat,setahun lalu,5,5,5,Saoenk Cobek Sudiang,Google Maps,2026-05-14 21:07:25
ChZDSUhNMG9nS0VJQ0FnTURBaU9XS1B3EAE,Ennob Epen Cupen,5,Terimakasih kepada Mas Ferry karena pelayanan sudah baik... Mulai dari penjelasan dan pelayanan yang baik..... Semoga kedepan semakin sukses.....,setahun lalu,4,4,4,Saoenk Cobek Sudiang,Google Maps,2026-05-14 21:07:25
ChZDSUhNMG9nS0VJQ0FnTURBaUxuZ01nEAE,Marchelo Paembonan,5,Pelayanan nya baik tempat nyaman (Rian),setahun lalu,5,5,5,Saoenk Cobek Sudiang,Google Maps,2026-05-14 21:07:25
ChZDSUhNMG9nS0VJQ0FnTUNBX0x1VU9REAE,ayeesha,5,,setahun lalu,5,4,5,Saoenk Cobek Sudiang,Google Maps,2026-05-14 21:07:25
ChZDSUhNMG9nS0VJQ0FnSURfM19tNVdnEAE,Dr Husain As MPd,3,Makanannya terbatas,setahun lalu,3,4,4,Saoenk Cobek Sudiang,Google Maps,2026-05-14 21:07:25
ChZDSUhNMG9nS0VJQ0FnSURfeWFuYUlBEAE,Sri Megawati,5,"Feri (suasananya nyaman , mknannya enak)",setahun lalu,5,5,5,Saoenk Cobek Sudiang,Google Maps,2026-05-14 21:07:25
ChZDSUhNMG9nS0VJQ0FnSURfN3NMcFp3EAE,erny surya,5,"Feri pelayanan bagus,makanannya enak semua, tempat nya Bagus dan bersih ,nyaman tempatnya",setahun lalu,5,5,5,Saoenk Cobek Sudiang,Google Maps,2026-05-14 21:07:25
ChZDSUhNMG9nS0VJQ0FnSURfN3J6UFZBEAE,NOMAS,5,"Feri suasananya asri nyaman , pelayanan prima",setahun lalu,5,5,5,Saoenk Cobek Sudiang,Google Maps,2026-05-14 21:07:25
ChZDSUhNMG9nS0VJQ0FnSUNwLUpIVkV3EAE,Diospyros Celebica,5,,Diedit setahun lalu,,,,Saoenk Cobek Sudiang,Google Maps,2026-05-14 21:07:25
ChZDSUhNMG9nS0VJQ0FnSUNfcjlQa1F3EAE,Rasni Datnur,5,"Nur ainun yang melayani, sangat puas dengan pelayanannya",setahun lalu,5,5,5,Saoenk Cobek Sudiang,Google Maps,2026-05-14 21:07:25
ChZDSUhNMG9nS0VJQ0FnSUNfbTQ3V0FnEAE,hasma Cemma,5,Fery mantapppp 👍,setahun lalu,5,5,4,Saoenk Cobek Sudiang,Google Maps,2026-05-14 21:07:49
ChZDSUhNMG9nS0VJQ0FnSUNfbWRyY1J3EAE,Syamsiah Daming,5,Pelayanan bagus dan makanannya cepat keluar mantap feri,setahun lalu,5,5,5,Saoenk Cobek Sudiang,Google Maps,2026-05-14 21:07:49
ChZDSUhNMG9nS0VJQ0FnSUNfa29hc0x3EAE,Marwan Syah,5,"Tempatnya bagus pelayanannya juga bagus, terutama mas veri humble dan ramah",setahun lalu,5,5,5,Saoenk Cobek Sudiang,Google Maps,2026-05-14 21:07:49
ChZDSUhNMG9nS0VJQ0FnSUNfa3FLZ1JREAE,Berkah Batik,5,Feri,setahun lalu,5,5,5,Saoenk Cobek Sudiang,Google Maps,2026-05-14 21:07:49
ChdDSUhNMG9nS0VJQ0FnSUNfb3JlVmtBRRAB,Miftah Aulia Jannah,5,"Suasananya bagus, pelayanannya (feri ramah,baik) makanannya pun enak-enak, dann cepat disajikann",setahun lalu,5,5,5,Saoenk Cobek Sudiang,Google Maps,2026-05-14 21:07:49
ChdDSUhNMG9nS0VJQ0FnSUNfb3RlbzZRRRAB,Dewi Saja,5,Suasana dan pelayanan nya sangat baik @very,setahun lalu,5,5,5,Saoenk Cobek Sudiang,Google Maps,2026-05-14 21:07:49
ChZDSUhNMG9nS0VJQ0FnSUNfNk1YTEhBEAE,Andi Chyme,5,"makanan enak..pelayanan bagus
yg melayani an Apri",setahun lalu,5,5,5,Saoenk Cobek Sudiang,Google Maps,2026-05-14 21:07:49
ChZDSUhNMG9nS0VJQ0FnSUNfNlBtdVlnEAE,Nirmala Sari,5,"Aulia
Pelayanan nya baik",setahun lalu,4,5,5,Saoenk Cobek Sudiang,Google Maps,2026-05-14 21:07:49
ChdDSUhNMG9nS0VJQ0FnSUNfNkt5OGdnRRAB,Biah,5,"Makanan enak, pelayanan ramah",setahun lalu,5,5,5,Saoenk Cobek Sudiang,Google Maps,2026-05-14 21:07:49
ChdDSUhNMG9nS0VJQ0FnSURmMy1fVXpnRRAB,Halwiyah Siwu,5,"Waiters NurAinun Pelayananx the best👍👍👍 orangx ramah bangettt, makananx recomanded bngettt, tempatx keren,🩷 …",setahun lalu,,,,Saoenk Cobek Sudiang,Google Maps,2026-05-14 21:07:49
ChdDSUhNMG9nS0VJQ0FnSURmbi1IM293RRAB,Sapulidi Lidi,5,Pelayanan cepat mantap dan gercep #feri,setahun lalu,5,5,5,Saoenk Cobek Sudiang,Google Maps,2026-05-14 21:08:13
ChZDSUhNMG9nS0VJQ0FnSURmci1mUUJ3EAE,Firdaus 0309,5,Mantapp tauww makananx,setahun lalu,5,5,5,Saoenk Cobek Sudiang,Google Maps,2026-05-14 21:08:13
ChdDSUhNMG9nS0VJQ0FnSURmMjQzSzRnRRAB,Muliana Muslimin,5,"Makasih pelayanannya nyaman, makasih yah mba ainun kasir",setahun lalu,5,5,5,Saoenk Cobek Sudiang,Google Maps,2026-05-14 21:08:13
ChZDSUhNMG9nS0VJQ0FnSURmMjRXYkp3EAE,Kurnia Ramadani,5,Fery,setahun lalu,5,5,5,Saoenk Cobek Sudiang,Google Maps,2026-05-14 21:08:13
ChdDSUhNMG9nS0VJQ0FnSURmczdtNmt3RRAB,Elyn 1990,5,"Ok
Pelayanan apri",setahun lalu,,,,Saoenk Cobek Sudiang,Google Maps,2026-05-14 21:08:13
ChZDSUhNMG9nS0VJQ0FnSURmczhDb1JREAE,Nur Fitri Amin,5,Witers aulia sangat puas dengan pelayanannya.,setahun lalu,5,5,5,Saoenk Cobek Sudiang,Google Maps,2026-05-14 21:08:13
ChdDSUhNMG9nS0VJQ0FnSURmbzZXQTFBRRAB,Mr Asriadi,3,,setahun lalu,3,3,3,Saoenk Cobek Sudiang,Google Maps,2026-05-14 21:08:13
ChZDSUhNMG9nS0VJQ0FnSURmcmZiNVJnEAE,Lilis Suryanti,5,"Masya Allah nikmat luar biasa
Makasih Feri atas layanan untk keluarga kami",setahun lalu,5,5,5,Saoenk Cobek Sudiang,Google Maps,2026-05-14 21:08:13
ChZDSUhNMG9nS0VJQ0FnSURmamJDWmN3EAE,Herna Erna,5,Mantap pelayanan feri,setahun lalu,5,5,5,Saoenk Cobek Sudiang,Google Maps,2026-05-14 21:08:13
ChZDSUhNMG9nS0VJQ0FnSURmbVllYmRnEAE,Joko Setiono,2,,setahun lalu,2,3,2,Saoenk Cobek Sudiang,Google Maps,2026-05-14 21:08:13
ChZDSUhNMG9nS0VJQ0FnSURmMGJpMlNBEAE,Nana Sudiana,5,Mantaf Feri,setahun lalu,5,5,5,Saoenk Cobek Sudiang,Google Maps,2026-05-14 21:08:40
ChZDSUhNMG9nS0VJQ0FnSURmdHBXNUp3EAE,monika palobo,5,Sangat memuaskan apalagi dilayani serly,setahun lalu,5,5,5,Saoenk Cobek Sudiang,Google Maps,2026-05-14 21:08:40
ChdDSUhNMG9nS0VJQ0FnSURmMHVPX3lnRRAB,Hjanugrah Wati,5,Pelanyanan mantap dan cepat,setahun lalu,5,5,5,Saoenk Cobek Sudiang,Google Maps,2026-05-14 21:08:40
ChZDSUhNMG9nS0VJQ0FnSURmMHVPZVFREAE,Hj Jun62,5,The best feri,setahun lalu,5,5,5,Saoenk Cobek Sudiang,Google Maps,2026-05-14 21:08:40
ChdDSUhNMG9nS0VJQ0FnSURmMHFPbnNnRRAB,Halmiah Mamamia,5,Feri mantap,setahun lalu,5,5,5,Saoenk Cobek Sudiang,Google Maps,2026-05-14 21:08:40
ChZDSUhNMG9nS0VJQ0FnSURmdE9xd2JREAE,Liza Pabuntang,5,Makanan dan pelayanan nya baik dan  an. Aulia,setahun lalu,5,5,5,Saoenk Cobek Sudiang,Google Maps,2026-05-14 21:08:40
ChdDSUhNMG9nS0VJQ0FnSURmMU1mdXNRRRAB,Seni Nimot,5,"Pelayananx mantap
Makanan enak sekali
Masukan sja, mungkin bs di pasangkan alat perangkap lalat, spy makan lebih nyaman.
Feri",setahun lalu,5,5,5,Saoenk Cobek Sudiang,Google Maps,2026-05-14 21:08:40
ChdDSUhNMG9nS0VJQ0FnSUNmdDgzcmp3RRAB,Wahyuni,5,"Waiters aulia, pelayanan ok, cepat, ramah, makanan enak, recomended",setahun lalu,5,5,5,Saoenk Cobek Sudiang,Google Maps,2026-05-14 21:08:40
ChdDSUhNMG9nS0VJQ0FnSUNmeF91X193RRAB,Husna 877,5,"Tempatnya bagus, nyaman, makanannya enak, pelayanannya sangat bagus. Terimakasih kak Ferry atas pelayanan lnya 👌👌",setahun lalu,5,5,5,Saoenk Cobek Sudiang,Google Maps,2026-05-14 21:08:40
ChZDSUhNMG9nS0VJQ0FnSUNmaC1HRmZREAE,Veany Ilyas,5,"Putri ayu wahdania
Pelayanan.y sangat memuaskan",setahun lalu,5,5,5,Saoenk Cobek Sudiang,Google Maps,2026-05-14 21:08:40
ChZDSUhNMG9nS0VJQ0FnSUNmaDZHcEhnEAE,fadillaardinarianti,5,alhamdulillah baguss twwa pelayanannya,setahun lalu,5,5,5,Saoenk Cobek Sudiang,Google Maps,2026-05-14 21:09:07
ChdDSUhNMG9nS0VJQ0FnSUNmaDRLRnRRRRAB,ramlah 123,5,"Alhamdulillah Sangat Memuaskan, krn pelayannya sangat baik dan ramah #ferry",setahun lalu,5,5,5,Saoenk Cobek Sudiang,Google Maps,2026-05-14 21:09:07
ChdDSUhNMG9nS0VJQ0FnSUNmODhYaXF3RRAB,Nur Khairiyah,5,Waiters aulia pelayanan ramah dan cepat suasana adem,setahun lalu,5,5,5,Saoenk Cobek Sudiang,Google Maps,2026-05-14 21:09:07
ChZDSUhNMG9nS0VJQ0FnSUNmczV1X2ZnEAE,mediana desria,5,"Sering makan di sini karena ikannya segar2, lengkap mushalla

Ikan : di hitung size biasanya dari L sampai XL
Khusus ikan sunu di hitung per ons

Suasana : Santai nyaman

Waitress : Aulia",setahun lalu,5,5,5,Saoenk Cobek Sudiang,Google Maps,2026-05-14 21:09:07
ChZDSUhNMG9nS0VJQ0FnSUNmczkybUtREAE,Riscal Pratama,5,Tmpt nya bgus pelayanan nya bgus yg d. Layani oleh fery bagus mntap,setahun lalu,5,5,5,Saoenk Cobek Sudiang,Google Maps,2026-05-14 21:09:07
ChZDSUhNMG9nS0VJQ0FnSUNmczQ2RWN3EAE,Arni asnita Puteri,5,Pelayannya ramah makannya enak pokoknya andalan disini . Super excelent buat pramu kak fery naikin gajinya 🙌🏻,setahun lalu,5,5,5,Saoenk Cobek Sudiang,Google Maps,2026-05-14 21:09:07
ChdDSUhNMG9nS0VJQ0FnSUNmMDR2TXZRRRAB,Hanna Ria hutabarat,5,"Pelayananny mantapp dan bagus, apalgi saat dilayani sma sodara Fery, orgnya ramah dan baik walaupun pesanan sering kurang2 jd bolak balik datag utk dibawakn pesanan tmabahan. Trimaksih.",setahun lalu,4,5,5,Saoenk Cobek Sudiang,Google Maps,2026-05-14 21:09:07
ChZDSUhNMG9nS0VJQ0FnSUNmamQ2Q1VREAE,Akbar Mico,5,Putri ayu wahdania,setahun lalu,5,5,5,Saoenk Cobek Sudiang,Google Maps,2026-05-14 21:09:07
ChdDSUhNMG9nS0VJQ0FnSUNmamREcmtnRRAB,Ni Nyoman Anna Marthanti,5,"Terima kasih layanannya mbak Putri Ayu Wahdania.. Parkiran bagus, menunya enak dan cepat respon stafnya.",setahun lalu,4,5,4,Saoenk Cobek Sudiang,Google Maps,2026-05-14 21:09:07
ChZDSUhNMG9nS0VJQ0FnSUNmOWZXZ0FREAE,Kartini Arsyad,5,"Pelayanan dari mba Putri ayu wahdania baik, ramah, dan gercep",setahun lalu,5,5,5,Saoenk Cobek Sudiang,Google Maps,2026-05-14 21:09:07
ChdDSUhNMG9nS0VJQ0FnSUNmOWFEVnR3RRAB,Nur Alisah,5,"Enk suasananya nyaman pelayanan rama""",setahun lalu,5,5,5,Saoenk Cobek Sudiang,Google Maps,2026-05-14 21:09:35
ChdDSUhNMG9nS0VJQ0FnSUNmeVl6MGt3RRAB,its me putri,5,Mantap....,setahun lalu,5,5,5,Saoenk Cobek Sudiang,Google Maps,2026-05-14 21:09:35
ChdDSUhNMG9nS0VJQ0FnSUNmdnZ1Mm1nRRAB,Agung De,5,@ferry Terbaik mantap pelayanannya,setahun lalu,5,5,5,Saoenk Cobek Sudiang,Google Maps,2026-05-14 21:09:35
ChdDSUhNMG9nS0VJQ0FnSUNmenBlN193RRAB,ianie marjani,5,"Waiters aulia, cukup bagus ramah dan cepat",setahun lalu,5,5,5,Saoenk Cobek Sudiang,Google Maps,2026-05-14 21:09:35
ChZDSUhNMG9nS0VJQ0FnSUNmenZ1aU13EAE,Enjelita H,5,Pelayanan ramah Waiters aulia,setahun lalu,5,5,5,Saoenk Cobek Sudiang,Google Maps,2026-05-14 21:09:35
ChZDSUhNMG9nS0VJQ0FnSUNmem9YN1BREAE,Arminal Rubba,5,"Putri ayu wahdania pelayanan baik, ramah , dan cukup cepat melayani ,,",setahun lalu,5,5,4,Saoenk Cobek Sudiang,Google Maps,2026-05-14 21:09:35
ChZDSUhNMG9nS0VJQ0FnSUNmenFtUFdBEAE,Herwin Setiawan Nasit,5,"Waitress Nur Ainun yg melayani,
Dari segi makanan sangat gurih dan sambelnya enak
Dari segi pelayanan, sangat ramah.
Saran tingkat kan dan berikan trus yg terbaik buat pelanggan.",setahun lalu,5,5,5,Saoenk Cobek Sudiang,Google Maps,2026-05-14 21:09:35
ChZDSUhNMG9nS0VJQ0FnSUNmenN6MWJnEAE,Hardiansyah Hardiansyah,5,"Putri ayu wahdania
Pelayanan ok",setahun lalu,5,5,5,Saoenk Cobek Sudiang,Google Maps,2026-05-14 21:09:35
ChZDSUhNMG9nS0VJQ0FnSUNmanZ1YkxBEAE,Margayanti Pasiangan,5,"Putri Ayu wahdania pelayanannya bagus,sopan",setahun lalu,5,5,5,Saoenk Cobek Sudiang,Google Maps,2026-05-14 21:09:35
ChdDSUhNMG9nS0VJQ0FnSUNmaHZ5dzRBRRAB,balassuka teknik,5,"OK
Putri Ayu Wahdania",setahun lalu,5,4,5,Saoenk Cobek Sudiang,Google Maps,2026-05-14 21:09:35
ChdDSUhNMG9nS0VJQ0FnSUNmLXBYUjN3RRAB,zaid mazkur,5,Pelayanan bagus makan enak dan waiters nya lincah ( Rian),setahun lalu,5,5,5,Saoenk Cobek Sudiang,Google Maps,2026-05-14 21:10:02
ChZDSUhNMG9nS0VJQ0FnSUNmLXFYRGJnEAE,Maya Mayana,5,"Pelayanan bagus full senyum makanan enk "" ( rian 😍)",setahun lalu,5,5,5,Saoenk Cobek Sudiang,Google Maps,2026-05-14 21:10:02
ChZDSUhNMG9nS0VJQ0FnSUNmMnJXZEpnEAE,Camelia Sadir,5,Makanannya enak pelayanan ramah #apri,setahun lalu,5,5,5,Saoenk Cobek Sudiang,Google Maps,2026-05-14 21:10:02
ChdDSUhNMG9nS0VJQ0FnSUNmMnZxNjFBRRAB,Nanna Asis,5,"tempat adem dan makannya enak
pelantaran nya juga cepat dan ramah

apri",setahun lalu,5,5,5,Saoenk Cobek Sudiang,Google Maps,2026-05-14 21:10:02
ChdDSUhNMG9nS0VJQ0FnSUNmMm9xTjlRRRAB,Fitriani Alwi,5,"Enak&nyaman
Fery",setahun lalu,5,5,5,Saoenk Cobek Sudiang,Google Maps,2026-05-14 21:10:02
ChdDSUhNMG9nS0VJQ0FnSUNmMnBLSDRBRRAB,Indryani Irvan,5,Special thanks to Rhey..Atas service excellent nya..selalu terbaik..,setahun lalu,5,5,5,Saoenk Cobek Sudiang,Google Maps,2026-05-14 21:10:02
ChdDSUhNMG9nS0VJQ0FnSUNmbW83dDhnRRAB,azriana azis,5,Makanannya enak. Pelayanannya juga ramah. Pas berkunjung di layani sma kk Ferry. Makanannya di antarkan cepat.,setahun lalu,5,5,5,Saoenk Cobek Sudiang,Google Maps,2026-05-14 21:10:02
ChdDSUhNMG9nS0VJQ0FnSUNmbXJ5RnF3RRAB,aliyyah muslimah,5,"Pelayanan bagus dan suasana yang menyenangkan.
@feri",setahun lalu,4,4,5,Saoenk Cobek Sudiang,Google Maps,2026-05-14 21:10:02
ChdDSUhNMG9nS0VJQ0FnSUNmbXN5QnNRRRAB,Ery,5,"Makanannya pas semua dilidah, sambelnya jg bisa untuk anak"", harganya jg lumayan ramah dikantong. Pelayannya jg sangat ramah dan cekatan. pokoknya is the best lah..#Apri",setahun lalu,5,5,5,Saoenk Cobek Sudiang,Google Maps,2026-05-14 21:10:02
ChdDSUhNMG9nS0VJQ0FnSUNmNHRlbnNnRRAB,Dewi Ayu,5,Makanan nya enak dan pelayanan nya ramah (bolong),setahun lalu,5,5,5,Saoenk Cobek Sudiang,Google Maps,2026-05-14 21:10:02
ChdDSUhNMG9nS0VJQ0FnSUNmNHN2OGdBRRAB,may Meera,5,Mba ainun pelayanannya mantapp 🫶🏻🫶🏻,setahun lalu,5,5,5,Saoenk Cobek Sudiang,Google Maps,2026-05-14 21:10:26
ChZDSUhNMG9nS0VJQ0FnSUNmNHJXRFF3EAE,Deice Christi Natalia Rumondor,5,"Waiters Nurainun
Makanan enak, pelayanan baik..",setahun lalu,5,5,5,Saoenk Cobek Sudiang,Google Maps,2026-05-14 21:10:26
ChdDSUhNMG9nS0VJQ0FnSUNmNHJuQjRBRRAB,Moehammad As'ad,5,"Waiters aulia, pelayanan bgus, ramah, dan cepat, makanan rekomended",setahun lalu,5,5,5,Saoenk Cobek Sudiang,Google Maps,2026-05-14 21:10:26
ChdDSUhNMG9nS0VJQ0FnSUNmNHVtRWhnRRAB,ridha smk,5,,setahun lalu,5,5,5,Saoenk Cobek Sudiang,Google Maps,2026-05-14 21:10:26
ChZDSUhNMG9nS0VJQ0FnSUNmNHJHcVF3EAE,Ariyana Herawati Bakri,5,Makanya enk pelayanan baik dan rama ( Rian),setahun lalu,5,5,5,Saoenk Cobek Sudiang,Google Maps,2026-05-14 21:10:26
ChZDSUhNMG9nS0VJQ0FnSUNmX0xMYkZnEAE,darwis gassing,5,"Makanan nya enak tempatnya nyaman, terima kasih april 🥰 …",setahun lalu,,,,Saoenk Cobek Sudiang,Google Maps,2026-05-14 21:10:26
ChdDSUhNMG9nS0VJQ0FnSUNmX0xDSHJnRRAB,Salman Farisi,4,Aprianti,setahun lalu,,,,Saoenk Cobek Sudiang,Google Maps,2026-05-14 21:10:26
ChZDSUhNMG9nS0VJQ0FnSUNmX09ERlN3EAE,Takada Bear,5,ramah dan reccomended #feri,setahun lalu,5,5,5,Saoenk Cobek Sudiang,Google Maps,2026-05-14 21:10:26
ChdDSUhNMG9nS0VJQ0FnSUNmdkttMF9nRRAB,muhammad bagong,1,"waktu ke sini tujuan nya mau makan,hee baru sampai di parkiran ada mulut salah satu karyawan perempuan kurang ajar tdk ada etika, jadi nya pulang deh tdk nafsu makan, rumah nya pas berhadapan sama soun cobek, lain kali tolong di ajarkan mulut nya",setahun lalu,,,,Saoenk Cobek Sudiang,Google Maps,2026-05-14 21:10:26
ChZDSUhNMG9nS0VJQ0FnSUNmdEp2MEdREAE,Zulkifli AT,5,Terima kasih layananya mas Feri. Makanannya nikmat bersama keluarga,setahun lalu,5,5,5,Saoenk Cobek Sudiang,Google Maps,2026-05-14 21:10:26
ChZDSUhNMG9nS0VJQ0FnSUNmdEk3aWFBEAE,Alifka Annisa Ramadhani,5,"tempat nya nyaman, pelayanan oke . apri",setahun lalu,5,5,5,Saoenk Cobek Sudiang,Google Maps,2026-05-14 21:10:50
ChZDSUhNMG9nS0VJQ0FnSUNmdE15YmZ3EAE,Tams Alvin,2,Kk veri best lah....,setahun lalu,5,5,5,Saoenk Cobek Sudiang,Google Maps,2026-05-14 21:10:50
ChdDSUhNMG9nS0VJQ0FnSUNmbElMVXVRRRAB,Muchamad Sholehuddin,5,Makanan maknyussss dan layanan agak lambat dikit.. Pesanan perlu diulang ulang... Suasana nyaman,setahun lalu,5,4,5,Saoenk Cobek Sudiang,Google Maps,2026-05-14 21:10:50
ChdDSUhNMG9nS0VJQ0FnSUNmbEt6SV9BRRAB,Muh Alfian,5,Mantap pelayanannya mas ferry,setahun lalu,5,5,5,Saoenk Cobek Sudiang,Google Maps,2026-05-14 21:10:50
ChZDSUhNMG9nS0VJQ0FnSUNmbE15U0VREAE,Sitti Rasida,5,MAs feri pelayanan nya top,setahun lalu,5,5,5,Saoenk Cobek Sudiang,Google Maps,2026-05-14 21:10:50
ChZDSUhNMG9nS0VJQ0FnSUNmbElUcVlBEAE,Isnan Azis,5,"makanan enak. pelayanan mas ferry sopan baik ramah.

* masukan = air kolam ikan mulai keliatan kotor. kalau bisa di bersihakan",setahun lalu,5,5,5,Saoenk Cobek Sudiang,Google Maps,2026-05-14 21:10:50
ChdDSUhNMG9nS0VJQ0FnSUNmNU9XMHdnRRAB,Siti Halimah,5,"Waiters yg melayani Ainun. Makanannya lumayan enak, smga sukses selalu.",setahun lalu,4,4,4,Saoenk Cobek Sudiang,Google Maps,2026-05-14 21:10:50
ChZDSUhNMG9nS0VJQ0FnSUNmcE1TTEN3EAE,Andi Yurisah Prastika Wulandari,5,"Pelayanan mba Putri MasyaAllah baik,
Tempatnya mungkin perlu di tambahkan pengamanan untuk balita dan anak2",setahun lalu,5,5,4,Saoenk Cobek Sudiang,Google Maps,2026-05-14 21:10:50
ChdDSUhNMG9nS0VJQ0FnSUR2NzluZWxnRRAB,Fachmy Ramadhan,5,"Bagus enak dan mantap
#feryy",setahun lalu,5,5,5,Saoenk Cobek Sudiang,Google Maps,2026-05-14 21:10:50
ChdDSUhNMG9nS0VJQ0FnSUR2NzVubHJRRRAB,Rekha Masita,5,makanan dan pelayanannya bagus,setahun lalu,5,5,5,Saoenk Cobek Sudiang,Google Maps,2026-05-14 21:10:50
ChZDSUhNMG9nS0VJQ0FnSUR2NzVIRWN3EAE,Nurul Pratiwi,5,Pelayanan bagus dan makanan lezat saat Anda kelaparan,setahun lalu,5,5,5,Saoenk Cobek Sudiang,Google Maps,2026-05-14 21:11:17
ChdDSUhNMG9nS0VJQ0FnSUR2NzY2ZDZnRRAB,appank arfandi,5,"Lokasinya dekat, makanannya mantap, pelayanannya baik (Apri)",setahun lalu,5,5,5,Saoenk Cobek Sudiang,Google Maps,2026-05-14 21:11:17
ChZDSUhNMG9nS0VJQ0FnSUR2NzlibUh3EAE,Rundeee Gahool,5,Makanan enak. Cocok untuk kumpul keluarga saat weekend/hari libur. Kak Feri makasih pelayanannya.👍👍,setahun lalu,5,5,5,Saoenk Cobek Sudiang,Google Maps,2026-05-14 21:11:17
ChZDSUhNMG9nS0VJQ0FnSUR2MjQtNkJREAE,al gaffar,5,Putri ayu wahdaniyah,setahun lalu,5,5,5,Saoenk Cobek Sudiang,Google Maps,2026-05-14 21:11:17
ChZDSUhNMG9nS0VJQ0FnSUR2bThEMU1nEAE,Andidewi Astuti,5,Parkiran dan tempat nya luas dan nyaman. Pelayanan nya juga bagus oleh kak Apriyanti pokoknya rekomendasi bgt yang cari tempat makan untuk keluarga di sudiang,setahun lalu,5,5,5,Saoenk Cobek Sudiang,Google Maps,2026-05-14 21:11:17
ChdDSUhNMG9nS0VJQ0FnSUR2NjZlWGdnRRAB,Sakera Kaconk,5,"Waiters NurAinun, makanan andalan kerang original , pelayanan nya ramah , itu yg paling penting dari pelayanan tempat makan",setahun lalu,5,5,5,Saoenk Cobek Sudiang,Google Maps,2026-05-14 21:11:17
ChZDSUhNMG9nS0VJQ0FnSUR2Ni12T0VREAE,Faiqa Sari dewi,5,,setahun lalu,5,5,5,Saoenk Cobek Sudiang,Google Maps,2026-05-14 21:11:17
ChZDSUhNMG9nS0VJQ0FnSUR2ZzUzRVdBEAE,Ibu Guru Aznie,5,Mantapp wters AULIA,setahun lalu,5,5,5,Saoenk Cobek Sudiang,Google Maps,2026-05-14 21:11:17
ChZDSUhNMG9nS0VJQ0FnSUR2X2RLU2V3EAE,Iffah Hanreng,5,"Makanannya semua enak2
Pelayanan baik, baik banget ( dilayani sama mbak Putri )
Tempatnya bikin betah nongkrong, tenang & nyaman...
Rekomen banget..
Bakal kesini lagi...",setahun lalu,5,5,5,Saoenk Cobek Sudiang,Google Maps,2026-05-14 21:11:17
ChdDSUhNMG9nS0VJQ0FnSUR2dmNPVm93RRAB,Asma Wati,5,"Makanan lumayan ,hanya yang ikan fillet belum garing dan berasa gurih , layanan mantap mba Putri  ,suasana tenang 🙏",setahun lalu,4,4,4,Saoenk Cobek Sudiang,Google Maps,2026-05-14 21:11:17
ChdDSUhNMG9nS0VJQ0FnSUR2dlpDTzBnRRAB,Andi Verawati,5,Ainun kasir pelayanan masaallah baik sekali terimakasi,setahun lalu,5,5,5,Saoenk Cobek Sudiang,Google Maps,2026-05-14 21:11:44
ChZDSUhNMG9nS0VJQ0FnSUR2M2R2Y09REAE,Muliana Yulhy,5,Makanan enak suasana yg bagus pelayan fery yang rama baik,setahun lalu,5,5,5,Saoenk Cobek Sudiang,Google Maps,2026-05-14 21:11:44
ChZDSUhNMG9nS0VJQ0FnSUR2M2IyNWVREAE,Mutiara Aulia,5,"Makanannya enak terus tempatnya jga nyaman
-ferry",setahun lalu,5,5,5,Saoenk Cobek Sudiang,Google Maps,2026-05-14 21:11:44
ChZDSUhNMG9nS0VJQ0FnSUR2M2VtVWFnEAE,lxxnna p,5,"makananya enak, tempatnya comfy dan juga makannya cepat
pelayanannya bagus kak feri 😻",setahun lalu,5,5,5,Saoenk Cobek Sudiang,Google Maps,2026-05-14 21:11:44
ChdDSUhNMG9nS0VJQ0FnSUR2M2JHd3pBRRAB,acel mwoyaa,5,"kak fery sangat sangat ramah, pelayanannya good, makanan enak porsi banyak",setahun lalu,5,5,5,Saoenk Cobek Sudiang,Google Maps,2026-05-14 21:11:44
ChdDSUhNMG9nS0VJQ0FnSUR2bmFUcnNRRRAB,rafis ganteng,5,"Makanan enak, pelayanan nya baik ramah, penyajiannya juga cepan harga okee
@veri",setahun lalu,5,5,5,Saoenk Cobek Sudiang,Google Maps,2026-05-14 21:11:44
ChdDSUhNMG9nS0VJQ0FnSUR2bGQyOG53RRAB,DAENG SQUAD,5,Waiters aulia mantap pelayanannya,setahun lalu,5,5,5,Saoenk Cobek Sudiang,Google Maps,2026-05-14 21:11:44
ChdDSUhNMG9nS0VJQ0FnSUR2bFpHSW5RRRAB,dhiza nurul pratiwi,5,"Pelayanan baik. Makanan enak:)
Aulia",setahun lalu,5,5,5,Saoenk Cobek Sudiang,Google Maps,2026-05-14 21:11:44
ChZDSUhNMG9nS0VJQ0FnSUR2bGNIUFF3EAE,Co Mel,5,"Kami dilayani oleh mbak Ainun. Pelayanannya ramah, cepat, dan cekatan. Bisa menjelaskan menu dengan baik.",setahun lalu,5,5,5,Saoenk Cobek Sudiang,Google Maps,2026-05-14 21:11:44
ChZDSUhNMG9nS0VJQ0FnSUR2bGQ2OVp3EAE,Susanna Bara,5,"Makanan enak, tempatnya juga luas dan nyaman",setahun lalu,5,5,5,Saoenk Cobek Sudiang,Google Maps,2026-05-14 21:11:44
ChdDSUhNMG9nS0VJQ0FnSUR2bFlxZ21BRRAB,Rudi Talebong,5,mantap terbaik nyaman # Ferry,setahun lalu,5,5,5,Saoenk Cobek Sudiang,Google Maps,2026-05-14 21:12:08
ChZDSUhNMG9nS0VJQ0FnSUR2NWYtdkR3EAE,Yuliana Widiayanti,5,Makanannya sangat enk dan pelayanannya sangat memuaskan aulia,setahun lalu,4,5,5,Saoenk Cobek Sudiang,Google Maps,2026-05-14 21:12:08
ChZDSUhNMG9nS0VJQ0FnSUR2NWRQN0dBEAE,Aditya Ramadhan,5,,setahun lalu,5,5,5,Saoenk Cobek Sudiang,Google Maps,2026-05-14 21:12:08
ChdDSUhNMG9nS0VJQ0FnSUR2NWF5VF9nRRAB,HASNIDAR DARWIS,5,"Ramah anak, cocok untuk makan sekeluarga.
Pelayanan ramah (waiters Aulia)
Makan lumayanlah.",setahun lalu,4,5,5,Saoenk Cobek Sudiang,Google Maps,2026-05-14 21:12:08
ChdDSUhNMG9nS0VJQ0FnSUR2NWVqZTh3RRAB,Nur A,5,Makanan enak dan pelayanan ramah dari kak Ainun. Recommended for family gatherings!,setahun lalu,5,5,5,Saoenk Cobek Sudiang,Google Maps,2026-05-14 21:12:08
ChZDSUhNMG9nS0VJQ0FnSUR2eGZIRmZ3EAE,Rahmawati srimulyani,5,,setahun lalu,5,5,5,Saoenk Cobek Sudiang,Google Maps,2026-05-14 21:12:08
ChdDSUhNMG9nS0VJQ0FnSUR2OFp1X3VRRRAB,Ansar Ansar,5,,setahun lalu,5,5,5,Saoenk Cobek Sudiang,Google Maps,2026-05-14 21:12:08
ChdDSUhNMG9nS0VJQ0FnSUR2MFphNjdRRRAB,Ika Arwiny Pusvita Muttong,5,"makananx enak dan pelayananx ramah , mbak ainunnya sgt ramah, cekatan dlm melayani",setahun lalu,5,5,5,Saoenk Cobek Sudiang,Google Maps,2026-05-14 21:12:08
ChdDSUhNMG9nS0VJQ0FnSUR2NFpuemlRRRAB,Elida Novitasari,5,"Pelayanannya ramah dan cepat
Sukses selalu ainunnn",setahun lalu,5,5,5,Saoenk Cobek Sudiang,Google Maps,2026-05-14 21:12:08
ChdDSUhNMG9nS0VJQ0FnSUR2NGFtUTVBRRAB,Frits Agriatny Putri,5,Ainun,setahun lalu,5,5,5,Saoenk Cobek Sudiang,Google Maps,2026-05-14 21:12:08
ChZDSUhNMG9nS0VJQ0FnSUR2dHAyNmV3EAE,atza bunda,5,"Mantul banget tempatnya, pelayannya jg ramah n gercep a.n Fery topmarkotop",setahun lalu,5,5,5,Saoenk Cobek Sudiang,Google Maps,2026-05-14 21:12:33
ChdDSUhNMG9nS0VJQ0FnSUR2dHUzcGh3RRAB,Sri Rahayu,5,"Pelayanan oke, suasana romantis, makanan oke an. Feri",setahun lalu,4,5,5,Saoenk Cobek Sudiang,Google Maps,2026-05-14 21:12:33
ChZDSUhNMG9nS0VJQ0FnSUR2NnVxLWRBEAE,Herianto Marwan,5,Makanya enk tempat nya nyman waiters baik ats nama rian manis,setahun lalu,5,5,5,Saoenk Cobek Sudiang,Google Maps,2026-05-14 21:12:33
ChdDSUhNMG9nS0VJQ0FnSUR2cXNfLTZBRRAB,Pipin Lahope,5,Makanan nya enk tempat bagus nya waiters nya baik dan sopan rian sudiang,setahun lalu,5,5,5,Saoenk Cobek Sudiang,Google Maps,2026-05-14 21:12:33
ChZDSUhNMG9nS0VJQ0FnSUR2cXNPV1FREAE,Asyhar Palopo,5,"Bebekx mantap cuma sambelx masih mau pedas....pelayananx oke, cepat dan ramah oleh feri",setahun lalu,,,,Saoenk Cobek Sudiang,Google Maps,2026-05-14 21:12:33
ChdDSUhNMG9nS0VJQ0FnSUR2cXYzSXdRRRAB,Sulfarmisakinah Deni,5,"Baguss👍
Fery",setahun lalu,5,5,5,Saoenk Cobek Sudiang,Google Maps,2026-05-14 21:12:33
ChZDSUhNMG9nS0VJQ0FnSUR2cXQzU1V3EAE,Isaac Noel,4,,setahun lalu,,,,Saoenk Cobek Sudiang,Google Maps,2026-05-14 21:12:33
ChZDSUhNMG9nS0VJQ0FnSUR2cXEyaFZ3EAE,Andi Athifah,5,"Kak Ainun , pelayanan sangat membantu dan ramah.
Makanan yang enak dan murah meriah",setahun lalu,5,5,5,Saoenk Cobek Sudiang,Google Maps,2026-05-14 21:12:33
ChdDSUhNMG9nS0VJQ0FnSUR2cXRHeWxBRRAB,Sri Ulfa,5,"Makanannya enak suaranya nyaman pelayanan nya rama dan full senyum ( rian, bolong)",setahun lalu,5,5,5,Saoenk Cobek Sudiang,Google Maps,2026-05-14 21:12:33
ChdDSUhNMG9nS0VJQ0FnSUR2cXFpUTRBRRAB,Apriliya A,5,Enak dan makanannya cepat datang,setahun lalu,,,,Saoenk Cobek Sudiang,Google Maps,2026-05-14 21:12:33
ChdDSUhNMG9nS0VJQ0FnSUR2OHZuX2dnRRAB,Alimin Alim,5,,setahun lalu,5,5,5,Saoenk Cobek Sudiang,Google Maps,2026-05-14 21:12:57
ChZDSUhNMG9nS0VJQ0FnSUN2cllEb0xnEAE,Abd Hamid,5,,setahun lalu,,,,Saoenk Cobek Sudiang,Google Maps,2026-05-14 21:12:57
ChdDSUhNMG9nS0VJQ0FnSUN2NHB5NjNRRRAB,lilis widiastuty,5,"Parkiran luas, tempatnya nyaman dan bersih, pelayanan nya cepat dan ramah, recomended",setahun lalu,5,5,5,Saoenk Cobek Sudiang,Google Maps,2026-05-14 21:12:57
ChZDSUhNMG9nS0VJQ0FnSURQb3VxY0x3EAE,dhanny rid,5,"Makanan enak2 walau bagi sebagian kalangan agak pricey. Suasana saung lumayan nyaman dengan kolam ikan di bawahnya, parkir juga tersedia.",setahun lalu,5,5,5,Saoenk Cobek Sudiang,Google Maps,2026-05-14 21:12:57
ChdDSUhNMG9nS0VJQ0FnSUMzejZTdHdRRRAB,Rifki Muhammad Iqbal,5,,setahun lalu,5,5,5,Saoenk Cobek Sudiang,Google Maps,2026-05-14 21:12:57
ChdDSUhNMG9nS0VJQ0FnSUMzMEp5UndRRRAB,Rizqo Nur Riska,5,,setahun lalu,,,,Saoenk Cobek Sudiang,Google Maps,2026-05-14 21:12:57
ChZDSUhNMG9nS0VJQ0FnSURYdl9Pa1hBEAE,Herman Fatimah,5,,setahun lalu,5,5,5,Saoenk Cobek Sudiang,Google Maps,2026-05-14 21:12:57
ChZDSUhNMG9nS0VJQ0FnSUNOc05hUEZ3EAE,imrawati haruna,5,Favorit keluarga 🤩🤩🤩,Diedit setahun lalu,5,,5,Saoenk Cobek Sudiang,Google Maps,2026-05-14 21:12:57
ChdDSUhNMG9nS0VJQ0FnSURYM0pTbWlnRRAB,Rusdi Husen,4,Menengah ke atas..,setahun lalu,4,3,5,Saoenk Cobek Sudiang,Google Maps,2026-05-14 21:12:57
ChdDSUhNMG9nS0VJQ0FnSURYaExpdWpBRRAB,daLLaS pRz,1,"Tadi singgah mau makan... sudah 10 menit lebih menunggu tapi di cueki sama pelayannya... lebih bae pulang cari t4 makan lain.

Saya datang tadi siang sktr jam 1. Anak saya sudah pergi info pelayan kami mau pesan. Jangankan di layani. di bawakan menu saja tidak... 10 menit berlalu tidak ada tanda2 mau di layani. jadinya pulang...",setahun lalu,,1,,Saoenk Cobek Sudiang,Google Maps,2026-05-14 21:12:57
ChdDSUhNMG9nS0VJQ0FnSUNYNFptMndBRRAB,Fatimah Herman,5,,setahun lalu,5,5,5,Saoenk Cobek Sudiang,Google Maps,2026-05-14 21:13:24
ChZDSUhNMG9nS0VJQ0FnSUNYOEtmZ05BEAE,Adhy Musliadi,5,"MasyaAllah,sangat terjangkau untuk paketannya, makan 13 orang, puas, cukup.. hanya dengan paket 2., cuma 500 ribuan",setahun lalu,5,5,5,Saoenk Cobek Sudiang,Google Maps,2026-05-14 21:13:24
ChdDSUhNMG9nS0VJQ0FnSUNucjlDdjR3RRAB,Restananse “Reztan”,4,,setahun lalu,4,4,4,Saoenk Cobek Sudiang,Google Maps,2026-05-14 21:13:24
ChZDSUhNMG9nS0VJQ0FnSUNuLTl1bGRBEAE,Agustina Kristinatasari,5,"Parkir motor dan mobil luas, dekat dg jalan perintis. Lokasi sejuk dan bersih. Pelayannya ramah dan satset. Cuma untuk waktu tunggu makanan lumayan agak lama ya. Saya pesan ikan kakap yg sebelah tidak pedas dan sebelah pedas. Ikannya enak, bumbunya terasa masuk untuk lidah kami orang jawa. Pesen juga udang saos padang. Udangnya gede gede per porsi isinya kurleb 6-7 udang yg gede. Bukan yg kecil kecil. Rasanya tidak terlalu pedas. Kalo yg pecinta pedas minta cabe yg banyak. Pesen minum es teh es jeruk sama air mineral itu habis 250an. Lumayanlah ya sebanding 👍🏻",setahun lalu,4,5,5,Saoenk Cobek Sudiang,Google Maps,2026-05-14 21:13:24
ChZDSUhNMG9nS0VJQ0FnSUNucWVDMlB3EAE,Msumardi Atmadja,5,,setahun lalu,5,5,5,Saoenk Cobek Sudiang,Google Maps,2026-05-14 21:13:24
ChdDSUhNMG9nS0VJQ0FnSUNueHF1anB3RRAB,Dahzan 89,4,,setahun lalu,,,,Saoenk Cobek Sudiang,Google Maps,2026-05-14 21:13:24
ChdDSUhNMG9nS0VJQ0FnSUNuMU5mazZ3RRAB,st rahmah,5,Rekomendasi tempat makan bersama keluarga,setahun lalu,5,5,5,Saoenk Cobek Sudiang,Google Maps,2026-05-14 21:13:24
ChZDSUhNMG9nS0VJQ0FnSUNIcFltYWRREAE,Freddy Yanto,4,"Oke lah untuk suasananya. Cuma kesemutan kaki kalau tidak terbiasa lesehan. Waktu itu coba ayam bakar madu, tapi rasa ayamnya di dalam lumayan polos (coba ayamnya diungkep dulu baru dibakar mungkin lebih maknyus).",setahun lalu,,,,Saoenk Cobek Sudiang,Google Maps,2026-05-14 21:13:24
ChZDSUhNMG9nS0VJQ0FnSUQ3M2JYWU13EAE,Bayu Broto,5,Tempat makan yang tepat bersama keluarga atau teman teman. Menu beragam dengan rasa yang enak. Harga relatif terjangkau. Suasana nyaman dengan tempat parkir yang luas,setahun lalu,5,4,5,Saoenk Cobek Sudiang,Google Maps,2026-05-14 21:13:24
ChdDSUhNMG9nS0VJQ0FnSUM3Z3V5Q3JBRRAB,irma wati,5,,setahun lalu,5,5,5,Saoenk Cobek Sudiang,Google Maps,2026-05-14 21:13:24
ChdDSUhNMG9nS0VJQ0FnSUM3MlBTN3hRRRAB,Real Assagaf,4,,setahun lalu,4,3,4,Saoenk Cobek Sudiang,Google Maps,2026-05-14 21:13:51
ChdDSUhNMG9nS0VJQ0FnSURiMlpES2pBRRAB,PernahDolan,5,,setahun lalu,5,5,5,Saoenk Cobek Sudiang,Google Maps,2026-05-14 21:13:51
ChZDSUhNMG9nS0VJQ0FnSURieVpTWWNBEAE,King Backsound,4,,setahun lalu,,,,Saoenk Cobek Sudiang,Google Maps,2026-05-14 21:13:51
ChdDSUhNMG9nS0VJQ0FnSURiMUtqb3F3RRAB,hermin emi,1,"Harga tdk sesuai dengan porsi
Rasa makan biasa aja
Mana mahal lg",setahun lalu,1,3,3,Saoenk Cobek Sudiang,Google Maps,2026-05-14 21:13:51
ChdDSUhNMG9nS0VJQ0FnSUNibk1LUzRBRRAB,Danial Hamzah,5,Yg mantap kepiting hamburnya 🤤🤤🤤,setahun lalu,5,5,5,Saoenk Cobek Sudiang,Google Maps,2026-05-14 21:13:51
ChdDSUhNMG9nS0VJQ0FnSUNydl9MejJ3RRAB,fransiska sinar,4,,setahun lalu,4,4,5,Saoenk Cobek Sudiang,Google Maps,2026-05-14 21:13:51
ChZDSUhNMG9nS0VJQ0FnSUNyd0pUbE9BEAE,Shaka jho,3,,setahun lalu,,,,Saoenk Cobek Sudiang,Google Maps,2026-05-14 21:13:51
ChZDSUhNMG9nS0VJQ0FnSURMN2N5eUtBEAE,AKBAR Fernandez,5,,setahun lalu,5,5,5,Saoenk Cobek Sudiang,Google Maps,2026-05-14 21:13:51
ChZDSUhNMG9nS0VJQ0FnSUNMOE96NFV3EAE,Ronald Patrick Adipratama,5,,setahun lalu,5,5,4,Saoenk Cobek Sudiang,Google Maps,2026-05-14 21:13:51
ChdDSUhNMG9nS0VJQ0FnSUN6cDQyRHJRRRAB,Ardhy Putra,5,,setahun lalu,5,5,5,Saoenk Cobek Sudiang,Google Maps,2026-05-14 21:13:51
ChdDSUhNMG9nS0VJQ0FnSUN6dy16UThnRRAB,nurhaeni amir,5,"Suka, tempatnya luas.. vip nya luas bisa buat meeting & acara lainnya",setahun lalu,5,5,5,Saoenk Cobek Sudiang,Google Maps,2026-05-14 21:14:18
ChdDSUhNMG9nS0VJQ0FnSUN6cHZpQnh3RRAB,Anadiana Buchary,4,,setahun lalu,,,,Saoenk Cobek Sudiang,Google Maps,2026-05-14 21:14:18
ChdDSUhNMG9nS0VJQ0FnSURUeXZpbDVRRRAB,Sherief Maronie (smaronie),5,👍🏻,setahun lalu,5,5,5,Saoenk Cobek Sudiang,Google Maps,2026-05-14 21:14:18
ChdDSUhNMG9nS0VJQ0FnSURUekxEMDlRRRAB,Taufan Yudhistira,5,"Mantap! Tempatnya luas, tempat parkirnya pun luas. Letaknya strategis. Makanan enak. Pelayanannya bagus.",setahun lalu,,,,Saoenk Cobek Sudiang,Google Maps,2026-05-14 21:14:18
ChdDSUhNMG9nS0VJQ0FnSUNUb183NzhnRRAB,Nurul Afni Eka Putri,5,,setahun lalu,,,,Saoenk Cobek Sudiang,Google Maps,2026-05-14 21:14:18
ChdDSUhNMG9nS0VJQ0FnSUNUb3Z6MC1nRRAB,Irmaserin Pongbura,1,"Pesan kerang Soenkcobek kebanyakan ga ada isinya, terus bebek palekko nya sedikit sekalii beda dengan kemarin2 pas makan disana. Pas bayar dikasir bayarnya ga sesuai dengan bilnya. Dibil 213rb tapi disuruh bayar248rb🥲",2 tahun lalu,5,1,5,Saoenk Cobek Sudiang,Google Maps,2026-05-14 21:14:18
ChZDSUhNMG9nS0VJQ0FnSURqaThhTkNREAE,Muhammad Isnain,4,,2 tahun lalu,,,,Saoenk Cobek Sudiang,Google Maps,2026-05-14 21:14:18
ChZDSUhNMG9nS0VJQ0FnSURqOXFLWWJBEAE,Nuraeni Ristanti Darman,5,,2 tahun lalu,5,5,5,Saoenk Cobek Sudiang,Google Maps,2026-05-14 21:14:18
ChZDSUhNMG9nS0VJQ0FnSURqaHBTY1RnEAE,suci rahayu,5,,2 tahun lalu,,,,Saoenk Cobek Sudiang,Google Maps,2026-05-14 21:14:18
ChdDSUhNMG9nS0VJQ0FnSUNqMmJTUC1RRRAB,Ahmad Zaki,5,,Diedit 2 tahun lalu,5,5,5,Saoenk Cobek Sudiang,Google Maps,2026-05-14 21:14:18
ChZDSUhNMG9nS0VJQ0FnSUNqbU1UZkl3EAE,Rais Thahir,4,Tempatnya bersih,2 tahun lalu,4,4,4,Saoenk Cobek Sudiang,Google Maps,2026-05-14 21:14:44
ChZDSUhNMG9nS0VJQ0FnSUNqaU0zcUxREAE,Ulwa Family,5,,2 tahun lalu,,,,Saoenk Cobek Sudiang,Google Maps,2026-05-14 21:14:44
ChZDSUhNMG9nS0VJQ0FnSUNqb1AzcUx3EAE,Gilang Med.,5,,2 tahun lalu,,,,Saoenk Cobek Sudiang,Google Maps,2026-05-14 21:14:44
ChZDSUhNMG9nS0VJQ0FnSUNqd0pTT0dREAE,selfi haris,4,"Makanannya enak, tempatnya nyaman. Hanya masih perlu memperbaiki kualitas pelayanan, misalnya dalam hal keramahan staff dan kemudahan dalam melakukan pemesanan atau panggilan pelanggan kepada staf. Mungkin kedepan dapat memasang bel atau hal yg menjadi penanda jika ada panggilan customer kepada staff yg sifatnya mendesak agar customer tidak perlu berjalan jauh lagi menuju meja utama. Sukses selalu Saoeng Cobek.",2 tahun lalu,,,,Saoenk Cobek Sudiang,Google Maps,2026-05-14 21:14:44
ChdDSUhNMG9nS0VJQ0FnSUNqZ0pfNG9RRRAB,A. Asyhary,5,"Makanannya enak, dan lokasinya Aistetic",2 tahun lalu,,,,Saoenk Cobek Sudiang,Google Maps,2026-05-14 21:14:44
ChZDSUhNMG9nS0VJQ0FnSUREek9LV0J3EAE,Anton Tao,5,tempatnya aman dan asik,2 tahun lalu,,,,Saoenk Cobek Sudiang,Google Maps,2026-05-14 21:14:44
ChZDSUhNMG9nS0VJQ0FnSUNEbTdXbkVREAE,Asyer Ammay,4,Nyaman. Makanan enak,2 tahun lalu,5,4,4,Saoenk Cobek Sudiang,Google Maps,2026-05-14 21:14:44
ChdDSUhNMG9nS0VJQ0FnSUNEbmVXWGhBRRAB,Ahdiyah Wulandari,3,"Agak mahal krn Makanan rasanya biasa sj. Pelayannya agak jutek2 dan kurang bagus sikapnya ke customer. Underated mnrtku yah. Tidak Rekomended untuk harga, krn rasa dan pelayanan seperti itu. Suasana biasa2 sj. Diperbaiki lg kualitasnya ya. Oiya kalo ditanya mau balik ke resto itu lg atau tdk, sepertinya tidak yah. Terimakasih",2 tahun lalu,3,3,4,Saoenk Cobek Sudiang,Google Maps,2026-05-14 21:14:44
ChdDSUhNMG9nS0VJQ0FnSUNEbXF5ZS1RRRAB,Agus Salim,5,,2 tahun lalu,,,,Saoenk Cobek Sudiang,Google Maps,2026-05-14 21:14:44
ChdDSUhNMG9nS0VJQ0FnSUNEb3JlUnlBRRAB,Ridwan Wawan,4,,2 tahun lalu,,,,Saoenk Cobek Sudiang,Google Maps,2026-05-14 21:14:44
ChdDSUhNMG9nS0VJQ0FnSUNEc1BMUzVnRRAB,Asnida Azis,5,,2 tahun lalu,,,,Saoenk Cobek Sudiang,Google Maps,2026-05-14 21:15:11
ChZDSUhNMG9nS0VJQ0FnSUQ5OHJ2V2VREAE,Ulfa Zain,5,,2 tahun lalu,5,5,5,Saoenk Cobek Sudiang,Google Maps,2026-05-14 21:15:11
ChdDSUhNMG9nS0VJQ0FnSUM5aGNiT2tRRRAB,Ririn Oktaviasari,4,Enak sih.. ikan bakar ricanya.. manteep pooll.. klo cari tempat daerah sini ala2 saunk..bisalah direkomenadsikan,2 tahun lalu,4,4,4,Saoenk Cobek Sudiang,Google Maps,2026-05-14 21:15:11
ChdDSUhNMG9nS0VJQ0FnSUM5OXJtOTNRRRAB,Fajril Nur,3,,2 tahun lalu,,,,Saoenk Cobek Sudiang,Google Maps,2026-05-14 21:15:11
ChdDSUhNMG9nS0VJQ0FnSURkcFlpbGtRRRAB,Kezia Tonengan,5,,2 tahun lalu,4,5,4,Saoenk Cobek Sudiang,Google Maps,2026-05-14 21:15:11
ChZDSUhNMG9nS0VJQ0FnSURkMXBqLUlnEAE,Riandi Gusni,4,,2 tahun lalu,,,,Saoenk Cobek Sudiang,Google Maps,2026-05-14 21:15:11
ChZDSUhNMG9nS0VJQ0FnSURkOE1HTVBREAE,Farid Andika,5,"Suasananya luar biasa, dengan suasana saung dan ikan di bawah kami. Saya mencoba cumi saos asam manis dan cumi goreng tepung, keduanya enak dan segar. Namun, saya kurang suka ayam bakar madunya; baunya agak aneh.",2 tahun lalu,5,5,5,Saoenk Cobek Sudiang,Google Maps,2026-05-14 21:15:11
ChdDSUhNMG9nS0VJQ0FnSURkd0lpZC1RRRAB,Andi Muhammad Irfan,5,,2 tahun lalu,,,,Saoenk Cobek Sudiang,Google Maps,2026-05-14 21:15:11
ChdDSUhNMG9nS0VJQ0FnSUR0aDdueW5nRRAB,stanly dj,5,,2 tahun lalu,,,,Saoenk Cobek Sudiang,Google Maps,2026-05-14 21:15:11
ChZDSUhNMG9nS0VJQ0FnSUR0cHBEeFZBEAE,Nikotiyanto Dwi Cahyono,5,,2 tahun lalu,5,5,5,Saoenk Cobek Sudiang,Google Maps,2026-05-14 21:15:11
ChZDSUhNMG9nS0VJQ0FnSUR0a0xtUmFnEAE,Iskandar Karang,5,,2 tahun lalu,,,,Saoenk Cobek Sudiang,Google Maps,2026-05-14 21:15:44
ChZDSUhNMG9nS0VJQ0FnSUROMzgzVVZBEAE,Basir Nusu,5,,2 tahun lalu,5,5,5,Saoenk Cobek Sudiang,Google Maps,2026-05-14 21:15:44
ChZDSUhNMG9nS0VJQ0FnSURObThmWGVBEAE,Nandho Baus,4,,2 tahun lalu,,,,Saoenk Cobek Sudiang,Google Maps,2026-05-14 21:15:44
ChZDSUhNMG9nS0VJQ0FnSURObUtQR0x3EAE,Indra jaya,5,,2 tahun lalu,5,5,5,Saoenk Cobek Sudiang,Google Maps,2026-05-14 21:15:44
ChRDSUhNMG9nS0VJQ0FnSUROeU1FaRAB,novianty yasin,5,Suasana bagus. Makanan enak.,2 tahun lalu,,,,Saoenk Cobek Sudiang,Google Maps,2026-05-14 21:15:44
ChZDSUhNMG9nS0VJQ0FnSUNKNnJ2ZUF3EAE,By Afif,5,"Rasa makanannya enak. Mantulll. Fasilitas pelengkap (Mushalla, parkir) okee...
Puas pokoknya.",Diedit 2 tahun lalu,5,5,5,Saoenk Cobek Sudiang,Google Maps,2026-05-14 21:15:44
ChZDSUhNMG9nS0VJQ0FnSUNOejhlMGN3EAE,H.Bornew,4,,2 tahun lalu,,,,Saoenk Cobek Sudiang,Google Maps,2026-05-14 21:15:44
ChZDSUhNMG9nS0VJQ0FnSUQxa1lpTE13EAE,MARLINAH ARHAM ALAM,5,,2 tahun lalu,,,,Saoenk Cobek Sudiang,Google Maps,2026-05-14 21:15:44
ChZDSUhNMG9nS0VJQ0FnSUQxcXVES1VBEAE,Idin Arifin,5,,2 tahun lalu,,,,Saoenk Cobek Sudiang,Google Maps,2026-05-14 21:15:44
ChdDSUhNMG9nS0VJQ0FnSUQxMHNtTGxnRRAB,Syafril Mile,5,,2 tahun lalu,5,5,5,Saoenk Cobek Sudiang,Google Maps,2026-05-14 21:15:44
ChZDSUhNMG9nS0VJQ0FnSUMxLWNqQUtBEAE,Arif Kusharyadi,5,,2 tahun lalu,5,4,5,Saoenk Cobek Sudiang,Google Maps,2026-05-14 21:16:11
ChdDSUhNMG9nS0VJQ0FnSUMxNGVQQ293RRAB,Alfian Massagony,5,"Jika Anda mencari pengalaman bersantap yang unik di Makassar, restoran ini layak dipertimbangkan, terutama jika Anda berencana berkunjung bersama rombongan atau keluarga. Meskipun harganya mungkin tergolong agak mahal, rasa makanannya tidak diragukan lagi sangat lezat. Namun, respons tim reservasi kurang memuaskan. Meskipun bisa melakukan reservasi melalui WhatsApp, kami harus mengunjungi restoran secara langsung karena tidak mendapat respons di aplikasi tersebut. Terlebih lagi, bahkan setelah memberi tahu tim tentang preferensi menu kami dan membayar uang muka, tim administrasi masih membutuhkan waktu untuk merespons. Terlepas dari masalah kecil ini, saya tetap merekomendasikan restoran ini karena pengalaman bersantapnya yang unik dan makanannya yang fantastis.",2 tahun lalu,4,3,5,Saoenk Cobek Sudiang,Google Maps,2026-05-14 21:16:11
ChZDSUhNMG9nS0VJQ0FnSUMxcnJPZkVREAE,Faris Farrish,4,"Senang kami bisa di jamu dengan cukup baik.
Beberapa waiters mungkin bisa lebih baik. Sebaiknya kalau mau mengambil sesuatu yang sudah ada di atas meja, memberi informasi yang baik kepada custumer.
Soal makanan mungkin chef nya sedikit kelelahan. Jangan sampai ekspektasi konsumen tengtang makanan yang terlihat enak tapi tidak memiliki rasa.",2 tahun lalu,4,4,3,Saoenk Cobek Sudiang,Google Maps,2026-05-14 21:16:11
ChRDSUhNMG9nS0VJQ0FnSUMxdXZwZxAB,Faizal,5,,2 tahun lalu,5,5,5,Saoenk Cobek Sudiang,Google Maps,2026-05-14 21:16:11
ChZDSUhNMG9nS0VJQ0FnSUMxb3ZPeVlREAE,Nasrullah,1,"Harga mahal, lalat banyak, ikannya tidak segar, pelayanannya tidak rama",2 tahun lalu,1,1,5,Saoenk Cobek Sudiang,Google Maps,2026-05-14 21:16:11
ChdDSUhNMG9nS0VJQ0FnSUMxd3NtenlRRRAB,Indah Chairunisa,4,Suasananya bagus,2 tahun lalu,3,4,5,Saoenk Cobek Sudiang,Google Maps,2026-05-14 21:16:11
ChZDSUhNMG9nS0VJQ0FnSURWajg3WE5nEAE,Airlangga Arung Budita,4,Mantap 👍,2 tahun lalu,4,4,,Saoenk Cobek Sudiang,Google Maps,2026-05-14 21:16:11
ChdDSUhNMG9nS0VJQ0FnSURWX1pMdzFnRRAB,Arief,5,,2 tahun lalu,5,5,5,Saoenk Cobek Sudiang,Google Maps,2026-05-14 21:16:11
ChdDSUhNMG9nS0VJQ0FnSURWOXU3eXh3RRAB,SaifuL AE,5,"Tempat bersih, pelayanan cepat dan baik, suasana nyaman. Recomended",2 tahun lalu,5,5,5,Saoenk Cobek Sudiang,Google Maps,2026-05-14 21:16:11
ChdDSUhNMG9nS0VJQ0FnSURWcXAtNjF3RRAB,Ramsiah Rachmat,4,Suasana bagus.. rasa makanan lumayan.. agak mahal sih menurutku..,2 tahun lalu,4,4,5,Saoenk Cobek Sudiang,Google Maps,2026-05-14 21:16:11
ChZDSUhNMG9nS0VJQ0FnSUNWbHRyak9nEAE,Irvan Nawir,5,Harga mahal,2 tahun lalu,5,5,5,Saoenk Cobek Sudiang,Google Maps,2026-05-14 21:16:38
ChdDSUhNMG9nS0VJQ0FnSUNWeEliWHB3RRAB,Achmad Jaya,5,,2 tahun lalu,,,,Saoenk Cobek Sudiang,Google Maps,2026-05-14 21:16:38
ChZDSUhNMG9nS0VJQ0FnSURsMnN6TUZnEAE,Chihaya,4,"Tempat yang luas untuk dikunjungi makan bersama dengan banyak orang. Makanannya enak dan pas dengan lidah anak-anak dan orang dewasa.

Untuk tempat, gazebonya kurang dan terkadang harus reservasi dulu jika ingin mendapatkan tempat. Kurang sejuk walaupun sudah ditambah dengan kipas. Kurang spot foto jika ingin mengabadikan momen bersama.

Mudah dalam memesan dan pelayanannya ramah.",2 tahun lalu,5,4,3,Saoenk Cobek Sudiang,Google Maps,2026-05-14 21:16:38
ChdDSUhNMG9nS0VJQ0FnSURsMHFyMjN3RRAB,M. Taufan B,4,,2 tahun lalu,,,,Saoenk Cobek Sudiang,Google Maps,2026-05-14 21:16:38
ChZDSUhNMG9nS0VJQ0FnSUNsallpMlVBEAE,Hasan Soleh,4,Gasibu-gasibu di atas kolam ikan,2 tahun lalu,4,4,4,Saoenk Cobek Sudiang,Google Maps,2026-05-14 21:16:38
ChdDSUhNMG9nS0VJQ0FnSUNsbVpXWHVBRRAB,Renbooo,4,"Selalu jadi tempat makan keluarga, hanya saja saat terakhir kali makan kepiting nampannya kerangnya gak dikit bgt. Dan kolam ikannya pada kosong, hanya 1 yg ada air dan ikannya 😅",2 tahun lalu,4,5,4,Saoenk Cobek Sudiang,Google Maps,2026-05-14 21:16:38
ChdDSUhNMG9nS0VJQ0FnSUNsanNmX3hRRRAB,Andi Muhammad Randy Aman,4,,2 tahun lalu,4,3,4,Saoenk Cobek Sudiang,Google Maps,2026-05-14 21:16:38
ChZDSUhNMG9nS0VJQ0FnSUNsLXRmSlRBEAE,Diman CH,5,,2 tahun lalu,,,,Saoenk Cobek Sudiang,Google Maps,2026-05-14 21:16:38
ChdDSUhNMG9nS0VJQ0FnSUNsNUp6aG1BRRAB,Hasrul Harun,5,,2 tahun lalu,3,3,3,Saoenk Cobek Sudiang,Google Maps,2026-05-14 21:16:38
ChdDSUhNMG9nS0VJQ0FnSURGbThmeV9BRRAB,Suryo,4,,2 tahun lalu,4,4,4,Saoenk Cobek Sudiang,Google Maps,2026-05-14 21:16:38
ChZDSUhNMG9nS0VJQ0FnSURGNXNiNFlREAE,TONI KALA,5,,2 tahun lalu,,,,Saoenk Cobek Sudiang,Google Maps,2026-05-14 21:17:05
ChZDSUhNMG9nS0VJQ0FnSURGMnBqRmZnEAE,adit MAWP,5,,2 tahun lalu,5,5,5,Saoenk Cobek Sudiang,Google Maps,2026-05-14 21:17:05
ChdDSUhNMG9nS0VJQ0FnSURGcVAyTHlnRRAB,Raodah Naim,5,Direkomendasikan,2 tahun lalu,,,,Saoenk Cobek Sudiang,Google Maps,2026-05-14 21:17:05
ChZDSUhNMG9nS0VJQ0FnSUNGblpINmRREAE,Mabrur Resky,1,Pelayannya Jutek.... Attitude Buruk,2 tahun lalu,2,1,3,Saoenk Cobek Sudiang,Google Maps,2026-05-14 21:17:05
ChdDSUhNMG9nS0VJQ0FnSUNGemFTempnRRAB,akhnan rizaldy,4,,2 tahun lalu,5,4,4,Saoenk Cobek Sudiang,Google Maps,2026-05-14 21:17:05
ChZDSUhNMG9nS0VJQ0FnSUNGNE5PX1V3EAE,Jum Raini,5,,2 tahun lalu,,,,Saoenk Cobek Sudiang,Google Maps,2026-05-14 21:17:05
ChdDSUhNMG9nS0VJQ0FnSUNwb0pEVWhRRRAB,al jupe,4,,Diedit 2 tahun lalu,4,4,4,Saoenk Cobek Sudiang,Google Maps,2026-05-14 21:17:05
ChdDSUhNMG9nS0VJQ0FnSUQ1Z1ltazRRRRAB,R Dee,5,,2 tahun lalu,,,,Saoenk Cobek Sudiang,Google Maps,2026-05-14 21:17:05
ChZDSUhNMG9nS0VJQ0FnSUQ1MnZMdUhnEAE,Nurtahny Tahnyy,5,,2 tahun lalu,5,5,4,Saoenk Cobek Sudiang,Google Maps,2026-05-14 21:17:05
ChZDSUhNMG9nS0VJQ0FnSUM1LTdTWlVREAE,Roslan Takeshi,5,Recomended lah!!!!!!,2 tahun lalu,5,5,5,Saoenk Cobek Sudiang,Google Maps,2026-05-14 21:17:05
ChdDSUhNMG9nS0VJQ0FnSURaX1k2MWtBRRAB,Slamet Widodo,5,,2 tahun lalu,5,5,5,Saoenk Cobek Sudiang,Google Maps,2026-05-14 21:17:38
ChdDSUhNMG9nS0VJQ0FnSURaemZ5MnhRRRAB,Fatma Fate',5,,2 tahun lalu,,,,Saoenk Cobek Sudiang,Google Maps,2026-05-14 21:17:38
ChdDSUhNMG9nS0VJQ0FnSURabGZPS3VnRRAB,IFHN KHLF,5,,2 tahun lalu,,,,Saoenk Cobek Sudiang,Google Maps,2026-05-14 21:17:38
ChZDSUhNMG9nS0VJQ0FnSURabkpISFF3EAE,Bro M,3,,2 tahun lalu,,3,5,Saoenk Cobek Sudiang,Google Maps,2026-05-14 21:17:38
ChZDSUhNMG9nS0VJQ0FnSUNabjZpWlVREAE,Deisy Thursiana,4,Tempat dan makanannya cukup bagus harga juga membumi,2 tahun lalu,4,4,4,Saoenk Cobek Sudiang,Google Maps,2026-05-14 21:17:38
ChZDSUhNMG9nS0VJQ0FnSUNadDZXa0R3EAE,Tomi Santoso,5,,2 tahun lalu,5,4,5,Saoenk Cobek Sudiang,Google Maps,2026-05-14 21:17:38
ChZDSUhNMG9nS0VJQ0FnSUNabE5XcmJBEAE,Fitriani Haris,5,enakkk,2 tahun lalu,,,,Saoenk Cobek Sudiang,Google Maps,2026-05-14 21:17:38
ChZDSUhNMG9nS0VJQ0FnSUNaLU15OGVnEAE,Isma Purnama sari,5,,2 tahun lalu,5,4,5,Saoenk Cobek Sudiang,Google Maps,2026-05-14 21:17:38
ChZDSUhNMG9nS0VJQ0FnSUNadU5MOE5REAE,Mozdeo Kepanjen,5,Sungguh mantabs,2 tahun lalu,5,5,5,Saoenk Cobek Sudiang,Google Maps,2026-05-14 21:17:38
ChdDSUhNMG9nS0VJQ0FnSUNaNEk2dnVBRRAB,ranni resnia,4,,2 tahun lalu,4,3,3,Saoenk Cobek Sudiang,Google Maps,2026-05-14 21:17:38
ChZDSUhNMG9nS0VJQ0FnSURwOThQcUZREAE,Mohammad Ali Jinnah,5,Mantap rasanya,2 tahun lalu,5,5,5,Saoenk Cobek Sudiang,Google Maps,2026-05-14 21:18:05
ChdDSUhNMG9nS0VJQ0FnSURwazVpNHhBRRAB,MUHAMMAD TAYYIB,3,"Rasa lumayan (perlu sedikit garam) , sambel cabe ijo enak, pelayanan baik",2 tahun lalu,3,5,4,Saoenk Cobek Sudiang,Google Maps,2026-05-14 21:18:05
ChZDSUhNMG9nS0VJQ0FnSURwcWZ2R0pBEAE,Saifullah Yusuf,4,,2 tahun lalu,4,4,3,Saoenk Cobek Sudiang,Google Maps,2026-05-14 21:18:05
ChZDSUhNMG9nS0VJQ0FnSURwbUx1M05nEAE,Ahmad Sidiq Yusuf,5,,2 tahun lalu,5,5,5,Saoenk Cobek Sudiang,Google Maps,2026-05-14 21:18:05
ChdDSUhNMG9nS0VJQ0FnSUNwdDVtd2hBRRAB,Harun Hakim,5,Tempat makan area dekat kantor Polda Sulsel,2 tahun lalu,,,,Saoenk Cobek Sudiang,Google Maps,2026-05-14 21:18:05
ChZDSUhNMG9nS0VJQ0FnSUNwaWVtZ1JREAE,sukri uki,3,"Makanan agak mahal dan gorengan nya masih berminyak sekali disajikan seharusnya ditiris baik2 dl., tp suasana lumayan baik",2 tahun lalu,3,3,4,Saoenk Cobek Sudiang,Google Maps,2026-05-14 21:18:05
ChZDSUhNMG9nS0VJQ0FnSUNwbnNieWF3EAE,Roshdiana Roshdiana,5,,2 tahun lalu,,,,Saoenk Cobek Sudiang,Google Maps,2026-05-14 21:18:05
ChdDSUhNMG9nS0VJQ0FnSUNwN3VlajBnRRAB,Herlina Elhyad,1,,2 tahun lalu,,,,Saoenk Cobek Sudiang,Google Maps,2026-05-14 21:18:05
ChZDSUhNMG9nS0VJQ0FnSUNwekp2Nkl3EAE,Andi Marwati,4,,2 tahun lalu,,,,Saoenk Cobek Sudiang,Google Maps,2026-05-14 21:18:05
ChZDSUhNMG9nS0VJQ0FnSURKbGZxUEFnEAE,Joko Suhardiman,4,,2 tahun lalu,5,3,4,Saoenk Cobek Sudiang,Google Maps,2026-05-14 21:18:05
ChdDSUhNMG9nS0VJQ0FnSURKaGJIUjdBRRAB,Akka -,3,,2 tahun lalu,3,4,3,Saoenk Cobek Sudiang,Google Maps,2026-05-14 21:18:32
ChZDSUhNMG9nS0VJQ0FnSURKc2NiZVVBEAE,Hikmat Faisal Azhar,4,,2 tahun lalu,4,4,5,Saoenk Cobek Sudiang,Google Maps,2026-05-14 21:18:32
ChdDSUhNMG9nS0VJQ0FnSURKc3FyRjVnRRAB,Pik_topik,4,"Tempat luas, masakan juga enak",2 tahun lalu,4,4,4,Saoenk Cobek Sudiang,Google Maps,2026-05-14 21:18:32
ChZDSUhNMG9nS0VJQ0FnSURKNU5QOURREAE,Fadhilah Azis,5,,2 tahun lalu,,,,Saoenk Cobek Sudiang,Google Maps,2026-05-14 21:18:32
ChZDSUhNMG9nS0VJQ0FnSUNKOTZtamJREAE,Kharuniantha,5,,2 tahun lalu,,,,Saoenk Cobek Sudiang,Google Maps,2026-05-14 21:18:32
ChdDSUhNMG9nS0VJQ0FnSUNKeS1XOWh3RRAB,Lizha Aulya,5,,2 tahun lalu,,,,Saoenk Cobek Sudiang,Google Maps,2026-05-14 21:18:32
ChdDSUhNMG9nS0VJQ0FnSUNKdGJyU3ZBRRAB,bangun dwi prasetyo,5,"Tempat makan yg cukup strategis di daeng Ramang, Makassar. Tempat bersih, parkir cukup luas. Silahkan mencoba sendiri y gaes menu makanannya",2 tahun lalu,4,5,5,Saoenk Cobek Sudiang,Google Maps,2026-05-14 21:18:32
ChZDSUhNMG9nS0VJQ0FnSUNKLWFfYktBEAE,Alya Fadhilah,5,,2 tahun lalu,,,,Saoenk Cobek Sudiang,Google Maps,2026-05-14 21:18:32
ChdDSUhNMG9nS0VJQ0FnSUNKNFlYdTFRRRAB,Aisyah Amin,4,Bersih...makanan enak toilet bersih..,2 tahun lalu,,,,Saoenk Cobek Sudiang,Google Maps,2026-05-14 21:18:32
ChZDSUhNMG9nS0VJQ0FnSUNKd3VPMlZBEAE,Etik Setyawati,5,"lezzaatooo.....
ramah , cepat, nyaman dan nikmaaattt",2 tahun lalu,,,,Saoenk Cobek Sudiang,Google Maps,2026-05-14 21:18:32
ChZDSUhNMG9nS0VJQ0FnSUNKNkphdmFnEAE,Lola Adriana N.,4,,2 tahun lalu,,,,Saoenk Cobek Sudiang,Google Maps,2026-05-14 21:18:59
ChZDSUhNMG9nS0VJQ0FnSUR4My12dk13EAE,Trijaka Perkasa,5,,2 tahun lalu,,,,Saoenk Cobek Sudiang,Google Maps,2026-05-14 21:18:59
ChdDSUhNMG9nS0VJQ0FnSUR4ZzZLQnpnRRAB,NHP,4,"Tempat ini sangat dekat dengan Hotel Harper, dan nyaman untuk keluarga. Gazebo (saung) bukan satu-satunya pilihan, mereka juga memiliki lantai dua dan ruang VIP untuk tempat yang lebih luas.

Parkirnya bagus dan terasa aman, karyawannya cepat tanggap, dan pesanan minuman datang lebih dulu, sambil menunggu makanan. Bagus.

Tentang makanan, rasanya enak, hanya sedikit manis, yang mungkin tidak sesuai selera semua orang.

Tentang pelayanan pelayan, saya mungkin mengatakan responsnya cepat, tetapi perlu beberapa peningkatan dalam penyajian makanan ke meja.

Kesimpulannya, tempat ini bagus, nyaman, dan ramah keluarga, dekat dengan jalan umum dan jalan utama... Dan makanannya enak dan memiliki banyak pilihan.
Yang terakhir, yang mungkin menjadi pertimbangan utama, harganya wajar.

Seperti ini.",2 tahun lalu,4,3,4,Saoenk Cobek Sudiang,Google Maps,2026-05-14 21:18:59
ChZDSUhNMG9nS0VJQ0FnSUR4NFpHdFFnEAE,AGUSTINUS SIMBACHS,4,Gak terlalu cocok buat lidah aqyu,2 tahun lalu,4,4,5,Saoenk Cobek Sudiang,Google Maps,2026-05-14 21:18:59
ChdDSUhNMG9nS0VJQ0FnSUR4LU5LUGlRRRAB,rara ananda,5,"Selalu langganan di resto ini, bawa keluarga dn kerabat soalnya tdk trll jauh dr rumah. Rasa masakan semua menu enakkk, pelayanan ok, nggak perlu menunggu waktu lama semua makanan siap dibawa ke gazebo. Tingkatkan yah 👍👍👍",2 tahun lalu,5,5,5,Saoenk Cobek Sudiang,Google Maps,2026-05-14 21:18:59
ChdDSUhNMG9nS0VJQ0FnSUR4bUpfX19nRRAB,Anthyque Bachtiar,5,,2 tahun lalu,,,,Saoenk Cobek Sudiang,Google Maps,2026-05-14 21:18:59
ChdDSUhNMG9nS0VJQ0FnSUN4OTZTYW13RRAB,Asni Rasyid,5,,2 tahun lalu,5,5,5,Saoenk Cobek Sudiang,Google Maps,2026-05-14 21:18:59
ChZDSUhNMG9nS0VJQ0FnSUN4MS1TRmZBEAE,ali parman,5,Mantapplah 😍🥳,2 tahun lalu,5,5,5,Saoenk Cobek Sudiang,Google Maps,2026-05-14 21:18:59
ChdDSUhNMG9nS0VJQ0FnSUN4Mjd2SGp3RRAB,Sumayyah Ahmas,2,"Kemahalan, makan berdua pesan kakap bakar dan es campur + air mineral 300.000 lebih",2 tahun lalu,3,3,3,Saoenk Cobek Sudiang,Google Maps,2026-05-14 21:18:59
ChdDSUhNMG9nS0VJQ0FnSUN4eVo2ZTJ3RRAB,Jihan Gouw,4,"Suasananya enak, cmn untuk makananya nunggu cukup lama dan kadang rasanya agak hambar menurut ku dan agak pricey",2 tahun lalu,4,4,5,Saoenk Cobek Sudiang,Google Maps,2026-05-14 21:18:59
ChZDSUhNMG9nS0VJQ0FnSUN4b3NEdFBnEAE,Fredyan Cahyokusumo,5,"Nyaman, makanan juga enak walaupun harga sedikit agak lebih mahal..",Diedit 2 tahun lalu,5,5,5,Saoenk Cobek Sudiang,Google Maps,2026-05-14 21:19:26
ChdDSUhNMG9nS0VJQ0FnSUN4anByUnRnRRAB,Ruth Mamahit,4,"Suasana menyenangkan.
Makanannya enaaak².
layanannya bagus..ramah²👌",2 tahun lalu,4,5,4,Saoenk Cobek Sudiang,Google Maps,2026-05-14 21:19:26
ChZDSUhNMG9nS0VJQ0FnSUN4MXB5ekxBEAE,Rendra Tristar,5,Tempatnya cozy,2 tahun lalu,,,,Saoenk Cobek Sudiang,Google Maps,2026-05-14 21:19:26
ChZDSUhNMG9nS0VJQ0FnSUN4LXNmYkdREAE,Koko Pras,3,"Tempat Makanan olahan seafood, dari rasa agak kurang, bersih tempatnya, untuk harga masih standard sesuai, ada nuansa saung Untuk tempat makanya dan kolam.
Parkir luas dan pelayanan cepat",2 tahun lalu,3,5,4,Saoenk Cobek Sudiang,Google Maps,2026-05-14 21:19:26
ChZDSUhNMG9nS0VJQ0FnSUN4MHR1WkVnEAE,Junior Thenring,3,,3 tahun lalu,3,2,3,Saoenk Cobek Sudiang,Google Maps,2026-05-14 21:19:26
ChdDSUhNMG9nS0VJQ0FnSUN4a28tbmhRRRAB,Reza Pares,5,Pelayananx cepat dan rama. Cocok temapat makan sekeluarga dan rombongan,3 tahun lalu,5,5,5,Saoenk Cobek Sudiang,Google Maps,2026-05-14 21:19:26
ChdDSUhNMG9nS0VJQ0FnSUN4Z3FLcnNRRRAB,erwanti abdullah,5,"Tersedia Gazebo dgn view kolam ikan,area indoor, ikan bakar star from 90k (medium) 110k (L) ada udang,cumi dan seafood lainnya, tersedia menu ayam kampung, nyaman buat anak bermain",3 tahun lalu,,,,Saoenk Cobek Sudiang,Google Maps,2026-05-14 21:19:26
ChdDSUhNMG9nS0VJQ0FnSUN4X05ieG53RRAB,Marini Arisandy,5,,3 tahun lalu,4,4,4,Saoenk Cobek Sudiang,Google Maps,2026-05-14 21:19:26
ChdDSUhNMG9nS0VJQ0FnSUN4NU9hd2lnRRAB,Afryan Afandi,5,Enak n mantul,3 tahun lalu,5,5,5,Saoenk Cobek Sudiang,Google Maps,2026-05-14 21:19:26
ChZDSUhNMG9nS0VJQ0FnSUN4cE5YMFRREAE,ICHAL REZALDI,3,,3 tahun lalu,3,5,5,Saoenk Cobek Sudiang,Google Maps,2026-05-14 21:19:26
ChZDSUhNMG9nS0VJQ0FnSUN4aU9lX0xBEAE,yoseph danyel,5,,3 tahun lalu,,,,Saoenk Cobek Sudiang,Google Maps,2026-05-14 21:19:52
ChZDSUhNMG9nS0VJQ0FnSURSOTQ3RlZBEAE,ajies tuasikal,5,,3 tahun lalu,,,,Saoenk Cobek Sudiang,Google Maps,2026-05-14 21:19:52
ChdDSUhNMG9nS0VJQ0FnSURSbThudW13RRAB,astri febriyanti,5,,3 tahun lalu,5,5,5,Saoenk Cobek Sudiang,Google Maps,2026-05-14 21:19:52
ChdDSUhNMG9nS0VJQ0FnSURSdnVmVGd3RRAB,Arista Urina,4,,Diedit 3 tahun lalu,4,3,4,Saoenk Cobek Sudiang,Google Maps,2026-05-14 21:19:52
ChdDSUhNMG9nS0VJQ0FnSURSd2V1Q3ZRRRAB,Hardiyanti Anti,5,"Lokasi dekat rumah. Cocok untuk berkumpul bersama keluarga , reunian bersama teman2 dan sahabat.",Diedit 3 tahun lalu,4,4,4,Saoenk Cobek Sudiang,Google Maps,2026-05-14 21:19:52
ChZDSUhNMG9nS0VJQ0FnSURSdWFMV0Z3EAE,Rio Ramadhany,4,"Alhamdulillah, terimakasih saoenk cobek :)",3 tahun lalu,4,3,4,Saoenk Cobek Sudiang,Google Maps,2026-05-14 21:19:52
ChdDSUhNMG9nS0VJQ0FnSURSanR1NXl3RRAB,Besse fitriani,5,,3 tahun lalu,,,,Saoenk Cobek Sudiang,Google Maps,2026-05-14 21:19:52
ChdDSUhNMG9nS0VJQ0FnSUR1OWQ3QzNBRRAB,Anto Kota Daeng,3,Tempatx sangat bagus dgn gasebox yg cantik dan tidak panas,Diedit 3 tahun lalu,3,1,4,Saoenk Cobek Sudiang,Google Maps,2026-05-14 21:19:52
ChdDSUhNMG9nS0VJQ0FnSURScHZLMzF3RRAB,Rahmad Tarigan,5,Makannya enak2.....,3 tahun lalu,,,,Saoenk Cobek Sudiang,Google Maps,2026-05-14 21:19:52
ChdDSUhNMG9nS0VJQ0FnSURSaFBLRmhRRRAB,Syah Munawar Kariopo,5,,3 tahun lalu,,,,Saoenk Cobek Sudiang,Google Maps,2026-05-14 21:19:52
ChZDSUhNMG9nS0VJQ0FnSURSeUxiSVZnEAE,Muh. Jamal Family,5,Setuju,3 tahun lalu,,,,Saoenk Cobek Sudiang,Google Maps,2026-05-14 21:20:20
ChZDSUhNMG9nS0VJQ0FnSURSaU4tbWVnEAE,Sukma Abadi,5,Pokoknya Mantap,3 tahun lalu,5,5,5,Saoenk Cobek Sudiang,Google Maps,2026-05-14 21:20:20
ChZDSUhNMG9nS0VJQ0FnSURSb01iMU9nEAE,Patawari A Rahim,5,,3 tahun lalu,,,,Saoenk Cobek Sudiang,Google Maps,2026-05-14 21:20:20
ChZDSUhNMG9nS0VJQ0FnSUNSel9qcWVnEAE,vava fatchurochman,5,,3 tahun lalu,5,5,5,Saoenk Cobek Sudiang,Google Maps,2026-05-14 21:20:20
ChZDSUhNMG9nS0VJQ0FnSUNSeDVfdkd3EAE,Najamuddin Uddin,1,,3 tahun lalu,2,4,4,Saoenk Cobek Sudiang,Google Maps,2026-05-14 21:20:20
ChdDSUhNMG9nS0VJQ0FnSUNSbTRmRzdBRRAB,Isra Wati,5,Bukber kemarin enak disini.,3 tahun lalu,4,4,5,Saoenk Cobek Sudiang,Google Maps,2026-05-14 21:20:20
ChdDSUhNMG9nS0VJQ0FnSUNSNjY2bS1nRRAB,Muhammad Abrar,4,"Tempat makan bersamamu keluarga dan teman teman yang nyaman.

Makanan yang dihidangkan sangat variatif dan lumayan dalam penyajiannya.

Layanan pun cepat dengan reservasi tempat dengan macam pilihan gazebo outdoor di atas kolam ikan dan area tertutup dengan fasilitas ruang AC yangblumayan besar muat sampai 20-30 orang.

Suasana nyaman lengkap dengan fasilitas musholla yang muat sampai 10 orang.

Tempat parkir juga lumayan luas mampu memuat 20an mobil dan motor yang lebih banyak lagi.

Recommended untuk Arisan dan Rapat",3 tahun lalu,4,4,5,Saoenk Cobek Sudiang,Google Maps,2026-05-14 21:20:20
ChZDSUhNMG9nS0VJQ0FnSUNSbzlhUlVnEAE,Rudie Murdiyanto,4,,3 tahun lalu,4,4,4,Saoenk Cobek Sudiang,Google Maps,2026-05-14 21:20:20
ChdDSUhNMG9nS0VJQ0FnSUNSdzlyQXNnRRAB,Irma Amelya,5,,3 tahun lalu,5,5,5,Saoenk Cobek Sudiang,Google Maps,2026-05-14 21:20:20
ChZDSUhNMG9nS0VJQ0FnSUNSX1ppX0hBEAE,amma Nadsir,5,,3 tahun lalu,5,5,5,Saoenk Cobek Sudiang,Google Maps,2026-05-14 21:20:20
ChdDSUhNMG9nS0VJQ0FnSUNSM2ItSTdBRRAB,Sangkala' Bekerja Indonesia,5,Mantappp,3 tahun lalu,,,,Saoenk Cobek Sudiang,Google Maps,2026-05-14 21:20:50
ChdDSUhNMG9nS0VJQ0FnSUNSdXJiM25nRRAB,Hasan Apandi,4,,3 tahun lalu,4,4,4,Saoenk Cobek Sudiang,Google Maps,2026-05-14 21:20:50
ChdDSUhNMG9nS0VJQ0FnSUNSOHJpMmtBRRAB,Eka Hardian SBA,4,,3 tahun lalu,,,,Saoenk Cobek Sudiang,Google Maps,2026-05-14 21:20:50
ChdDSUhNMG9nS0VJQ0FnSUNSM0wtbjJBRRAB,Irsyadi Siradjuddin,5,,3 tahun lalu,,,,Saoenk Cobek Sudiang,Google Maps,2026-05-14 21:20:50
ChZDSUhNMG9nS0VJQ0FnSUNSZ01uemFnEAE,Sri Wahyuningsi-Aluna,5,,3 tahun lalu,,,,Saoenk Cobek Sudiang,Google Maps,2026-05-14 21:20:50
ChdDSUhNMG9nS0VJQ0FnSURobjZlTzRBRRAB,A. Mohamad Boynawan,5,,3 tahun lalu,4,5,5,Saoenk Cobek Sudiang,Google Maps,2026-05-14 21:20:50
ChdDSUhNMG9nS0VJQ0FnSURodC1PSjd3RRAB,Andha Alwy,5,"Perfect, pokoknya.",3 tahun lalu,5,5,5,Saoenk Cobek Sudiang,Google Maps,2026-05-14 21:20:50
ChZDSUhNMG9nS0VJQ0FnSURoczYyN1NBEAE,Giofani Nur Putri Argenza,5,,3 tahun lalu,,,,Saoenk Cobek Sudiang,Google Maps,2026-05-14 21:20:50
ChdDSUhNMG9nS0VJQ0FnSURoNlkyUWxnRRAB,Budiyono,5,Mantap,3 tahun lalu,5,5,5,Saoenk Cobek Sudiang,Google Maps,2026-05-14 21:20:50
ChZDSUhNMG9nS0VJQ0FnSURoeWVuMEl3EAE,Ahmad lala,5,,3 tahun lalu,5,5,5,Saoenk Cobek Sudiang,Google Maps,2026-05-14 21:20:50
ChdDSUhNMG9nS0VJQ0FnSURoNFllaG1RRRAB,Muhammad Shena,5,"Seafoodnya enak.
Ikan bakarnya enak.
Otak otaknya padat dan enak",3 tahun lalu,5,5,5,Saoenk Cobek Sudiang,Google Maps,2026-05-14 21:21:20
ChdDSUhNMG9nS0VJQ0FnSURocnBqZTdBRRAB,Nur Eni,1,,3 tahun lalu,,,,Saoenk Cobek Sudiang,Google Maps,2026-05-14 21:21:20
ChZDSUhNMG9nS0VJQ0FnSURoMW9uaEJREAE,Puthut,5,,3 tahun lalu,,,,Saoenk Cobek Sudiang,Google Maps,2026-05-14 21:21:20
ChdDSUhNMG9nS0VJQ0FnSURoeHN5dmxnRRAB,Trijantov Agus,5,Makanan enak...... 👍👍👍,3 tahun lalu,5,4,4,Saoenk Cobek Sudiang,Google Maps,2026-05-14 21:21:20
ChZDSUhNMG9nS0VJQ0FnSURoc295Mk5BEAE,Arifah Azis,5,,3 tahun lalu,5,5,5,Saoenk Cobek Sudiang,Google Maps,2026-05-14 21:21:20
ChZDSUhNMG9nS0VJQ0FnSURoX05lUUJ3EAE,jaju 0108,5,makanannya enak dan tempatx strategis,3 tahun lalu,5,5,5,Saoenk Cobek Sudiang,Google Maps,2026-05-14 21:21:20
ChdDSUhNMG9nS0VJQ0FnSUNoa2JmbmdnRRAB,Shabbir Goawala,3,Terlalu mahal,3 tahun lalu,3,3,3,Saoenk Cobek Sudiang,Google Maps,2026-05-14 21:21:20
ChdDSUhNMG9nS0VJQ0FnSUNoNnYyX2hBRRAB,David Sudirman,5,,3 tahun lalu,5,5,5,Saoenk Cobek Sudiang,Google Maps,2026-05-14 21:21:20
ChZDSUhNMG9nS0VJQ0FnSUNoa3QyREhREAE,rizal yahya,5,,3 tahun lalu,,,,Saoenk Cobek Sudiang,Google Maps,2026-05-14 21:21:20
ChdDSUhNMG9nS0VJQ0FnSUNocUxiV2l3RRAB,Shabbir,3,,3 tahun lalu,3,3,2,Saoenk Cobek Sudiang,Google Maps,2026-05-14 21:21:20
ChdDSUhNMG9nS0VJQ0FnSURCbTZlWjdRRRAB,anwar wahab,3,Lumayan bagus hanaya pelayanannya lambat,3 tahun lalu,4,1,3,Saoenk Cobek Sudiang,Google Maps,2026-05-14 21:21:50
ChZDSUhNMG9nS0VJQ0FnSURCLWMyYUFREAE,Idha Pnd,3,,3 tahun lalu,4,3,3,Saoenk Cobek Sudiang,Google Maps,2026-05-14 21:21:50
ChZDSUhNMG9nS0VJQ0FnSURCOGNuMVZREAE,iwank padi,1,,3 tahun lalu,,,,Saoenk Cobek Sudiang,Google Maps,2026-05-14 21:21:50
ChZDSUhNMG9nS0VJQ0FnSURCOGZ6clNBEAE,fandy nari,5,"Recommend untuk makan bersama keluarga , makanan enak dan  gazebo mntap",3 tahun lalu,,,,Saoenk Cobek Sudiang,Google Maps,2026-05-14 21:21:50
ChdDSUhNMG9nS0VJQ0FnSURCc2FxXzNBRRAB,Yogie Pratiknyo,5,"1. Lokasi strategis.
2. Tempat makan yg cocok untuk keluarga.
3. Menu paketnya porsi banyak dan enak.
4. Terong baladonya istimewa.
5. Affordable price.
6. Parkir luas.",3 tahun lalu,5,5,5,Saoenk Cobek Sudiang,Google Maps,2026-05-14 21:21:50
ChdDSUhNMG9nS0VJQ0FnSURCaHRQRzhnRRAB,Rahmat Pannyiwi,4,,3 tahun lalu,4,4,5,Saoenk Cobek Sudiang,Google Maps,2026-05-14 21:21:50
ChZDSUhNMG9nS0VJQ0FnSURCaUwySEJBEAE,KSN NUSANTARA,5,,3 tahun lalu,5,5,5,Saoenk Cobek Sudiang,Google Maps,2026-05-14 21:21:50
ChdDSUhNMG9nS0VJQ0FnSUNCdzVxWmlRRRAB,Lara Sendiri,4,Suasananya  di gazebo nyaman pengen betah lama lama sambil tiduran ma makan makan tapi malu 😂,3 tahun lalu,4,4,4,Saoenk Cobek Sudiang,Google Maps,2026-05-14 21:21:50
ChZDSUhNMG9nS0VJQ0FnSUNCcmVtNlF3EAE,Fadly Arirja Gani,5,,3 tahun lalu,5,5,5,Saoenk Cobek Sudiang,Google Maps,2026-05-14 21:21:50
ChdDSUhNMG9nS0VJQ0FnSUNCemRiVGh3RRAB,ayuk erli,5,,3 tahun lalu,,,,Saoenk Cobek Sudiang,Google Maps,2026-05-14 21:21:50
ChdDSUhNMG9nS0VJQ0FnSUNCOVppVzRBRRAB,BAHRAENI Masmuddin,5,,3 tahun lalu,,,,Saoenk Cobek Sudiang,Google Maps,2026-05-14 21:22:20
ChdDSUhNMG9nS0VJQ0FnSUNCNWFLMjZ3RRAB,Darwis Muin,5,,3 tahun lalu,5,5,5,Saoenk Cobek Sudiang,Google Maps,2026-05-14 21:22:20
ChZDSUhNMG9nS0VJQ0FnSUNCbnZpN0tREAE,Junaedi Sam,5,,3 tahun lalu,,,,Saoenk Cobek Sudiang,Google Maps,2026-05-14 21:22:20
ChZDSUhNMG9nS0VJQ0FnSUNCcHEzcWR3EAE,Fitri Amien,5,,3 tahun lalu,5,5,5,Saoenk Cobek Sudiang,Google Maps,2026-05-14 21:22:20
ChZDSUhNMG9nS0VJQ0FnSUNCaHBDNlV3EAE,SKY Watcher,2,Pesan teh tawar panas yg datang teh manis dan pada saat bayar tetap ditagihkan walaupun kesalahan bukan di customer kami konfirmasi kekasir dan harus tetap dibayar even minumannya tidak diminum,3 tahun lalu,4,1,2,Saoenk Cobek Sudiang,Google Maps,2026-05-14 21:22:20
ChZDSUhNMG9nS0VJQ0FnSUNCeW9XakxnEAE,Jemmy Patrick,5,,3 tahun lalu,5,5,5,Saoenk Cobek Sudiang,Google Maps,2026-05-14 21:22:20
ChZDSUhNMG9nS0VJQ0FnSUNCMHUtc1FnEAE,Andi Ilham,5,"Lumayan enak, yg bawa anak kecil di jaga takut kecebur anaknya, mesti di jaga",3 tahun lalu,5,5,5,Saoenk Cobek Sudiang,Google Maps,2026-05-14 21:22:20
ChZDSUhNMG9nS0VJQ0FnSUNCcUxPa2ZBEAE,riris bagus,5,,3 tahun lalu,5,5,5,Saoenk Cobek Sudiang,Google Maps,2026-05-14 21:22:20
ChZDSUhNMG9nS0VJQ0FnSUNCd0pqWFVnEAE,Rifki Rahim,5,"Makanan nya enak enak apalagi sambal nya, suasanya nyaman tapi saya rekomendasiin datang nya malem aja karena kalau siang mungkin agak panas, karyawan karyawan nya juga asik bisa di ajak bercanda.",3 tahun lalu,5,4,5,Saoenk Cobek Sudiang,Google Maps,2026-05-14 21:22:20
ChdDSUhNMG9nS0VJQ0FnSUQtdDg2Zl9RRRAB,Jingga Acc,2,"Pelayanannya harus di perbaiki, sy pergi bersama anak dengan pakaian biasa2 saja terabaikan oleh pelayannya. Lebih penting yg baju Dinas padahal sy yg tiba duluan.",3 tahun lalu,,2,,Saoenk Cobek Sudiang,Google Maps,2026-05-14 21:22:20
ChdDSUhNMG9nS0VJQ0FnSUQtNVpQMnFBRRAB,Andi Yusri,4,,3 tahun lalu,4,4,4,Saoenk Cobek Sudiang,Google Maps,2026-05-14 21:22:50
ChdDSUhNMG9nS0VJQ0FnSUQtd1ltUXFBRRAB,Nasar Driver,5,,3 tahun lalu,5,5,5,Saoenk Cobek Sudiang,Google Maps,2026-05-14 21:22:50
ChZDSUhNMG9nS0VJQ0FnSUQtMnNYNVpnEAE,Awan Pranawa,5,,3 tahun lalu,,,,Saoenk Cobek Sudiang,Google Maps,2026-05-14 21:22:50
ChZDSUhNMG9nS0VJQ0FnSUQtaXFuSFJREAE,Yunus Susan,5,Makan malam,3 tahun lalu,4,4,4,Saoenk Cobek Sudiang,Google Maps,2026-05-14 21:22:50
ChZDSUhNMG9nS0VJQ0FnSUQtb3BDd09BEAE,putra Wajo,3,"Palekkonya tidak pedis ji. Palekko biasaji. Suasana yang bagus. Tapi itu mi musik na besar skali orang mau ngobrol terganggu skali sm musik.
Lumayan lah pelayanan nya. Cuman itu ji musik na deh mengganggu skali",3 tahun lalu,3,5,4,Saoenk Cobek Sudiang,Google Maps,2026-05-14 21:22:50
ChZDSUhNMG9nS0VJQ0FnSUQtdEtIa0dREAE,Nicky 67,5,Siip klau buat reuni,3 tahun lalu,,,,Saoenk Cobek Sudiang,Google Maps,2026-05-14 21:22:50
ChZDSUhNMG9nS0VJQ0FnSUMtdDVXeUJnEAE,Zainal Anang,4,"Bersih, makanan enak, suasana nyaman",3 tahun lalu,4,4,4,Saoenk Cobek Sudiang,Google Maps,2026-05-14 21:22:50
ChdDSUhNMG9nS0VJQ0FnSUMtaTlmUGhnRRAB,Lina Taruna,4,,3 tahun lalu,,,,Saoenk Cobek Sudiang,Google Maps,2026-05-14 21:22:50
ChZDSUhNMG9nS0VJQ0FnSUMtcmZDZEJREAE,Muh. Fatwa,5,,3 tahun lalu,5,5,5,Saoenk Cobek Sudiang,Google Maps,2026-05-14 21:22:50
ChZDSUhNMG9nS0VJQ0FnSUMta2NXOGVnEAE,Arnhi Juliani,5,Mantap rekomendasi sekali buat orang sudiang,3 tahun lalu,5,5,5,Saoenk Cobek Sudiang,Google Maps,2026-05-14 21:22:50
ChZDSUhNMG9nS0VJQ0FnSUMtNGY2QWNREAE,Zid Irsyadin Sartono Wijaogy,5,,3 tahun lalu,,,,Saoenk Cobek Sudiang,Google Maps,2026-05-14 21:23:19
ChdDSUhNMG9nS0VJQ0FnSUMtX283MHJ3RRAB,Muhammad Natsir,4,,3 tahun lalu,,,,Saoenk Cobek Sudiang,Google Maps,2026-05-14 21:23:19
ChdDSUhNMG9nS0VJQ0FnSUMtN3JyMC1nRRAB,MasCan QD,5,,3 tahun lalu,4,5,5,Saoenk Cobek Sudiang,Google Maps,2026-05-14 21:23:19
ChdDSUhNMG9nS0VJQ0FnSUMtanIzTHN3RRAB,amien husain,4,Lumayan,3 tahun lalu,,,,Saoenk Cobek Sudiang,Google Maps,2026-05-14 21:23:19
ChdDSUhNMG9nS0VJQ0FnSUMtbHA3THdnRRAB,Andrie Andi,4,Mantap... lokasinya Adem mudah dijangkau pelayanan ramah. Sukses yaa,3 tahun lalu,4,5,5,Saoenk Cobek Sudiang,Google Maps,2026-05-14 21:23:19
ChZDSUhNMG9nS0VJQ0FnSUMteXJ6RVV3EAE,Rezky Amaliah Ramadhani,5,"Sebenarnya hampir kasi bintang 5 semua, cm kecewa saja pas ada makanan sy yg dibungkus cara pelayanannya tdk sopan dan kurang bersih. Tanpa pake capit lsg saja makanan dikasi masuk ke kantongan pake tangan kosong pula tdk pake sarung tangan, padahal tempat dan makanannya sdh oke. Semoga diperbaiki lg pelayanannya",3 tahun lalu,5,2,5,Saoenk Cobek Sudiang,Google Maps,2026-05-14 21:23:19
ChdDSUhNMG9nS0VJQ0FnSUMtOHVUX19BRRAB,Wahyuni Hadrawi,5,Senang bisa berkunjung kesini,3 tahun lalu,,,,Saoenk Cobek Sudiang,Google Maps,2026-05-14 21:23:19
ChdDSUhNMG9nS0VJQ0FnSUMtaFBmWW13RRAB,Hendra Supriadi,4,"Pelayannya ramah, tempatnya juga bersih,",3 tahun lalu,3,5,5,Saoenk Cobek Sudiang,Google Maps,2026-05-14 21:23:19
ChZDSUhNMG9nS0VJQ0FnSUMtLU9td0RnEAE,basoamiruddin amir,4,"Tempatnya bagus,,  dan gercep menerima masukan pelanggan",3 tahun lalu,4,4,4,Saoenk Cobek Sudiang,Google Maps,2026-05-14 21:23:19
ChdDSUhNMG9nS0VJQ0FnSUMtMk5Ed3hnRRAB,Nurul Ilmah,5,Enak.. tapi harga agak pricy dibanding saung2 lainnya,3 tahun lalu,,,,Saoenk Cobek Sudiang,Google Maps,2026-05-14 21:23:19
ChZDSUhNMG9nS0VJQ0FnSUMtcUkta2JnEAE,Ari Cakep,5,,3 tahun lalu,5,5,5,Saoenk Cobek Sudiang,Google Maps,2026-05-14 21:23:49
ChZDSUhNMG9nS0VJQ0FnSURlNTVxUWF3EAE,Ummi Kalsum,5,,Diedit 3 tahun lalu,5,5,5,Saoenk Cobek Sudiang,Google Maps,2026-05-14 21:23:49
ChdDSUhNMG9nS0VJQ0FnSURldFlmLWhRRRAB,Haris Rahman,5,,3 tahun lalu,,,,Saoenk Cobek Sudiang,Google Maps,2026-05-14 21:23:49
ChZDSUhNMG9nS0VJQ0FnSURlMmJmR0pnEAE,Yanah Setianah,4,,3 tahun lalu,,,,Saoenk Cobek Sudiang,Google Maps,2026-05-14 21:23:49
ChdDSUhNMG9nS0VJQ0FnSURlbnZ1enpRRRAB,inspirasi noto,5,Makanannya enak banget,3 tahun lalu,,,,Saoenk Cobek Sudiang,Google Maps,2026-05-14 21:23:49
ChdDSUhNMG9nS0VJQ0FnSURlenUyVWxRRRAB,A. Maulana,4,,3 tahun lalu,,,,Saoenk Cobek Sudiang,Google Maps,2026-05-14 21:23:49
ChZDSUhNMG9nS0VJQ0FnSURldHM3MVRREAE,Acd Vv,5,,3 tahun lalu,,,,Saoenk Cobek Sudiang,Google Maps,2026-05-14 21:23:49
ChZDSUhNMG9nS0VJQ0FnSURlbHJLUlFBEAE,Helana Lana,5,"Tempatnya nyaman, bersih dan makanannya enak",3 tahun lalu,5,5,5,Saoenk Cobek Sudiang,Google Maps,2026-05-14 21:23:49
ChdDSUhNMG9nS0VJQ0FnSURlNXEzdzZ3RRAB,Hamzah la ode,5,"Tempat makan baru di area penggiran kota makassar. Mungkin masih baru ya jadi masakan nya masih enak, kalau sudah lama mungkin chef nya sudah dibajak sama rumah makan yang lain.. Hihihi",3 tahun lalu,,,,Saoenk Cobek Sudiang,Google Maps,2026-05-14 21:23:49
ChdDSUhNMG9nS0VJQ0FnSURlaXNQX19nRRAB,SUL ZEN,5,,3 tahun lalu,,,,Saoenk Cobek Sudiang,Google Maps,2026-05-14 21:23:49
ChdDSUhNMG9nS0VJQ0FnSURlNHFINm1RRRAB,Irma Dewi Adriati,3,,3 tahun lalu,,,,Saoenk Cobek Sudiang,Google Maps,2026-05-14 21:24:19
ChdDSUhNMG9nS0VJQ0FnSURldEtfRG5BRRAB,Helmi Sep88,3,,3 tahun lalu,,,,Saoenk Cobek Sudiang,Google Maps,2026-05-14 21:24:19
ChZDSUhNMG9nS0VJQ0FnSURlaE1tU2ZnEAE,GH4-NY jaya,4,Recommended Rumah makan yang menyajikan suasana buat keluarga dan pelayanan yang ramah hanya agak lambat dalam merespond permintaan,3 tahun lalu,,,,Saoenk Cobek Sudiang,Google Maps,2026-05-14 21:24:19
ChZDSUhNMG9nS0VJQ0FnSURlMkxtbUt3EAE,Iwan Kustya,5,"Bagus, coba aja",3 tahun lalu,,,,Saoenk Cobek Sudiang,Google Maps,2026-05-14 21:24:19
ChZDSUhNMG9nS0VJQ0FnSURlbU1yc053EAE,kama khair,5,,3 tahun lalu,,,,Saoenk Cobek Sudiang,Google Maps,2026-05-14 21:24:19
ChdDSUhNMG9nS0VJQ0FnSUNlNjRyRTNnRRAB,Kaharuddin Kammani,5,Masakan enak dan suasana yang nyaman,Diedit 3 tahun lalu,,,,Saoenk Cobek Sudiang,Google Maps,2026-05-14 21:24:19
ChZDSUhNMG9nS0VJQ0FnSUNleF95c0NnEAE,mr mhangun,1,Pelayanan utk reservasix 👎👎👎fasilitas wastafel di ruang VIP  minim & air wastafel tdk ngalir👎👎👎 musholla 👍 …,3 tahun lalu,,,,Saoenk Cobek Sudiang,Google Maps,2026-05-14 21:24:19
ChZDSUhNMG9nS0VJQ0FnSUNldzV5Tk9nEAE,The Duchess of Culinary,4,"Sesuai dengan namanya ""Saoenk Cobek"", kita bisa menikmati santap di dalam ""saung"" dengan kolam di sampingnya. Cuaca di Makassar biasanya cerah, tetapi kita tidak akan merasa panas lagi di dalam saung. Setiap saung dilengkapi dengan wastafel, sehingga kita bisa mencuci tangan.

Mereka menyediakan menu ala carte dan paket makanan laut serta hidangan Indonesia lainnya. Paket menu untuk 5 orang. Saat itu kami datang untuk makan siang dalam kelompok empat orang. Mereka juga bisa menyesuaikan paket berdasarkan jumlah orang.

Kami mencoba Paket 1 yang terdiri dari nasi putih, Ikan Bakar, Udang Goreng Tepung, Cumi Goreng Tepung, Ayam Asam Manis, Lawara, Cah Kangkung, Capcay, dan air mineral. Secara keseluruhan, makanannya enak dan kedua jenis sambal yang mereka sajikan juga pedas. Favorit saya adalah Ikan Bakar dan Capcay.",3 tahun lalu,,,,Saoenk Cobek Sudiang,Google Maps,2026-05-14 21:24:19
ChdDSUhNMG9nS0VJQ0FnSUNlN1pPZ2xnRRAB,Zulfadhly Fadhly,5,"Bagus tempatnya, suasananya santai...pilihan menunya banyak dan sesuai dengan selera kita dan juga keluarga. Taste recomended untuk menu Nampah nya 👍 …",3 tahun lalu,,,,Saoenk Cobek Sudiang,Google Maps,2026-05-14 21:24:19
ChdDSUhNMG9nS0VJQ0FnSUNlOWNUTm5BRRAB,Caesar Andy Pratama,4,"Pelayanan baik, harga sedang , rasa makanan enak",3 tahun lalu,,,,Saoenk Cobek Sudiang,Google Maps,2026-05-14 21:24:19
ChdDSUhNMG9nS0VJQ0FnSUNldGN6VV9RRRAB,Gabriel Hotmian,5,Puas bangetz...,3 tahun lalu,,,,Saoenk Cobek Sudiang,Google Maps,2026-05-14 21:24:50
ChdDSUhNMG9nS0VJQ0FnSUNlMWVya2tBRRAB,Putri Jayanti,5,"Pelayanan bagus, tempat bersih, kualitas makanan segar dan enak. Harga relatif terjangkau dg porsi yg lebih banyak dr yg lain. Porsi nasi banyak 1 bakul penuh. Selain makanan berat ada jg menu snack. Klo mau pesan tinggal pencet tombol yg ditiang aja, tempat colokan jg tersedia 2 jd yg pny hp lowbat bisa numpang² dikit. Tiap gazebo jg ada wastafel utk cuci tangan jd tidak perlu jauh jalan lg. selangkah lebih maju dr yg lain. Awesome.",3 tahun lalu,,,,Saoenk Cobek Sudiang,Google Maps,2026-05-14 21:24:50
ChdDSUhNMG9nS0VJQ0FnSUNlenVtTTBRRRAB,Wildha Nurazfani Azis,5,Tempat yang bagus untuk makan malam keluarga atau berkumpul,3 tahun lalu,,,,Saoenk Cobek Sudiang,Google Maps,2026-05-14 21:24:50
ChdDSUhNMG9nS0VJQ0FnSUNlMW9QMjJ3RRAB,Khailan Syamsumar,4,"Menunya lumayan enak khusus seafood, pelanan ramah okelah...",3 tahun lalu,,,,Saoenk Cobek Sudiang,Google Maps,2026-05-14 21:24:50
ChdDSUhNMG9nS0VJQ0FnSUNlNXBPMnBRRRAB,mima mico,5,"1. Parkiran cukup luas
2. Kesan pertama itu penting, pas masuk sudah disambut sama pelayannya dengan ramah
2. Tempat bersih, fasilitas lengkap, mulai dari wastafel yang disediakan setiap gazebo, ada colokan juga yg aman untuk anak karena ada penutupnya
3. Makanan, kalau lihat dari harga standarlah untuk makanan laut, untuk cita rasa okelah 🥰👍  saya suka palekkonya 🥰👌.
Ohiya menurutku, makanannya datang agak lama 😅 tp selebihnya memuaskan kok ❤️❤️",3 tahun lalu,,,,Saoenk Cobek Sudiang,Google Maps,2026-05-14 21:24:50
ChZDSUhNMG9nS0VJQ0FnSUNlMnJhZGF3EAE,ainun aprilia,5,,3 tahun lalu,,,,Saoenk Cobek Sudiang,Google Maps,2026-05-14 21:24:50
ChdDSUhNMG9nS0VJQ0FnSUNlNnZuT3h3RRAB,Asri,5,"Di setiap gazebonya ada tempat cuci tangan, colokan dan bell utk panggil waiters.
Mejanya bersih, gak bau amis dan gak lengket-lengket, nyaman pokoknya.
Saat meja dibersihkan, yg datang ngebersihin itu 3 orang jadinya cepet banget utk ngebersihinnyaa, gak pake lama sat set sat set.
Rasa makanannya enak, porsinya juga lumayan.

Saran:
1. Tempelin kalimat ""Batas Suci, Harap Buka Alas Kaki"" atau kalimat sejenis seperti itu di toilet & tempat air wudhu dekat musholla karena ada yg masih pakai alas kaki pas ambil air wudhu dan airnya kan keinjek sama kita² yg gak pake alas kaki pas wudhu itu.
2. Di pintu mushollanya di tempelin juga kalimat ""tutup pintu kembali setelah masuk/keluar dari musholla"", di musholla kan pake AC, sayang banget pintunya kebuka terus jadinya udara dingin dari AC gak tinggal di dalam ruangan dan lagi, kalau gitu terus ACnya bakal cepat rusak.

Overall memuaskan makan di sini👍🏻",3 tahun lalu,,,,Saoenk Cobek Sudiang,Google Maps,2026-05-14 21:24:50
ChZDSUhNMG9nS0VJQ0FnSUNlcXRHQWVREAE,Lana 05.2,4,"T4 makan lesehan
Sambil liat ikan
Bisa juga kasi makan ikan
Makanan ikan beli di kasir",3 tahun lalu,,,,Saoenk Cobek Sudiang,Google Maps,2026-05-14 21:24:50
ChZDSUhNMG9nS0VJQ0FnSUNleXRXc0lREAE,Sudaryanto Fisio,5,Enak makanannya,3 tahun lalu,,,,Saoenk Cobek Sudiang,Google Maps,2026-05-14 21:24:50
ChZDSUhNMG9nS0VJQ0FnSUNlX1AzdWVREAE,Nurul Faisah,5,,3 tahun lalu,,,,Saoenk Cobek Sudiang,Google Maps,2026-05-14 21:24:50
ChdDSUhNMG9nS0VJQ0FnSUNlbkpEeHN3RRAB,Fahmiyah Gaffar,5,,3 tahun lalu,,,,Saoenk Cobek Sudiang,Google Maps,2026-05-14 21:25:20
ChdDSUhNMG9nS0VJQ0FnSUNlOUluRzJBRRAB,Anto Taurus,5,Enak makanannya,3 tahun lalu,,,,Saoenk Cobek Sudiang,Google Maps,2026-05-14 21:25:20
ChdDSUhNMG9nS0VJQ0FnSUNlOE96RTBBRRAB,Rina Erawati,3,"Waktu menunggu untuk memesan cukup lama. Beberapa kali bel baru datang daftar menu. Pesanan otak2 bakar terlambat datangnya, berharap duluan datang sebelum menu utama, akhirnya jadi  hidangan penutup.
Sebenarnya ini kali kedua datang makan siang di sini. Mengapa tetap memilih ke sini? Pertama; Tanpa reservasi bisa langsung datang dan tetap dapat tempat, tersedia tempat cuci tangan dan sabun disetiap gazebo. Lantai dan meja gazebo bersih. Sambil menunggu bisa menikmati angin yang berhembus. Semoga pohon2 sekitarnya cepat subur dan ikan2 nya bertambah, biar ada yang ditengok2 sambil menunggu pesanan datang. Sekian.",Diedit 3 tahun lalu,,,,Saoenk Cobek Sudiang,Google Maps,2026-05-14 21:25:20
ChZDSUhNMG9nS0VJQ0FnSUNlbExYTk5BEAE,Pendekar™Jose,4,"Untuk ukuran tempat makan lesehan apung baru sangat bagus. Harga standard tidak terlalu mahal kecuali untuk menu ikan.
Pelayanan ramah, untuk waktu penyajian tergantung jam makan. Kalau pas jam makan siang 12 - 2 siang atau makan malam jam 6 - 8 malam rame dan harus bersabar karena agak lama.",3 tahun lalu,,,,Saoenk Cobek Sudiang,Google Maps,2026-05-14 21:25:20
ChZDSUhNMG9nS0VJQ0FnSUR1bjl2clNnEAE,F Falah,4,"Tempat makan keluarga, terdapat gazebo, makanan enak, harga bersahabat, ada kolam ikan, kesan tempat masih kurang adem tanaman nya baru di tanam, kolam nya rajin di bersihkan",3 tahun lalu,,,,Saoenk Cobek Sudiang,Google Maps,2026-05-14 21:25:20
ChZDSUhNMG9nS0VJQ0FnSUR1bjZpRldBEAE,ahmad setiawan,5,"Suasananya asri,  makanannya pas dengan selera sy, harga terjangkau.. Cocok banget buat keluarga dan meeting",3 tahun lalu,,,,Saoenk Cobek Sudiang,Google Maps,2026-05-14 21:25:20
ChdDSUhNMG9nS0VJQ0FnSUR1eTU2QXJBRRAB,Abd Rahim,4,"Menu yg bervariasi,rasanya enakk,tempat asik...",3 tahun lalu,,,,Saoenk Cobek Sudiang,Google Maps,2026-05-14 21:25:20
ChZDSUhNMG9nS0VJQ0FnSUR1aTZMY1pnEAE,dicky,5,"Makanya enak, tempat bersih, pelayanan ramah dan ada jalur kursi roda. Sangat direkomendasikan",3 tahun lalu,,,,Saoenk Cobek Sudiang,Google Maps,2026-05-14 21:25:20
ChZDSUhNMG9nS0VJQ0FnSUR1M2N5MFR3EAE,7310 Barru sulsel,5,,3 tahun lalu,,,,Saoenk Cobek Sudiang,Google Maps,2026-05-14 21:25:20
ChZDSUhNMG9nS0VJQ0FnSUR1amZldUFREAE,mujhar idris,5,"Suasana Alam di atas Gazebo dgn Kolam ikan dibawahnya dgn Menu yg bagus, bersih, layanan cepat, ramah, harga terjangkau dan bersaing. Anda wajib mencobanya.",3 tahun lalu,,,,Saoenk Cobek Sudiang,Google Maps,2026-05-14 21:25:20
ChdDSUhNMG9nS0VJQ0FnSUR1aGRDZDZBRRAB,Noer Zet,5,"Suasananya asik, menunya banyak dan enak, harga juga wajarlah. Sangat cocok untuk makan bareng keluarga, kawan, kolega dll. Parkirannya juga luas.",3 tahun lalu,,,,Saoenk Cobek Sudiang,Google Maps,2026-05-14 21:25:50
ChZDSUhNMG9nS0VJQ0FnSUR1MllUMUZnEAE,wahida ida,5,Makanannya recomended👍🥰 …,3 tahun lalu,,,,Saoenk Cobek Sudiang,Google Maps,2026-05-14 21:25:50
ChdDSUhNMG9nS0VJQ0FnSUR1a2FtSnRnRRAB,Zaenab Dwi Ujiani,5,"Alhamdulillah dekat dari rumah
Tempatnya keren
Makanan enak2
Harga lumayan sih",3 tahun lalu,,,,Saoenk Cobek Sudiang,Google Maps,2026-05-14 21:25:50
ChZDSUhNMG9nS0VJQ0FnSUR1cnB5NWFBEAE,Ester Wulan,5,Tempatnya nyaman...bersih.makanannya juga enak....untuk harga standar lah.,3 tahun lalu,,,,Saoenk Cobek Sudiang,Google Maps,2026-05-14 21:25:50
ChdDSUhNMG9nS0VJQ0FnSUR1dHVTemxBRRAB,A. Arhy,3,,3 tahun lalu,,,,Saoenk Cobek Sudiang,Google Maps,2026-05-14 21:25:50
ChdDSUhNMG9nS0VJQ0FnSUR1a3ZheXJRRRAB,Hesti,5,,3 tahun lalu,,,,Saoenk Cobek Sudiang,Google Maps,2026-05-14 21:25:50
ChdDSUhNMG9nS0VJQ0FnSUR1ek5DT2tRRRAB,Hasina Fajrin R.,5,Makanannya enak,3 tahun lalu,,,,Saoenk Cobek Sudiang,Google Maps,2026-05-14 21:25:50
ChdDSUhNMG9nS0VJQ0FnSUN1djRxbndBRRAB,Asniar Azis,5,"T4 yg nyaman tuk kumpul2, makananx enak...",3 tahun lalu,,,,Saoenk Cobek Sudiang,Google Maps,2026-05-14 21:25:50
ChZDSUhNMG9nS0VJQ0FnSUN1djhMV1NREAE,Tri Aminah,5,"tempat makan seafood baru di area sudiang
suasana nyaman, pelayanannya ramah, makanannya lumayan enak..",3 tahun lalu,,,,Saoenk Cobek Sudiang,Google Maps,2026-05-14 21:25:50
ChdDSUhNMG9nS0VJQ0FnSUN1djRMUG5nRRAB,Fakhruddin Basir,5,"tempatnya nyaman dan bersih, pelayananannya mantap, makanannya enak",3 tahun lalu,,,,Saoenk Cobek Sudiang,Google Maps,2026-05-14 21:25:50
ChZDSUhNMG9nS0VJQ0FnSUN1ajQzRVlREAE,Dian Evacantika,5,"Tempatnya bersih dan nyaman, pelayannya juga ramah. Makanannya enak, favorit udang telur asin. Apalagi rica parapenya beh JUARA",3 tahun lalu,,,,Saoenk Cobek Sudiang,Google Maps,2026-05-14 21:26:20
ChdDSUhNMG9nS0VJQ0FnSUN1bC0tMG1nRRAB,Nurlindah Malik,5,,3 tahun lalu,,,,Saoenk Cobek Sudiang,Google Maps,2026-05-14 21:26:20
ChZDSUhNMG9nS0VJQ0FnSUN1cF9TWER3EAE,Anca,5,Makanan nya mantap tempat nya nyaman,3 tahun lalu,,,,Saoenk Cobek Sudiang,Google Maps,2026-05-14 21:26:20
ChdDSUhNMG9nS0VJQ0FnSUN1LTlQN29BRRAB,Panji Kusuma,5,"Plus :
1. Tempatnya nyaman. Tersedia pilihan Gazebo & Meja. Gazebonya berada di atas kolam.
2. Parkiran Luas
3. Harga relatif terjangkau
4. Tersedia wastafel di setiap gazebo

Minis :
1. Harus reservasi dahulu jika tidak ingin kehabisan tempat.
2. Harap bersabar saat memesan makanan atau minuman karena selalu antri panjang",3 tahun lalu,,,,Saoenk Cobek Sudiang,Google Maps,2026-05-14 21:26:20
ChZDSUhNMG9nS0VJQ0FnSUN1a19TamV3EAE,Uswatun Hasanah,4,"Makanan enak, tempat yang bagus.",3 tahun lalu,,,,Saoenk Cobek Sudiang,Google Maps,2026-05-14 21:26:20
ChdDSUhNMG9nS0VJQ0FnSUN1OGNhR3BRRRAB,ARIF HANIF AYYASY,1,"Makanan enak, pelayanan lambat👎 …",3 tahun lalu,,,,Saoenk Cobek Sudiang,Google Maps,2026-05-14 21:26:20
ChZDSUhNMG9nS0VJQ0FnSUN1b2RESGRBEAE,A M S Pamulu,5,,3 tahun lalu,,,,Saoenk Cobek Sudiang,Google Maps,2026-05-14 21:26:20
ChZDSUhNMG9nS0VJQ0FnSUN1aG9POFBBEAE,nur aulina,5,,3 tahun lalu,,,,Saoenk Cobek Sudiang,Google Maps,2026-05-14 21:26:20
ChdDSUhNMG9nS0VJQ0FnSUN1aHVISzRRRRAB,aldisyam 02,5,Semua Cabang Nya Pasty Terbaik Dan Ter'Enak 😇,3 tahun lalu,,,,Saoenk Cobek Sudiang,Google Maps,2026-05-14 21:26:20
ChdDSUhNMG9nS0VJQ0FnSUN1bXBhQWd3RRAB,Muhyardan Muhtadi,5,"Suasana yang outdoor, dan estetik💫 …",3 tahun lalu,,,,Saoenk Cobek Sudiang,Google Maps,2026-05-14 21:26:20
ChdDSUhNMG9nS0VJQ0FnSUN1NnBUX29BRRAB,Usman Tahang,5,"Tempatnya bagus dan luas, bagus untuk foto. Banyak tempat yang bisa dijadikan spot foto.
Makanannya enak dan beragam. Untuk pecinta palekko dan seafood sangat dorekkomendasikan untuk mencoba makanannya. Dan juga harus coba Jus alpukatnya.
Tentunya harga yang tidak menguras dompet",3 tahun lalu,,,,Saoenk Cobek Sudiang,Google Maps,2026-05-14 21:26:53
ChdDSUhNMG9nS0VJQ0FnSUN1c3R1UmtnRRAB,Fauziyah Anisah M,5,,3 tahun lalu,,,,Saoenk Cobek Sudiang,Google Maps,2026-05-14 21:26:53
ChdDSUhNMG9nS0VJQ0FnSURPNTVXTmx3RRAB,Fitri Adriyanti,5,,3 tahun lalu,,,,Saoenk Cobek Sudiang,Google Maps,2026-05-14 21:26:53
ChdDSUhNMG9nS0VJQ0FnSURPNS1IWXN3RRAB,Nurcaya Amir,5,,3 tahun lalu,,,,Saoenk Cobek Sudiang,Google Maps,2026-05-14 21:26:53
ChdDSUhNMG9nS0VJQ0FnSURPNV9iOWlRRRAB,Irma Rafida,5,,3 tahun lalu,,,,Saoenk Cobek Sudiang,Google Maps,2026-05-14 21:26:53
